#usda 1.0
(
    defaultPrim = "Asset"
    doc = "Blender v4.5.13 LTS"
    metersPerUnit = 1
    upAxis = "Z"
)

def Xform "Asset" (
    customData = {
        dictionary Blender = {
            bool generated = 1
        }
    }
)
{
    def Xform "HandoffBox"
    {
        custom string userProperties:blender:object_name = "HandoffBox"

        def Xform "Top_packing_tape"
        {
            custom string userProperties:blender:object_name = "Top packing tape"
            float3 xformOp:rotateXYZ = (0, -0, 0)
            float3 xformOp:scale = (1, 1, 1)
            double3 xformOp:translate = (0, 0, 0.0677499994635582)
            uniform token[] xformOpOrder = ["xformOp:translate", "xformOp:rotateXYZ", "xformOp:scale"]

            def Mesh "Cube_002" (
                active = true
                prepend apiSchemas = ["MaterialBindingAPI"]
            )
            {
                uniform bool doubleSided = 1
                float3[] extent = [(-0.11515, -0.019, -0.000175), (0.11515, 0.019, 0.000175)]
                int[] faceVertexCounts = [4, 4, 4, 4, 4, 4, 3, 4, 4, 4, 4, 4, 4, 3, 4, 4, 4, 4, 4, 4, 3, 4, 4, 4, 4, 4, 4, 3, 4, 4, 4, 4, 4, 4, 3, 4, 4, 4, 4, 4, 4, 3, 4, 4, 4, 4, 4, 4, 3, 4, 4, 4, 4, 4, 4, 3, 4, 4, 4, 4, 4, 4, 4, 4, 4, 4, 4, 4, 4, 4, 4, 4, 4, 4, 4, 4, 4, 4, 4, 4, 4, 4, 4, 4, 4, 4, 4, 4, 4, 4, 4, 4, 4, 4, 4, 4, 4, 4]
                int[] faceVertexIndices = [0, 3, 5, 4, 3, 7, 8, 5, 1, 6, 8, 7, 6, 10, 11, 8, 2, 9, 11, 10, 9, 4, 5, 11, 5, 8, 11, 12, 15, 17, 16, 15, 19, 20, 17, 13, 18, 20, 19, 18, 22, 23, 20, 14, 21, 23, 22, 21, 16, 17, 23, 17, 20, 23, 24, 27, 29, 28, 27, 31, 32, 29, 25, 30, 32, 31, 30, 34, 35, 32, 26, 33, 35, 34, 33, 28, 29, 35, 29, 32, 35, 36, 39, 41, 40, 39, 43, 44, 41, 37, 42, 44, 43, 42, 46, 47, 44, 38, 45, 47, 46, 45, 40, 41, 47, 41, 44, 47, 48, 51, 53, 52, 51, 55, 56, 53, 49, 54, 56, 55, 54, 58, 59, 56, 50, 57, 59, 58, 57, 52, 53, 59, 53, 56, 59, 60, 63, 65, 64, 63, 67, 68, 65, 61, 66, 68, 67, 66, 70, 71, 68, 62, 69, 71, 70, 69, 64, 65, 71, 65, 68, 71, 72, 75, 77, 76, 75, 79, 80, 77, 73, 78, 80, 79, 78, 82, 83, 80, 74, 81, 83, 82, 81, 76, 77, 83, 77, 80, 83, 84, 87, 89, 88, 87, 91, 92, 89, 85, 90, 92, 91, 90, 94, 95, 92, 86, 93, 95, 94, 93, 88, 89, 95, 89, 92, 95, 24, 0, 4, 27, 27, 4, 9, 31, 31, 9, 2, 25, 1, 12, 16, 6, 6, 16, 21, 10, 10, 21, 14, 2, 13, 36, 40, 18, 18, 40, 45, 22, 22, 45, 38, 14, 37, 26, 34, 42, 42, 34, 30, 46, 46, 30, 25, 38, 72, 24, 28, 75, 75, 28, 33, 79, 79, 33, 26, 73, 36, 84, 88, 39, 39, 88, 93, 43, 43, 93, 86, 37, 85, 74, 82, 90, 90, 82, 78, 94, 94, 78, 73, 86, 48, 72, 76, 51, 51, 76, 81, 55, 55, 81, 74, 49, 84, 60, 64, 87, 87, 64, 69, 91, 91, 69, 62, 85, 61, 50, 58, 66, 66, 58, 54, 70, 70, 54, 49, 62, 0, 48, 52, 3, 3, 52, 57, 7, 7, 57, 50, 1, 60, 13, 19, 63, 63, 19, 15, 67, 67, 15, 12, 61, 24, 72, 48, 0, 2, 14, 38, 25, 50, 61, 12, 1, 84, 36, 13, 60, 26, 37, 86, 73, 74, 85, 62, 49]
                rel material:binding = </Asset/_materials/Brown_packing_tape>
                normal3f[] normals = [(-0.0000962615, -0.0005568713, -0.99999976), (-0.00011419086, -0.5002986, -0.8658529), (-0.44732237, -0.44730952, -0.7744784), (-0.50026053, -0.00045228004, -0.8658748), (-0.0000693351, -0.50035447, -0.86582065), (-0.00010418892, -0.8658214, -0.5003532), (-0.44736084, -0.77441454, -0.44738185), (-0.44730294, -0.44737858, -0.7744498), (-0.00011603348, -0.98737067, -0.15842716), (-0.4914903, -0.8623539, -0.121585384), (-0.44731936, -0.7744609, -0.4473429), (-0.00006520748, -0.86585236, -0.5002995), (-0.4915654, -0.86230874, -0.121602274), (-0.8622844, -0.49162123, -0.12154874), (-0.7744354, -0.4473857, -0.44732073), (-0.44738173, -0.77442914, -0.44733557), (-0.98736763, -0.00056914985, -0.15844518), (-0.8658541, -0.00047871703, -0.50029653), (-0.77446926, -0.44733435, -0.44731373), (-0.86231256, -0.49156824, -0.121564254), (-0.8658145, -0.00047133863, -0.50036484), (-0.5002981, -0.00047954917, -0.8658532), (-0.44737786, -0.44732565, -0.77443707), (-0.7744464, -0.4473227, -0.44736463), (-0.4473754, -0.44737816, -0.77440816), (-0.44740126, -0.7743926, -0.44737917), (-0.7744104, -0.44737718, -0.44737235), (-0.00012394786, -0.987375, 0.15839988), (-0.00009108335, -0.8658381, 0.5003242), (-0.44734487, -0.77446294, 0.44731382), (-0.49149093, -0.86235285, 0.12159074), (-0.00009801984, -0.86581874, 0.5003577), (-0.000112868845, -0.5003219, 0.8658395), (-0.44732863, -0.44739455, 0.7744257), (-0.447335, -0.7744386, 0.44736594), (-0.00010919571, -0.00054708123, 0.9999999), (-0.5002874, -0.00048160413, 0.8658592), (-0.4473272, -0.4473072, 0.774477), (-0.00008741021, -0.5002739, 0.8658672), (-0.500331, -0.00047922134, 0.8658341), (-0.86583483, -0.00048950687, 0.5003296), (-0.77443135, -0.44735265, 0.4473608), (-0.44739917, -0.44730678, 0.77443564), (-0.9873634, -0.0005634953, 0.15847105), (-0.86233056, -0.49153224, 0.12158134), (-0.7744667, -0.44734213, 0.44730988), (-0.865869, -0.000455454, 0.5002704), (-0.86228734, -0.49160838, 0.121580556), (-0.49157822, -0.8623059, 0.12157061), (-0.44737825, -0.77443445, 0.44732994), (-0.7744301, -0.44738925, 0.44732636), (-0.44737428, -0.7744279, 0.4473451), (-0.44735506, -0.4473505, 0.7744359), (-0.77440816, -0.44739902, 0.44735458), (-0.00010919571, 0.00054708123, -0.9999999), (-0.5002874, 0.00048160413, -0.8658592), (-0.4473272, 0.4473072, -0.774477), (-0.00008741021, 0.5002739, -0.8658672), (-0.500331, 0.00047922134, -0.8658341), (-0.86583483, 0.00048950687, -0.5003296), (-0.7744259, 0.44732398, -0.4473988), (-0.4473797, 0.4472754, -0.774465), (-0.9873634, 0.0005634953, -0.15847105), (-0.86233056, 0.49153224, -0.12158134), (-0.77446675, 0.44731086, -0.44734114), (-0.865869, 0.000455454, -0.5002704), (-0.86228734, 0.49160838, -0.121580556), (-0.49157822, 0.8623059, -0.12157061), (-0.44737825, 0.77443445, -0.44732994), (-0.7744301, 0.44738925, -0.44732636), (-0.00012394786, 0.987375, -0.15839988), (-0.00009108335, 0.8658381, -0.5003242), (-0.44734487, 0.77446294, -0.44731382), (-0.49149093, 0.86235285, -0.12159074), (-0.00009801984, 0.86581874, -0.5003577), (-0.000112868845, 0.5003219, -0.8658395), (-0.4473573, 0.4473565, -0.77443117), (-0.447335, 0.7744386, -0.44736594), (-0.44737613, 0.44732505, -0.77443844), (-0.7744107, 0.44737357, -0.44737557), (-0.44740492, 0.7743925, -0.44737577), (-0.0000962615, 0.0005568713, 0.99999976), (-0.00011419086, 0.5002986, 0.8658529), (-0.44732237, 0.44730952, 0.7744784), (-0.50026053, 0.00045228004, 0.8658748), (-0.0000693351, 0.50035447, 0.86582065), (-0.00010418892, 0.8658214, 0.5003532), (-0.44736084, 0.77441454, 0.44738185), (-0.44730294, 0.44737858, 0.7744498), (-0.00011603348, 0.98737067, 0.15842716), (-0.4914903, 0.8623539, 0.121585384), (-0.44731936, 0.7744609, 0.4473429), (-0.00006520748, 0.86585236, 0.5002995), (-0.4915654, 0.86230874, 0.121602274), (-0.8622844, 0.49162123, 0.12154874), (-0.7744354, 0.4473857, 0.44732073), (-0.44738173, 0.77442914, 0.44733557), (-0.98736763, 0.00056914985, 0.15844518), (-0.8658541, 0.00047871703, 0.50029653), (-0.77446926, 0.44733435, 0.44731373), (-0.86231256, 0.49156824, 0.121564254), (-0.8658145, 0.00047133863, 0.50036484), (-0.5002981, 0.00047954917, 0.8658532), (-0.44737786, 0.44732565, 0.77443707), (-0.7744464, 0.4473227, 0.44736463), (-0.4473754, 0.44737816, 0.77440816), (-0.44740126, 0.7743926, 0.44737917), (-0.7744104, 0.44737718, 0.44737235), (0.00010919571, -0.00054708123, -0.9999999), (0.5002874, -0.00048160413, -0.8658592), (0.4473272, -0.4473072, -0.774477), (0.00008741021, -0.5002739, -0.8658672), (0.500331, -0.00047922134, -0.8658341), (0.86583483, -0.00048950687, -0.5003296), (0.7744259, -0.44732398, -0.4473988), (0.4473797, -0.4472754, -0.774465), (0.9873634, -0.0005634953, -0.15847105), (0.86233056, -0.49153224, -0.12158134), (0.77446675, -0.44731086, -0.44734114), (0.865869, -0.000455454, -0.5002704), (0.86228734, -0.49160838, -0.121580556), (0.49157822, -0.8623059, -0.12157061), (0.44737825, -0.77443445, -0.44732994), (0.7744301, -0.44738925, -0.44732636), (0.00012394786, -0.987375, -0.15839988), (0.00009108335, -0.8658381, -0.5003242), (0.44734487, -0.77446294, -0.44731382), (0.49149093, -0.86235285, -0.12159074), (0.00009801984, -0.86581874, -0.5003577), (0.000112868845, -0.5003219, -0.8658395), (0.4473573, -0.4473565, -0.77443117), (0.447335, -0.7744386, -0.44736594), (0.44737613, -0.44732505, -0.77443844), (0.7744107, -0.44737357, -0.44737557), (0.44740492, -0.7743925, -0.44737577), (0.0000962615, -0.0005568713, 0.99999976), (0.00011419086, -0.5002986, 0.8658529), (0.44732237, -0.44730952, 0.7744784), (0.50026053, -0.00045228004, 0.8658748), (0.0000693351, -0.50035447, 0.86582065), (0.00010418892, -0.8658214, 0.5003532), (0.44736084, -0.77441454, 0.44738185), (0.44730294, -0.44737858, 0.7744498), (0.00011603348, -0.98737067, 0.15842716), (0.4914903, -0.8623539, 0.121585384), (0.44731936, -0.7744609, 0.4473429), (0.00006520748, -0.86585236, 0.5002995), (0.4915654, -0.86230874, 0.121602274), (0.8622844, -0.49162123, 0.12154874), (0.7744354, -0.4473857, 0.44732073), (0.44738173, -0.77442914, 0.44733557), (0.98736763, -0.00056914985, 0.15844518), (0.8658541, -0.00047871703, 0.50029653), (0.77446926, -0.44733435, 0.44731373), (0.86231256, -0.49156824, 0.121564254), (0.8658145, -0.00047133863, 0.50036484), (0.5002981, -0.00047954917, 0.8658532), (0.44737786, -0.44732565, 0.77443707), (0.7744464, -0.4473227, 0.44736463), (0.4473754, -0.44737816, 0.77440816), (0.44740126, -0.7743926, 0.44737917), (0.7744104, -0.44737718, 0.44737235), (0.0000962615, 0.0005568713, -0.99999976), (0.00011419086, 0.5002986, -0.8658529), (0.44732237, 0.44730952, -0.7744784), (0.50026053, 0.00045228004, -0.8658748), (0.0000693351, 0.50035447, -0.86582065), (0.00010418892, 0.8658214, -0.5003532), (0.44736084, 0.77441454, -0.44738185), (0.44730294, 0.44737858, -0.7744498), (0.00011603348, 0.98737067, -0.15842716), (0.4914903, 0.8623539, -0.121585384), (0.44731936, 0.7744609, -0.4473429), (0.00006520748, 0.86585236, -0.5002995), (0.4915654, 0.86230874, -0.121602274), (0.8622844, 0.49162123, -0.12154874), (0.7744354, 0.4473857, -0.44732073), (0.44738173, 0.77442914, -0.44733557), (0.98736763, 0.00056914985, -0.15844518), (0.8658541, 0.00047871703, -0.50029653), (0.77446926, 0.44733435, -0.44731373), (0.86231256, 0.49156824, -0.121564254), (0.8658145, 0.00047133863, -0.50036484), (0.5002981, 0.00047954917, -0.8658532), (0.44737786, 0.44732565, -0.77443707), (0.7744464, 0.4473227, -0.44736463), (0.4473754, 0.44737816, -0.77440816), (0.44740126, 0.7743926, -0.44737917), (0.7744104, 0.44737718, -0.44737235), (0.00010919571, 0.00054708123, 0.9999999), (0.5002874, 0.00048160413, 0.8658592), (0.4473272, 0.4473072, 0.774477), (0.00008741021, 0.5002739, 0.8658672), (0.500331, 0.00047922134, 0.8658341), (0.86583483, 0.00048950687, 0.5003296), (0.7744259, 0.44732398, 0.4473988), (0.4473797, 0.4472754, 0.774465), (0.9873634, 0.0005634953, 0.15847105), (0.86233056, 0.49153224, 0.12158134), (0.77446675, 0.44731086, 0.44734114), (0.865869, 0.000455454, 0.5002704), (0.86228734, 0.49160838, 0.121580556), (0.49157822, 0.8623059, 0.12157061), (0.44737825, 0.77443445, 0.44732994), (0.7744301, 0.44738925, 0.44732636), (0.00012394786, 0.987375, 0.15839988), (0.00009108335, 0.8658381, 0.5003242), (0.44734487, 0.77446294, 0.44731382), (0.49149093, 0.86235285, 0.12159074), (0.00009801984, 0.86581874, 0.5003577), (0.000112868845, 0.5003219, 0.8658395), (0.4473573, 0.4473565, 0.77443117), (0.447335, 0.7744386, 0.44736594), (0.44737613, 0.44732505, 0.77443844), (0.7744107, 0.44737357, 0.44737557), (0.44740492, 0.7743925, 0.44737577), (-0.00011226535, 0.0005449218, -0.9999999), (-0.00011229515, -0.00054492854, -0.9999999), (-0.5002487, -0.00043537113, -0.8658817), (-0.5002486, 0.00043532727, -0.8658817), (-0.50033283, 0.00043374402, -0.86583304), (-0.50033283, -0.00043353596, -0.86583304), (-0.86582565, -0.00043353913, -0.5003457), (-0.86582565, 0.0004337408, -0.5003457), (-0.86586684, 0.00043530343, -0.5002744), (-0.8658669, -0.0004726965, -0.50027436), (-0.98736155, -0.0005238699, -0.15848333), (-0.9873616, 0.0005237588, -0.15848339), (-0.00012542307, -0.9873794, -0.15837288), (-0.00014740642, -0.98737353, 0.15840954), (-0.4915064, -0.86235, 0.1215486), (-0.4915064, -0.86235, -0.121548615), (-0.49159664, -0.8622966, -0.12156253), (-0.4915843, -0.8623089, 0.12152484), (-0.8622699, -0.49164376, 0.12156183), (-0.8622823, -0.4916314, -0.12152417), (-0.86233425, -0.4915383, -0.12153078), (-0.86233425, -0.4915383, 0.121530764), (-0.9873736, -0.00056159496, 0.15840852), (-0.9873736, -0.00056157593, -0.15840851), (-0.00011226535, -0.0005449218, 0.9999999), (-0.00011229515, 0.00054492854, 0.9999999), (-0.5002487, 0.00043537113, 0.8658817), (-0.5002486, -0.00043532727, 0.8658817), (-0.50033283, -0.00043374402, 0.86583304), (-0.50033283, 0.00043353596, 0.86583304), (-0.86582565, 0.00043353913, 0.5003457), (-0.86582565, -0.0004337408, 0.5003457), (-0.86586684, -0.00043530343, 0.5002744), (-0.8658669, 0.0004726965, 0.50027436), (-0.98736155, 0.0005238699, 0.15848333), (-0.9873616, -0.0005237588, 0.15848339), (-0.00012542307, 0.9873794, 0.15837288), (-0.00014740642, 0.98737353, -0.15840954), (-0.4915064, 0.86235, -0.1215486), (-0.4915064, 0.86235, 0.121548615), (-0.49159664, 0.8622966, 0.12156253), (-0.4915843, 0.8623089, -0.12152484), (-0.8622699, 0.49164376, -0.12156183), (-0.8622823, 0.4916314, 0.12152417), (-0.86233425, 0.4915383, 0.12153078), (-0.86233425, 0.4915383, -0.121530764), (-0.9873736, 0.00056159496, -0.15840852), (-0.9873736, 0.00056157593, 0.15840851), (0.00009887848, 0.00058460236, -0.99999976), (0.0000123194195, 0.00058458745, -0.99999976), (-0.00006219175, 0.5002849, -0.8658609), (-0.000012396937, 0.5002849, -0.8658609), (0.00006192555, 0.5003764, -0.865808), (0.000012343782, 0.5003764, -0.865808), (-0.0000619252, 0.86580324, -0.50038457), (-0.000012343824, 0.86580324, -0.5003847), (0.000062191546, 0.8658582, -0.50028956), (-0.00009952757, 0.8658582, -0.50028956), (-0.00008323764, 0.9873667, -0.15845197), (0.0000832364, 0.9873667, -0.15845197), (-0.00009887848, 0.00058460236, 0.99999976), (-0.0000123194195, 0.00058458745, 0.99999976), (0.00006219175, 0.5002849, 0.8658609), (0.000012396937, 0.5002849, 0.8658609), (-0.00006192555, 0.5003764, 0.865808), (-0.000012343782, 0.5003764, 0.865808), (0.0000619252, 0.86580324, 0.50038457), (0.000012343824, 0.86580324, 0.5003847), (-0.000062191546, 0.8658582, 0.50028956), (0.00009952757, 0.8658582, 0.50028956), (0.00008323764, 0.9873667, 0.15845197), (-0.0000832364, 0.9873667, 0.15845197), (0.9873736, 0.00056159496, 0.15840852), (0.9873736, 0.00056157593, -0.15840851), (0.86233425, 0.4915383, -0.12153078), (0.86233425, 0.4915383, 0.121530764), (0.8622699, 0.49164376, 0.12156183), (0.8622823, 0.4916314, -0.12152417), (0.49159664, 0.8622966, -0.12156253), (0.4915843, 0.8623089, 0.12152484), (0.4915064, 0.86235, 0.1215486), (0.4915064, 0.86235, -0.121548615), (0.00012542307, 0.9873794, -0.15837288), (0.00014740642, 0.98737353, 0.15840954), (0.00011226535, -0.0005449218, -0.9999999), (0.00011229515, 0.00054492854, -0.9999999), (0.5002487, 0.00043537113, -0.8658817), (0.5002486, -0.00043532727, -0.8658817), (0.50033283, -0.00043374402, -0.86583304), (0.50033283, 0.00043353596, -0.86583304), (0.86582565, 0.00043353913, -0.5003457), (0.86582565, -0.0004337408, -0.5003457), (0.86586684, -0.00043530343, -0.5002744), (0.8658669, 0.0004726965, -0.50027436), (0.98736155, 0.0005238699, -0.15848333), (0.9873616, -0.0005237588, -0.15848339), (0.00011226535, 0.0005449218, 0.9999999), (0.00011229515, -0.00054492854, 0.9999999), (0.5002487, -0.00043537113, 0.8658817), (0.5002486, 0.00043532727, 0.8658817), (0.50033283, 0.00043374402, 0.86583304), (0.50033283, -0.00043353596, 0.86583304), (0.86582565, -0.00043353913, 0.5003457), (0.86582565, 0.0004337408, 0.5003457), (0.86586684, 0.00043530343, 0.5002744), (0.8658669, -0.0004726965, 0.50027436), (0.98736155, -0.0005238699, 0.15848333), (0.9873616, 0.0005237588, 0.15848339), (0.00012542307, -0.9873794, 0.15837288), (0.00014740642, -0.98737353, -0.15840954), (0.4915064, -0.86235, -0.1215486), (0.4915064, -0.86235, 0.121548615), (0.49159664, -0.8622966, 0.12156253), (0.4915843, -0.8623089, -0.12152484), (0.8622699, -0.49164376, -0.12156183), (0.8622823, -0.4916314, 0.12152417), (0.86233425, -0.4915383, 0.12153078), (0.86233425, -0.4915383, -0.121530764), (0.9873736, -0.00056159496, -0.15840852), (0.9873736, -0.00056157593, 0.15840851), (-0.00009887848, -0.00058460236, -0.99999976), (-0.0000123194195, -0.00058458745, -0.99999976), (0.00006219175, -0.5002849, -0.8658609), (0.000012396937, -0.5002849, -0.8658609), (-0.00006192555, -0.5003764, -0.865808), (-0.000012343782, -0.5003764, -0.865808), (0.0000619252, -0.86580324, -0.50038457), (0.000012343824, -0.86580324, -0.5003847), (-0.000062191546, -0.8658582, -0.50028956), (0.00009952757, -0.8658582, -0.50028956), (0.00008323764, -0.9873667, -0.15845197), (-0.0000832364, -0.9873667, -0.15845197), (0.00009887848, -0.00058460236, 0.99999976), (0.0000123194195, -0.00058458745, 0.99999976), (-0.00006219175, -0.5002849, 0.8658609), (-0.000012396937, -0.5002849, 0.8658609), (0.00006192555, -0.5003764, 0.865808), (0.000012343782, -0.5003764, 0.865808), (-0.0000619252, -0.86580324, 0.50038457), (-0.000012343824, -0.86580324, 0.5003847), (0.000062191546, -0.8658582, 0.50028956), (-0.00009952757, -0.8658582, 0.50028956), (-0.00008323764, -0.9873667, 0.15845197), (0.0000832364, -0.9873667, 0.15845197), (-0.00009321129, 0.0005676584, -0.9999998), (0.00009321121, 0.00056765846, -0.9999998), (0.00009321129, -0.0005676584, -0.9999998), (-0.00009321121, -0.00056765846, -0.9999998), (-0.98737663, -0.0005163192, -0.15838881), (-0.98737663, -0.00051632116, 0.15838881), (-0.98737663, 0.0005163192, 0.15838881), (-0.98737663, 0.00051632116, -0.15838881), (0.00008351798, -0.9873767, -0.15838963), (0.000083519866, -0.9873767, 0.15838963), (-0.00008351798, -0.9873767, 0.15838963), (-0.000083519866, -0.9873767, -0.15838963), (0.00009321129, 0.0005676584, 0.9999998), (-0.00009321121, 0.00056765846, 0.9999998), (-0.00009321129, -0.0005676584, 0.9999998), (0.00009321121, -0.00056765846, 0.9999998), (-0.00008351798, 0.9873767, -0.15838963), (-0.000083519866, 0.9873767, 0.15838963), (0.00008351798, 0.9873767, 0.15838963), (0.000083519866, 0.9873767, -0.15838963), (0.98737663, 0.0005163192, -0.15838881), (0.98737663, 0.00051632116, 0.15838881), (0.98737663, -0.0005163192, 0.15838881), (0.98737663, -0.00051632116, -0.15838881)] (
                    interpolation = "faceVarying"
                )
                point3f[] points = [(-0.114999995, -0.018849999, -0.000175), (-0.114999995, -0.019, -0.000024999987), (-0.11515, -0.018849999, -0.000025000001), (-0.114999995, -0.018924901, -0.00015496058), (-0.115074895, -0.018849999, -0.00015496058), (-0.11507173, -0.018921731, -0.00013549488), (-0.115074895, -0.01897996, -0.000024999992), (-0.114999995, -0.01897996, -0.00009990159), (-0.11507173, -0.018960495, -0.000096731725), (-0.115129955, -0.018849999, -0.000099901605), (-0.115129955, -0.018924901, -0.000024999996), (-0.115110494, -0.018921731, -0.00009673174), (-0.114999995, -0.019, 0.000024999972), (-0.114999995, -0.018849999, 0.000175), (-0.11515, -0.018849999, 0.000024999987), (-0.114999995, -0.01897996, 0.000099901576), (-0.115074895, -0.01897996, 0.000024999978), (-0.11507173, -0.018960495, 0.00009673171), (-0.115074895, -0.018849999, 0.00015496055), (-0.114999995, -0.018924901, 0.00015496055), (-0.11507173, -0.018921731, 0.00013549486), (-0.115129955, -0.018924901, 0.000024999981), (-0.115129955, -0.018849999, 0.00009990159), (-0.115110494, -0.018921731, 0.000096731725), (-0.114999995, 0.018849999, -0.000175), (-0.11515, 0.018849999, -0.000024999987), (-0.114999995, 0.019, -0.000024999972), (-0.115074895, 0.018849999, -0.00015496055), (-0.114999995, 0.018924901, -0.00015496055), (-0.11507173, 0.018921731, -0.00013549486), (-0.115129955, 0.018924901, -0.000024999981), (-0.115129955, 0.018849999, -0.00009990159), (-0.115110494, 0.018921731, -0.000096731725), (-0.114999995, 0.01897996, -0.000099901576), (-0.115074895, 0.01897996, -0.000024999978), (-0.11507173, 0.018960495, -0.00009673171), (-0.114999995, 0.018849999, 0.000175), (-0.114999995, 0.019, 0.000024999987), (-0.11515, 0.018849999, 0.000025000001), (-0.114999995, 0.018924901, 0.00015496058), (-0.115074895, 0.018849999, 0.00015496058), (-0.11507173, 0.018921731, 0.00013549488), (-0.115074895, 0.01897996, 0.000024999992), (-0.114999995, 0.01897996, 0.00009990159), (-0.11507173, 0.018960495, 0.000096731725), (-0.115129955, 0.018849999, 0.000099901605), (-0.115129955, 0.018924901, 0.000024999996), (-0.115110494, 0.018921731, 0.00009673174), (0.114999995, -0.018849999, -0.000175), (0.11515, -0.018849999, -0.000024999987), (0.114999995, -0.019, -0.000024999972), (0.115074895, -0.018849999, -0.00015496055), (0.114999995, -0.018924901, -0.00015496055), (0.11507173, -0.018921731, -0.00013549486), (0.115129955, -0.018924901, -0.000024999981), (0.115129955, -0.018849999, -0.00009990159), (0.115110494, -0.018921731, -0.000096731725), (0.114999995, -0.01897996, -0.000099901576), (0.115074895, -0.01897996, -0.000024999978), (0.11507173, -0.018960495, -0.00009673171), (0.114999995, -0.018849999, 0.000175), (0.114999995, -0.019, 0.000024999987), (0.11515, -0.018849999, 0.000025000001), (0.114999995, -0.018924901, 0.00015496058), (0.115074895, -0.018849999, 0.00015496058), (0.11507173, -0.018921731, 0.00013549488), (0.115074895, -0.01897996, 0.000024999992), (0.114999995, -0.01897996, 0.00009990159), (0.11507173, -0.018960495, 0.000096731725), (0.115129955, -0.018849999, 0.000099901605), (0.115129955, -0.018924901, 0.000024999996), (0.115110494, -0.018921731, 0.00009673174), (0.114999995, 0.018849999, -0.000175), (0.114999995, 0.019, -0.000024999987), (0.11515, 0.018849999, -0.000025000001), (0.114999995, 0.018924901, -0.00015496058), (0.115074895, 0.018849999, -0.00015496058), (0.11507173, 0.018921731, -0.00013549488), (0.115074895, 0.01897996, -0.000024999992), (0.114999995, 0.01897996, -0.00009990159), (0.11507173, 0.018960495, -0.000096731725), (0.115129955, 0.018849999, -0.000099901605), (0.115129955, 0.018924901, -0.000024999996), (0.115110494, 0.018921731, -0.00009673174), (0.114999995, 0.018849999, 0.000175), (0.11515, 0.018849999, 0.000024999987), (0.114999995, 0.019, 0.000024999972), (0.115074895, 0.018849999, 0.00015496055), (0.114999995, 0.018924901, 0.00015496055), (0.11507173, 0.018921731, 0.00013549486), (0.115129955, 0.018924901, 0.000024999981), (0.115129955, 0.018849999, 0.00009990159), (0.115110494, 0.018921731, 0.000096731725), (0.114999995, 0.01897996, 0.000099901576), (0.115074895, 0.01897996, 0.000024999978), (0.11507173, 0.018960495, 0.00009673171)]
                texCoord2f[] primvars:st = [(0.12516284, 0.74901325), (0.12516285, 0.74950606), (0.12508497, 0.7494851), (0.12508152, 0.7490132), (0.12516285, 0.74950606), (0.12516282, 0.74999994), (0.12508497, 0.75), (0.12508497, 0.7494851), (0.4821428, 0.99983704), (0.48214284, 0.99999994), (0.375, 0.999915), (0.37499997, 0.99983716), (0.48214287, 0), (0.48214284, 0.0004940666), (0.37499997, 0.0005149245), (0.375, 0), (0.48214287, 0.0009868466), (0.37499994, 0.0009868293), (0.37499997, 0.0005149245), (0.48214284, 0.0004940666), (0.125, 0.7490132), (0.12508152, 0.7490132), (0.12508497, 0.7494851), (0.12499999, 0.7494851), (0.12508497, 0.7494851), (0.12508497, 0.75), (0.12499999, 0.7494851), (0.51785713, 0.99983716), (0.57135826, 0.9998372), (0.5690942, 0.9999152), (0.5178572, 1), (0.57135826, 0.9998372), (0.625, 0.9998371), (0.625, 0.99991506), (0.5690942, 0.9999152), (0.87483716, 0.7490131), (0.875, 0.7490132), (0.87491506, 0.75000006), (0.8748371, 0.75), (0.625, 0.0009868466), (0.5713584, 0.0009868467), (0.56909406, 0.0005149234), (0.625, 0), (0.51785713, 0.0009868465), (0.51785713, 0.0004940667), (0.56909406, 0.0005149234), (0.5713584, 0.0009868467), (0.51785713, 0.0004940667), (0.51785713, 0), (0.56909406, 0.0002599003), (0.56909406, 0.0005149234), (0.5690942, 0.9999152), (0.625, 0.99991506), (0.56909406, 0.999957), (0.12516282, 0.5009868), (0.12508152, 0.5009869), (0.12508497, 0.500515), (0.12516284, 0.50049406), (0.12508152, 0.5009869), (0.12499999, 0.5009868), (0.125, 0.500515), (0.12508497, 0.500515), (0.48214284, 0.24901313), (0.48214287, 0.24950592), (0.375, 0.24948508), (0.37499994, 0.24901314), (0.48214287, 0.24950592), (0.48214284, 0.2500815), (0.37499997, 0.25008497), (0.375, 0.24948508), (0.4821429, 0.25016284), (0.37500003, 0.25016287), (0.37499997, 0.25008497), (0.48214284, 0.2500815), (0.12516282, 0.5), (0.12516284, 0.50049406), (0.12508497, 0.500515), (0.12508498, 0.5), (0.12508497, 0.500515), (0.125, 0.500515), (0.12508498, 0.5), (0.87483716, 0.5009868), (0.8748371, 0.5), (0.87491506, 0.5), (0.875, 0.5009868), (0.625, 0.2501628), (0.57135826, 0.25016284), (0.5690941, 0.25008497), (0.625, 0.25004748), (0.51785713, 0.25016284), (0.51785713, 0.2500815), (0.5690941, 0.25008497), (0.57135826, 0.25016284), (0.51785713, 0.2500815), (0.5178571, 0.24950594), (0.5690941, 0.24952824), (0.5690941, 0.25008497), (0.5178572, 0.24901316), (0.5713583, 0.24901314), (0.5690941, 0.24952824), (0.5178571, 0.24950594), (0.5713583, 0.24901314), (0.625, 0.24901319), (0.625, 0.25004748), (0.5690941, 0.24952824), (0.625, 0.25004748), (0.5690941, 0.25008497), (0.5690941, 0.24952824), (0.37483716, 0.7490131), (0.3749185, 0.74901325), (0.37491503, 0.7494851), (0.37483725, 0.74950606), (0.3749185, 0.74901325), (0.4286417, 0.7490132), (0.42657727, 0.7494851), (0.37491503, 0.7494851), (0.4821429, 0.7490132), (0.48214287, 0.74950594), (0.42657727, 0.7494851), (0.4286417, 0.7490132), (0.48214287, 0.74950594), (0.48214284, 0.75008154), (0.37496877, 0.75005376), (0.42657727, 0.7494851), (0.48214296, 0.7501629), (0.37491843, 0.7500813), (0.37496877, 0.75005376), (0.48214284, 0.75008154), (0.37491843, 0.7500813), (0.37483725, 0.74950606), (0.37491503, 0.7494851), (0.37496877, 0.75005376), (0.37491503, 0.7494851), (0.42657727, 0.7494851), (0.37496877, 0.75005376), (0.62516284, 0.7490131), (0.6250813, 0.75008166), (0.6250537, 0.7500313), (0.62508154, 0.7490132), (0.6250813, 0.75008166), (0.5713582, 0.7501627), (0.56909406, 0.7500848), (0.6250537, 0.7500313), (0.51785713, 0.75016284), (0.51785713, 0.75008154), (0.56909406, 0.7500848), (0.5713582, 0.7501627), (0.51785713, 0.75008154), (0.5178571, 0.74950594), (0.56909406, 0.7495283), (0.56909406, 0.7500848), (0.5178572, 0.7490132), (0.57135826, 0.74901307), (0.56909406, 0.7495283), (0.5178571, 0.74950594), (0.57135826, 0.74901307), (0.62508154, 0.7490132), (0.6250537, 0.7500313), (0.56909406, 0.7495283), (0.6250537, 0.7500313), (0.56909406, 0.7500848), (0.56909406, 0.7495283), (0.37483716, 0.5009868), (0.3748372, 0.50049406), (0.37491503, 0.500515), (0.37491843, 0.50098675), (0.3748372, 0.50049406), (0.37491843, 0.49991876), (0.37496883, 0.49994624), (0.37491503, 0.500515), (0.48214284, 0.49983716), (0.4821429, 0.49991846), (0.37496883, 0.49994624), (0.37491843, 0.49991876), (0.4821429, 0.49991846), (0.48214284, 0.50049406), (0.4265773, 0.500515), (0.37496883, 0.49994624), (0.48214287, 0.5009869), (0.42864168, 0.5009868), (0.4265773, 0.500515), (0.48214284, 0.50049406), (0.42864168, 0.5009868), (0.37491843, 0.50098675), (0.37491503, 0.500515), (0.4265773, 0.500515), (0.37491503, 0.500515), (0.37496883, 0.49994624), (0.4265773, 0.500515), (0.6251629, 0.5009869), (0.6250816, 0.5009869), (0.61469, 0.50034106), (0.62508124, 0.4999184), (0.6250816, 0.5009869), (0.5713583, 0.5009868), (0.56909406, 0.50051504), (0.61469, 0.50034106), (0.51785713, 0.50098675), (0.51785713, 0.50049406), (0.56909406, 0.50051504), (0.5713583, 0.5009868), (0.51785713, 0.50049406), (0.5178571, 0.49991846), (0.5690941, 0.49994174), (0.56909406, 0.50051504), (0.5178572, 0.49983725), (0.57135826, 0.49983716), (0.5690941, 0.49994174), (0.5178571, 0.49991846), (0.57135826, 0.49983716), (0.62508124, 0.4999184), (0.61469, 0.50034106), (0.5690941, 0.49994174), (0.61469, 0.50034106), (0.56909406, 0.50051504), (0.5690941, 0.49994174), (0.12516282, 0.5009868), (0.12516284, 0.74901325), (0.12508152, 0.7490132), (0.12508152, 0.5009869), (0.12508152, 0.5009869), (0.12508152, 0.7490132), (0.125, 0.7490132), (0.12499999, 0.5009868), (0.37499994, 0.24901314), (0.37499994, 0.0009868293), (0.48214287, 0.0009868466), (0.48214284, 0.24901313), (0.4821428, 0.99983704), (0.51785713, 0.99983716), (0.5178572, 1), (0.48214284, 0.99999994), (0.48214287, 0), (0.51785713, 0), (0.51785713, 0.0004940667), (0.48214284, 0.0004940666), (0.48214284, 0.0004940666), (0.51785713, 0.0004940667), (0.51785713, 0.0009868465), (0.48214287, 0.0009868466), (0.87483716, 0.7490131), (0.87483716, 0.5009868), (0.875, 0.5009868), (0.875, 0.7490132), (0.625, 0.0009868466), (0.625, 0.24901319), (0.5713583, 0.24901314), (0.5713584, 0.0009868467), (0.5713584, 0.0009868467), (0.5713583, 0.24901314), (0.5178572, 0.24901316), (0.51785713, 0.0009868465), (0.51785713, 0.25016284), (0.4821429, 0.25016284), (0.48214284, 0.2500815), (0.51785713, 0.2500815), (0.51785713, 0.2500815), (0.48214284, 0.2500815), (0.48214287, 0.24950592), (0.5178571, 0.24950594), (0.5178571, 0.24950594), (0.48214287, 0.24950592), (0.48214284, 0.24901313), (0.5178572, 0.24901316), (0.37483716, 0.5009868), (0.12516282, 0.5009868), (0.12516284, 0.50049406), (0.3748372, 0.50049406), (0.3748372, 0.50049406), (0.12516284, 0.50049406), (0.12516282, 0.5), (0.37491843, 0.49991876), (0.37491843, 0.49991876), (0.37500003, 0.25016287), (0.4821429, 0.25016284), (0.48214284, 0.49983716), (0.87483716, 0.5009868), (0.6251629, 0.5009869), (0.62508124, 0.4999184), (0.8748371, 0.5), (0.625, 0.2501628), (0.62508124, 0.4999184), (0.57135826, 0.49983716), (0.57135826, 0.25016284), (0.57135826, 0.25016284), (0.57135826, 0.49983716), (0.5178572, 0.49983725), (0.51785713, 0.25016284), (0.51785713, 0.50098675), (0.48214287, 0.5009869), (0.48214284, 0.50049406), (0.51785713, 0.50049406), (0.51785713, 0.50049406), (0.48214284, 0.50049406), (0.4821429, 0.49991846), (0.5178571, 0.49991846), (0.5178571, 0.49991846), (0.4821429, 0.49991846), (0.48214284, 0.49983716), (0.5178572, 0.49983725), (0.37483716, 0.7490131), (0.37483716, 0.5009868), (0.37491843, 0.50098675), (0.3749185, 0.74901325), (0.3749185, 0.74901325), (0.37491843, 0.50098675), (0.42864168, 0.5009868), (0.4286417, 0.7490132), (0.4286417, 0.7490132), (0.42864168, 0.5009868), (0.48214287, 0.5009869), (0.4821429, 0.7490132), (0.6251629, 0.5009869), (0.62516284, 0.7490131), (0.62508154, 0.7490132), (0.6250816, 0.5009869), (0.6250816, 0.5009869), (0.62508154, 0.7490132), (0.57135826, 0.74901307), (0.5713583, 0.5009868), (0.5713583, 0.5009868), (0.57135826, 0.74901307), (0.5178572, 0.7490132), (0.51785713, 0.50098675), (0.51785713, 0.75016284), (0.48214296, 0.7501629), (0.48214284, 0.75008154), (0.51785713, 0.75008154), (0.51785713, 0.75008154), (0.48214284, 0.75008154), (0.48214287, 0.74950594), (0.5178571, 0.74950594), (0.5178571, 0.74950594), (0.48214287, 0.74950594), (0.4821429, 0.7490132), (0.5178572, 0.7490132), (0.12516284, 0.74901325), (0.37483716, 0.7490131), (0.37483725, 0.74950606), (0.12516285, 0.74950606), (0.12516285, 0.74950606), (0.37483725, 0.74950606), (0.37491843, 0.7500813), (0.12516282, 0.74999994), (0.37499997, 0.99983716), (0.37491843, 0.7500813), (0.48214296, 0.7501629), (0.4821428, 0.99983704), (0.62516284, 0.7490131), (0.87483716, 0.7490131), (0.8748371, 0.75), (0.6250813, 0.75008166), (0.6250813, 0.75008166), (0.625, 0.9998371), (0.57135826, 0.9998372), (0.5713582, 0.7501627), (0.5713582, 0.7501627), (0.57135826, 0.9998372), (0.51785713, 0.99983716), (0.51785713, 0.75016284), (0.12516282, 0.5009868), (0.37483716, 0.5009868), (0.37483716, 0.7490131), (0.12516284, 0.74901325), (0.48214287, 0.0009868466), (0.51785713, 0.0009868465), (0.5178572, 0.24901316), (0.48214284, 0.24901313), (0.48214296, 0.7501629), (0.51785713, 0.75016284), (0.51785713, 0.99983716), (0.4821428, 0.99983704), (0.6251629, 0.5009869), (0.87483716, 0.5009868), (0.87483716, 0.7490131), (0.62516284, 0.7490131), (0.4821429, 0.25016284), (0.51785713, 0.25016284), (0.5178572, 0.49983725), (0.48214284, 0.49983716), (0.48214287, 0.5009869), (0.51785713, 0.50098675), (0.5178572, 0.7490132), (0.4821429, 0.7490132)] (
                    interpolation = "faceVarying"
                )
                uniform token subdivisionScheme = "none"
                custom string userProperties:blender:data_name = "Cube.002"
            }
        }

        def Xform "Lid_join"
        {
            custom string userProperties:blender:object_name = "Lid join"
            float3 xformOp:rotateXYZ = (0, -0, 0)
            float3 xformOp:scale = (1, 1, 1)
            double3 xformOp:translate = (0, 0, 0.06795000284910202)
            uniform token[] xformOpOrder = ["xformOp:translate", "xformOp:rotateXYZ", "xformOp:scale"]

            def Mesh "Cube_004" (
                active = true
                prepend apiSchemas = ["MaterialBindingAPI"]
            )
            {
                uniform bool doubleSided = 1
                float3[] extent = [(-0.116325, -0.00035, -0.0002), (0.116325, 0.00035, 0.0002)]
                int[] faceVertexCounts = [4, 4, 4, 4, 4, 4]
                int[] faceVertexIndices = [0, 1, 3, 2, 2, 3, 7, 6, 6, 7, 5, 4, 4, 5, 1, 0, 2, 6, 4, 0, 7, 3, 1, 5]
                rel material:binding = </Asset/_materials/Printed_dark_ink>
                normal3f[] normals = [(-1, 0, 0), (-1, 0, 0), (-1, 0, 0), (-1, 0, 0), (0, 1, 0), (0, 1, 0), (0, 1, 0), (0, 1, 0), (1, 0, 0), (1, 0, 0), (1, 0, 0), (1, 0, 0), (0, -1, 0), (0, -1, 0), (0, -1, 0), (0, -1, 0), (0, 0, -0.99999994), (0, 0, -0.99999994), (0, 0, -0.99999994), (0, 0, -0.99999994), (0, 0, 0.99999994), (0, 0, 0.99999994), (0, 0, 0.99999994), (0, 0, 0.99999994)] (
                    interpolation = "faceVarying"
                )
                point3f[] points = [(-0.116325, -0.00035, -0.0002), (-0.116325, -0.00035, 0.0002), (-0.116325, 0.00035, -0.0002), (-0.116325, 0.00035, 0.0002), (0.116325, -0.00035, -0.0002), (0.116325, -0.00035, 0.0002), (0.116325, 0.00035, -0.0002), (0.116325, 0.00035, 0.0002)]
                texCoord2f[] primvars:st = [(0.375, 0), (0.625, 0), (0.625, 0.25), (0.375, 0.25), (0.375, 0.25), (0.625, 0.25), (0.625, 0.5), (0.375, 0.5), (0.375, 0.5), (0.625, 0.5), (0.625, 0.75), (0.375, 0.75), (0.375, 0.75), (0.625, 0.75), (0.625, 1), (0.375, 1), (0.125, 0.5), (0.375, 0.5), (0.375, 0.75), (0.125, 0.75), (0.625, 0.5), (0.875, 0.5), (0.875, 0.75), (0.625, 0.75)] (
                    interpolation = "faceVarying"
                )
                uniform token subdivisionScheme = "none"
                custom string userProperties:blender:data_name = "Cube.004"
            }
        }

        def Xform "Edge_scuff_015"
        {
            custom string userProperties:blender:object_name = "Edge scuff.015"
            float3 xformOp:rotateXYZ = (0, -0, 0)
            float3 xformOp:scale = (1, 1, 1)
            double3 xformOp:translate = (0.01100900024175644, -0.08290000259876251, 0.06480000168085098)
            uniform token[] xformOpOrder = ["xformOp:translate", "xformOp:rotateXYZ", "xformOp:scale"]

            def Mesh "Cube_046" (
                active = true
                prepend apiSchemas = ["MaterialBindingAPI"]
            )
            {
                uniform bool doubleSided = 1
                float3[] extent = [(-0.002450099, -0.0001, -0.00037975554), (0.002450099, 0.0001, 0.00037975554)]
                int[] faceVertexCounts = [4, 4, 4, 4, 4, 4]
                int[] faceVertexIndices = [0, 1, 3, 2, 2, 3, 7, 6, 6, 7, 5, 4, 4, 5, 1, 0, 2, 6, 4, 0, 7, 3, 1, 5]
                rel material:binding = </Asset/_materials/Exposed_cardboard_edge>
                normal3f[] normals = [(-1, 0, 0), (-1, 0, 0), (-1, 0, 0), (-1, 0, 0), (0, 1, 0), (0, 1, 0), (0, 1, 0), (0, 1, 0), (1, 0, 0), (1, 0, 0), (1, 0, 0), (1, 0, 0), (0, -1, 0), (0, -1, 0), (0, -1, 0), (0, -1, 0), (0, 0, -1), (0, 0, -1), (0, 0, -1), (0, 0, -1), (0, 0, 1), (0, 0, 1), (0, 0, 1), (0, 0, 1)] (
                    interpolation = "faceVarying"
                )
                point3f[] points = [(-0.002450099, -0.0001, -0.00037975554), (-0.002450099, -0.0001, 0.00037975554), (-0.002450099, 0.0001, -0.00037975554), (-0.002450099, 0.0001, 0.00037975554), (0.002450099, -0.0001, -0.00037975554), (0.002450099, -0.0001, 0.00037975554), (0.002450099, 0.0001, -0.00037975554), (0.002450099, 0.0001, 0.00037975554)]
                texCoord2f[] primvars:st = [(0.375, 0), (0.625, 0), (0.625, 0.25), (0.375, 0.25), (0.375, 0.25), (0.625, 0.25), (0.625, 0.5), (0.375, 0.5), (0.375, 0.5), (0.625, 0.5), (0.625, 0.75), (0.375, 0.75), (0.375, 0.75), (0.625, 0.75), (0.625, 1), (0.375, 1), (0.125, 0.5), (0.375, 0.5), (0.375, 0.75), (0.125, 0.75), (0.625, 0.5), (0.875, 0.5), (0.875, 0.75), (0.625, 0.75)] (
                    interpolation = "faceVarying"
                )
                uniform token subdivisionScheme = "none"
                custom string userProperties:blender:data_name = "Cube.046"
            }
        }

        def Xform "Front_tape_seam"
        {
            custom string userProperties:blender:object_name = "Front tape seam"
            float3 xformOp:rotateXYZ = (0, -0, 0)
            float3 xformOp:scale = (1, 1, 1)
            double3 xformOp:translate = (0, -0.08275000005960464, 0.028349999338388443)
            uniform token[] xformOpOrder = ["xformOp:translate", "xformOp:rotateXYZ", "xformOp:scale"]

            def Mesh "Cube_003" (
                active = true
                prepend apiSchemas = ["MaterialBindingAPI"]
            )
            {
                uniform bool doubleSided = 1
                float3[] extent = [(-0.018, -0.0002, -0.03915), (0.018, 0.0002, 0.03915)]
                int[] faceVertexCounts = [4, 4, 4, 4, 4, 4]
                int[] faceVertexIndices = [0, 1, 3, 2, 2, 3, 7, 6, 6, 7, 5, 4, 4, 5, 1, 0, 2, 6, 4, 0, 7, 3, 1, 5]
                rel material:binding = </Asset/_materials/Brown_packing_tape>
                normal3f[] normals = [(-1, 0, 0), (-1, 0, 0), (-1, 0, 0), (-1, 0, 0), (0, 1, 0), (0, 1, 0), (0, 1, 0), (0, 1, 0), (1, 0, 0), (1, 0, 0), (1, 0, 0), (1, 0, 0), (0, -1, 0), (0, -1, 0), (0, -1, 0), (0, -1, 0), (0, 0, -1), (0, 0, -1), (0, 0, -1), (0, 0, -1), (0, 0, 1), (0, 0, 1), (0, 0, 1), (0, 0, 1)] (
                    interpolation = "faceVarying"
                )
                point3f[] points = [(-0.018, -0.0002, -0.03915), (-0.018, -0.0002, 0.03915), (-0.018, 0.0002, -0.03915), (-0.018, 0.0002, 0.03915), (0.018, -0.0002, -0.03915), (0.018, -0.0002, 0.03915), (0.018, 0.0002, -0.03915), (0.018, 0.0002, 0.03915)]
                texCoord2f[] primvars:st = [(0.375, 0), (0.625, 0), (0.625, 0.25), (0.375, 0.25), (0.375, 0.25), (0.625, 0.25), (0.625, 0.5), (0.375, 0.5), (0.375, 0.5), (0.625, 0.5), (0.625, 0.75), (0.375, 0.75), (0.375, 0.75), (0.625, 0.75), (0.625, 1), (0.375, 1), (0.125, 0.5), (0.375, 0.5), (0.375, 0.75), (0.125, 0.75), (0.625, 0.5), (0.875, 0.5), (0.875, 0.75), (0.625, 0.75)] (
                    interpolation = "faceVarying"
                )
                uniform token subdivisionScheme = "none"
                custom string userProperties:blender:data_name = "Cube.003"
            }
        }

        def Xform "Edge_scuff"
        {
            custom string userProperties:blender:object_name = "Edge scuff"
            float3 xformOp:rotateXYZ = (0, -0, 0)
            float3 xformOp:scale = (1, 1, 1)
            double3 xformOp:translate = (0.05950755253434181, -0.08290000259876251, 0.06480000168085098)
            uniform token[] xformOpOrder = ["xformOp:translate", "xformOp:rotateXYZ", "xformOp:scale"]

            def Mesh "Cube_031" (
                active = true
                prepend apiSchemas = ["MaterialBindingAPI"]
            )
            {
                uniform bool doubleSided = 1
                float3[] extent = [(-0.0014702749, -0.0001, -0.0008855753), (0.0014702749, 0.0001, 0.0008855753)]
                int[] faceVertexCounts = [4, 4, 4, 4, 4, 4]
                int[] faceVertexIndices = [0, 1, 3, 2, 2, 3, 7, 6, 6, 7, 5, 4, 4, 5, 1, 0, 2, 6, 4, 0, 7, 3, 1, 5]
                rel material:binding = </Asset/_materials/Exposed_cardboard_edge>
                normal3f[] normals = [(-1, 0, 0), (-1, 0, 0), (-1, 0, 0), (-1, 0, 0), (0, 0.99999994, 0), (0, 0.99999994, 0), (0, 0.99999994, 0), (0, 0.99999994, 0), (1, 0, 0), (1, 0, 0), (1, 0, 0), (1, 0, 0), (0, -0.99999994, 0), (0, -0.99999994, 0), (0, -0.99999994, 0), (0, -0.99999994, 0), (0, 0, -0.99999994), (0, 0, -0.99999994), (0, 0, -0.99999994), (0, 0, -0.99999994), (0, 0, 0.99999994), (0, 0, 0.99999994), (0, 0, 0.99999994), (0, 0, 0.99999994)] (
                    interpolation = "faceVarying"
                )
                point3f[] points = [(-0.0014702749, -0.0001, -0.0008855753), (-0.0014702749, -0.0001, 0.0008855753), (-0.0014702749, 0.0001, -0.0008855753), (-0.0014702749, 0.0001, 0.0008855753), (0.0014702749, -0.0001, -0.0008855753), (0.0014702749, -0.0001, 0.0008855753), (0.0014702749, 0.0001, -0.0008855753), (0.0014702749, 0.0001, 0.0008855753)]
                texCoord2f[] primvars:st = [(0.375, 0), (0.625, 0), (0.625, 0.25), (0.375, 0.25), (0.375, 0.25), (0.625, 0.25), (0.625, 0.5), (0.375, 0.5), (0.375, 0.5), (0.625, 0.5), (0.625, 0.75), (0.375, 0.75), (0.375, 0.75), (0.625, 0.75), (0.625, 1), (0.375, 1), (0.125, 0.5), (0.375, 0.5), (0.375, 0.75), (0.125, 0.75), (0.625, 0.5), (0.875, 0.5), (0.875, 0.75), (0.625, 0.75)] (
                    interpolation = "faceVarying"
                )
                uniform token subdivisionScheme = "none"
                custom string userProperties:blender:data_name = "Cube.031"
            }
        }

        def Xform "Edge_scuff_008"
        {
            custom string userProperties:blender:object_name = "Edge scuff.008"
            float3 xformOp:rotateXYZ = (0, -0, 0)
            float3 xformOp:scale = (1, 1, 1)
            double3 xformOp:translate = (0.03989703208208084, -0.08290000259876251, 0.06480000168085098)
            uniform token[] xformOpOrder = ["xformOp:translate", "xformOp:rotateXYZ", "xformOp:scale"]

            def Mesh "Cube_039" (
                active = true
                prepend apiSchemas = ["MaterialBindingAPI"]
            )
            {
                uniform bool doubleSided = 1
                float3[] extent = [(-0.0029350086, -0.0001, -0.0005092753), (0.0029350086, 0.0001, 0.0005092753)]
                int[] faceVertexCounts = [4, 4, 4, 4, 4, 4]
                int[] faceVertexIndices = [0, 1, 3, 2, 2, 3, 7, 6, 6, 7, 5, 4, 4, 5, 1, 0, 2, 6, 4, 0, 7, 3, 1, 5]
                rel material:binding = </Asset/_materials/Exposed_cardboard_edge>
                normal3f[] normals = [(-1, 0, 0), (-1, 0, 0), (-1, 0, 0), (-1, 0, 0), (0, 1, 0), (0, 1, 0), (0, 1, 0), (0, 1, 0), (1, 0, 0), (1, 0, 0), (1, 0, 0), (1, 0, 0), (0, -1, 0), (0, -1, 0), (0, -1, 0), (0, -1, 0), (0, 0, -1), (0, 0, -1), (0, 0, -1), (0, 0, -1), (0, 0, 1), (0, 0, 1), (0, 0, 1), (0, 0, 1)] (
                    interpolation = "faceVarying"
                )
                point3f[] points = [(-0.0029350086, -0.0001, -0.0005092753), (-0.0029350086, -0.0001, 0.0005092753), (-0.0029350086, 0.0001, -0.0005092753), (-0.0029350086, 0.0001, 0.0005092753), (0.0029350086, -0.0001, -0.0005092753), (0.0029350086, -0.0001, 0.0005092753), (0.0029350086, 0.0001, -0.0005092753), (0.0029350086, 0.0001, 0.0005092753)]
                texCoord2f[] primvars:st = [(0.375, 0), (0.625, 0), (0.625, 0.25), (0.375, 0.25), (0.375, 0.25), (0.625, 0.25), (0.625, 0.5), (0.375, 0.5), (0.375, 0.5), (0.625, 0.5), (0.625, 0.75), (0.375, 0.75), (0.375, 0.75), (0.625, 0.75), (0.625, 1), (0.375, 1), (0.125, 0.5), (0.375, 0.5), (0.375, 0.75), (0.125, 0.75), (0.625, 0.5), (0.875, 0.5), (0.875, 0.75), (0.625, 0.75)] (
                    interpolation = "faceVarying"
                )
                uniform token subdivisionScheme = "none"
                custom string userProperties:blender:data_name = "Cube.039"
            }
        }

        def Xform "Edge_scuff_002"
        {
            custom string userProperties:blender:object_name = "Edge scuff.002"
            float3 xformOp:rotateXYZ = (0, -0, 0)
            float3 xformOp:scale = (1, 1, 1)
            double3 xformOp:translate = (-0.10640481114387512, -0.08290000259876251, 0.06480000168085098)
            uniform token[] xformOpOrder = ["xformOp:translate", "xformOp:rotateXYZ", "xformOp:scale"]

            def Mesh "Cube_033" (
                active = true
                prepend apiSchemas = ["MaterialBindingAPI"]
            )
            {
                uniform bool doubleSided = 1
                float3[] extent = [(-0.0037605318, -0.0001, -0.0003203947), (0.0037605318, 0.0001, 0.0003203947)]
                int[] faceVertexCounts = [4, 4, 4, 4, 4, 4]
                int[] faceVertexIndices = [0, 1, 3, 2, 2, 3, 7, 6, 6, 7, 5, 4, 4, 5, 1, 0, 2, 6, 4, 0, 7, 3, 1, 5]
                rel material:binding = </Asset/_materials/Exposed_cardboard_edge>
                normal3f[] normals = [(-1, 0, 0), (-1, 0, 0), (-1, 0, 0), (-1, 0, 0), (0, 1, 0), (0, 1, 0), (0, 1, 0), (0, 1, 0), (1, 0, 0), (1, 0, 0), (1, 0, 0), (1, 0, 0), (0, -1, 0), (0, -1, 0), (0, -1, 0), (0, -1, 0), (0, 0, -0.99999994), (0, 0, -0.99999994), (0, 0, -0.99999994), (0, 0, -0.99999994), (0, 0, 0.99999994), (0, 0, 0.99999994), (0, 0, 0.99999994), (0, 0, 0.99999994)] (
                    interpolation = "faceVarying"
                )
                point3f[] points = [(-0.0037605318, -0.0001, -0.0003203947), (-0.0037605318, -0.0001, 0.0003203947), (-0.0037605318, 0.0001, -0.0003203947), (-0.0037605318, 0.0001, 0.0003203947), (0.0037605318, -0.0001, -0.0003203947), (0.0037605318, -0.0001, 0.0003203947), (0.0037605318, 0.0001, -0.0003203947), (0.0037605318, 0.0001, 0.0003203947)]
                texCoord2f[] primvars:st = [(0.375, 0), (0.625, 0), (0.625, 0.25), (0.375, 0.25), (0.375, 0.25), (0.625, 0.25), (0.625, 0.5), (0.375, 0.5), (0.375, 0.5), (0.625, 0.5), (0.625, 0.75), (0.375, 0.75), (0.375, 0.75), (0.625, 0.75), (0.625, 1), (0.375, 1), (0.125, 0.5), (0.375, 0.5), (0.375, 0.75), (0.125, 0.75), (0.625, 0.5), (0.875, 0.5), (0.875, 0.75), (0.625, 0.75)] (
                    interpolation = "faceVarying"
                )
                uniform token subdivisionScheme = "none"
                custom string userProperties:blender:data_name = "Cube.033"
            }
        }

        def Xform "Edge_scuff_018"
        {
            custom string userProperties:blender:object_name = "Edge scuff.018"
            float3 xformOp:rotateXYZ = (0, -0, 0)
            float3 xformOp:scale = (1, 1, 1)
            double3 xformOp:translate = (0.07857683300971985, -0.08290000259876251, 0.06480000168085098)
            uniform token[] xformOpOrder = ["xformOp:translate", "xformOp:rotateXYZ", "xformOp:scale"]

            def Mesh "Cube_049" (
                active = true
                prepend apiSchemas = ["MaterialBindingAPI"]
            )
            {
                uniform bool doubleSided = 1
                float3[] extent = [(-0.0026426206, -0.0001, -0.00048139706), (0.0026426206, 0.0001, 0.00048139706)]
                int[] faceVertexCounts = [4, 4, 4, 4, 4, 4]
                int[] faceVertexIndices = [0, 1, 3, 2, 2, 3, 7, 6, 6, 7, 5, 4, 4, 5, 1, 0, 2, 6, 4, 0, 7, 3, 1, 5]
                rel material:binding = </Asset/_materials/Exposed_cardboard_edge>
                normal3f[] normals = [(-1, 0, 0), (-1, 0, 0), (-1, 0, 0), (-1, 0, 0), (0, 1, 0), (0, 1, 0), (0, 1, 0), (0, 1, 0), (1, 0, 0), (1, 0, 0), (1, 0, 0), (1, 0, 0), (0, -1, 0), (0, -1, 0), (0, -1, 0), (0, -1, 0), (0, 0, -1), (0, 0, -1), (0, 0, -1), (0, 0, -1), (0, 0, 1), (0, 0, 1), (0, 0, 1), (0, 0, 1)] (
                    interpolation = "faceVarying"
                )
                point3f[] points = [(-0.0026426206, -0.0001, -0.00048139706), (-0.0026426206, -0.0001, 0.00048139706), (-0.0026426206, 0.0001, -0.00048139706), (-0.0026426206, 0.0001, 0.00048139706), (0.0026426206, -0.0001, -0.00048139706), (0.0026426206, -0.0001, 0.00048139706), (0.0026426206, 0.0001, -0.00048139706), (0.0026426206, 0.0001, 0.00048139706)]
                texCoord2f[] primvars:st = [(0.375, 0), (0.625, 0), (0.625, 0.25), (0.375, 0.25), (0.375, 0.25), (0.625, 0.25), (0.625, 0.5), (0.375, 0.5), (0.375, 0.5), (0.625, 0.5), (0.625, 0.75), (0.375, 0.75), (0.375, 0.75), (0.625, 0.75), (0.625, 1), (0.375, 1), (0.125, 0.5), (0.375, 0.5), (0.375, 0.75), (0.125, 0.75), (0.625, 0.5), (0.875, 0.5), (0.875, 0.75), (0.625, 0.75)] (
                    interpolation = "faceVarying"
                )
                uniform token subdivisionScheme = "none"
                custom string userProperties:blender:data_name = "Cube.049"
            }
        }

        def Xform "Edge_scuff_016"
        {
            custom string userProperties:blender:object_name = "Edge scuff.016"
            float3 xformOp:rotateXYZ = (0, -0, 0)
            float3 xformOp:scale = (1, 1, 1)
            double3 xformOp:translate = (-0.08845070749521255, -0.08290000259876251, -0.06480000168085098)
            uniform token[] xformOpOrder = ["xformOp:translate", "xformOp:rotateXYZ", "xformOp:scale"]

            def Mesh "Cube_047" (
                active = true
                prepend apiSchemas = ["MaterialBindingAPI"]
            )
            {
                uniform bool doubleSided = 1
                float3[] extent = [(-0.0013026366, -0.0001, -0.0007478183), (0.0013026366, 0.0001, 0.0007478183)]
                int[] faceVertexCounts = [4, 4, 4, 4, 4, 4]
                int[] faceVertexIndices = [0, 1, 3, 2, 2, 3, 7, 6, 6, 7, 5, 4, 4, 5, 1, 0, 2, 6, 4, 0, 7, 3, 1, 5]
                rel material:binding = </Asset/_materials/Exposed_cardboard_edge>
                normal3f[] normals = [(-1, 0, 0), (-1, 0, 0), (-1, 0, 0), (-1, 0, 0), (0, 1, 0), (0, 1, 0), (0, 1, 0), (0, 1, 0), (1, 0, 0), (1, 0, 0), (1, 0, 0), (1, 0, 0), (0, -1, 0), (0, -1, 0), (0, -1, 0), (0, -1, 0), (0, 0, -1), (0, 0, -1), (0, 0, -1), (0, 0, -1), (0, 0, 1), (0, 0, 1), (0, 0, 1), (0, 0, 1)] (
                    interpolation = "faceVarying"
                )
                point3f[] points = [(-0.0013026366, -0.0001, -0.0007478183), (-0.0013026366, -0.0001, 0.0007478183), (-0.0013026366, 0.0001, -0.0007478183), (-0.0013026366, 0.0001, 0.0007478183), (0.0013026366, -0.0001, -0.0007478183), (0.0013026366, -0.0001, 0.0007478183), (0.0013026366, 0.0001, -0.0007478183), (0.0013026366, 0.0001, 0.0007478183)]
                texCoord2f[] primvars:st = [(0.375, 0), (0.625, 0), (0.625, 0.25), (0.375, 0.25), (0.375, 0.25), (0.625, 0.25), (0.625, 0.5), (0.375, 0.5), (0.375, 0.5), (0.625, 0.5), (0.625, 0.75), (0.375, 0.75), (0.375, 0.75), (0.625, 0.75), (0.625, 1), (0.375, 1), (0.125, 0.5), (0.375, 0.5), (0.375, 0.75), (0.125, 0.75), (0.625, 0.5), (0.875, 0.5), (0.875, 0.75), (0.625, 0.75)] (
                    interpolation = "faceVarying"
                )
                uniform token subdivisionScheme = "none"
                custom string userProperties:blender:data_name = "Cube.047"
            }
        }

        def Xform "Edge_scuff_009"
        {
            custom string userProperties:blender:object_name = "Edge scuff.009"
            float3 xformOp:rotateXYZ = (0, -0, 0)
            float3 xformOp:scale = (1, 1, 1)
            double3 xformOp:translate = (-0.01890980638563633, -0.08290000259876251, -0.06480000168085098)
            uniform token[] xformOpOrder = ["xformOp:translate", "xformOp:rotateXYZ", "xformOp:scale"]

            def Mesh "Cube_040" (
                active = true
                prepend apiSchemas = ["MaterialBindingAPI"]
            )
            {
                uniform bool doubleSided = 1
                float3[] extent = [(-0.004332856, -0.0001, -0.00094487995), (0.004332856, 0.0001, 0.00094487995)]
                int[] faceVertexCounts = [4, 4, 4, 4, 4, 4]
                int[] faceVertexIndices = [0, 1, 3, 2, 2, 3, 7, 6, 6, 7, 5, 4, 4, 5, 1, 0, 2, 6, 4, 0, 7, 3, 1, 5]
                rel material:binding = </Asset/_materials/Exposed_cardboard_edge>
                normal3f[] normals = [(-1, 0, 0), (-1, 0, 0), (-1, 0, 0), (-1, 0, 0), (0, 1, 0), (0, 1, 0), (0, 1, 0), (0, 1, 0), (1, 0, 0), (1, 0, 0), (1, 0, 0), (1, 0, 0), (0, -1, 0), (0, -1, 0), (0, -1, 0), (0, -1, 0), (0, 0, -1), (0, 0, -1), (0, 0, -1), (0, 0, -1), (0, 0, 1), (0, 0, 1), (0, 0, 1), (0, 0, 1)] (
                    interpolation = "faceVarying"
                )
                point3f[] points = [(-0.004332856, -0.0001, -0.00094487995), (-0.004332856, -0.0001, 0.00094487995), (-0.004332856, 0.0001, -0.00094487995), (-0.004332856, 0.0001, 0.00094487995), (0.004332856, -0.0001, -0.00094487995), (0.004332856, -0.0001, 0.00094487995), (0.004332856, 0.0001, -0.00094487995), (0.004332856, 0.0001, 0.00094487995)]
                texCoord2f[] primvars:st = [(0.375, 0), (0.625, 0), (0.625, 0.25), (0.375, 0.25), (0.375, 0.25), (0.625, 0.25), (0.625, 0.5), (0.375, 0.5), (0.375, 0.5), (0.625, 0.5), (0.625, 0.75), (0.375, 0.75), (0.375, 0.75), (0.625, 0.75), (0.625, 1), (0.375, 1), (0.125, 0.5), (0.375, 0.5), (0.375, 0.75), (0.125, 0.75), (0.625, 0.5), (0.875, 0.5), (0.875, 0.75), (0.625, 0.75)] (
                    interpolation = "faceVarying"
                )
                uniform token subdivisionScheme = "none"
                custom string userProperties:blender:data_name = "Cube.040"
            }
        }

        def Xform "Edge_scuff_005"
        {
            custom string userProperties:blender:object_name = "Edge scuff.005"
            float3 xformOp:rotateXYZ = (0, -0, 0)
            float3 xformOp:scale = (1, 1, 1)
            double3 xformOp:translate = (-0.10705941170454025, -0.08290000259876251, -0.06480000168085098)
            uniform token[] xformOpOrder = ["xformOp:translate", "xformOp:rotateXYZ", "xformOp:scale"]

            def Mesh "Cube_036" (
                active = true
                prepend apiSchemas = ["MaterialBindingAPI"]
            )
            {
                uniform bool doubleSided = 1
                float3[] extent = [(-0.004154996, -0.0001, -0.00027294247), (0.004154996, 0.0001, 0.00027294247)]
                int[] faceVertexCounts = [4, 4, 4, 4, 4, 4]
                int[] faceVertexIndices = [0, 1, 3, 2, 2, 3, 7, 6, 6, 7, 5, 4, 4, 5, 1, 0, 2, 6, 4, 0, 7, 3, 1, 5]
                rel material:binding = </Asset/_materials/Exposed_cardboard_edge>
                normal3f[] normals = [(-0.99999994, 0, 0), (-0.99999994, 0, 0), (-0.99999994, 0, 0), (-0.99999994, 0, 0), (0, 1, 0), (0, 1, 0), (0, 1, 0), (0, 1, 0), (0.99999994, 0, 0), (0.99999994, 0, 0), (0.99999994, 0, 0), (0.99999994, 0, 0), (0, -1, 0), (0, -1, 0), (0, -1, 0), (0, -1, 0), (0, 0, -1), (0, 0, -1), (0, 0, -1), (0, 0, -1), (0, 0, 1), (0, 0, 1), (0, 0, 1), (0, 0, 1)] (
                    interpolation = "faceVarying"
                )
                point3f[] points = [(-0.004154996, -0.0001, -0.00027294247), (-0.004154996, -0.0001, 0.00027294247), (-0.004154996, 0.0001, -0.00027294247), (-0.004154996, 0.0001, 0.00027294247), (0.004154996, -0.0001, -0.00027294247), (0.004154996, -0.0001, 0.00027294247), (0.004154996, 0.0001, -0.00027294247), (0.004154996, 0.0001, 0.00027294247)]
                texCoord2f[] primvars:st = [(0.375, 0), (0.625, 0), (0.625, 0.25), (0.375, 0.25), (0.375, 0.25), (0.625, 0.25), (0.625, 0.5), (0.375, 0.5), (0.375, 0.5), (0.625, 0.5), (0.625, 0.75), (0.375, 0.75), (0.375, 0.75), (0.625, 0.75), (0.625, 1), (0.375, 1), (0.125, 0.5), (0.375, 0.5), (0.375, 0.75), (0.125, 0.75), (0.625, 0.5), (0.875, 0.5), (0.875, 0.75), (0.625, 0.75)] (
                    interpolation = "faceVarying"
                )
                uniform token subdivisionScheme = "none"
                custom string userProperties:blender:data_name = "Cube.036"
            }
        }

        def Xform "Cardboard_shell"
        {
            custom string userProperties:blender:object_name = "Cardboard shell"

            def Mesh "Cube_001" (
                active = true
                prepend apiSchemas = ["MaterialBindingAPI"]
            )
            {
                uniform bool doubleSided = 1
                float3[] extent = [(-0.1175, -0.0825, -0.0675), (0.1175, 0.0825, 0.0675)]
                int[] faceVertexCounts = [4, 4, 4, 4, 4, 4, 3, 4, 4, 4, 4, 4, 4, 3, 4, 4, 4, 4, 4, 4, 3, 4, 4, 4, 4, 4, 4, 3, 4, 4, 4, 4, 4, 4, 3, 4, 4, 4, 4, 4, 4, 3, 4, 4, 4, 4, 4, 4, 3, 4, 4, 4, 4, 4, 4, 3, 4, 4, 4, 4, 4, 4, 4, 4, 4, 4, 4, 4, 4, 4, 4, 4, 4, 4, 4, 4, 4, 4, 4, 4, 4, 4, 4, 4, 4, 4, 4, 4, 4, 4, 4, 4, 4, 4, 4, 4, 4, 4]
                int[] faceVertexIndices = [0, 3, 5, 4, 3, 7, 8, 5, 1, 6, 8, 7, 6, 10, 11, 8, 2, 9, 11, 10, 9, 4, 5, 11, 5, 8, 11, 12, 15, 17, 16, 15, 19, 20, 17, 13, 18, 20, 19, 18, 22, 23, 20, 14, 21, 23, 22, 21, 16, 17, 23, 17, 20, 23, 24, 27, 29, 28, 27, 31, 32, 29, 25, 30, 32, 31, 30, 34, 35, 32, 26, 33, 35, 34, 33, 28, 29, 35, 29, 32, 35, 36, 39, 41, 40, 39, 43, 44, 41, 37, 42, 44, 43, 42, 46, 47, 44, 38, 45, 47, 46, 45, 40, 41, 47, 41, 44, 47, 48, 51, 53, 52, 51, 55, 56, 53, 49, 54, 56, 55, 54, 58, 59, 56, 50, 57, 59, 58, 57, 52, 53, 59, 53, 56, 59, 60, 63, 65, 64, 63, 67, 68, 65, 61, 66, 68, 67, 66, 70, 71, 68, 62, 69, 71, 70, 69, 64, 65, 71, 65, 68, 71, 72, 75, 77, 76, 75, 79, 80, 77, 73, 78, 80, 79, 78, 82, 83, 80, 74, 81, 83, 82, 81, 76, 77, 83, 77, 80, 83, 84, 87, 89, 88, 87, 91, 92, 89, 85, 90, 92, 91, 90, 94, 95, 92, 86, 93, 95, 94, 93, 88, 89, 95, 89, 92, 95, 24, 0, 4, 27, 27, 4, 9, 31, 31, 9, 2, 25, 1, 12, 16, 6, 6, 16, 21, 10, 10, 21, 14, 2, 13, 36, 40, 18, 18, 40, 45, 22, 22, 45, 38, 14, 37, 26, 34, 42, 42, 34, 30, 46, 46, 30, 25, 38, 72, 24, 28, 75, 75, 28, 33, 79, 79, 33, 26, 73, 36, 84, 88, 39, 39, 88, 93, 43, 43, 93, 86, 37, 85, 74, 82, 90, 90, 82, 78, 94, 94, 78, 73, 86, 48, 72, 76, 51, 51, 76, 81, 55, 55, 81, 74, 49, 84, 60, 64, 87, 87, 64, 69, 91, 91, 69, 62, 85, 61, 50, 58, 66, 66, 58, 54, 70, 70, 54, 49, 62, 0, 48, 52, 3, 3, 52, 57, 7, 7, 57, 50, 1, 60, 13, 19, 63, 63, 19, 15, 67, 67, 15, 12, 61, 24, 72, 48, 0, 2, 14, 38, 25, 50, 61, 12, 1, 84, 36, 13, 60, 26, 37, 86, 73, 74, 85, 62, 49]
                rel material:binding = </Asset/_materials/Corrugated_cardboard_PBR>
                normal3f[] normals = [(-0.00082457066, -0.0011680592, -0.999999), (-0.00070471736, -0.5002705, -0.8658689), (-0.41784024, -0.41781345, -0.8067475), (-0.50023085, -0.0009857714, -0.8658916), (-0.00070901215, -0.5003164, -0.86584234), (-0.0007134266, -0.8658514, -0.5003007), (-0.41784358, -0.8067217, -0.41785985), (-0.41785043, -0.41787386, -0.8067109), (-0.00085342675, -0.9999987, -0.001406312), (-0.50025964, -0.86587465, -0.0012276685), (-0.41781145, -0.8067486, -0.41783994), (-0.0006697625, -0.86588204, -0.50024796), (-0.5002842, -0.86586046, -0.0011901408), (-0.8658546, -0.5002942, -0.0012250617), (-0.80672497, -0.4178595, -0.41783768), (-0.41787925, -0.80671114, -0.4178446), (-0.9999983, -0.0011731982, -0.001433311), (-0.86587965, -0.0010265266, -0.5002513), (-0.80677307, -0.41781992, -0.4177844), (-0.865899, -0.5002172, -0.001226604), (-0.86583585, -0.0009755194, -0.50032717), (-0.5002891, -0.0010183156, -0.86585784), (-0.41786563, -0.41783652, -0.80672234), (-0.8067144, -0.41784328, -0.41787416), (-0.41786253, -0.41789433, -0.80669403), (-0.41786695, -0.8067223, -0.41783518), (-0.8067223, -0.41783518, -0.41786695), (-0.00080500543, -0.99999857, 0.0014524255), (-0.0006987923, -0.8658684, 0.50027144), (-0.41783503, -0.80674964, 0.41781443), (-0.50023437, -0.86588925, 0.0011968315), (-0.00071386993, -0.8658454, 0.5003112), (-0.0007199757, -0.50030667, 0.865848), (-0.41784874, -0.4178633, 0.8067172), (-0.4178554, -0.80671227, 0.4178661), (-0.000833733, -0.0011564046, 0.9999989), (-0.5002548, -0.0010142736, 0.8658776), (-0.41781512, -0.41783664, 0.8067484), (-0.00067439675, -0.50024474, 0.8658839), (-0.50032276, -0.0009920299, 0.86583847), (-0.8658721, -0.0010052174, 0.5002644), (-0.8067148, -0.41785198, 0.4178648), (-0.41790277, -0.41783497, 0.806704), (-0.99999833, -0.0011866409, 0.0014217496), (-0.8658832, -0.50024486, 0.0012538778), (-0.8067723, -0.41779867, 0.41780704), (-0.8658949, -0.0010004938, 0.500225), (-0.86585176, -0.50029904, 0.0012232065), (-0.50027996, -0.86586297, 0.0012006499), (-0.41787493, -0.80671483, 0.41784173), (-0.80671, -0.41790143, 0.41782457), (-0.41786253, -0.80669403, 0.41789433), (-0.41789433, -0.41786253, 0.80669403), (-0.80669403, -0.41789433, 0.41786253), (-0.00083991326, 0.0011571646, -0.999999), (-0.50025785, 0.0010180618, -0.86587584), (-0.41781852, 0.41784, -0.806745), (-0.00067570806, 0.5002454, -0.8658834), (-0.50032276, 0.0009920299, -0.86583847), (-0.8658539, 0.0010364614, -0.5002959), (-0.8067148, 0.41785198, -0.4178648), (-0.41790277, 0.41783497, -0.806704), (-0.99999833, 0.001170503, -0.0014285445), (-0.8658743, 0.50026023, -0.0012351908), (-0.8067453, 0.41781297, -0.41784495), (-0.8658893, 0.0009866953, -0.50023466), (-0.86586356, 0.5002786, -0.0011908859), (-0.50029993, 0.8658513, -0.0012274645), (-0.41786444, 0.8067215, -0.41783917), (-0.80671364, 0.41787297, -0.4178459), (-0.0008111894, 0.9999986, -0.0014532376), (-0.00070004165, 0.865868, -0.50027215), (-0.4178384, 0.8067462, -0.41781783), (-0.5002374, 0.8658875, -0.0012006909), (-0.0007160753, 0.86584204, -0.50031686), (-0.0007204786, 0.500301, -0.8658511), (-0.41782624, 0.41789794, -0.8067109), (-0.41785672, 0.80670893, -0.4178713), (-0.41789433, 0.41786253, -0.80669403), (-0.80669403, 0.41789433, -0.41786253), (-0.41786253, 0.80669403, -0.41789433), (-0.00082457066, 0.0011680592, 0.999999), (-0.00070471736, 0.5002705, 0.8658689), (-0.41784024, 0.41781345, 0.8067475), (-0.50023085, 0.0009857714, 0.8658916), (-0.00070901215, 0.5003164, 0.86584234), (-0.0007134266, 0.8658514, 0.5003007), (-0.41784358, 0.8067217, 0.41785985), (-0.41785043, 0.41787386, 0.8067109), (-0.00085342675, 0.9999987, 0.001406312), (-0.50025964, 0.86587465, 0.0012276685), (-0.41781145, 0.8067486, 0.41783994), (-0.0006697625, 0.86588204, 0.50024796), (-0.5002842, 0.86586046, 0.0011901408), (-0.8658546, 0.5002942, 0.0012250617), (-0.80672497, 0.4178595, 0.41783768), (-0.41787925, 0.80671114, 0.4178446), (-0.9999983, 0.0011731982, 0.001433311), (-0.86587965, 0.0010265266, 0.5002513), (-0.80677307, 0.41781992, 0.4177844), (-0.8658825, 0.50024605, 0.0011917949), (-0.86585194, 0.0010129809, 0.5002993), (-0.5002891, 0.0010183156, 0.86585784), (-0.41786563, 0.41783652, 0.80672234), (-0.8067144, 0.41784328, 0.41787416), (-0.41786253, 0.41789433, 0.80669403), (-0.41786695, 0.8067223, 0.41783518), (-0.8067223, 0.41783518, 0.41786695), (0.00083991326, -0.0011571646, -0.999999), (0.50025785, -0.0010180618, -0.86587584), (0.41781852, -0.41784, -0.806745), (0.00067570806, -0.5002454, -0.8658834), (0.50032276, -0.0009920299, -0.86583847), (0.8658539, -0.0010364614, -0.5002959), (0.8067148, -0.41785198, -0.4178648), (0.41790277, -0.41783497, -0.806704), (0.99999833, -0.001170503, -0.0014285445), (0.8658743, -0.50026023, -0.0012351908), (0.8067453, -0.41781297, -0.41784495), (0.8658893, -0.0009866953, -0.50023466), (0.86586356, -0.5002786, -0.0011908859), (0.50029993, -0.8658513, -0.0012274645), (0.41786444, -0.8067215, -0.41783917), (0.80671364, -0.41787297, -0.4178459), (0.0008111894, -0.9999986, -0.0014532376), (0.00070004165, -0.865868, -0.50027215), (0.4178384, -0.8067462, -0.41781783), (0.5002374, -0.8658875, -0.0012006909), (0.0007160753, -0.86584204, -0.50031686), (0.0007204786, -0.500301, -0.8658511), (0.41782624, -0.41789794, -0.8067109), (0.41785672, -0.80670893, -0.4178713), (0.41789433, -0.41786253, -0.80669403), (0.80669403, -0.41789433, -0.41786253), (0.41786253, -0.80669403, -0.41789433), (0.00082457066, -0.0011680592, 0.999999), (0.00070471736, -0.5002705, 0.8658689), (0.41784024, -0.41781345, 0.8067475), (0.50023085, -0.0009857714, 0.8658916), (0.00070901215, -0.5003164, 0.86584234), (0.0007134266, -0.8658514, 0.5003007), (0.41784358, -0.8067217, 0.41785985), (0.41785043, -0.41787386, 0.8067109), (0.00085342675, -0.9999987, 0.001406312), (0.50025964, -0.86587465, 0.0012276685), (0.41781145, -0.8067486, 0.41783994), (0.0006697625, -0.86588204, 0.50024796), (0.5002842, -0.86586046, 0.0011901408), (0.8658546, -0.5002942, 0.0012250617), (0.80672497, -0.4178595, 0.41783768), (0.41787925, -0.80671114, 0.4178446), (0.9999983, -0.0011731982, 0.001433311), (0.86587965, -0.0010265266, 0.5002513), (0.80677307, -0.41781992, 0.4177844), (0.8658825, -0.50024605, 0.0011917949), (0.86583585, -0.0009755194, 0.50032717), (0.5002891, -0.0010183156, 0.86585784), (0.41786563, -0.41783652, 0.80672234), (0.8067144, -0.41784328, 0.41787416), (0.41786253, -0.41789433, 0.80669403), (0.41786695, -0.8067223, 0.41783518), (0.8067223, -0.41783518, 0.41786695), (0.00082457066, 0.0011680592, -0.999999), (0.00070471736, 0.5002705, -0.8658689), (0.41784024, 0.41781345, -0.8067475), (0.50023085, 0.0009857714, -0.8658916), (0.00070901215, 0.5003164, -0.86584234), (0.0007134266, 0.8658514, -0.5003007), (0.41784358, 0.8067217, -0.41785985), (0.41785043, 0.41787386, -0.8067109), (0.00085342675, 0.9999987, -0.001406312), (0.50025964, 0.86587465, -0.0012276685), (0.41781145, 0.8067486, -0.41783994), (0.0006697625, 0.86588204, -0.50024796), (0.5002842, 0.86586046, -0.0011901408), (0.8658546, 0.5002942, -0.0012250617), (0.80672497, 0.4178595, -0.41783768), (0.41787925, 0.80671114, -0.4178446), (0.9999983, 0.0011731982, -0.001433311), (0.86587965, 0.0010265266, -0.5002513), (0.80677307, 0.41781992, -0.4177844), (0.8658825, 0.50024605, -0.0011917949), (0.86583585, 0.0009755194, -0.50032717), (0.5002891, 0.0010183156, -0.86585784), (0.41786563, 0.41783652, -0.80672234), (0.8067144, 0.41784328, -0.41787416), (0.41786253, 0.41789433, -0.80669403), (0.41786695, 0.8067223, -0.41783518), (0.8067223, 0.41783518, -0.41786695), (0.00083991326, 0.0011571646, 0.999999), (0.50025785, 0.0010180618, 0.86587584), (0.41781852, 0.41784, 0.806745), (0.00067570806, 0.5002454, 0.8658834), (0.50032276, 0.0009920299, 0.86583847), (0.8658539, 0.0010364614, 0.5002959), (0.8067148, 0.41785198, 0.4178648), (0.41790277, 0.41783497, 0.806704), (0.99999833, 0.001170503, 0.0014285445), (0.8658743, 0.50026023, 0.0012351908), (0.8067453, 0.41781297, 0.41784495), (0.8658893, 0.0009866953, 0.50023466), (0.86586356, 0.5002786, 0.0011908859), (0.50029993, 0.8658513, 0.0012274645), (0.41786444, 0.8067215, 0.41783917), (0.80671364, 0.41787297, 0.4178459), (0.0008111894, 0.9999986, 0.0014532376), (0.00070004165, 0.865868, 0.50027215), (0.4178384, 0.8067462, 0.41781783), (0.5002374, 0.8658875, 0.0012006909), (0.0007160753, 0.86584204, 0.50031686), (0.0007204786, 0.500301, 0.8658511), (0.41782624, 0.41789794, 0.8067109), (0.41785672, 0.80670893, 0.4178713), (0.41789433, 0.41786253, 0.80669403), (0.80669403, 0.41789433, 0.41786253), (0.41786253, 0.80669403, 0.41789433), (-0.00083224475, 0.0011363283, -0.999999), (-0.0008326471, -0.0011362928, -0.999999), (-0.5002468, -0.00095770386, -0.86588234), (-0.5002464, 0.0009576912, -0.8658825), (-0.50029683, 0.0009542094, -0.8658534), (-0.50029683, -0.0009540134, -0.8658534), (-0.8658512, -0.00095402927, -0.50030065), (-0.8658511, 0.0009914141, -0.50030077), (-0.8658801, 0.0009578363, -0.5002507), (-0.86587924, -0.0009575747, -0.5002521), (-0.9999983, -0.0011335487, -0.0014620423), (-0.9999983, 0.0011337617, -0.0014603734), (-0.00082968175, -0.9999987, -0.001395741), (-0.00082968175, -0.9999987, 0.0013957071), (-0.50020075, -0.86590874, 0.0011813842), (-0.50020075, -0.86590874, -0.001181412), (-0.50029844, -0.8658523, -0.0011771669), (-0.50029844, -0.86585224, 0.0011771946), (-0.8658511, -0.50030035, 0.0011771661), (-0.8658511, -0.5003004, -0.0011771938), (-0.86590904, -0.50020003, -0.0011813841), (-0.86590904, -0.50020003, 0.0011814118), (-0.9999983, -0.0012123734, 0.0013937338), (-0.9999983, -0.0012123734, -0.0013936999), (-0.00082978606, -0.0011363275, 0.99999905), (-0.00082978606, 0.0011362938, 0.99999905), (-0.5002444, 0.00095772615, 0.8658838), (-0.5002444, -0.0009576921, 0.8658838), (-0.50029683, -0.0009541367, 0.8658534), (-0.50029695, 0.000991326, 0.86585337), (-0.8658512, 0.0009541355, 0.50030065), (-0.8658511, -0.0009913247, 0.50030077), (-0.8658846, -0.0009577257, 0.5002428), (-0.8658846, 0.0009576917, 0.5002428), (-0.9999983, 0.0011336721, 0.0014512837), (-0.9999983, -0.0011336384, 0.0014512837), (-0.00083242357, 0.99999875, 0.0013957088), (-0.00083199143, 0.99999875, -0.0013957394), (-0.5002028, 0.86590755, -0.0011814428), (-0.50020313, 0.8659073, 0.001181382), (-0.50029844, 0.8658523, 0.0011771162), (-0.50029844, 0.86585224, -0.001177266), (-0.8658511, 0.50030035, -0.0011772581), (-0.8658511, 0.5003004, 0.0011771225), (-0.865904, 0.50020885, 0.0011813401), (-0.8659048, 0.50020736, -0.001181463), (-0.9999983, 0.00117293, -0.0013940444), (-0.9999983, 0.0011745691, 0.0013938918), (0.0008017062, 0.0012103915, -0.999999), (-0.0008033817, 0.0012104223, -0.999999), (-0.0006947602, 0.50024366, -0.86588454), (0.0006965201, 0.50024366, -0.86588454), (0.0006937898, 0.50033313, -0.8658327), (-0.0006937868, 0.50033313, -0.8658327), (-0.0006937868, 0.8658252, -0.50034606), (0.0006566288, 0.86582524, -0.50034606), (0.00065922, 0.86588883, -0.50023603), (-0.0006947017, 0.86588883, -0.5002359), (-0.0008027639, 0.99999857, -0.0014411658), (0.0008009835, 0.99999857, -0.0014411658), (-0.0008017062, 0.0012103915, 0.999999), (0.0008033817, 0.0012104223, 0.999999), (0.0006947602, 0.50024366, 0.86588454), (-0.0006965201, 0.50024366, 0.86588454), (-0.0006937898, 0.50033313, 0.8658327), (0.0006937868, 0.50033313, 0.8658327), (0.0006937868, 0.8658252, 0.50034606), (-0.0006566288, 0.86582524, 0.50034606), (-0.00065922, 0.86588883, 0.50023603), (0.0006947017, 0.86588883, 0.5002359), (0.0008027639, 0.99999857, 0.0014411658), (-0.0008009835, 0.99999857, 0.0014411658), (0.9999983, 0.00117293, 0.0013940462), (0.9999983, 0.0011745691, -0.0013938899), (0.865904, 0.50020885, -0.0011813382), (0.8659048, 0.50020736, 0.0011814649), (0.8658511, 0.50030035, 0.0011772655), (0.8658511, 0.5003004, -0.001177115), (0.50029844, 0.8658523, -0.0011771087), (0.50029844, 0.86585224, 0.0011772735), (0.5002028, 0.86590755, 0.0011814483), (0.50020313, 0.8659073, -0.0011813764), (0.00083242357, 0.99999875, -0.0013957031), (0.00083199143, 0.99999875, 0.0013957451), (0.00083224475, -0.0011363283, -0.999999), (0.0008326471, 0.0011362928, -0.999999), (0.5002468, 0.00095770386, -0.86588234), (0.5002464, -0.0009576912, -0.8658825), (0.50029683, -0.0009542094, -0.8658534), (0.50029683, 0.0009540134, -0.8658534), (0.8658512, 0.00095402927, -0.50030065), (0.8658511, -0.0009914141, -0.50030077), (0.8658801, -0.0009578363, -0.5002507), (0.86587924, 0.0009575747, -0.5002521), (0.9999983, 0.0011335487, -0.0014620423), (0.9999983, -0.0011337617, -0.0014603734), (0.00083224475, 0.0011363283, 0.999999), (0.0008326471, -0.0011362928, 0.999999), (0.5002468, -0.00095770386, 0.86588234), (0.5002464, 0.0009576912, 0.8658825), (0.50029683, 0.0009542094, 0.8658534), (0.50029683, -0.0009540134, 0.8658534), (0.8658512, -0.00095402927, 0.50030065), (0.8658511, 0.0009914141, 0.50030077), (0.8658801, 0.0009578363, 0.5002507), (0.86587924, -0.0009575747, 0.5002521), (0.9999983, -0.0011335487, 0.0014620423), (0.9999983, 0.0011337617, 0.0014603734), (0.00083242357, -0.99999875, 0.0013957088), (0.00083199143, -0.99999875, -0.0013957394), (0.5002028, -0.86590755, -0.0011814428), (0.50020313, -0.8659073, 0.001181382), (0.50029844, -0.8658523, 0.0011771162), (0.50029844, -0.86585224, -0.001177266), (0.8658511, -0.50030035, -0.0011772581), (0.8658511, -0.5003004, 0.0011771225), (0.865904, -0.50020885, 0.0011813401), (0.8659048, -0.50020736, -0.001181463), (0.9999983, -0.00117293, -0.0013940444), (0.9999983, -0.0011745691, 0.0013938918), (-0.0008017062, -0.0012103915, -0.999999), (0.0008033817, -0.0012104223, -0.999999), (0.0006947602, -0.50024366, -0.86588454), (-0.0006965201, -0.50024366, -0.86588454), (-0.0006937898, -0.50033313, -0.8658327), (0.0006937868, -0.50033313, -0.8658327), (0.0006937868, -0.8658252, -0.50034606), (-0.0006566288, -0.86582524, -0.50034606), (-0.00065922, -0.86588883, -0.50023603), (0.0006947017, -0.86588883, -0.5002359), (0.0008027639, -0.99999857, -0.0014411658), (-0.0008009835, -0.99999857, -0.0014411658), (0.0008017062, -0.0012104213, 0.999999), (-0.00080170314, -0.0012104362, 0.999999), (-0.0006592217, -0.5002438, 0.8658845), (0.0006965201, -0.50024366, 0.8658845), (0.00069378805, -0.50034046, 0.8658284), (-0.00065663, -0.5003404, 0.8658284), (-0.00069378846, -0.8658294, 0.50033873), (0.0006566304, -0.86582947, 0.5003387), (0.0006592222, -0.865883, 0.50024605), (-0.00069652055, -0.865883, 0.5002459), (-0.0008009839, -0.99999857, 0.0014527738), (0.00080098084, -0.99999857, 0.0014527738), (-0.00079675287, 0.001139243, -0.99999905), (0.00079675287, 0.001139243, -0.99999905), (0.00079675287, -0.001139243, -0.99999905), (-0.00079675287, -0.001139243, -0.99999905), (-0.99999833, -0.0011516213, -0.0014114538), (-0.99999833, -0.0011514184, 0.0014116192), (-0.99999833, 0.0011516213, 0.0014114538), (-0.99999833, 0.0011514184, -0.0014116192), (0.00080781407, -0.9999987, -0.001415635), (0.00080781407, -0.9999987, 0.001415635), (-0.0008315732, -0.99999857, 0.0014572712), (-0.0008315732, -0.99999857, -0.0014572712), (0.00079675287, 0.001139243, 0.99999905), (-0.00079675287, 0.001139243, 0.99999905), (-0.00079675287, -0.001139243, 0.99999905), (0.00079675287, -0.001139243, 0.99999905), (-0.00080781407, 0.9999987, -0.001415635), (-0.00080781407, 0.9999987, 0.001415635), (0.00080781407, 0.9999987, 0.001415635), (0.00080781407, 0.9999987, -0.001415635), (0.99999833, 0.0011516213, -0.0014114538), (0.99999833, 0.0011514184, 0.0014116192), (0.99999833, -0.0011516213, 0.0014114538), (0.99999833, -0.0011514184, -0.0014116192)] (
                    interpolation = "faceVarying"
                )
                point3f[] points = [(-0.1161, -0.0811, -0.0675), (-0.1161, -0.0825, -0.0661), (-0.1175, -0.0811, -0.0661), (-0.1161, -0.08179908, -0.06731297), (-0.11679908, -0.0811, -0.06731297), (-0.11676949, -0.081769496, -0.06713129), (-0.11679908, -0.08231297, -0.0661), (-0.1161, -0.08231297, -0.06679908), (-0.11676949, -0.08213129, -0.066769496), (-0.11731297, -0.0811, -0.06679908), (-0.11731297, -0.08179908, -0.0661), (-0.117131285, -0.081769496, -0.066769496), (-0.1161, -0.0825, 0.0661), (-0.1161, -0.0811, 0.0675), (-0.1175, -0.0811, 0.0661), (-0.1161, -0.08231297, 0.06679908), (-0.11679908, -0.08231297, 0.0661), (-0.11676949, -0.08213129, 0.066769496), (-0.11679908, -0.0811, 0.06731297), (-0.1161, -0.08179908, 0.06731297), (-0.11676949, -0.081769496, 0.06713129), (-0.11731297, -0.08179908, 0.0661), (-0.11731297, -0.0811, 0.06679908), (-0.117131285, -0.081769496, 0.066769496), (-0.1161, 0.0811, -0.0675), (-0.1175, 0.0811, -0.0661), (-0.1161, 0.0825, -0.0661), (-0.116799064, 0.0811, -0.06731297), (-0.11609998, 0.08179908, -0.06731297), (-0.11676948, 0.081769496, -0.06713129), (-0.11731295, 0.08179908, -0.0661), (-0.11731295, 0.0811, -0.06679908), (-0.11713127, 0.081769496, -0.066769496), (-0.11609998, 0.08231297, -0.06679908), (-0.116799064, 0.08231297, -0.0661), (-0.11676948, 0.08213129, -0.066769496), (-0.1161, 0.0811, 0.0675), (-0.1161, 0.0825, 0.0661), (-0.1175, 0.0811, 0.0661), (-0.1161, 0.08179908, 0.06731297), (-0.11679908, 0.0811, 0.06731297), (-0.11676949, 0.081769496, 0.06713129), (-0.11679908, 0.08231297, 0.0661), (-0.1161, 0.08231297, 0.06679908), (-0.11676949, 0.08213129, 0.066769496), (-0.11731297, 0.0811, 0.06679908), (-0.11731297, 0.08179908, 0.0661), (-0.117131285, 0.081769496, 0.066769496), (0.1161, -0.0811, -0.0675), (0.1175, -0.0811, -0.0661), (0.1161, -0.0825, -0.0661), (0.116799064, -0.0811, -0.06731297), (0.11609998, -0.08179908, -0.06731297), (0.11676948, -0.081769496, -0.06713129), (0.11731295, -0.08179908, -0.0661), (0.11731295, -0.0811, -0.06679908), (0.11713127, -0.081769496, -0.066769496), (0.11609998, -0.08231297, -0.06679908), (0.116799064, -0.08231297, -0.0661), (0.11676948, -0.08213129, -0.066769496), (0.1161, -0.0811, 0.0675), (0.1161, -0.0825, 0.0661), (0.1175, -0.0811, 0.0661), (0.1161, -0.08179908, 0.06731297), (0.11679908, -0.0811, 0.06731297), (0.11676949, -0.081769496, 0.06713129), (0.11679908, -0.08231297, 0.0661), (0.1161, -0.08231297, 0.06679908), (0.11676949, -0.08213129, 0.066769496), (0.11731297, -0.0811, 0.06679908), (0.11731297, -0.08179908, 0.0661), (0.117131285, -0.081769496, 0.066769496), (0.1161, 0.0811, -0.0675), (0.1161, 0.0825, -0.0661), (0.1175, 0.0811, -0.0661), (0.1161, 0.08179908, -0.06731297), (0.11679908, 0.0811, -0.06731297), (0.11676949, 0.081769496, -0.06713129), (0.11679908, 0.08231297, -0.0661), (0.1161, 0.08231297, -0.06679908), (0.11676949, 0.08213129, -0.066769496), (0.11731297, 0.0811, -0.06679908), (0.11731297, 0.08179908, -0.0661), (0.117131285, 0.081769496, -0.066769496), (0.1161, 0.0811, 0.0675), (0.1175, 0.0811, 0.0661), (0.1161, 0.0825, 0.0661), (0.116799064, 0.0811, 0.06731297), (0.11609998, 0.08179908, 0.06731297), (0.11676948, 0.081769496, 0.06713129), (0.11731295, 0.08179908, 0.0661), (0.11731295, 0.0811, 0.06679908), (0.11713127, 0.081769496, 0.066769496), (0.11609998, 0.08231297, 0.06679908), (0.116799064, 0.08231297, 0.0661), (0.11676948, 0.08213129, 0.066769496)]
                texCoord2f[] primvars:st = [(0.12648937, 0.74787885), (0.12648936, 0.74893796), (0.12577714, 0.7488932), (0.12574567, 0.7478788), (0.12648936, 0.74893796), (0.12648939, 0.75000006), (0.12577714, 0.75), (0.12577714, 0.7488932), (0.3775926, 0.9985106), (0.37759265, 1), (0.37499997, 0.9992228), (0.375, 0.9985106), (0.37759262, 0), (0.37759262, 0.0010620012), (0.37500003, 0.0011068285), (0.375, 0), (0.37759256, 0.002121214), (0.375, 0.0021212252), (0.37500003, 0.0011068285), (0.37759262, 0.0010620012), (0.125, 0.7478788), (0.12574567, 0.7478788), (0.12577714, 0.7488932), (0.125, 0.7488932), (0.12577714, 0.7488932), (0.12577714, 0.75), (0.125, 0.7488932), (0.62240744, 0.9985106), (0.623702, 0.99851066), (0.6236471, 0.9992229), (0.6224074, 1), (0.623702, 0.99851066), (0.625, 0.9985106), (0.625, 0.9992228), (0.6236471, 0.9992229), (0.8735106, 0.7478788), (0.87500006, 0.7478788), (0.8742229, 0.75), (0.8735106, 0.74999994), (0.625, 0.002121214), (0.62370205, 0.0021212138), (0.6236472, 0.0011068288), (0.625, 0), (0.6224075, 0.002121214), (0.6224075, 0.0010620012), (0.6236472, 0.0011068288), (0.62370205, 0.0021212138), (0.6224075, 0.0010620012), (0.6224074, 0), (0.6236472, 0.0005586581), (0.6236472, 0.0011068288), (0.6236471, 0.9992229), (0.625, 0.9992228), (0.6236472, 0.9996078), (0.12648936, 0.5021212), (0.12574567, 0.5021212), (0.12577716, 0.5011068), (0.12648936, 0.501062), (0.12574567, 0.5021212), (0.125, 0.5021212), (0.125, 0.50110686), (0.12577716, 0.5011068), (0.3775926, 0.24787878), (0.37759265, 0.24893801), (0.375, 0.24889317), (0.375, 0.24787879), (0.37759265, 0.24893801), (0.37759265, 0.2507457), (0.37500003, 0.2507772), (0.375, 0.24889317), (0.37759256, 0.25148937), (0.37499997, 0.25148937), (0.37500003, 0.2507772), (0.37759265, 0.2507457), (0.12648939, 0.5), (0.12648936, 0.501062), (0.12577716, 0.5011068), (0.12577717, 0.5), (0.12577716, 0.5011068), (0.125, 0.50110686), (0.12577717, 0.5), (0.87351084, 0.50212127), (0.8735106, 0.5), (0.8742229, 0.5), (0.87500006, 0.5021212), (0.625, 0.25148937), (0.623702, 0.25148934), (0.6236471, 0.25077713), (0.6249999, 0.2504343), (0.62240744, 0.25148937), (0.6224074, 0.25074562), (0.6236471, 0.25077713), (0.623702, 0.25148934), (0.6224074, 0.25074562), (0.6224075, 0.24893801), (0.6236472, 0.24900918), (0.6236471, 0.25077713), (0.62240744, 0.24787876), (0.623702, 0.24787878), (0.6236472, 0.24900918), (0.6224075, 0.24893801), (0.623702, 0.24787878), (0.625, 0.24787878), (0.6249999, 0.2504343), (0.6236472, 0.24900918), (0.6249999, 0.2504343), (0.6236471, 0.25077713), (0.6236472, 0.24900918), (0.37351057, 0.74787873), (0.37425435, 0.7478788), (0.37422282, 0.74889314), (0.3735106, 0.7489379), (0.37425435, 0.7478788), (0.376298, 0.74787885), (0.37621778, 0.74889326), (0.37422282, 0.74889314), (0.3775926, 0.74787885), (0.37759262, 0.74893796), (0.37621778, 0.74889326), (0.376298, 0.74787885), (0.37759262, 0.74893796), (0.37759256, 0.75074565), (0.37471458, 0.75049186), (0.37621778, 0.74889326), (0.3775926, 0.7514893), (0.3742539, 0.7507433), (0.37471458, 0.75049186), (0.37759256, 0.75074565), (0.3742539, 0.7507433), (0.3735106, 0.7489379), (0.37422282, 0.74889314), (0.37471458, 0.75049186), (0.37422282, 0.74889314), (0.37621778, 0.74889326), (0.37471458, 0.75049186), (0.6264894, 0.74787885), (0.62574327, 0.750746), (0.62549174, 0.75028545), (0.6257456, 0.7478788), (0.62574327, 0.750746), (0.62370193, 0.7514893), (0.6236471, 0.7507772), (0.62549174, 0.75028545), (0.62240744, 0.7514893), (0.6224073, 0.7507456), (0.6236471, 0.7507772), (0.62370193, 0.7514893), (0.6224073, 0.7507456), (0.6224075, 0.7489381), (0.6236473, 0.7490093), (0.6236471, 0.7507772), (0.62240744, 0.7478787), (0.623702, 0.74787873), (0.6236473, 0.7490093), (0.6224075, 0.7489381), (0.623702, 0.74787873), (0.6257456, 0.7478788), (0.62549174, 0.75028545), (0.6236473, 0.7490093), (0.62549174, 0.75028545), (0.6236471, 0.7507772), (0.6236473, 0.7490093), (0.37351066, 0.5021212), (0.3735107, 0.50106204), (0.37422293, 0.50110686), (0.3742543, 0.50212127), (0.3735107, 0.50106204), (0.3742539, 0.49925676), (0.37471455, 0.49950826), (0.37422293, 0.50110686), (0.3775926, 0.49851063), (0.37759256, 0.49925432), (0.37471455, 0.49950826), (0.3742539, 0.49925676), (0.37759256, 0.49925432), (0.37759262, 0.5010621), (0.3762178, 0.50110686), (0.37471455, 0.49950826), (0.37759256, 0.5021212), (0.376298, 0.5021212), (0.3762178, 0.50110686), (0.37759262, 0.5010621), (0.376298, 0.5021212), (0.3742543, 0.50212127), (0.37422293, 0.50110686), (0.3762178, 0.50110686), (0.37422293, 0.50110686), (0.37471455, 0.49950826), (0.3762178, 0.50110686), (0.6264894, 0.5021212), (0.6257456, 0.5021212), (0.6252409, 0.50056064), (0.6257432, 0.4992539), (0.6257456, 0.5021212), (0.62370217, 0.5021212), (0.6236472, 0.50110686), (0.6252409, 0.50056064), (0.62240744, 0.50212127), (0.62240744, 0.50106204), (0.6236472, 0.50110686), (0.62370217, 0.5021212), (0.62240744, 0.50106204), (0.6224074, 0.49925435), (0.62364715, 0.49932617), (0.6236472, 0.50110686), (0.62240744, 0.49851063), (0.62370205, 0.49851063), (0.62364715, 0.49932617), (0.6224074, 0.49925435), (0.62370205, 0.49851063), (0.6257432, 0.4992539), (0.6252409, 0.50056064), (0.62364715, 0.49932617), (0.6252409, 0.50056064), (0.6236472, 0.50110686), (0.62364715, 0.49932617), (0.12648936, 0.5021212), (0.12648937, 0.74787885), (0.12574567, 0.7478788), (0.12574567, 0.5021212), (0.12574567, 0.5021212), (0.12574567, 0.7478788), (0.125, 0.7478788), (0.125, 0.5021212), (0.375, 0.24787879), (0.375, 0.0021212252), (0.37759256, 0.002121214), (0.3775926, 0.24787878), (0.3775926, 0.9985106), (0.62240744, 0.9985106), (0.6224074, 1), (0.37759265, 1), (0.37759262, 0), (0.6224074, 0), (0.6224075, 0.0010620012), (0.37759262, 0.0010620012), (0.37759262, 0.0010620012), (0.6224075, 0.0010620012), (0.6224075, 0.002121214), (0.37759256, 0.002121214), (0.8735106, 0.7478788), (0.87351084, 0.50212127), (0.87500006, 0.5021212), (0.87500006, 0.7478788), (0.625, 0.002121214), (0.625, 0.24787878), (0.623702, 0.24787878), (0.62370205, 0.0021212138), (0.62370205, 0.0021212138), (0.623702, 0.24787878), (0.62240744, 0.24787876), (0.6224075, 0.002121214), (0.62240744, 0.25148937), (0.37759256, 0.25148937), (0.37759265, 0.2507457), (0.6224074, 0.25074562), (0.6224074, 0.25074562), (0.37759265, 0.2507457), (0.37759265, 0.24893801), (0.6224075, 0.24893801), (0.6224075, 0.24893801), (0.37759265, 0.24893801), (0.3775926, 0.24787878), (0.62240744, 0.24787876), (0.37351066, 0.5021212), (0.12648936, 0.5021212), (0.12648936, 0.501062), (0.3735107, 0.50106204), (0.3735107, 0.50106204), (0.12648936, 0.501062), (0.12648939, 0.5), (0.3742539, 0.49925676), (0.3742539, 0.49925676), (0.37499997, 0.25148937), (0.37759256, 0.25148937), (0.3775926, 0.49851063), (0.87351084, 0.50212127), (0.6264894, 0.5021212), (0.6257432, 0.4992539), (0.8735106, 0.5), (0.625, 0.25148937), (0.6257432, 0.4992539), (0.62370205, 0.49851063), (0.623702, 0.25148934), (0.623702, 0.25148934), (0.62370205, 0.49851063), (0.62240744, 0.49851063), (0.62240744, 0.25148937), (0.62240744, 0.50212127), (0.37759256, 0.5021212), (0.37759262, 0.5010621), (0.62240744, 0.50106204), (0.62240744, 0.50106204), (0.37759262, 0.5010621), (0.37759256, 0.49925432), (0.6224074, 0.49925435), (0.6224074, 0.49925435), (0.37759256, 0.49925432), (0.3775926, 0.49851063), (0.62240744, 0.49851063), (0.37351057, 0.74787873), (0.37351066, 0.5021212), (0.3742543, 0.50212127), (0.37425435, 0.7478788), (0.37425435, 0.7478788), (0.3742543, 0.50212127), (0.376298, 0.5021212), (0.376298, 0.74787885), (0.376298, 0.74787885), (0.376298, 0.5021212), (0.37759256, 0.5021212), (0.3775926, 0.74787885), (0.6264894, 0.5021212), (0.6264894, 0.74787885), (0.6257456, 0.7478788), (0.6257456, 0.5021212), (0.6257456, 0.5021212), (0.6257456, 0.7478788), (0.623702, 0.74787873), (0.62370217, 0.5021212), (0.62370217, 0.5021212), (0.623702, 0.74787873), (0.62240744, 0.7478787), (0.62240744, 0.50212127), (0.62240744, 0.7514893), (0.3775926, 0.7514893), (0.37759256, 0.75074565), (0.6224073, 0.7507456), (0.6224073, 0.7507456), (0.37759256, 0.75074565), (0.37759262, 0.74893796), (0.6224075, 0.7489381), (0.6224075, 0.7489381), (0.37759262, 0.74893796), (0.3775926, 0.74787885), (0.62240744, 0.7478787), (0.12648937, 0.74787885), (0.37351057, 0.74787873), (0.3735106, 0.7489379), (0.12648936, 0.74893796), (0.12648936, 0.74893796), (0.3735106, 0.7489379), (0.3742539, 0.7507433), (0.12648939, 0.75000006), (0.375, 0.9985106), (0.3742539, 0.7507433), (0.3775926, 0.7514893), (0.3775926, 0.9985106), (0.6264894, 0.74787885), (0.8735106, 0.7478788), (0.8735106, 0.74999994), (0.62574327, 0.750746), (0.62574327, 0.750746), (0.625, 0.9985106), (0.623702, 0.99851066), (0.62370193, 0.7514893), (0.62370193, 0.7514893), (0.623702, 0.99851066), (0.62240744, 0.9985106), (0.62240744, 0.7514893), (0.12648936, 0.5021212), (0.37351066, 0.5021212), (0.37351057, 0.74787873), (0.12648937, 0.74787885), (0.37759256, 0.002121214), (0.6224075, 0.002121214), (0.62240744, 0.24787876), (0.3775926, 0.24787878), (0.3775926, 0.7514893), (0.62240744, 0.7514893), (0.62240744, 0.9985106), (0.3775926, 0.9985106), (0.6264894, 0.5021212), (0.87351084, 0.50212127), (0.8735106, 0.7478788), (0.6264894, 0.74787885), (0.37759256, 0.25148937), (0.62240744, 0.25148937), (0.62240744, 0.49851063), (0.3775926, 0.49851063), (0.37759256, 0.5021212), (0.62240744, 0.50212127), (0.62240744, 0.7478787), (0.3775926, 0.74787885)] (
                    interpolation = "faceVarying"
                )
                uniform token subdivisionScheme = "none"
                custom string userProperties:blender:data_name = "Cube.001"
            }
        }

        def Xform "Print_HANDLE_WITH_CARE"
        {
            custom string userProperties:blender:object_name = "Print_HANDLE_WITH_CARE"
            float3 xformOp:rotateXYZ = (89.99999, -0, 0)
            float3 xformOp:scale = (1, 1, 1)
            double3 xformOp:translate = (-0.0892999991774559, -0.08340000361204147, -0.041850000619888306)
            uniform token[] xformOpOrder = ["xformOp:translate", "xformOp:rotateXYZ", "xformOp:scale"]

            def Mesh "Printing_006" (
                active = true
                prepend apiSchemas = ["MaterialBindingAPI"]
            )
            {
                uniform bool doubleSided = 1
                float3[] extent = [(0.00045000002, -0.000054000004, 0), (0.057288002, 0.0041460004, 0)]
                int[] faceVertexCounts = [3, 3, 3, 3, 3, 3, 3, 3, 3, 3, 3, 3, 3, 3, 3, 3, 3, 3, 3, 3, 3, 3, 3, 3, 3, 3, 3, 3, 3, 3, 3, 3, 3, 3, 3, 3, 3, 3, 3, 3, 3, 3, 3, 3, 3, 3, 3, 3, 3, 3, 3, 3, 3, 3, 3, 3, 3, 3, 3, 3, 3, 3, 3, 3, 3, 3, 3, 3, 3, 3, 3, 3, 3, 3, 3, 3, 3, 3, 3, 3, 3, 3, 3, 3, 3, 3, 3, 3, 3, 3, 3, 3, 3, 3, 3, 3, 3, 3, 3, 3, 3, 3, 3, 3, 3, 3, 3, 3, 3, 3, 3, 3, 3, 3, 3, 3, 3, 3, 3, 3, 3, 3, 3, 3, 3, 3, 3, 3, 3, 3, 3, 3, 3, 3, 3, 3, 3, 3, 3, 3, 3, 3, 3, 3, 3, 3, 3]
                int[] faceVertexIndices = [2, 10, 1, 10, 0, 1, 10, 11, 0, 2, 9, 10, 2, 6, 9, 6, 8, 9, 6, 7, 8, 2, 5, 6, 2, 4, 5, 2, 3, 4, 13, 29, 12, 29, 28, 12, 29, 27, 28, 29, 30, 27, 30, 31, 27, 31, 26, 27, 13, 35, 29, 32, 26, 31, 33, 26, 32, 33, 25, 26, 34, 25, 33, 34, 24, 25, 13, 15, 35, 15, 34, 35, 15, 24, 34, 15, 16, 24, 16, 23, 24, 13, 14, 15, 17, 23, 16, 18, 23, 17, 18, 22, 23, 19, 22, 18, 19, 21, 22, 19, 20, 21, 38, 36, 37, 38, 44, 36, 44, 43, 36, 38, 46, 44, 45, 43, 44, 38, 40, 46, 40, 45, 46, 40, 41, 45, 41, 43, 45, 38, 39, 40, 42, 43, 41, 50, 48, 49, 50, 47, 48, 50, 62, 47, 62, 63, 47, 63, 64, 47, 50, 61, 62, 51, 61, 50, 51, 60, 61, 51, 59, 60, 52, 59, 51, 57, 55, 56, 52, 58, 59, 53, 58, 52, 58, 55, 57, 53, 55, 58, 53, 54, 55, 71, 69, 70, 71, 68, 69, 67, 65, 66, 67, 76, 65, 71, 73, 68, 73, 67, 68, 73, 74, 67, 74, 76, 67, 71, 72, 73, 75, 76, 74, 79, 77, 78, 79, 84, 77, 80, 84, 79, 81, 83, 80, 83, 84, 80, 81, 82, 83, 87, 85, 86, 87, 88, 85, 97, 95, 96, 97, 94, 95, 94, 92, 93, 94, 99, 92, 99, 91, 92, 91, 89, 90, 91, 101, 89, 94, 98, 99, 100, 91, 99, 97, 98, 94, 100, 101, 91, 104, 112, 103, 112, 102, 103, 112, 113, 102, 104, 111, 112, 104, 108, 111, 108, 110, 111, 108, 109, 110, 104, 107, 108, 104, 106, 107, 104, 105, 106, 116, 114, 115, 116, 119, 114, 116, 118, 119, 116, 117, 118, 120, 127, 126, 127, 125, 126, 127, 128, 125, 128, 124, 125, 120, 133, 127, 129, 124, 128, 129, 123, 124, 130, 123, 129, 131, 123, 130, 131, 122, 123, 132, 122, 131, 132, 121, 122, 120, 132, 133, 120, 121, 132, 139, 137, 138, 139, 141, 137, 141, 136, 137, 136, 134, 135, 136, 143, 134, 139, 140, 141, 142, 136, 141, 142, 143, 136, 146, 144, 145, 146, 152, 144, 152, 151, 144, 146, 154, 152, 153, 151, 152, 146, 148, 154, 148, 153, 154, 148, 149, 153, 149, 151, 153, 146, 147, 148, 150, 151, 149, 161, 159, 160, 161, 158, 159, 157, 155, 156, 157, 166, 155, 161, 163, 158, 163, 157, 158, 163, 164, 157, 164, 166, 157, 161, 162, 163, 165, 166, 164]
                rel material:binding = </Asset/_materials/Blue_package_printing>
                normal3f[] normals = [(0, 0, 1), (0, 0, 1), (0, 0, 1), (0, 0, 1), (0, 0, 1), (0, 0, 1), (0, 0, 1), (0, 0, 1), (0, 0, 1), (0, 0, 1), (0, 0, 1), (0, 0, 1), (0, 0, 1), (0, 0, 1), (0, 0, 1), (0, 0, 0.99999994), (0, 0, 0.99999994), (0, 0, 0.99999994), (0, 0, 0.99999994), (0, 0, 0.99999994), (0, 0, 0.99999994), (0, 0, 1), (0, 0, 1), (0, 0, 1), (0, 0, 1), (0, 0, 1), (0, 0, 1), (0, 0, 1), (0, 0, 1), (0, 0, 1), (0, 0, 1), (0, 0, 1), (0, 0, 1), (0, 0, 1), (0, 0, 1), (0, 0, 1), (0, 0, 1), (0, 0, 1), (0, 0, 1), (0, 0, 1), (0, 0, 1), (0, 0, 1), (0, 0, 1), (0, 0, 1), (0, 0, 1), (0, 0, 1), (0, 0, 1), (0, 0, 1), (0, 0, 1), (0, 0, 1), (0, 0, 1), (0, 0, 1), (0, 0, 1), (0, 0, 1), (0, 0, 1), (0, 0, 1), (0, 0, 1), (0, 0, 1), (0, 0, 1), (0, 0, 1), (0, 0, 1), (0, 0, 1), (0, 0, 1), (0, 0, 1), (0, 0, 1), (0, 0, 1), (0, 0, 1), (0, 0, 1), (0, 0, 1), (0, 0, 1), (0, 0, 1), (0, 0, 1), (0, 0, 1), (0, 0, 1), (0, 0, 1), (0, 0, 1), (0, 0, 1), (0, 0, 1), (0, 0, 1), (0, 0, 1), (0, 0, 1), (0, 0, 1), (0, 0, 1), (0, 0, 1), (0, 0, 1), (0, 0, 1), (0, 0, 1), (0, 0, 1), (0, 0, 1), (0, 0, 1), (0, 0, 1), (0, 0, 1), (0, 0, 1), (0, 0, 1), (0, 0, 1), (0, 0, 1), (0, 0, 1), (0, 0, 1), (0, 0, 1), (0, 0, 0.99999994), (0, 0, 0.99999994), (0, 0, 0.99999994), (0, 0, 1), (0, 0, 1), (0, 0, 1), (0, 0, 1), (0, 0, 1), (0, 0, 1), (0, 0, 1), (0, 0, 1), (0, 0, 1), (0, 0, 1), (0, 0, 1), (0, 0, 1), (0, 0, 1), (0, 0, 1), (0, 0, 1), (0, 0, 0.99999994), (0, 0, 0.99999994), (0, 0, 0.99999994), (0, 0, 1), (0, 0, 1), (0, 0, 1), (0, 0, 1), (0, 0, 1), (0, 0, 1), (0, 0, 1), (0, 0, 1), (0, 0, 1), (0, 0, 1), (0, 0, 1), (0, 0, 1), (0, 0, 1), (0, 0, 1), (0, 0, 1), (0, 0, 1), (0, 0, 1), (0, 0, 1), (0, 0, 1), (0, 0, 1), (0, 0, 1), (0, 0, 0.99999994), (0, 0, 0.99999994), (0, 0, 0.99999994), (0, 0, 1), (0, 0, 1), (0, 0, 1), (0, 0, 1), (0, 0, 1), (0, 0, 1), (0, 0, 1), (0, 0, 1), (0, 0, 1), (0, 0, 1), (0, 0, 1), (0, 0, 1), (0, 0, 0.99999994), (0, 0, 0.99999994), (0, 0, 0.99999994), (0, 0, 1), (0, 0, 1), (0, 0, 1), (0, 0, 1), (0, 0, 1), (0, 0, 1), (0, 0, 1), (0, 0, 1), (0, 0, 1), (0, 0, 1), (0, 0, 1), (0, 0, 1), (0, 0, 0.99999994), (0, 0, 0.99999994), (0, 0, 0.99999994), (0, 0, 0.99999994), (0, 0, 0.99999994), (0, 0, 0.99999994), (0, 0, 0.99999994), (0, 0, 0.99999994), (0, 0, 0.99999994), (0, 0, 1), (0, 0, 1), (0, 0, 1), (0, 0, 1), (0, 0, 1), (0, 0, 1), (0, 0, 1), (0, 0, 1), (0, 0, 1), (0, 0, 1), (0, 0, 1), (0, 0, 1), (0, 0, 1), (0, 0, 1), (0, 0, 1), (0, 0, 1), (0, 0, 1), (0, 0, 1), (0, 0, 1), (0, 0, 1), (0, 0, 1), (0, 0, 1), (0, 0, 1), (0, 0, 1), (0, 0, 1), (0, 0, 1), (0, 0, 1), (0, 0, 1), (0, 0, 1), (0, 0, 1), (0, 0, 1), (0, 0, 1), (0, 0, 1), (0, 0, 1), (0, 0, 1), (0, 0, 1), (0, 0, 1), (0, 0, 1), (0, 0, 1), (0, 0, 1), (0, 0, 1), (0, 0, 1), (0, 0, 1), (0, 0, 1), (0, 0, 1), (0, 0, 1), (0, 0, 1), (0, 0, 1), (0, 0, 1), (0, 0, 1), (0, 0, 1), (0, 0, 1), (0, 0, 1), (0, 0, 1), (0, 0, 1), (0, 0, 1), (0, 0, 1), (0, 0, 0.99999994), (0, 0, 0.99999994), (0, 0, 0.99999994), (0, 0, 1), (0, 0, 1), (0, 0, 1), (0, 0, 1), (0, 0, 1), (0, 0, 1), (0, 0, 1), (0, 0, 1), (0, 0, 1), (0, 0, 1), (0, 0, 1), (0, 0, 1), (0, 0, 1), (0, 0, 1), (0, 0, 1), (0, 0, 0.99999994), (0, 0, 0.99999994), (0, 0, 0.99999994), (0, 0, 1), (0, 0, 1), (0, 0, 1), (0, 0, 1), (0, 0, 1), (0, 0, 1), (0, 0, 1), (0, 0, 1), (0, 0, 1), (0, 0, 0.99999994), (0, 0, 0.99999994), (0, 0, 0.99999994), (0, 0, 1), (0, 0, 1), (0, 0, 1), (0, 0, 1), (0, 0, 1), (0, 0, 1), (0, 0, 1), (0, 0, 1), (0, 0, 1), (0, 0, 1), (0, 0, 1), (0, 0, 1), (0, 0, 1), (0, 0, 1), (0, 0, 1), (0, 0, 1), (0, 0, 1), (0, 0, 1), (0, 0, 1), (0, 0, 1), (0, 0, 1), (0, 0, 1), (0, 0, 1), (0, 0, 1), (0, 0, 1), (0, 0, 1), (0, 0, 1), (0, 0, 1), (0, 0, 1), (0, 0, 1), (0, 0, 0.99999994), (0, 0, 0.99999994), (0, 0, 0.99999994), (0, 0, 1), (0, 0, 1), (0, 0, 1), (0, 0, 1), (0, 0, 1), (0, 0, 1), (0, 0, 1), (0, 0, 1), (0, 0, 1), (0, 0, 1), (0, 0, 1), (0, 0, 1), (0, 0, 1), (0, 0, 1), (0, 0, 1), (0, 0, 1), (0, 0, 1), (0, 0, 1), (0, 0, 1), (0, 0, 1), (0, 0, 1), (0, 0, 1), (0, 0, 1), (0, 0, 1), (0, 0, 1), (0, 0, 1), (0, 0, 1), (0, 0, 1), (0, 0, 1), (0, 0, 1), (0, 0, 1), (0, 0, 1), (0, 0, 1), (0, 0, 1), (0, 0, 1), (0, 0, 1), (0, 0, 1), (0, 0, 1), (0, 0, 1), (0, 0, 0.99999994), (0, 0, 0.99999994), (0, 0, 0.99999994), (0, 0, 0.99999994), (0, 0, 0.99999994), (0, 0, 0.99999994), (0, 0, 1), (0, 0, 1), (0, 0, 1), (0, 0, 1), (0, 0, 1), (0, 0, 1), (0, 0, 1), (0, 0, 1), (0, 0, 1), (0, 0, 1), (0, 0, 1), (0, 0, 1), (0, 0, 1), (0, 0, 1), (0, 0, 1), (0, 0, 0.99999994), (0, 0, 0.99999994), (0, 0, 0.99999994), (0, 0, 0.99999994), (0, 0, 0.99999994), (0, 0, 0.99999994), (0, 0, 0.99999994), (0, 0, 0.99999994), (0, 0, 0.99999994), (0, 0, 0.99999994), (0, 0, 0.99999994), (0, 0, 0.99999994), (0, 0, 1), (0, 0, 1), (0, 0, 1), (0, 0, 1), (0, 0, 1), (0, 0, 1), (0, 0, 1), (0, 0, 1), (0, 0, 1), (0, 0, 1), (0, 0, 1), (0, 0, 1), (0, 0, 1), (0, 0, 1), (0, 0, 1), (0, 0, 1), (0, 0, 1), (0, 0, 1), (0, 0, 0.99999994), (0, 0, 0.99999994), (0, 0, 0.99999994), (0, 0, 1), (0, 0, 1), (0, 0, 1), (0, 0, 0.99999994), (0, 0, 0.99999994), (0, 0, 0.99999994), (0, 0, 1), (0, 0, 1), (0, 0, 1), (0, 0, 1), (0, 0, 1), (0, 0, 1), (0, 0, 0.99999994), (0, 0, 0.99999994), (0, 0, 0.99999994), (0, 0, 1), (0, 0, 1), (0, 0, 1), (0, 0, 1), (0, 0, 1), (0, 0, 1), (0, 0, 1), (0, 0, 1), (0, 0, 1), (0, 0, 1), (0, 0, 1), (0, 0, 1), (0, 0, 1), (0, 0, 1), (0, 0, 1), (0, 0, 1), (0, 0, 1), (0, 0, 1), (0, 0, 1), (0, 0, 1), (0, 0, 1), (0, 0, 1), (0, 0, 1), (0, 0, 1), (0, 0, 1), (0, 0, 1), (0, 0, 1), (0, 0, 1), (0, 0, 1), (0, 0, 1)] (
                    interpolation = "faceVarying"
                )
                point3f[] points = [(0.057234004, 0.0040920004, 0), (0.054912005, 0.0040920004, 0), (0.054912005, 0, 0), (0.057288002, 0, 0), (0.057288002, 0.00052800006, 0), (0.055500004, 0.00052800006, 0), (0.055500004, 0.0018000001, 0), (0.057174, 0.0018000001, 0), (0.057174, 0.002328, 0), (0.055500004, 0.002328, 0), (0.055500004, 0.0035640004, 0), (0.057234004, 0.0035640004, 0), (0.0513, 0.0040920004, 0), (0.0513, 0, 0), (0.051888004, 0, 0), (0.051888004, 0.001776, 0), (0.052134, 0.001776, 0), (0.052587003, 0.001623, 0), (0.053220004, 0.00084, 0), (0.053760007, 0, 0), (0.054462004, 0, 0), (0.054142505, 0.00044550005, 0), (0.053904, 0.00081000006, 0), (0.053470504, 0.0014760001, 0), (0.052992005, 0.001944, 0), (0.053498253, 0.0023325, 0), (0.053676, 0.002946, 0), (0.053314503, 0.0037845003, 0), (0.052332003, 0.0040920004, 0), (0.051888004, 0.0035880003, 0), (0.052266, 0.0035880003, 0), (0.052879505, 0.0034230002, 0), (0.05307, 0.0029700003, 0), (0.052906506, 0.0025087502, 0), (0.052266, 0.002304, 0), (0.051888004, 0.002304, 0), (0.049008008, 0.004116, 0), (0.048594005, 0.004116, 0), (0.046836004, 0, 0), (0.047436003, 0, 0), (0.047952004, 0.001206, 0), (0.049692005, 0.001206, 0), (0.050238006, 0, 0), (0.050838005, 0, 0), (0.048792005, 0.003216, 0), (0.049452003, 0.001734, 0), (0.048180003, 0.001734, 0), (0.046524003, 0.0038100004, 0), (0.045770254, 0.0040657506, 0), (0.045120005, 0.0041460004, 0), (0.04350975, 0.0035340004, 0), (0.042876, 0.0019860002, 0), (0.043404, 0.0006442501, 0), (0.045084003, -0.000054000004, 0), (0.045915004, 0.000047250003, 0), (0.046566006, 0.00030600003, 0), (0.046566006, 0.00094800006, 0), (0.045852005, 0.0006045, 0), (0.045138005, 0.000486, 0), (0.043941006, 0.00091875007, 0), (0.043482006, 0.00204, 0), (0.043947004, 0.0031605, 0), (0.045114003, 0.003606, 0), (0.045807756, 0.0035032502, 0), (0.046524003, 0.0031800002, 0), (0.040464003, 0.0040920004, 0), (0.039876003, 0.0040920004, 0), (0.039876003, 0.0023100001, 0), (0.037584003, 0.0023100001, 0), (0.037584003, 0.0040920004, 0), (0.036996003, 0.0040920004, 0), (0.036996003, 0, 0), (0.037584003, 0, 0), (0.037584003, 0.0017820002, 0), (0.039876003, 0.0017820002, 0), (0.039876003, 0, 0), (0.040464003, 0, 0), (0.036444, 0.0040920004, 0), (0.033024006, 0.0040920004, 0), (0.033024006, 0.0035640004, 0), (0.034440003, 0.0035640004, 0), (0.034440003, 0, 0), (0.035028003, 0, 0), (0.035028003, 0.0035640004, 0), (0.036444, 0.0035640004, 0), (0.032466, 0.0040920004, 0), (0.031878006, 0.0040920004, 0), (0.031878006, 0, 0), (0.032466, 0, 0), (0.031416, 0.0040920004, 0), (0.030834002, 0.0040920004, 0), (0.029718, 0.0012720001, 0), (0.028578, 0.0040920004, 0), (0.02802, 0.0040920004, 0), (0.026886, 0.0012720001, 0), (0.025758002, 0.0040920004, 0), (0.025170002, 0.0040920004, 0), (0.026826002, -0.000036, 0), (0.026940001, -0.000036, 0), (0.028296001, 0.0033120003, 0), (0.02964, -0.000036, 0), (0.029754002, -0.000036, 0), (0.023274, 0.0040920004, 0), (0.020952001, 0.0040920004, 0), (0.020952001, 0, 0), (0.023328, 0, 0), (0.023328, 0.00052800006, 0), (0.021540001, 0.00052800006, 0), (0.021540001, 0.0018000001, 0), (0.023214, 0.0018000001, 0), (0.023214, 0.002328, 0), (0.021540001, 0.002328, 0), (0.021540001, 0.0035640004, 0), (0.023274, 0.0035640004, 0), (0.018594, 0.0040920004, 0), (0.018005999, 0.0040920004, 0), (0.018005999, 0, 0), (0.020442, 0, 0), (0.020442, 0.00052800006, 0), (0.018594, 0.00052800006, 0), (0.013518, 0, 0), (0.015114, 0, 0), (0.01670625, 0.00062925, 0), (0.017286, 0.0020460002, 0), (0.016764, 0.0034312503, 0), (0.0151080005, 0.0040920004, 0), (0.013518, 0.0040920004, 0), (0.014106001, 0.0035640004, 0), (0.015012001, 0.0035640004, 0), (0.01627575, 0.0031132502, 0), (0.016680002, 0.0020460002, 0), (0.0163605, 0.001098, 0), (0.0150419995, 0.00052800006, 0), (0.014106001, 0.00052800006, 0), (0.012612002, 0.0040920004, 0), (0.0120600015, 0.0040920004, 0), (0.0120600015, 0.0009240001, 0), (0.009288001, 0.0040920004, 0), (0.008820001, 0.0040920004, 0), (0.008820001, 0, 0), (0.009372001, 0, 0), (0.009372001, 0.0031500002, 0), (0.012108001, 0, 0), (0.012612002, 0, 0), (0.0065460005, 0.004116, 0), (0.0061320006, 0.004116, 0), (0.0043740002, 0, 0), (0.004974, 0, 0), (0.0054900004, 0.001206, 0), (0.00723, 0.001206, 0), (0.007776, 0, 0), (0.008376001, 0, 0), (0.0063300002, 0.003216, 0), (0.0069900006, 0.001734, 0), (0.0057180002, 0.001734, 0), (0.0039180005, 0.0040920004, 0), (0.00333, 0.0040920004, 0), (0.00333, 0.0023100001, 0), (0.0010380001, 0.0023100001, 0), (0.0010380001, 0.0040920004, 0), (0.00045000002, 0.0040920004, 0), (0.00045000002, 0, 0), (0.0010380001, 0, 0), (0.0010380001, 0.0017820002, 0), (0.00333, 0.0017820002, 0), (0.00333, 0, 0), (0.0039180005, 0, 0)]
                texCoord2f[] primvars:st = [(0.18181819, 0), (0.90909094, 0), (0.09090909, 0), (0.90909094, 0), (0, 0), (0.09090909, 0), (0.90909094, 0), (1, 0), (0, 0), (0.18181819, 0), (0.8181818, 0), (0.90909094, 0), (0.18181819, 0), (0.54545456, 0), (0.8181818, 0), (0.54545456, 0), (0.72727275, 0), (0.8181818, 0), (0.54545456, 0), (0.6363636, 0), (0.72727275, 0), (0.18181819, 0), (0.45454547, 0), (0.54545456, 0), (0.18181819, 0), (0.36363637, 0), (0.45454547, 0), (0.18181819, 0), (0.27272728, 0), (0.36363637, 0), (0.04347826, 0), (0.73913044, 0), (0, 0), (0.73913044, 0), (0.6956522, 0), (0, 0), (0.73913044, 0), (0.65217394, 0), (0.6956522, 0), (0.73913044, 0), (0.7826087, 0), (0.65217394, 0), (0.7826087, 0), (0.82608694, 0), (0.65217394, 0), (0.82608694, 0), (0.6086956, 0), (0.65217394, 0), (0.04347826, 0), (1, 0), (0.73913044, 0), (0.8695652, 0), (0.6086956, 0), (0.82608694, 0), (0.9130435, 0), (0.6086956, 0), (0.8695652, 0), (0.9130435, 0), (0.5652174, 0), (0.6086956, 0), (0.95652175, 0), (0.5652174, 0), (0.9130435, 0), (0.95652175, 0), (0.5217391, 0), (0.5652174, 0), (0.04347826, 0), (0.13043478, 0), (1, 0), (0.13043478, 0), (0.95652175, 0), (1, 0), (0.13043478, 0), (0.5217391, 0), (0.95652175, 0), (0.13043478, 0), (0.17391305, 0), (0.5217391, 0), (0.17391305, 0), (0.47826087, 0), (0.5217391, 0), (0.04347826, 0), (0.08695652, 0), (0.13043478, 0), (0.2173913, 0), (0.47826087, 0), (0.17391305, 0), (0.26086956, 0), (0.47826087, 0), (0.2173913, 0), (0.26086956, 0), (0.4347826, 0), (0.47826087, 0), (0.3043478, 0), (0.4347826, 0), (0.26086956, 0), (0.3043478, 0), (0.39130434, 0), (0.4347826, 0), (0.3043478, 0), (0.3478261, 0), (0.39130434, 0), (0.2, 0), (0, 0), (0.1, 0), (0.2, 0), (0.8, 0), (0, 0), (0.8, 0), (0.7, 0), (0, 0), (0.2, 0), (1, 0), (0.8, 0), (0.9, 0), (0.7, 0), (0.8, 0), (0.2, 0), (0.4, 0), (1, 0), (0.4, 0), (0.9, 0), (1, 0), (0.4, 0), (0.5, 0), (0.9, 0), (0.5, 0), (0.7, 0), (0.9, 0), (0.2, 0), (0.3, 0), (0.4, 0), (0.6, 0), (0.7, 0), (0.5, 0), (0.1764706, 0), (0.05882353, 0), (0.11764706, 0), (0.1764706, 0), (0, 0), (0.05882353, 0), (0.1764706, 0), (0.88235295, 0), (0, 0), (0.88235295, 0), (0.9411765, 0), (0, 0), (0.9411765, 0), (1, 0), (0, 0), (0.1764706, 0), (0.8235294, 0), (0.88235295, 0), (0.23529412, 0), (0.8235294, 0), (0.1764706, 0), (0.23529412, 0), (0.7647059, 0), (0.8235294, 0), (0.23529412, 0), (0.7058824, 0), (0.7647059, 0), (0.29411766, 0), (0.7058824, 0), (0.23529412, 0), (0.5882353, 0), (0.47058824, 0), (0.5294118, 0), (0.29411766, 0), (0.64705884, 0), (0.7058824, 0), (0.3529412, 0), (0.64705884, 0), (0.29411766, 0), (0.64705884, 0), (0.47058824, 0), (0.5882353, 0), (0.3529412, 0), (0.47058824, 0), (0.64705884, 0), (0.3529412, 0), (0.4117647, 0), (0.47058824, 0), (0.54545456, 0), (0.36363637, 0), (0.45454547, 0), (0.54545456, 0), (0.27272728, 0), (0.36363637, 0), (0.18181819, 0), (0, 0), (0.09090909, 0), (0.18181819, 0), (1, 0), (0, 0), (0.54545456, 0), (0.72727275, 0), (0.27272728, 0), (0.72727275, 0), (0.18181819, 0), (0.27272728, 0), (0.72727275, 0), (0.8181818, 0), (0.18181819, 0), (0.8181818, 0), (1, 0), (0.18181819, 0), (0.54545456, 0), (0.6363636, 0), (0.72727275, 0), (0.90909094, 0), (1, 0), (0.8181818, 0), (0.2857143, 0), (0, 0), (0.14285715, 0), (0.2857143, 0), (1, 0), (0, 0), (0.42857143, 0), (1, 0), (0.2857143, 0), (0.5714286, 0), (0.85714287, 0), (0.42857143, 0), (0.85714287, 0), (1, 0), (0.42857143, 0), (0.5714286, 0), (0.71428573, 0), (0.85714287, 0), (0.6666667, 0), (0, 0), (0.33333334, 0), (0.6666667, 0), (1, 0), (0, 0), (0.6666667, 0), (0.5, 0), (0.5833333, 0), (0.6666667, 0), (0.41666666, 0), (0.5, 0), (0.41666666, 0), (0.25, 0), (0.33333334, 0), (0.41666666, 0), (0.8333333, 0), (0.25, 0), (0.8333333, 0), (0.16666667, 0), (0.25, 0), (0.16666667, 0), (0, 0), (0.083333336, 0), (0.16666667, 0), (1, 0), (0, 0), (0.41666666, 0), (0.75, 0), (0.8333333, 0), (0.9166667, 0), (0.16666667, 0), (0.8333333, 0), (0.6666667, 0), (0.75, 0), (0.41666666, 0), (0.9166667, 0), (1, 0), (0.16666667, 0), (0.18181819, 0), (0.90909094, 0), (0.09090909, 0), (0.90909094, 0), (0, 0), (0.09090909, 0), (0.90909094, 0), (1, 0), (0, 0), (0.18181819, 0), (0.8181818, 0), (0.90909094, 0), (0.18181819, 0), (0.54545456, 0), (0.8181818, 0), (0.54545456, 0), (0.72727275, 0), (0.8181818, 0), (0.54545456, 0), (0.6363636, 0), (0.72727275, 0), (0.18181819, 0), (0.45454547, 0), (0.54545456, 0), (0.18181819, 0), (0.36363637, 0), (0.45454547, 0), (0.18181819, 0), (0.27272728, 0), (0.36363637, 0), (0.4, 0), (0, 0), (0.2, 0), (0.4, 0), (1, 0), (0, 0), (0.4, 0), (0.8, 0), (1, 0), (0.4, 0), (0.6, 0), (0.8, 0), (0, 0), (0.53846157, 0), (0.46153846, 0), (0.53846157, 0), (0.3846154, 0), (0.46153846, 0), (0.53846157, 0), (0.61538464, 0), (0.3846154, 0), (0.61538464, 0), (0.30769232, 0), (0.3846154, 0), (0, 0), (1, 0), (0.53846157, 0), (0.6923077, 0), (0.30769232, 0), (0.61538464, 0), (0.6923077, 0), (0.23076923, 0), (0.30769232, 0), (0.7692308, 0), (0.23076923, 0), (0.6923077, 0), (0.84615386, 0), (0.23076923, 0), (0.7692308, 0), (0.84615386, 0), (0.15384616, 0), (0.23076923, 0), (0.9230769, 0), (0.15384616, 0), (0.84615386, 0), (0.9230769, 0), (0.07692308, 0), (0.15384616, 0), (0, 0), (0.9230769, 0), (1, 0), (0, 0), (0.07692308, 0), (0.9230769, 0), (0.5555556, 0), (0.33333334, 0), (0.44444445, 0), (0.5555556, 0), (0.7777778, 0), (0.33333334, 0), (0.7777778, 0), (0.22222222, 0), (0.33333334, 0), (0.22222222, 0), (0, 0), (0.11111111, 0), (0.22222222, 0), (1, 0), (0, 0), (0.5555556, 0), (0.6666667, 0), (0.7777778, 0), (0.8888889, 0), (0.22222222, 0), (0.7777778, 0), (0.8888889, 0), (1, 0), (0.22222222, 0), (0.2, 0), (0, 0), (0.1, 0), (0.2, 0), (0.8, 0), (0, 0), (0.8, 0), (0.7, 0), (0, 0), (0.2, 0), (1, 0), (0.8, 0), (0.9, 0), (0.7, 0), (0.8, 0), (0.2, 0), (0.4, 0), (1, 0), (0.4, 0), (0.9, 0), (1, 0), (0.4, 0), (0.5, 0), (0.9, 0), (0.5, 0), (0.7, 0), (0.9, 0), (0.2, 0), (0.3, 0), (0.4, 0), (0.6, 0), (0.7, 0), (0.5, 0), (0.54545456, 0), (0.36363637, 0), (0.45454547, 0), (0.54545456, 0), (0.27272728, 0), (0.36363637, 0), (0.18181819, 0), (0, 0), (0.09090909, 0), (0.18181819, 0), (1, 0), (0, 0), (0.54545456, 0), (0.72727275, 0), (0.27272728, 0), (0.72727275, 0), (0.18181819, 0), (0.27272728, 0), (0.72727275, 0), (0.8181818, 0), (0.18181819, 0), (0.8181818, 0), (1, 0), (0.18181819, 0), (0.54545456, 0), (0.6363636, 0), (0.72727275, 0), (0.90909094, 0), (1, 0), (0.8181818, 0)] (
                    interpolation = "faceVarying"
                )
                uniform token subdivisionScheme = "none"
                custom string userProperties:blender:data_name = "Printing.006"
            }
        }

        def Xform "Edge_scuff_003"
        {
            custom string userProperties:blender:object_name = "Edge scuff.003"
            float3 xformOp:rotateXYZ = (0, -0, 0)
            float3 xformOp:scale = (1, 1, 1)
            double3 xformOp:translate = (-0.11232487112283707, -0.08290000259876251, 0.06480000168085098)
            uniform token[] xformOpOrder = ["xformOp:translate", "xformOp:rotateXYZ", "xformOp:scale"]

            def Mesh "Cube_034" (
                active = true
                prepend apiSchemas = ["MaterialBindingAPI"]
            )
            {
                uniform bool doubleSided = 1
                float3[] extent = [(-0.0025146848, -0.0001, -0.00082171004), (0.0025146848, 0.0001, 0.00082171004)]
                int[] faceVertexCounts = [4, 4, 4, 4, 4, 4]
                int[] faceVertexIndices = [0, 1, 3, 2, 2, 3, 7, 6, 6, 7, 5, 4, 4, 5, 1, 0, 2, 6, 4, 0, 7, 3, 1, 5]
                rel material:binding = </Asset/_materials/Exposed_cardboard_edge>
                normal3f[] normals = [(-1, 0, 0), (-1, 0, 0), (-1, 0, 0), (-1, 0, 0), (0, 1, 0), (0, 1, 0), (0, 1, 0), (0, 1, 0), (1, 0, 0), (1, 0, 0), (1, 0, 0), (1, 0, 0), (0, -1, 0), (0, -1, 0), (0, -1, 0), (0, -1, 0), (0, 0, -1), (0, 0, -1), (0, 0, -1), (0, 0, -1), (0, 0, 1), (0, 0, 1), (0, 0, 1), (0, 0, 1)] (
                    interpolation = "faceVarying"
                )
                point3f[] points = [(-0.0025146848, -0.0001, -0.00082171004), (-0.0025146848, -0.0001, 0.00082171004), (-0.0025146848, 0.0001, -0.00082171004), (-0.0025146848, 0.0001, 0.00082171004), (0.0025146848, -0.0001, -0.00082171004), (0.0025146848, -0.0001, 0.00082171004), (0.0025146848, 0.0001, -0.00082171004), (0.0025146848, 0.0001, 0.00082171004)]
                texCoord2f[] primvars:st = [(0.375, 0), (0.625, 0), (0.625, 0.25), (0.375, 0.25), (0.375, 0.25), (0.625, 0.25), (0.625, 0.5), (0.375, 0.5), (0.375, 0.5), (0.625, 0.5), (0.625, 0.75), (0.375, 0.75), (0.375, 0.75), (0.625, 0.75), (0.625, 1), (0.375, 1), (0.125, 0.5), (0.375, 0.5), (0.375, 0.75), (0.125, 0.75), (0.625, 0.5), (0.875, 0.5), (0.875, 0.75), (0.625, 0.75)] (
                    interpolation = "faceVarying"
                )
                uniform token subdivisionScheme = "none"
                custom string userProperties:blender:data_name = "Cube.034"
            }
        }

        def Xform "Edge_scuff_014"
        {
            custom string userProperties:blender:object_name = "Edge scuff.014"
            float3 xformOp:rotateXYZ = (0, -0, 0)
            float3 xformOp:scale = (1, 1, 1)
            double3 xformOp:translate = (-0.05803786218166351, -0.08290000259876251, 0.06480000168085098)
            uniform token[] xformOpOrder = ["xformOp:translate", "xformOp:rotateXYZ", "xformOp:scale"]

            def Mesh "Cube_045" (
                active = true
                prepend apiSchemas = ["MaterialBindingAPI"]
            )
            {
                uniform bool doubleSided = 1
                float3[] extent = [(-0.0030615078, -0.0001, -0.00027589436), (0.0030615078, 0.0001, 0.00027589436)]
                int[] faceVertexCounts = [4, 4, 4, 4, 4, 4]
                int[] faceVertexIndices = [0, 1, 3, 2, 2, 3, 7, 6, 6, 7, 5, 4, 4, 5, 1, 0, 2, 6, 4, 0, 7, 3, 1, 5]
                rel material:binding = </Asset/_materials/Exposed_cardboard_edge>
                normal3f[] normals = [(-1, 0, 0), (-1, 0, 0), (-1, 0, 0), (-1, 0, 0), (0, 1, 0), (0, 1, 0), (0, 1, 0), (0, 1, 0), (1, 0, 0), (1, 0, 0), (1, 0, 0), (1, 0, 0), (0, -1, 0), (0, -1, 0), (0, -1, 0), (0, -1, 0), (0, 0, -0.99999994), (0, 0, -0.99999994), (0, 0, -0.99999994), (0, 0, -0.99999994), (0, 0, 0.99999994), (0, 0, 0.99999994), (0, 0, 0.99999994), (0, 0, 0.99999994)] (
                    interpolation = "faceVarying"
                )
                point3f[] points = [(-0.0030615078, -0.0001, -0.00027589436), (-0.0030615078, -0.0001, 0.00027589436), (-0.0030615078, 0.0001, -0.00027589436), (-0.0030615078, 0.0001, 0.00027589436), (0.0030615078, -0.0001, -0.00027589436), (0.0030615078, -0.0001, 0.00027589436), (0.0030615078, 0.0001, -0.00027589436), (0.0030615078, 0.0001, 0.00027589436)]
                texCoord2f[] primvars:st = [(0.375, 0), (0.625, 0), (0.625, 0.25), (0.375, 0.25), (0.375, 0.25), (0.625, 0.25), (0.625, 0.5), (0.375, 0.5), (0.375, 0.5), (0.625, 0.5), (0.625, 0.75), (0.375, 0.75), (0.375, 0.75), (0.625, 0.75), (0.625, 1), (0.375, 1), (0.125, 0.5), (0.375, 0.5), (0.375, 0.75), (0.125, 0.75), (0.625, 0.5), (0.875, 0.5), (0.875, 0.75), (0.625, 0.75)] (
                    interpolation = "faceVarying"
                )
                uniform token subdivisionScheme = "none"
                custom string userProperties:blender:data_name = "Cube.045"
            }
        }

        def Xform "Print_EXPRESS_001"
        {
            custom string userProperties:blender:object_name = "Print_EXPRESS.001"
            float3 xformOp:rotateXYZ = (89.99999, -0, 0)
            float3 xformOp:scale = (1, 1, 1)
            double3 xformOp:translate = (-0.08694999665021896, -0.08330000191926956, -0.013500000350177288)
            uniform token[] xformOpOrder = ["xformOp:translate", "xformOp:rotateXYZ", "xformOp:scale"]

            def Mesh "Printing_005" (
                active = true
                prepend apiSchemas = ["MaterialBindingAPI"]
            )
            {
                uniform bool doubleSided = 1
                float3[] extent = [(0.0016500001, -0.00019800001, 0), (0.081532, 0.015202001, 0)]
                int[] faceVertexCounts = [3, 3, 3, 3, 3, 3, 3, 3, 3, 3, 3, 3, 3, 3, 3, 3, 3, 3, 3, 3, 3, 3, 3, 3, 3, 3, 3, 3, 3, 3, 3, 3, 3, 3, 3, 3, 3, 3, 3, 3, 3, 3, 3, 3, 3, 3, 3, 3, 3, 3, 3, 3, 3, 3, 3, 3, 3, 3, 3, 3, 3, 3, 3, 3, 3, 3, 3, 3, 3, 3, 3, 3, 3, 3, 3, 3, 3, 3, 3, 3, 3, 3, 3, 3, 3, 3, 3, 3, 3, 3, 3, 3, 3, 3, 3, 3, 3, 3, 3, 3, 3, 3, 3, 3, 3, 3, 3, 3, 3, 3]
                int[] faceVertexIndices = [3, 1, 2, 3, 0, 1, 3, 20, 0, 20, 21, 0, 4, 18, 3, 18, 19, 3, 19, 20, 3, 4, 17, 18, 4, 16, 17, 5, 16, 4, 5, 15, 16, 6, 15, 5, 11, 9, 10, 6, 14, 15, 7, 14, 6, 8, 14, 7, 11, 8, 9, 11, 14, 8, 12, 14, 11, 12, 13, 14, 25, 23, 24, 25, 22, 23, 25, 42, 22, 42, 43, 22, 26, 40, 25, 40, 41, 25, 41, 42, 25, 26, 39, 40, 26, 38, 39, 27, 38, 26, 27, 37, 38, 28, 37, 27, 33, 31, 32, 28, 36, 37, 29, 36, 28, 30, 36, 29, 33, 30, 31, 33, 36, 30, 34, 36, 33, 34, 35, 36, 46, 54, 45, 54, 44, 45, 54, 55, 44, 46, 53, 54, 46, 50, 53, 50, 52, 53, 50, 51, 52, 46, 49, 50, 46, 48, 49, 46, 47, 48, 57, 73, 56, 73, 72, 56, 73, 71, 72, 73, 74, 71, 74, 75, 71, 75, 70, 71, 57, 79, 73, 76, 70, 75, 77, 70, 76, 77, 69, 70, 78, 69, 77, 78, 68, 69, 57, 59, 79, 59, 78, 79, 59, 68, 78, 59, 60, 68, 60, 67, 68, 57, 58, 59, 61, 67, 60, 62, 67, 61, 62, 66, 67, 63, 66, 62, 63, 65, 66, 63, 64, 65, 81, 89, 80, 89, 88, 80, 89, 87, 88, 89, 90, 87, 90, 91, 87, 91, 86, 87, 81, 95, 89, 92, 86, 91, 93, 86, 92, 93, 85, 86, 94, 85, 93, 81, 83, 95, 83, 94, 95, 83, 85, 94, 83, 84, 85, 81, 82, 83, 101, 99, 100, 101, 98, 99, 98, 96, 97, 98, 107, 96, 101, 107, 98, 102, 107, 101, 102, 104, 107, 104, 106, 107, 102, 103, 104, 105, 106, 104, 110, 118, 109, 118, 108, 109, 118, 119, 108, 110, 117, 118, 110, 114, 117, 114, 116, 117, 114, 115, 116, 110, 113, 114, 110, 112, 113, 110, 111, 112]
                rel material:binding = </Asset/_materials/Blue_package_printing>
                normal3f[] normals = [(0, 0, 1), (0, 0, 1), (0, 0, 1), (0, 0, 0.99999994), (0, 0, 0.99999994), (0, 0, 0.99999994), (0, 0, 1), (0, 0, 1), (0, 0, 1), (0, 0, 0.99999994), (0, 0, 0.99999994), (0, 0, 0.99999994), (0, 0, 1), (0, 0, 1), (0, 0, 1), (0, 0, 1), (0, 0, 1), (0, 0, 1), (0, 0, 1), (0, 0, 1), (0, 0, 1), (0, 0, 1), (0, 0, 1), (0, 0, 1), (0, 0, 0.99999994), (0, 0, 0.99999994), (0, 0, 0.99999994), (0, 0, 0.99999994), (0, 0, 0.99999994), (0, 0, 0.99999994), (0, 0, 1), (0, 0, 1), (0, 0, 1), (0, 0, 1), (0, 0, 1), (0, 0, 1), (0, 0, 1), (0, 0, 1), (0, 0, 1), (0, 0, 0.99999994), (0, 0, 0.99999994), (0, 0, 0.99999994), (0, 0, 1), (0, 0, 1), (0, 0, 1), (0, 0, 1), (0, 0, 1), (0, 0, 1), (0, 0, 1), (0, 0, 1), (0, 0, 1), (0, 0, 1), (0, 0, 1), (0, 0, 1), (0, 0, 0.99999994), (0, 0, 0.99999994), (0, 0, 0.99999994), (0, 0, 1), (0, 0, 1), (0, 0, 1), (0, 0, 1), (0, 0, 1), (0, 0, 1), (0, 0, 1), (0, 0, 1), (0, 0, 1), (0, 0, 1), (0, 0, 1), (0, 0, 1), (0, 0, 0.99999994), (0, 0, 0.99999994), (0, 0, 0.99999994), (0, 0, 1), (0, 0, 1), (0, 0, 1), (0, 0, 1), (0, 0, 1), (0, 0, 1), (0, 0, 1), (0, 0, 1), (0, 0, 1), (0, 0, 1), (0, 0, 1), (0, 0, 1), (0, 0, 0.99999994), (0, 0, 0.99999994), (0, 0, 0.99999994), (0, 0, 0.99999994), (0, 0, 0.99999994), (0, 0, 0.99999994), (0, 0, 1), (0, 0, 1), (0, 0, 1), (0, 0, 1), (0, 0, 1), (0, 0, 1), (0, 0, 1), (0, 0, 1), (0, 0, 1), (0, 0, 0.99999994), (0, 0, 0.99999994), (0, 0, 0.99999994), (0, 0, 1), (0, 0, 1), (0, 0, 1), (0, 0, 1), (0, 0, 1), (0, 0, 1), (0, 0, 1), (0, 0, 1), (0, 0, 1), (0, 0, 1), (0, 0, 1), (0, 0, 1), (0, 0, 1), (0, 0, 1), (0, 0, 1), (0, 0, 1), (0, 0, 1), (0, 0, 1), (0, 0, 1), (0, 0, 1), (0, 0, 1), (0, 0, 1), (0, 0, 1), (0, 0, 1), (0, 0, 1), (0, 0, 1), (0, 0, 1), (0, 0, 1), (0, 0, 1), (0, 0, 1), (0, 0, 1), (0, 0, 1), (0, 0, 1), (0, 0, 1), (0, 0, 1), (0, 0, 1), (0, 0, 1), (0, 0, 1), (0, 0, 1), (0, 0, 1), (0, 0, 1), (0, 0, 1), (0, 0, 0.99999994), (0, 0, 0.99999994), (0, 0, 0.99999994), (0, 0, 1), (0, 0, 1), (0, 0, 1), (0, 0, 1), (0, 0, 1), (0, 0, 1), (0, 0, 1), (0, 0, 1), (0, 0, 1), (0, 0, 0.99999994), (0, 0, 0.99999994), (0, 0, 0.99999994), (0, 0, 1), (0, 0, 1), (0, 0, 1), (0, 0, 1), (0, 0, 1), (0, 0, 1), (0, 0, 0.99999994), (0, 0, 0.99999994), (0, 0, 0.99999994), (0, 0, 1), (0, 0, 1), (0, 0, 1), (0, 0, 1), (0, 0, 1), (0, 0, 1), (0, 0, 1), (0, 0, 1), (0, 0, 1), (0, 0, 1), (0, 0, 1), (0, 0, 1), (0, 0, 1), (0, 0, 1), (0, 0, 1), (0, 0, 1), (0, 0, 1), (0, 0, 1), (0, 0, 1), (0, 0, 1), (0, 0, 1), (0, 0, 1), (0, 0, 1), (0, 0, 1), (0, 0, 1), (0, 0, 1), (0, 0, 1), (0, 0, 1), (0, 0, 1), (0, 0, 1), (0, 0, 1), (0, 0, 1), (0, 0, 1), (0, 0, 1), (0, 0, 1), (0, 0, 1), (0, 0, 1), (0, 0, 1), (0, 0, 1), (0, 0, 1), (0, 0, 1), (0, 0, 1), (0, 0, 1), (0, 0, 1), (0, 0, 1), (0, 0, 1), (0, 0, 1), (0, 0, 1), (0, 0, 0.99999994), (0, 0, 0.99999994), (0, 0, 0.99999994), (0, 0, 1), (0, 0, 1), (0, 0, 1), (0, 0, 1), (0, 0, 1), (0, 0, 1), (0, 0, 1), (0, 0, 1), (0, 0, 1), (0, 0, 1), (0, 0, 1), (0, 0, 1), (0, 0, 1), (0, 0, 1), (0, 0, 1), (0, 0, 1), (0, 0, 1), (0, 0, 1), (0, 0, 1), (0, 0, 1), (0, 0, 1), (0, 0, 1), (0, 0, 1), (0, 0, 1), (0, 0, 1), (0, 0, 1), (0, 0, 1), (0, 0, 1), (0, 0, 1), (0, 0, 1), (0, 0, 0.99999994), (0, 0, 0.99999994), (0, 0, 0.99999994), (0, 0, 1), (0, 0, 1), (0, 0, 1), (0, 0, 1), (0, 0, 1), (0, 0, 1), (0, 0, 1), (0, 0, 1), (0, 0, 1), (0, 0, 1), (0, 0, 1), (0, 0, 1), (0, 0, 1), (0, 0, 1), (0, 0, 1), (0, 0, 0.99999994), (0, 0, 0.99999994), (0, 0, 0.99999994), (0, 0, 1), (0, 0, 1), (0, 0, 1), (0, 0, 1), (0, 0, 1), (0, 0, 1), (0, 0, 0.99999994), (0, 0, 0.99999994), (0, 0, 0.99999994), (0, 0, 1), (0, 0, 1), (0, 0, 1), (0, 0, 1), (0, 0, 1), (0, 0, 1), (0, 0, 0.99999994), (0, 0, 0.99999994), (0, 0, 0.99999994), (0, 0, 1), (0, 0, 1), (0, 0, 1), (0, 0, 1), (0, 0, 1), (0, 0, 1), (0, 0, 1), (0, 0, 1), (0, 0, 1), (0, 0, 1), (0, 0, 1), (0, 0, 1), (0, 0, 1), (0, 0, 1), (0, 0, 1), (0, 0, 1), (0, 0, 1), (0, 0, 1), (0, 0, 1), (0, 0, 1), (0, 0, 1), (0, 0, 1), (0, 0, 1), (0, 0, 1), (0, 0, 1), (0, 0, 1), (0, 0, 1), (0, 0, 1), (0, 0, 1), (0, 0, 1), (0, 0, 1), (0, 0, 1), (0, 0, 1), (0, 0, 1), (0, 0, 1), (0, 0, 1), (0, 0, 1), (0, 0, 1), (0, 0, 1), (0, 0, 1), (0, 0, 1), (0, 0, 1)] (
                    interpolation = "faceVarying"
                )
                point3f[] points = [(0.080938, 0.014146, 0), (0.079299, 0.014938001, 0), (0.077594, 0.015202001, 0), (0.074285746, 0.014115751, 0), (0.07304, 0.011198, 0), (0.076285005, 0.0070345006, 0), (0.07953, 0.0036300002, 0), (0.078935996, 0.0023705, 0), (0.077088, 0.0017380001, 0), (0.07496775, 0.002299, 0), (0.073128, 0.003916, 0), (0.073128, 0.0011880001, 0), (0.07508875, 0.00014024996, 0), (0.07732999, -0.00019800001, 0), (0.0803385, 0.0009542501, 0), (0.081532, 0.0038720004, 0), (0.078287005, 0.0083875, 0), (0.075042, 0.011484, 0), (0.07571025, 0.012771001, 0), (0.077418, 0.013266001, 0), (0.079079, 0.012938751, 0), (0.080938, 0.011704, 0), (0.070861995, 0.014146, 0), (0.069223, 0.014938001, 0), (0.067518, 0.015202001, 0), (0.06420975, 0.014115751, 0), (0.062964, 0.011198, 0), (0.066209, 0.0070345006, 0), (0.069454, 0.0036300002, 0), (0.068859994, 0.0023705, 0), (0.067012, 0.0017380001, 0), (0.064891756, 0.002299, 0), (0.063052, 0.003916, 0), (0.063052, 0.0011880001, 0), (0.06501275, 0.00014024996, 0), (0.06725401, -0.00019800001, 0), (0.0702625, 0.0009542501, 0), (0.071456, 0.0038720004, 0), (0.068211004, 0.0083875, 0), (0.064966, 0.011484, 0), (0.06563425, 0.012771001, 0), (0.067342006, 0.013266001, 0), (0.069003, 0.012938751, 0), (0.070861995, 0.011704, 0), (0.061247997, 0.015004001, 0), (0.052734002, 0.015004001, 0), (0.052734002, 0, 0), (0.061446, 0, 0), (0.061446, 0.0019360002, 0), (0.054890003, 0.0019360002, 0), (0.054890003, 0.0066000004, 0), (0.061028004, 0.0066000004, 0), (0.061028004, 0.008536, 0), (0.054890003, 0.008536, 0), (0.054890003, 0.013068001, 0), (0.061247997, 0.013068001, 0), (0.03949, 0.015004001, 0), (0.03949, 0, 0), (0.041645996, 0, 0), (0.041645996, 0.006512, 0), (0.042547997, 0.006512, 0), (0.044209, 0.005951, 0), (0.04653, 0.00308, 0), (0.048509996, 0, 0), (0.051084, 0, 0), (0.0499125, 0.0016335001, 0), (0.049038, 0.00297, 0), (0.0474485, 0.005412, 0), (0.045693997, 0.007128, 0), (0.04755025, 0.0085525, 0), (0.048202, 0.010802001, 0), (0.0468765, 0.013876501, 0), (0.043274, 0.015004001, 0), (0.041645996, 0.013156001, 0), (0.043031998, 0.013156001, 0), (0.0452815, 0.012551, 0), (0.04598, 0.0108900005, 0), (0.0453805, 0.00919875, 0), (0.043031998, 0.008448, 0), (0.041645996, 0.008448, 0), (0.028115999, 0.015004001, 0), (0.028115999, 0, 0), (0.030271998, 0, 0), (0.030271998, 0.0064900005, 0), (0.032516, 0.0064900005, 0), (0.036349498, 0.00770825, 0), (0.037575997, 0.010692, 0), (0.036418248, 0.013739001, 0), (0.032801997, 0.015004001, 0), (0.030271998, 0.013068001, 0), (0.032801997, 0.013068001, 0), (0.03481225, 0.0123365, 0), (0.035354, 0.01078, 0), (0.034636248, 0.009042, 0), (0.032713998, 0.008426, 0), (0.030271998, 0.008426, 0), (0.026114, 0.015004001, 0), (0.023518, 0.015004001, 0), (0.018832, 0.009284001, 0), (0.014124, 0.015004001, 0), (0.011506, 0.015004001, 0), (0.017512, 0.0077660005, 0), (0.011043999, 0, 0), (0.013662, 0, 0), (0.018832, 0.006204, 0), (0.023936002, 0, 0), (0.026532002, 0, 0), (0.020130001, 0.0077660005, 0), (0.010164, 0.015004001, 0), (0.0016500001, 0.015004001, 0), (0.0016500001, 0, 0), (0.010362, 0, 0), (0.010362, 0.0019360002, 0), (0.003806, 0.0019360002, 0), (0.003806, 0.0066000004, 0), (0.009944, 0.0066000004, 0), (0.009944, 0.008536, 0), (0.003806, 0.008536, 0), (0.003806, 0.013068001, 0), (0.010164, 0.013068001, 0)]
                texCoord2f[] primvars:st = [(0.14285715, 0), (0.04761905, 0), (0.0952381, 0), (0.14285715, 0), (0, 0), (0.04761905, 0), (0.14285715, 0), (0.95238096, 0), (0, 0), (0.95238096, 0), (1, 0), (0, 0), (0.1904762, 0), (0.85714287, 0), (0.14285715, 0), (0.85714287, 0), (0.9047619, 0), (0.14285715, 0), (0.9047619, 0), (0.95238096, 0), (0.14285715, 0), (0.1904762, 0), (0.8095238, 0), (0.85714287, 0), (0.1904762, 0), (0.7619048, 0), (0.8095238, 0), (0.23809524, 0), (0.7619048, 0), (0.1904762, 0), (0.23809524, 0), (0.71428573, 0), (0.7619048, 0), (0.2857143, 0), (0.71428573, 0), (0.23809524, 0), (0.52380955, 0), (0.42857143, 0), (0.47619048, 0), (0.2857143, 0), (0.6666667, 0), (0.71428573, 0), (0.33333334, 0), (0.6666667, 0), (0.2857143, 0), (0.3809524, 0), (0.6666667, 0), (0.33333334, 0), (0.52380955, 0), (0.3809524, 0), (0.42857143, 0), (0.52380955, 0), (0.6666667, 0), (0.3809524, 0), (0.5714286, 0), (0.6666667, 0), (0.52380955, 0), (0.5714286, 0), (0.61904764, 0), (0.6666667, 0), (0.14285715, 0), (0.04761905, 0), (0.0952381, 0), (0.14285715, 0), (0, 0), (0.04761905, 0), (0.14285715, 0), (0.95238096, 0), (0, 0), (0.95238096, 0), (1, 0), (0, 0), (0.1904762, 0), (0.85714287, 0), (0.14285715, 0), (0.85714287, 0), (0.9047619, 0), (0.14285715, 0), (0.9047619, 0), (0.95238096, 0), (0.14285715, 0), (0.1904762, 0), (0.8095238, 0), (0.85714287, 0), (0.1904762, 0), (0.7619048, 0), (0.8095238, 0), (0.23809524, 0), (0.7619048, 0), (0.1904762, 0), (0.23809524, 0), (0.71428573, 0), (0.7619048, 0), (0.2857143, 0), (0.71428573, 0), (0.23809524, 0), (0.52380955, 0), (0.42857143, 0), (0.47619048, 0), (0.2857143, 0), (0.6666667, 0), (0.71428573, 0), (0.33333334, 0), (0.6666667, 0), (0.2857143, 0), (0.3809524, 0), (0.6666667, 0), (0.33333334, 0), (0.52380955, 0), (0.3809524, 0), (0.42857143, 0), (0.52380955, 0), (0.6666667, 0), (0.3809524, 0), (0.5714286, 0), (0.6666667, 0), (0.52380955, 0), (0.5714286, 0), (0.61904764, 0), (0.6666667, 0), (0.18181819, 0), (0.90909094, 0), (0.09090909, 0), (0.90909094, 0), (0, 0), (0.09090909, 0), (0.90909094, 0), (1, 0), (0, 0), (0.18181819, 0), (0.8181818, 0), (0.90909094, 0), (0.18181819, 0), (0.54545456, 0), (0.8181818, 0), (0.54545456, 0), (0.72727275, 0), (0.8181818, 0), (0.54545456, 0), (0.6363636, 0), (0.72727275, 0), (0.18181819, 0), (0.45454547, 0), (0.54545456, 0), (0.18181819, 0), (0.36363637, 0), (0.45454547, 0), (0.18181819, 0), (0.27272728, 0), (0.36363637, 0), (0.04347826, 0), (0.73913044, 0), (0, 0), (0.73913044, 0), (0.6956522, 0), (0, 0), (0.73913044, 0), (0.65217394, 0), (0.6956522, 0), (0.73913044, 0), (0.7826087, 0), (0.65217394, 0), (0.7826087, 0), (0.82608694, 0), (0.65217394, 0), (0.82608694, 0), (0.6086956, 0), (0.65217394, 0), (0.04347826, 0), (1, 0), (0.73913044, 0), (0.8695652, 0), (0.6086956, 0), (0.82608694, 0), (0.9130435, 0), (0.6086956, 0), (0.8695652, 0), (0.9130435, 0), (0.5652174, 0), (0.6086956, 0), (0.95652175, 0), (0.5652174, 0), (0.9130435, 0), (0.95652175, 0), (0.5217391, 0), (0.5652174, 0), (0.04347826, 0), (0.13043478, 0), (1, 0), (0.13043478, 0), (0.95652175, 0), (1, 0), (0.13043478, 0), (0.5217391, 0), (0.95652175, 0), (0.13043478, 0), (0.17391305, 0), (0.5217391, 0), (0.17391305, 0), (0.47826087, 0), (0.5217391, 0), (0.04347826, 0), (0.08695652, 0), (0.13043478, 0), (0.2173913, 0), (0.47826087, 0), (0.17391305, 0), (0.26086956, 0), (0.47826087, 0), (0.2173913, 0), (0.26086956, 0), (0.4347826, 0), (0.47826087, 0), (0.3043478, 0), (0.4347826, 0), (0.26086956, 0), (0.3043478, 0), (0.39130434, 0), (0.4347826, 0), (0.3043478, 0), (0.3478261, 0), (0.39130434, 0), (0.06666667, 0), (0.6, 0), (0, 0), (0.6, 0), (0.53333336, 0), (0, 0), (0.6, 0), (0.46666667, 0), (0.53333336, 0), (0.6, 0), (0.6666667, 0), (0.46666667, 0), (0.6666667, 0), (0.73333335, 0), (0.46666667, 0), (0.73333335, 0), (0.4, 0), (0.46666667, 0), (0.06666667, 0), (1, 0), (0.6, 0), (0.8, 0), (0.4, 0), (0.73333335, 0), (0.8666667, 0), (0.4, 0), (0.8, 0), (0.8666667, 0), (0.33333334, 0), (0.4, 0), (0.93333334, 0), (0.33333334, 0), (0.8666667, 0), (0.06666667, 0), (0.2, 0), (1, 0), (0.2, 0), (0.93333334, 0), (1, 0), (0.2, 0), (0.33333334, 0), (0.93333334, 0), (0.2, 0), (0.26666668, 0), (0.33333334, 0), (0.06666667, 0), (0.13333334, 0), (0.2, 0), (0.45454547, 0), (0.27272728, 0), (0.36363637, 0), (0.45454547, 0), (0.18181819, 0), (0.27272728, 0), (0.18181819, 0), (0, 0), (0.09090909, 0), (0.18181819, 0), (1, 0), (0, 0), (0.45454547, 0), (1, 0), (0.18181819, 0), (0.54545456, 0), (1, 0), (0.45454547, 0), (0.54545456, 0), (0.72727275, 0), (1, 0), (0.72727275, 0), (0.90909094, 0), (1, 0), (0.54545456, 0), (0.6363636, 0), (0.72727275, 0), (0.8181818, 0), (0.90909094, 0), (0.72727275, 0), (0.18181819, 0), (0.90909094, 0), (0.09090909, 0), (0.90909094, 0), (0, 0), (0.09090909, 0), (0.90909094, 0), (1, 0), (0, 0), (0.18181819, 0), (0.8181818, 0), (0.90909094, 0), (0.18181819, 0), (0.54545456, 0), (0.8181818, 0), (0.54545456, 0), (0.72727275, 0), (0.8181818, 0), (0.54545456, 0), (0.6363636, 0), (0.72727275, 0), (0.18181819, 0), (0.45454547, 0), (0.54545456, 0), (0.18181819, 0), (0.36363637, 0), (0.45454547, 0), (0.18181819, 0), (0.27272728, 0), (0.36363637, 0)] (
                    interpolation = "faceVarying"
                )
                uniform token subdivisionScheme = "none"
                custom string userProperties:blender:data_name = "Printing.005"
            }
        }

        def Xform "Edge_scuff_001"
        {
            custom string userProperties:blender:object_name = "Edge scuff.001"
            float3 xformOp:rotateXYZ = (0, -0, 0)
            float3 xformOp:scale = (1, 1, 1)
            double3 xformOp:translate = (-0.0062614730559289455, -0.08290000259876251, 0.06480000168085098)
            uniform token[] xformOpOrder = ["xformOp:translate", "xformOp:rotateXYZ", "xformOp:scale"]

            def Mesh "Cube_032" (
                active = true
                prepend apiSchemas = ["MaterialBindingAPI"]
            )
            {
                uniform bool doubleSided = 1
                float3[] extent = [(-0.0014127154, -0.0001, -0.00082072185), (0.0014127154, 0.0001, 0.00082072185)]
                int[] faceVertexCounts = [4, 4, 4, 4, 4, 4]
                int[] faceVertexIndices = [0, 1, 3, 2, 2, 3, 7, 6, 6, 7, 5, 4, 4, 5, 1, 0, 2, 6, 4, 0, 7, 3, 1, 5]
                rel material:binding = </Asset/_materials/Exposed_cardboard_edge>
                normal3f[] normals = [(-1, 0, 0), (-1, 0, 0), (-1, 0, 0), (-1, 0, 0), (0, 1, 0), (0, 1, 0), (0, 1, 0), (0, 1, 0), (1, 0, 0), (1, 0, 0), (1, 0, 0), (1, 0, 0), (0, -1, 0), (0, -1, 0), (0, -1, 0), (0, -1, 0), (0, 0, -1), (0, 0, -1), (0, 0, -1), (0, 0, -1), (0, 0, 1), (0, 0, 1), (0, 0, 1), (0, 0, 1)] (
                    interpolation = "faceVarying"
                )
                point3f[] points = [(-0.0014127154, -0.0001, -0.00082072185), (-0.0014127154, -0.0001, 0.00082072185), (-0.0014127154, 0.0001, -0.00082072185), (-0.0014127154, 0.0001, 0.00082072185), (0.0014127154, -0.0001, -0.00082072185), (0.0014127154, -0.0001, 0.00082072185), (0.0014127154, 0.0001, -0.00082072185), (0.0014127154, 0.0001, 0.00082072185)]
                texCoord2f[] primvars:st = [(0.375, 0), (0.625, 0), (0.625, 0.25), (0.375, 0.25), (0.375, 0.25), (0.625, 0.25), (0.625, 0.5), (0.375, 0.5), (0.375, 0.5), (0.625, 0.5), (0.625, 0.75), (0.375, 0.75), (0.375, 0.75), (0.625, 0.75), (0.625, 1), (0.375, 1), (0.125, 0.5), (0.375, 0.5), (0.375, 0.75), (0.125, 0.75), (0.625, 0.5), (0.875, 0.5), (0.875, 0.75), (0.625, 0.75)] (
                    interpolation = "faceVarying"
                )
                uniform token subdivisionScheme = "none"
                custom string userProperties:blender:data_name = "Cube.032"
            }
        }

        def Xform "Edge_scuff_013"
        {
            custom string userProperties:blender:object_name = "Edge scuff.013"
            float3 xformOp:rotateXYZ = (0, -0, 0)
            float3 xformOp:scale = (1, 1, 1)
            double3 xformOp:translate = (0.07810213416814804, -0.08290000259876251, 0.06480000168085098)
            uniform token[] xformOpOrder = ["xformOp:translate", "xformOp:rotateXYZ", "xformOp:scale"]

            def Mesh "Cube_044" (
                active = true
                prepend apiSchemas = ["MaterialBindingAPI"]
            )
            {
                uniform bool doubleSided = 1
                float3[] extent = [(-0.0030565322, -0.0001, -0.0009118593), (0.0030565322, 0.0001, 0.0009118593)]
                int[] faceVertexCounts = [4, 4, 4, 4, 4, 4]
                int[] faceVertexIndices = [0, 1, 3, 2, 2, 3, 7, 6, 6, 7, 5, 4, 4, 5, 1, 0, 2, 6, 4, 0, 7, 3, 1, 5]
                rel material:binding = </Asset/_materials/Exposed_cardboard_edge>
                normal3f[] normals = [(-1, 0, 0), (-1, 0, 0), (-1, 0, 0), (-1, 0, 0), (0, 1, 0), (0, 1, 0), (0, 1, 0), (0, 1, 0), (1, 0, 0), (1, 0, 0), (1, 0, 0), (1, 0, 0), (0, -1, 0), (0, -1, 0), (0, -1, 0), (0, -1, 0), (0, 0, -1), (0, 0, -1), (0, 0, -1), (0, 0, -1), (0, 0, 1), (0, 0, 1), (0, 0, 1), (0, 0, 1)] (
                    interpolation = "faceVarying"
                )
                point3f[] points = [(-0.0030565322, -0.0001, -0.0009118593), (-0.0030565322, -0.0001, 0.0009118593), (-0.0030565322, 0.0001, -0.0009118593), (-0.0030565322, 0.0001, 0.0009118593), (0.0030565322, -0.0001, -0.0009118593), (0.0030565322, -0.0001, 0.0009118593), (0.0030565322, 0.0001, -0.0009118593), (0.0030565322, 0.0001, 0.0009118593)]
                texCoord2f[] primvars:st = [(0.375, 0), (0.625, 0), (0.625, 0.25), (0.375, 0.25), (0.375, 0.25), (0.625, 0.25), (0.625, 0.5), (0.375, 0.5), (0.375, 0.5), (0.625, 0.5), (0.625, 0.75), (0.375, 0.75), (0.375, 0.75), (0.625, 0.75), (0.625, 1), (0.375, 1), (0.125, 0.5), (0.375, 0.5), (0.375, 0.75), (0.125, 0.75), (0.625, 0.5), (0.875, 0.5), (0.875, 0.75), (0.625, 0.75)] (
                    interpolation = "faceVarying"
                )
                uniform token subdivisionScheme = "none"
                custom string userProperties:blender:data_name = "Cube.044"
            }
        }

        def Xform "Edge_scuff_010"
        {
            custom string userProperties:blender:object_name = "Edge scuff.010"
            float3 xformOp:rotateXYZ = (0, -0, 0)
            float3 xformOp:scale = (1, 1, 1)
            double3 xformOp:translate = (0.08120393753051758, -0.08290000259876251, -0.06480000168085098)
            uniform token[] xformOpOrder = ["xformOp:translate", "xformOp:rotateXYZ", "xformOp:scale"]

            def Mesh "Cube_041" (
                active = true
                prepend apiSchemas = ["MaterialBindingAPI"]
            )
            {
                uniform bool doubleSided = 1
                float3[] extent = [(-0.0016506719, -0.0001, -0.0009944076), (0.0016506719, 0.0001, 0.0009944076)]
                int[] faceVertexCounts = [4, 4, 4, 4, 4, 4]
                int[] faceVertexIndices = [0, 1, 3, 2, 2, 3, 7, 6, 6, 7, 5, 4, 4, 5, 1, 0, 2, 6, 4, 0, 7, 3, 1, 5]
                rel material:binding = </Asset/_materials/Exposed_cardboard_edge>
                normal3f[] normals = [(-1, 0, 0), (-1, 0, 0), (-1, 0, 0), (-1, 0, 0), (0, 1, 0), (0, 1, 0), (0, 1, 0), (0, 1, 0), (1, 0, 0), (1, 0, 0), (1, 0, 0), (1, 0, 0), (0, -1, 0), (0, -1, 0), (0, -1, 0), (0, -1, 0), (0, 0, -1), (0, 0, -1), (0, 0, -1), (0, 0, -1), (0, 0, 1), (0, 0, 1), (0, 0, 1), (0, 0, 1)] (
                    interpolation = "faceVarying"
                )
                point3f[] points = [(-0.0016506719, -0.0001, -0.0009944076), (-0.0016506719, -0.0001, 0.0009944076), (-0.0016506719, 0.0001, -0.0009944076), (-0.0016506719, 0.0001, 0.0009944076), (0.0016506719, -0.0001, -0.0009944076), (0.0016506719, -0.0001, 0.0009944076), (0.0016506719, 0.0001, -0.0009944076), (0.0016506719, 0.0001, 0.0009944076)]
                texCoord2f[] primvars:st = [(0.375, 0), (0.625, 0), (0.625, 0.25), (0.375, 0.25), (0.375, 0.25), (0.625, 0.25), (0.625, 0.5), (0.375, 0.5), (0.375, 0.5), (0.625, 0.5), (0.625, 0.75), (0.375, 0.75), (0.375, 0.75), (0.625, 0.75), (0.625, 1), (0.375, 1), (0.125, 0.5), (0.375, 0.5), (0.375, 0.75), (0.125, 0.75), (0.625, 0.5), (0.875, 0.5), (0.875, 0.75), (0.625, 0.75)] (
                    interpolation = "faceVarying"
                )
                uniform token subdivisionScheme = "none"
                custom string userProperties:blender:data_name = "Cube.041"
            }
        }

        def Xform "Edge_scuff_019"
        {
            custom string userProperties:blender:object_name = "Edge scuff.019"
            float3 xformOp:rotateXYZ = (0, -0, 0)
            float3 xformOp:scale = (1, 1, 1)
            double3 xformOp:translate = (-0.06160293519496918, -0.08290000259876251, -0.06480000168085098)
            uniform token[] xformOpOrder = ["xformOp:translate", "xformOp:rotateXYZ", "xformOp:scale"]

            def Mesh "Cube_050" (
                active = true
                prepend apiSchemas = ["MaterialBindingAPI"]
            )
            {
                uniform bool doubleSided = 1
                float3[] extent = [(-0.0032650465, -0.0001, -0.00037644574), (0.0032650465, 0.0001, 0.00037644574)]
                int[] faceVertexCounts = [4, 4, 4, 4, 4, 4]
                int[] faceVertexIndices = [0, 1, 3, 2, 2, 3, 7, 6, 6, 7, 5, 4, 4, 5, 1, 0, 2, 6, 4, 0, 7, 3, 1, 5]
                rel material:binding = </Asset/_materials/Exposed_cardboard_edge>
                normal3f[] normals = [(-0.99999994, 0, 0), (-0.99999994, 0, 0), (-0.99999994, 0, 0), (-0.99999994, 0, 0), (0, 1, 0), (0, 1, 0), (0, 1, 0), (0, 1, 0), (0.99999994, 0, 0), (0.99999994, 0, 0), (0.99999994, 0, 0), (0.99999994, 0, 0), (0, -1, 0), (0, -1, 0), (0, -1, 0), (0, -1, 0), (0, 0, -1), (0, 0, -1), (0, 0, -1), (0, 0, -1), (0, 0, 1), (0, 0, 1), (0, 0, 1), (0, 0, 1)] (
                    interpolation = "faceVarying"
                )
                point3f[] points = [(-0.0032650465, -0.0001, -0.00037644574), (-0.0032650465, -0.0001, 0.00037644574), (-0.0032650465, 0.0001, -0.00037644574), (-0.0032650465, 0.0001, 0.00037644574), (0.0032650465, -0.0001, -0.00037644574), (0.0032650465, -0.0001, 0.00037644574), (0.0032650465, 0.0001, -0.00037644574), (0.0032650465, 0.0001, 0.00037644574)]
                texCoord2f[] primvars:st = [(0.375, 0), (0.625, 0), (0.625, 0.25), (0.375, 0.25), (0.375, 0.25), (0.625, 0.25), (0.625, 0.5), (0.375, 0.5), (0.375, 0.5), (0.625, 0.5), (0.625, 0.75), (0.375, 0.75), (0.375, 0.75), (0.625, 0.75), (0.625, 1), (0.375, 1), (0.125, 0.5), (0.375, 0.5), (0.375, 0.75), (0.125, 0.75), (0.625, 0.5), (0.875, 0.5), (0.875, 0.75), (0.625, 0.75)] (
                    interpolation = "faceVarying"
                )
                uniform token subdivisionScheme = "none"
                custom string userProperties:blender:data_name = "Cube.050"
            }
        }

        def Xform "Edge_scuff_012"
        {
            custom string userProperties:blender:object_name = "Edge scuff.012"
            float3 xformOp:rotateXYZ = (0, -0, 0)
            float3 xformOp:scale = (1, 1, 1)
            double3 xformOp:translate = (-0.06996989995241165, -0.08290000259876251, 0.06480000168085098)
            uniform token[] xformOpOrder = ["xformOp:translate", "xformOp:rotateXYZ", "xformOp:scale"]

            def Mesh "Cube_043" (
                active = true
                prepend apiSchemas = ["MaterialBindingAPI"]
            )
            {
                uniform bool doubleSided = 1
                float3[] extent = [(-0.0027770104, -0.0001, -0.00093263877), (0.0027770104, 0.0001, 0.00093263877)]
                int[] faceVertexCounts = [4, 4, 4, 4, 4, 4]
                int[] faceVertexIndices = [0, 1, 3, 2, 2, 3, 7, 6, 6, 7, 5, 4, 4, 5, 1, 0, 2, 6, 4, 0, 7, 3, 1, 5]
                rel material:binding = </Asset/_materials/Exposed_cardboard_edge>
                normal3f[] normals = [(-1, 0, 0), (-1, 0, 0), (-1, 0, 0), (-1, 0, 0), (0, 1, 0), (0, 1, 0), (0, 1, 0), (0, 1, 0), (1, 0, 0), (1, 0, 0), (1, 0, 0), (1, 0, 0), (0, -1, 0), (0, -1, 0), (0, -1, 0), (0, -1, 0), (0, 0, -1), (0, 0, -1), (0, 0, -1), (0, 0, -1), (0, 0, 1), (0, 0, 1), (0, 0, 1), (0, 0, 1)] (
                    interpolation = "faceVarying"
                )
                point3f[] points = [(-0.0027770104, -0.0001, -0.00093263877), (-0.0027770104, -0.0001, 0.00093263877), (-0.0027770104, 0.0001, -0.00093263877), (-0.0027770104, 0.0001, 0.00093263877), (0.0027770104, -0.0001, -0.00093263877), (0.0027770104, -0.0001, 0.00093263877), (0.0027770104, 0.0001, -0.00093263877), (0.0027770104, 0.0001, 0.00093263877)]
                texCoord2f[] primvars:st = [(0.375, 0), (0.625, 0), (0.625, 0.25), (0.375, 0.25), (0.375, 0.25), (0.625, 0.25), (0.625, 0.5), (0.375, 0.5), (0.375, 0.5), (0.625, 0.5), (0.625, 0.75), (0.375, 0.75), (0.375, 0.75), (0.625, 0.75), (0.625, 1), (0.375, 1), (0.125, 0.5), (0.375, 0.5), (0.375, 0.75), (0.125, 0.75), (0.625, 0.5), (0.875, 0.5), (0.875, 0.75), (0.625, 0.75)] (
                    interpolation = "faceVarying"
                )
                uniform token subdivisionScheme = "none"
                custom string userProperties:blender:data_name = "Cube.043"
            }
        }

        def Xform "Edge_scuff_017"
        {
            custom string userProperties:blender:object_name = "Edge scuff.017"
            float3 xformOp:rotateXYZ = (0, -0, 0)
            float3 xformOp:scale = (1, 1, 1)
            double3 xformOp:translate = (-0.002325141802430153, -0.08290000259876251, -0.06480000168085098)
            uniform token[] xformOpOrder = ["xformOp:translate", "xformOp:rotateXYZ", "xformOp:scale"]

            def Mesh "Cube_048" (
                active = true
                prepend apiSchemas = ["MaterialBindingAPI"]
            )
            {
                uniform bool doubleSided = 1
                float3[] extent = [(-0.0028232844, -0.0001, -0.00054494134), (0.0028232844, 0.0001, 0.00054494134)]
                int[] faceVertexCounts = [4, 4, 4, 4, 4, 4]
                int[] faceVertexIndices = [0, 1, 3, 2, 2, 3, 7, 6, 6, 7, 5, 4, 4, 5, 1, 0, 2, 6, 4, 0, 7, 3, 1, 5]
                rel material:binding = </Asset/_materials/Exposed_cardboard_edge>
                normal3f[] normals = [(-1, 0, 0), (-1, 0, 0), (-1, 0, 0), (-1, 0, 0), (0, 1, 0), (0, 1, 0), (0, 1, 0), (0, 1, 0), (1, 0, 0), (1, 0, 0), (1, 0, 0), (1, 0, 0), (0, -1, 0), (0, -1, 0), (0, -1, 0), (0, -1, 0), (0, 0, -1), (0, 0, -1), (0, 0, -1), (0, 0, -1), (0, 0, 1), (0, 0, 1), (0, 0, 1), (0, 0, 1)] (
                    interpolation = "faceVarying"
                )
                point3f[] points = [(-0.0028232844, -0.0001, -0.00054494134), (-0.0028232844, -0.0001, 0.00054494134), (-0.0028232844, 0.0001, -0.00054494134), (-0.0028232844, 0.0001, 0.00054494134), (0.0028232844, -0.0001, -0.00054494134), (0.0028232844, -0.0001, 0.00054494134), (0.0028232844, 0.0001, -0.00054494134), (0.0028232844, 0.0001, 0.00054494134)]
                texCoord2f[] primvars:st = [(0.375, 0), (0.625, 0), (0.625, 0.25), (0.375, 0.25), (0.375, 0.25), (0.625, 0.25), (0.625, 0.5), (0.375, 0.5), (0.375, 0.5), (0.625, 0.5), (0.625, 0.75), (0.375, 0.75), (0.375, 0.75), (0.625, 0.75), (0.625, 1), (0.375, 1), (0.125, 0.5), (0.375, 0.5), (0.375, 0.75), (0.125, 0.75), (0.625, 0.5), (0.875, 0.5), (0.875, 0.75), (0.625, 0.75)] (
                    interpolation = "faceVarying"
                )
                uniform token subdivisionScheme = "none"
                custom string userProperties:blender:data_name = "Cube.048"
            }
        }

        def Xform "Edge_scuff_007"
        {
            custom string userProperties:blender:object_name = "Edge scuff.007"
            float3 xformOp:rotateXYZ = (0, -0, 0)
            float3 xformOp:scale = (1, 1, 1)
            double3 xformOp:translate = (0.05949094519019127, -0.08290000259876251, 0.06480000168085098)
            uniform token[] xformOpOrder = ["xformOp:translate", "xformOp:rotateXYZ", "xformOp:scale"]

            def Mesh "Cube_038" (
                active = true
                prepend apiSchemas = ["MaterialBindingAPI"]
            )
            {
                uniform bool doubleSided = 1
                float3[] extent = [(-0.003540484, -0.0001, -0.0006457221), (0.003540484, 0.0001, 0.0006457221)]
                int[] faceVertexCounts = [4, 4, 4, 4, 4, 4]
                int[] faceVertexIndices = [0, 1, 3, 2, 2, 3, 7, 6, 6, 7, 5, 4, 4, 5, 1, 0, 2, 6, 4, 0, 7, 3, 1, 5]
                rel material:binding = </Asset/_materials/Exposed_cardboard_edge>
                normal3f[] normals = [(-1, 0, 0), (-1, 0, 0), (-1, 0, 0), (-1, 0, 0), (0, 1, 0), (0, 1, 0), (0, 1, 0), (0, 1, 0), (1, 0, 0), (1, 0, 0), (1, 0, 0), (1, 0, 0), (0, -1, 0), (0, -1, 0), (0, -1, 0), (0, -1, 0), (0, 0, -1), (0, 0, -1), (0, 0, -1), (0, 0, -1), (0, 0, 1), (0, 0, 1), (0, 0, 1), (0, 0, 1)] (
                    interpolation = "faceVarying"
                )
                point3f[] points = [(-0.003540484, -0.0001, -0.0006457221), (-0.003540484, -0.0001, 0.0006457221), (-0.003540484, 0.0001, -0.0006457221), (-0.003540484, 0.0001, 0.0006457221), (0.003540484, -0.0001, -0.0006457221), (0.003540484, -0.0001, 0.0006457221), (0.003540484, 0.0001, -0.0006457221), (0.003540484, 0.0001, 0.0006457221)]
                texCoord2f[] primvars:st = [(0.375, 0), (0.625, 0), (0.625, 0.25), (0.375, 0.25), (0.375, 0.25), (0.625, 0.25), (0.625, 0.5), (0.375, 0.5), (0.375, 0.5), (0.625, 0.5), (0.625, 0.75), (0.375, 0.75), (0.375, 0.75), (0.625, 0.75), (0.625, 1), (0.375, 1), (0.125, 0.5), (0.375, 0.5), (0.375, 0.75), (0.125, 0.75), (0.625, 0.5), (0.875, 0.5), (0.875, 0.75), (0.625, 0.75)] (
                    interpolation = "faceVarying"
                )
                uniform token subdivisionScheme = "none"
                custom string userProperties:blender:data_name = "Cube.038"
            }
        }

        def Xform "Edge_scuff_004"
        {
            custom string userProperties:blender:object_name = "Edge scuff.004"
            float3 xformOp:rotateXYZ = (0, -0, 0)
            float3 xformOp:scale = (1, 1, 1)
            double3 xformOp:translate = (0.020564215257763863, -0.08290000259876251, -0.06480000168085098)
            uniform token[] xformOpOrder = ["xformOp:translate", "xformOp:rotateXYZ", "xformOp:scale"]

            def Mesh "Cube_035" (
                active = true
                prepend apiSchemas = ["MaterialBindingAPI"]
            )
            {
                uniform bool doubleSided = 1
                float3[] extent = [(-0.001932157, -0.0001, -0.00085136975), (0.001932157, 0.0001, 0.00085136975)]
                int[] faceVertexCounts = [4, 4, 4, 4, 4, 4]
                int[] faceVertexIndices = [0, 1, 3, 2, 2, 3, 7, 6, 6, 7, 5, 4, 4, 5, 1, 0, 2, 6, 4, 0, 7, 3, 1, 5]
                rel material:binding = </Asset/_materials/Exposed_cardboard_edge>
                normal3f[] normals = [(-1, 0, 0), (-1, 0, 0), (-1, 0, 0), (-1, 0, 0), (0, 1, 0), (0, 1, 0), (0, 1, 0), (0, 1, 0), (1, 0, 0), (1, 0, 0), (1, 0, 0), (1, 0, 0), (0, -1, 0), (0, -1, 0), (0, -1, 0), (0, -1, 0), (0, 0, -1), (0, 0, -1), (0, 0, -1), (0, 0, -1), (0, 0, 1), (0, 0, 1), (0, 0, 1), (0, 0, 1)] (
                    interpolation = "faceVarying"
                )
                point3f[] points = [(-0.001932157, -0.0001, -0.00085136975), (-0.001932157, -0.0001, 0.00085136975), (-0.001932157, 0.0001, -0.00085136975), (-0.001932157, 0.0001, 0.00085136975), (0.001932157, -0.0001, -0.00085136975), (0.001932157, -0.0001, 0.00085136975), (0.001932157, 0.0001, -0.00085136975), (0.001932157, 0.0001, 0.00085136975)]
                texCoord2f[] primvars:st = [(0.375, 0), (0.625, 0), (0.625, 0.25), (0.375, 0.25), (0.375, 0.25), (0.625, 0.25), (0.625, 0.5), (0.375, 0.5), (0.375, 0.5), (0.625, 0.5), (0.625, 0.75), (0.375, 0.75), (0.375, 0.75), (0.625, 0.75), (0.625, 1), (0.375, 1), (0.125, 0.5), (0.375, 0.5), (0.375, 0.75), (0.125, 0.75), (0.625, 0.5), (0.875, 0.5), (0.875, 0.75), (0.625, 0.75)] (
                    interpolation = "faceVarying"
                )
                uniform token subdivisionScheme = "none"
                custom string userProperties:blender:data_name = "Cube.035"
            }
        }

        def Xform "Shipping_label"
        {
            custom string userProperties:blender:object_name = "Shipping_label"
            float3 xformOp:rotateXYZ = (0, -0, 4.297184)
            float3 xformOp:scale = (1, 1, 1)
            double3 xformOp:translate = (0, 0, 0.06849999725818634)
            uniform token[] xformOpOrder = ["xformOp:translate", "xformOp:rotateXYZ", "xformOp:scale"]

            def Xform "Barcode_line_003"
            {
                custom string userProperties:blender:object_name = "Barcode line.003"
                float3 xformOp:rotateXYZ = (0, -0, 0)
                float3 xformOp:scale = (1, 1, 1)
                double3 xformOp:translate = (-0.02625538408756256, -0.004000000189989805, 0.00024999678134918213)
                uniform token[] xformOpOrder = ["xformOp:translate", "xformOp:rotateXYZ", "xformOp:scale"]

                def Mesh "Cube_009" (
                    active = true
                    prepend apiSchemas = ["MaterialBindingAPI"]
                )
                {
                    uniform bool doubleSided = 1
                    float3[] extent = [(-0.0014861538, -0.008, -0.000065), (0.0014861538, 0.008, 0.000065)]
                    int[] faceVertexCounts = [4, 4, 4, 4, 4, 4]
                    int[] faceVertexIndices = [0, 1, 3, 2, 2, 3, 7, 6, 6, 7, 5, 4, 4, 5, 1, 0, 2, 6, 4, 0, 7, 3, 1, 5]
                    rel material:binding = </Asset/_materials/Printed_dark_ink>
                    normal3f[] normals = [(-1, 0, 0), (-1, 0, 0), (-1, 0, 0), (-1, 0, 0), (0, 1, 0), (0, 1, 0), (0, 1, 0), (0, 1, 0), (1, 0, 0), (1, 0, 0), (1, 0, 0), (1, 0, 0), (0, -1, 0), (0, -1, 0), (0, -1, 0), (0, -1, 0), (0, 0, -1), (0, 0, -1), (0, 0, -1), (0, 0, -1), (0, 0, 1), (0, 0, 1), (0, 0, 1), (0, 0, 1)] (
                        interpolation = "faceVarying"
                    )
                    point3f[] points = [(-0.0014861538, -0.008, -0.000065), (-0.0014861538, -0.008, 0.000065), (-0.0014861538, 0.008, -0.000065), (-0.0014861538, 0.008, 0.000065), (0.0014861538, -0.008, -0.000065), (0.0014861538, -0.008, 0.000065), (0.0014861538, 0.008, -0.000065), (0.0014861538, 0.008, 0.000065)]
                    texCoord2f[] primvars:st = [(0.375, 0), (0.625, 0), (0.625, 0.25), (0.375, 0.25), (0.375, 0.25), (0.625, 0.25), (0.625, 0.5), (0.375, 0.5), (0.375, 0.5), (0.625, 0.5), (0.625, 0.75), (0.375, 0.75), (0.375, 0.75), (0.625, 0.75), (0.625, 1), (0.375, 1), (0.125, 0.5), (0.375, 0.5), (0.375, 0.75), (0.125, 0.75), (0.625, 0.5), (0.875, 0.5), (0.875, 0.75), (0.625, 0.75)] (
                        interpolation = "faceVarying"
                    )
                    uniform token subdivisionScheme = "none"
                    custom string userProperties:blender:data_name = "Cube.009"
                }
            }

            def Xform "Barcode_line_023"
            {
                custom string userProperties:blender:object_name = "Barcode line.023"
                float3 xformOp:rotateXYZ = (0, -0, 0)
                float3 xformOp:scale = (1, 1, 1)
                double3 xformOp:translate = (0.034181538969278336, -0.003999999724328518, 0.00024999678134918213)
                uniform token[] xformOpOrder = ["xformOp:translate", "xformOp:rotateXYZ", "xformOp:scale"]

                def Mesh "Cube_029" (
                    active = true
                    prepend apiSchemas = ["MaterialBindingAPI"]
                )
                {
                    uniform bool doubleSided = 1
                    float3[] extent = [(-0.0004953846, -0.008, -0.000065), (0.0004953846, 0.008, 0.000065)]
                    int[] faceVertexCounts = [4, 4, 4, 4, 4, 4]
                    int[] faceVertexIndices = [0, 1, 3, 2, 2, 3, 7, 6, 6, 7, 5, 4, 4, 5, 1, 0, 2, 6, 4, 0, 7, 3, 1, 5]
                    rel material:binding = </Asset/_materials/Printed_dark_ink>
                    normal3f[] normals = [(-1, 0, 0), (-1, 0, 0), (-1, 0, 0), (-1, 0, 0), (0, 1, 0), (0, 1, 0), (0, 1, 0), (0, 1, 0), (1, 0, 0), (1, 0, 0), (1, 0, 0), (1, 0, 0), (0, -1, 0), (0, -1, 0), (0, -1, 0), (0, -1, 0), (0, 0, -1), (0, 0, -1), (0, 0, -1), (0, 0, -1), (0, 0, 1), (0, 0, 1), (0, 0, 1), (0, 0, 1)] (
                        interpolation = "faceVarying"
                    )
                    point3f[] points = [(-0.0004953846, -0.008, -0.000065), (-0.0004953846, -0.008, 0.000065), (-0.0004953846, 0.008, -0.000065), (-0.0004953846, 0.008, 0.000065), (0.0004953846, -0.008, -0.000065), (0.0004953846, -0.008, 0.000065), (0.0004953846, 0.008, -0.000065), (0.0004953846, 0.008, 0.000065)]
                    texCoord2f[] primvars:st = [(0.375, 0), (0.625, 0), (0.625, 0.25), (0.375, 0.25), (0.375, 0.25), (0.625, 0.25), (0.625, 0.5), (0.375, 0.5), (0.375, 0.5), (0.625, 0.5), (0.625, 0.75), (0.375, 0.75), (0.375, 0.75), (0.625, 0.75), (0.625, 1), (0.375, 1), (0.125, 0.5), (0.375, 0.5), (0.375, 0.75), (0.125, 0.75), (0.625, 0.5), (0.875, 0.5), (0.875, 0.75), (0.625, 0.75)] (
                        interpolation = "faceVarying"
                    )
                    uniform token subdivisionScheme = "none"
                    custom string userProperties:blender:data_name = "Cube.029"
                }
            }

            def Xform "Print_001_____805"
            {
                custom string userProperties:blender:object_name = "Print_001__/__805"
                float3 xformOp:rotateXYZ = (0, -0, 0)
                float3 xformOp:scale = (1, 1, 1)
                double3 xformOp:translate = (0.0018400001572445035, 0.018300000578165054, 0.00020000338554382324)
                uniform token[] xformOpOrder = ["xformOp:translate", "xformOp:rotateXYZ", "xformOp:scale"]

                def Mesh "Printing_001" (
                    active = true
                    prepend apiSchemas = ["MaterialBindingAPI"]
                )
                {
                    uniform bool doubleSided = 1
                    float3[] extent = [(0.00018, -0.000054000004, 0), (0.025986003, 0.0041460004, 0)]
                    int[] faceVertexCounts = [3, 3, 3, 3, 3, 3, 3, 3, 3, 3, 3, 3, 3, 3, 3, 3, 3, 3, 3, 3, 3, 3, 3, 3, 3, 3, 3, 3, 3, 3, 3, 3, 3, 3, 3, 3, 3, 3, 3, 3, 3, 3, 3, 3, 3, 3, 3, 3, 3, 3, 3, 3, 3, 3, 3, 3, 3, 3, 3, 3, 3, 3, 3, 3, 3, 3, 3, 3, 3, 3, 3, 3, 3, 3, 3, 3, 3, 3, 3, 3, 3, 3, 3, 3, 3, 3, 3, 3, 3, 3, 3, 3, 3, 3, 3, 3, 3, 3, 3, 3, 3, 3]
                    int[] faceVertexIndices = [2, 16, 1, 16, 0, 1, 16, 17, 0, 2, 15, 16, 2, 14, 15, 2, 3, 14, 3, 13, 14, 4, 13, 3, 4, 12, 13, 5, 12, 4, 9, 7, 8, 6, 12, 5, 9, 6, 7, 9, 12, 6, 9, 11, 12, 10, 11, 9, 21, 32, 20, 32, 19, 20, 21, 31, 32, 33, 19, 32, 22, 31, 21, 33, 18, 19, 22, 30, 31, 26, 18, 33, 23, 30, 22, 23, 29, 30, 27, 18, 26, 27, 25, 18, 28, 25, 27, 23, 28, 29, 24, 28, 23, 28, 24, 25, 41, 39, 40, 42, 55, 41, 55, 56, 41, 56, 39, 41, 56, 57, 39, 57, 38, 39, 42, 54, 55, 50, 38, 57, 42, 53, 54, 43, 53, 42, 51, 38, 50, 51, 37, 38, 43, 52, 53, 52, 37, 51, 52, 36, 37, 44, 52, 43, 44, 36, 52, 45, 36, 44, 45, 64, 36, 64, 35, 36, 45, 63, 64, 65, 35, 64, 65, 34, 35, 46, 63, 45, 46, 62, 63, 58, 34, 65, 46, 61, 62, 59, 34, 58, 47, 61, 46, 59, 49, 34, 60, 49, 59, 47, 60, 61, 47, 49, 60, 48, 49, 47, 66, 68, 69, 66, 67, 68, 72, 70, 71, 72, 73, 70, 77, 88, 76, 88, 75, 76, 77, 87, 88, 89, 75, 88, 78, 87, 77, 89, 74, 75, 78, 86, 87, 82, 74, 89, 79, 86, 78, 79, 85, 86, 83, 74, 82, 83, 81, 74, 84, 81, 83, 79, 84, 85, 80, 84, 79, 84, 80, 81, 93, 104, 92, 104, 91, 92, 93, 103, 104, 105, 91, 104, 94, 103, 93, 105, 90, 91, 94, 102, 103, 98, 90, 105, 95, 102, 94, 95, 101, 102, 99, 90, 98, 99, 97, 90, 100, 97, 99, 95, 100, 101, 96, 100, 95, 100, 96, 97]
                    rel material:binding = </Asset/_materials/Printed_dark_ink>
                    normal3f[] normals = [(0, 0, 1), (0, 0, 1), (0, 0, 1), (0, 0, 1), (0, 0, 1), (0, 0, 1), (0, 0, 1), (0, 0, 1), (0, 0, 1), (0, 0, 1), (0, 0, 1), (0, 0, 1), (0, 0, 1), (0, 0, 1), (0, 0, 1), (0, 0, 0.99999994), (0, 0, 0.99999994), (0, 0, 0.99999994), (0, 0, 1), (0, 0, 1), (0, 0, 1), (0, 0, 1), (0, 0, 1), (0, 0, 1), (0, 0, 1), (0, 0, 1), (0, 0, 1), (0, 0, 1), (0, 0, 1), (0, 0, 1), (0, 0, 1), (0, 0, 1), (0, 0, 1), (0, 0, 1), (0, 0, 1), (0, 0, 1), (0, 0, 1), (0, 0, 1), (0, 0, 1), (0, 0, 1), (0, 0, 1), (0, 0, 1), (0, 0, 1), (0, 0, 1), (0, 0, 1), (0, 0, 1), (0, 0, 1), (0, 0, 1), (0, 0, 1), (0, 0, 1), (0, 0, 1), (0, 0, 1), (0, 0, 1), (0, 0, 1), (0, 0, 1), (0, 0, 1), (0, 0, 1), (0, 0, 0.99999994), (0, 0, 0.99999994), (0, 0, 0.99999994), (0, 0, 1), (0, 0, 1), (0, 0, 1), (0, 0, 1), (0, 0, 1), (0, 0, 1), (0, 0, 1), (0, 0, 1), (0, 0, 1), (0, 0, 1), (0, 0, 1), (0, 0, 1), (0, 0, 1), (0, 0, 1), (0, 0, 1), (0, 0, 1), (0, 0, 1), (0, 0, 1), (0, 0, 1), (0, 0, 1), (0, 0, 1), (0, 0, 1), (0, 0, 1), (0, 0, 1), (0, 0, 1), (0, 0, 1), (0, 0, 1), (0, 0, 1), (0, 0, 1), (0, 0, 1), (0, 0, 1), (0, 0, 1), (0, 0, 1), (0, 0, 1), (0, 0, 1), (0, 0, 1), (0, 0, 1), (0, 0, 1), (0, 0, 1), (0, 0, 1), (0, 0, 1), (0, 0, 1), (0, 0, 1), (0, 0, 1), (0, 0, 1), (0, 0, 1), (0, 0, 1), (0, 0, 1), (0, 0, 1), (0, 0, 1), (0, 0, 1), (0, 0, 1), (0, 0, 1), (0, 0, 1), (0, 0, 1), (0, 0, 1), (0, 0, 1), (0, 0, 1), (0, 0, 1), (0, 0, 1), (0, 0, 1), (0, 0, 1), (0, 0, 1), (0, 0, 1), (0, 0, 1), (0, 0, 1), (0, 0, 1), (0, 0, 1), (0, 0, 1), (0, 0, 1), (0, 0, 1), (0, 0, 1), (0, 0, 1), (0, 0, 1), (0, 0, 1), (0, 0, 1), (0, 0, 1), (0, 0, 1), (0, 0, 0.99999994), (0, 0, 0.99999994), (0, 0, 0.99999994), (0, 0, 1), (0, 0, 1), (0, 0, 1), (0, 0, 1), (0, 0, 1), (0, 0, 1), (0, 0, 1), (0, 0, 1), (0, 0, 1), (0, 0, 1), (0, 0, 1), (0, 0, 1), (0, 0, 1), (0, 0, 1), (0, 0, 1), (0, 0, 1), (0, 0, 1), (0, 0, 1), (0, 0, 1), (0, 0, 1), (0, 0, 1), (0, 0, 1), (0, 0, 1), (0, 0, 1), (0, 0, 0.99999994), (0, 0, 0.99999994), (0, 0, 0.99999994), (0, 0, 1), (0, 0, 1), (0, 0, 1), (0, 0, 1), (0, 0, 1), (0, 0, 1), (0, 0, 1), (0, 0, 1), (0, 0, 1), (0, 0, 1), (0, 0, 1), (0, 0, 1), (0, 0, 1), (0, 0, 1), (0, 0, 1), (0, 0, 1), (0, 0, 1), (0, 0, 1), (0, 0, 1), (0, 0, 1), (0, 0, 1), (0, 0, 1), (0, 0, 1), (0, 0, 1), (0, 0, 1), (0, 0, 1), (0, 0, 1), (0, 0, 1), (0, 0, 1), (0, 0, 1), (0, 0, 0.99999994), (0, 0, 0.99999994), (0, 0, 0.99999994), (0, 0, 1), (0, 0, 1), (0, 0, 1), (0, 0, 1), (0, 0, 1), (0, 0, 1), (0, 0, 1), (0, 0, 1), (0, 0, 1), (0, 0, 1), (0, 0, 1), (0, 0, 1), (0, 0, 1), (0, 0, 1), (0, 0, 1), (0, 0, 1), (0, 0, 1), (0, 0, 1), (0, 0, 1), (0, 0, 1), (0, 0, 1), (0, 0, 1), (0, 0, 1), (0, 0, 1), (0, 0, 1), (0, 0, 1), (0, 0, 1), (0, 0, 1), (0, 0, 1), (0, 0, 1), (0, 0, 1), (0, 0, 1), (0, 0, 1), (0, 0, 1), (0, 0, 1), (0, 0, 1), (0, 0, 1), (0, 0, 1), (0, 0, 1), (0, 0, 1), (0, 0, 1), (0, 0, 1), (0, 0, 1), (0, 0, 1), (0, 0, 1), (0, 0, 1), (0, 0, 1), (0, 0, 1), (0, 0, 1), (0, 0, 1), (0, 0, 1), (0, 0, 1), (0, 0, 1), (0, 0, 1), (0, 0, 1), (0, 0, 1), (0, 0, 1), (0, 0, 1), (0, 0, 1), (0, 0, 1), (0, 0, 1), (0, 0, 1), (0, 0, 1), (0, 0, 1), (0, 0, 1), (0, 0, 1), (0, 0, 0.99999994), (0, 0, 0.99999994), (0, 0, 0.99999994), (0, 0, 1), (0, 0, 1), (0, 0, 1), (0, 0, 1), (0, 0, 1), (0, 0, 1), (0, 0, 1), (0, 0, 1), (0, 0, 1), (0, 0, 1), (0, 0, 1), (0, 0, 1), (0, 0, 1), (0, 0, 1), (0, 0, 1), (0, 0, 1), (0, 0, 1), (0, 0, 1), (0, 0, 1), (0, 0, 1), (0, 0, 1), (0, 0, 1), (0, 0, 1), (0, 0, 1), (0, 0, 1), (0, 0, 1), (0, 0, 1), (0, 0, 0.99999994), (0, 0, 0.99999994), (0, 0, 0.99999994), (0, 0, 1), (0, 0, 1), (0, 0, 1), (0, 0, 1), (0, 0, 1), (0, 0, 1)] (
                        interpolation = "faceVarying"
                    )
                    point3f[] points = [(0.025782, 0.0040920004, 0), (0.023964, 0.0040920004, 0), (0.023964, 0.001962, 0), (0.025018502, 0.00187875, 0), (0.025398001, 0.0012420001, 0), (0.025148252, 0.00072225, 0), (0.024552, 0.00050400005, 0), (0.024102751, 0.00057975005, 0), (0.023658, 0.000804, 0), (0.023658, 0.000198, 0), (0.024153002, 0.000004500005, 0), (0.024648001, -0.000054000004, 0), (0.02560725, 0.0003165, 0), (0.025986003, 0.001254, 0), (0.025588501, 0.00219975, 0), (0.024498, 0.002538, 0), (0.024498, 0.0035640004, 0), (0.025782, 0.0035640004, 0), (0.023178002, 0.0020460002, 0), (0.022815002, 0.0035685003, 0), (0.021858001, 0.0041460004, 0), (0.020901, 0.0035685003, 0), (0.020538, 0.0020460002, 0), (0.020901, 0.00052350014, 0), (0.021858001, -0.000054000004, 0), (0.022815002, 0.0005235001, 0), (0.02259, 0.0020460002, 0), (0.022395, 0.0009150002, 0), (0.021858001, 0.00050400005, 0), (0.021321, 0.0009150001, 0), (0.021126, 0.0020460002, 0), (0.021321, 0.0031770002, 0), (0.021858001, 0.0035880003, 0), (0.022395, 0.0031770002, 0), (0.020166, 0.0011040001, 0), (0.02002275, 0.0016770002, 0), (0.019596001, 0.002088, 0), (0.019981502, 0.00249375, 0), (0.020106, 0.0029580002, 0), (0.01976175, 0.0038062502, 0), (0.018900001, 0.0041460004, 0), (0.018005252, 0.0038100004, 0), (0.017646002, 0.0029700003, 0), (0.017774252, 0.0024817502, 0), (0.018132001, 0.002088, 0), (0.01769475, 0.0016755001, 0), (0.01755, 0.0011100001, 0), (0.017931001, 0.00028275006, 0), (0.018870002, -0.000054000004, 0), (0.0197925, 0.00027975003, 0), (0.019518001, 0.0029700003, 0), (0.01932975, 0.00254025, 0), (0.018876001, 0.002358, 0), (0.0184245, 0.002544, 0), (0.018234, 0.0029820001, 0), (0.01841475, 0.0034222503, 0), (0.018888002, 0.0035880003, 0), (0.01934025, 0.0034117503, 0), (0.019578, 0.001152, 0), (0.01939575, 0.00069975003, 0), (0.018858, 0.00050400005, 0), (0.018340502, 0.00068625004, 0), (0.018138, 0.001152, 0), (0.018337501, 0.00162, 0), (0.018870002, 0.0018000001, 0), (0.01937925, 0.0016155001, 0), (0.012383999, -0.000054000004, 0), (0.012804001, -0.000054000004, 0), (0.013979999, 0.0041460004, 0), (0.01356, 0.0041460004, 0), (0.0078, 0.0040920004, 0), (0.007212, 0.0040920004, 0), (0.007212, 0, 0), (0.0078, 0, 0), (0.00582, 0.0020460002, 0), (0.005457, 0.0035685003, 0), (0.0045, 0.0041460004, 0), (0.003543, 0.0035685003, 0), (0.0031799998, 0.0020460002, 0), (0.003543, 0.00052350014, 0), (0.0045, -0.000054000004, 0), (0.005457, 0.0005235001, 0), (0.005232, 0.0020460002, 0), (0.005037, 0.0009150002, 0), (0.0045, 0.00050400005, 0), (0.003963, 0.0009150001, 0), (0.003768, 0.0020460002, 0), (0.003963, 0.0031770002, 0), (0.0045, 0.0035880003, 0), (0.005037, 0.0031770002, 0), (0.0028200003, 0.0020460002, 0), (0.0024570003, 0.0035685003, 0), (0.0015, 0.0041460004, 0), (0.00054300006, 0.0035685003, 0), (0.00018, 0.0020460002, 0), (0.00054300006, 0.00052350014, 0), (0.0015, -0.000054000004, 0), (0.0024570003, 0.0005235001, 0), (0.002232, 0.0020460002, 0), (0.002037, 0.0009150002, 0), (0.0015, 0.00050400005, 0), (0.000963, 0.0009150001, 0), (0.000768, 0.0020460002, 0), (0.000963, 0.0031770002, 0), (0.0015, 0.0035880003, 0), (0.002037, 0.0031770002, 0)]
                    texCoord2f[] primvars:st = [(0.11764706, 0), (0.9411765, 0), (0.05882353, 0), (0.9411765, 0), (0, 0), (0.05882353, 0), (0.9411765, 0), (1, 0), (0, 0), (0.11764706, 0), (0.88235295, 0), (0.9411765, 0), (0.11764706, 0), (0.8235294, 0), (0.88235295, 0), (0.11764706, 0), (0.1764706, 0), (0.8235294, 0), (0.1764706, 0), (0.7647059, 0), (0.8235294, 0), (0.23529412, 0), (0.7647059, 0), (0.1764706, 0), (0.23529412, 0), (0.7058824, 0), (0.7647059, 0), (0.29411766, 0), (0.7058824, 0), (0.23529412, 0), (0.5294118, 0), (0.4117647, 0), (0.47058824, 0), (0.3529412, 0), (0.7058824, 0), (0.29411766, 0), (0.5294118, 0), (0.3529412, 0), (0.4117647, 0), (0.5294118, 0), (0.7058824, 0), (0.3529412, 0), (0.5294118, 0), (0.64705884, 0), (0.7058824, 0), (0.5882353, 0), (0.64705884, 0), (0.5294118, 0), (0.2, 0), (0.93333334, 0), (0.13333334, 0), (0.93333334, 0), (0.06666667, 0), (0.13333334, 0), (0.2, 0), (0.8666667, 0), (0.93333334, 0), (1, 0), (0.06666667, 0), (0.93333334, 0), (0.26666668, 0), (0.8666667, 0), (0.2, 0), (1, 0), (0, 0), (0.06666667, 0), (0.26666668, 0), (0.8, 0), (0.8666667, 0), (0.53333336, 0), (0, 0), (1, 0), (0.33333334, 0), (0.8, 0), (0.26666668, 0), (0.33333334, 0), (0.73333335, 0), (0.8, 0), (0.6, 0), (0, 0), (0.53333336, 0), (0.6, 0), (0.46666667, 0), (0, 0), (0.6666667, 0), (0.46666667, 0), (0.6, 0), (0.33333334, 0), (0.6666667, 0), (0.73333335, 0), (0.4, 0), (0.6666667, 0), (0.33333334, 0), (0.6666667, 0), (0.4, 0), (0.46666667, 0), (0.22580644, 0), (0.16129032, 0), (0.19354838, 0), (0.2580645, 0), (0.67741936, 0), (0.22580644, 0), (0.67741936, 0), (0.7096774, 0), (0.22580644, 0), (0.7096774, 0), (0.16129032, 0), (0.22580644, 0), (0.7096774, 0), (0.7419355, 0), (0.16129032, 0), (0.7419355, 0), (0.12903225, 0), (0.16129032, 0), (0.2580645, 0), (0.6451613, 0), (0.67741936, 0), (0.516129, 0), (0.12903225, 0), (0.7419355, 0), (0.2580645, 0), (0.61290324, 0), (0.6451613, 0), (0.29032257, 0), (0.61290324, 0), (0.2580645, 0), (0.5483871, 0), (0.12903225, 0), (0.516129, 0), (0.5483871, 0), (0.09677419, 0), (0.12903225, 0), (0.29032257, 0), (0.58064514, 0), (0.61290324, 0), (0.58064514, 0), (0.09677419, 0), (0.5483871, 0), (0.58064514, 0), (0.06451613, 0), (0.09677419, 0), (0.32258064, 0), (0.58064514, 0), (0.29032257, 0), (0.32258064, 0), (0.06451613, 0), (0.58064514, 0), (0.3548387, 0), (0.06451613, 0), (0.32258064, 0), (0.3548387, 0), (0.9677419, 0), (0.06451613, 0), (0.9677419, 0), (0.032258064, 0), (0.06451613, 0), (0.3548387, 0), (0.9354839, 0), (0.9677419, 0), (1, 0), (0.032258064, 0), (0.9677419, 0), (1, 0), (0, 0), (0.032258064, 0), (0.38709676, 0), (0.9354839, 0), (0.3548387, 0), (0.38709676, 0), (0.9032258, 0), (0.9354839, 0), (0.7741935, 0), (0, 0), (1, 0), (0.38709676, 0), (0.87096775, 0), (0.9032258, 0), (0.8064516, 0), (0, 0), (0.7741935, 0), (0.41935483, 0), (0.87096775, 0), (0.38709676, 0), (0.8064516, 0), (0.48387095, 0), (0, 0), (0.83870965, 0), (0.48387095, 0), (0.8064516, 0), (0.41935483, 0), (0.83870965, 0), (0.87096775, 0), (0.41935483, 0), (0.48387095, 0), (0.83870965, 0), (0.4516129, 0), (0.48387095, 0), (0.41935483, 0), (0, 0), (0.6666667, 0), (1, 0), (0, 0), (0.33333334, 0), (0.6666667, 0), (0.6666667, 0), (0, 0), (0.33333334, 0), (0.6666667, 0), (1, 0), (0, 0), (0.2, 0), (0.93333334, 0), (0.13333334, 0), (0.93333334, 0), (0.06666667, 0), (0.13333334, 0), (0.2, 0), (0.8666667, 0), (0.93333334, 0), (1, 0), (0.06666667, 0), (0.93333334, 0), (0.26666668, 0), (0.8666667, 0), (0.2, 0), (1, 0), (0, 0), (0.06666667, 0), (0.26666668, 0), (0.8, 0), (0.8666667, 0), (0.53333336, 0), (0, 0), (1, 0), (0.33333334, 0), (0.8, 0), (0.26666668, 0), (0.33333334, 0), (0.73333335, 0), (0.8, 0), (0.6, 0), (0, 0), (0.53333336, 0), (0.6, 0), (0.46666667, 0), (0, 0), (0.6666667, 0), (0.46666667, 0), (0.6, 0), (0.33333334, 0), (0.6666667, 0), (0.73333335, 0), (0.4, 0), (0.6666667, 0), (0.33333334, 0), (0.6666667, 0), (0.4, 0), (0.46666667, 0), (0.2, 0), (0.93333334, 0), (0.13333334, 0), (0.93333334, 0), (0.06666667, 0), (0.13333334, 0), (0.2, 0), (0.8666667, 0), (0.93333334, 0), (1, 0), (0.06666667, 0), (0.93333334, 0), (0.26666668, 0), (0.8666667, 0), (0.2, 0), (1, 0), (0, 0), (0.06666667, 0), (0.26666668, 0), (0.8, 0), (0.8666667, 0), (0.53333336, 0), (0, 0), (1, 0), (0.33333334, 0), (0.8, 0), (0.26666668, 0), (0.33333334, 0), (0.73333335, 0), (0.8, 0), (0.6, 0), (0, 0), (0.53333336, 0), (0.6, 0), (0.46666667, 0), (0, 0), (0.6666667, 0), (0.46666667, 0), (0.6, 0), (0.33333334, 0), (0.6666667, 0), (0.73333335, 0), (0.4, 0), (0.6666667, 0), (0.33333334, 0), (0.6666667, 0), (0.4, 0), (0.46666667, 0)] (
                        interpolation = "faceVarying"
                    )
                    uniform token subdivisionScheme = "none"
                    custom string userProperties:blender:data_name = "Printing.001"
                }
            }

            def Xform "Barcode_line_005"
            {
                custom string userProperties:blender:object_name = "Barcode line.005"
                float3 xformOp:rotateXYZ = (0, -0, 0)
                float3 xformOp:scale = (1, 1, 1)
                double3 xformOp:translate = (-0.016843076795339584, -0.004000000189989805, 0.00024999678134918213)
                uniform token[] xformOpOrder = ["xformOp:translate", "xformOp:rotateXYZ", "xformOp:scale"]

                def Mesh "Cube_011" (
                    active = true
                    prepend apiSchemas = ["MaterialBindingAPI"]
                )
                {
                    uniform bool doubleSided = 1
                    float3[] extent = [(-0.0009907692, -0.008, -0.000065), (0.0009907692, 0.008, 0.000065)]
                    int[] faceVertexCounts = [4, 4, 4, 4, 4, 4]
                    int[] faceVertexIndices = [0, 1, 3, 2, 2, 3, 7, 6, 6, 7, 5, 4, 4, 5, 1, 0, 2, 6, 4, 0, 7, 3, 1, 5]
                    rel material:binding = </Asset/_materials/Printed_dark_ink>
                    normal3f[] normals = [(-1, 0, 0), (-1, 0, 0), (-1, 0, 0), (-1, 0, 0), (0, 1, 0), (0, 1, 0), (0, 1, 0), (0, 1, 0), (1, 0, 0), (1, 0, 0), (1, 0, 0), (1, 0, 0), (0, -1, 0), (0, -1, 0), (0, -1, 0), (0, -1, 0), (0, 0, -1), (0, 0, -1), (0, 0, -1), (0, 0, -1), (0, 0, 1), (0, 0, 1), (0, 0, 1), (0, 0, 1)] (
                        interpolation = "faceVarying"
                    )
                    point3f[] points = [(-0.0009907692, -0.008, -0.000065), (-0.0009907692, -0.008, 0.000065), (-0.0009907692, 0.008, -0.000065), (-0.0009907692, 0.008, 0.000065), (0.0009907692, -0.008, -0.000065), (0.0009907692, -0.008, 0.000065), (0.0009907692, 0.008, -0.000065), (0.0009907692, 0.008, 0.000065)]
                    texCoord2f[] primvars:st = [(0.375, 0), (0.625, 0), (0.625, 0.25), (0.375, 0.25), (0.375, 0.25), (0.625, 0.25), (0.625, 0.5), (0.375, 0.5), (0.375, 0.5), (0.625, 0.5), (0.625, 0.75), (0.375, 0.75), (0.375, 0.75), (0.625, 0.75), (0.625, 1), (0.375, 1), (0.125, 0.5), (0.375, 0.5), (0.375, 0.75), (0.125, 0.75), (0.625, 0.5), (0.875, 0.5), (0.875, 0.75), (0.625, 0.75)] (
                        interpolation = "faceVarying"
                    )
                    uniform token subdivisionScheme = "none"
                    custom string userProperties:blender:data_name = "Cube.011"
                }
            }

            def Xform "Paper_sticker"
            {
                custom string userProperties:blender:object_name = "Paper sticker"

                def Mesh "Cube_005" (
                    active = true
                    prepend apiSchemas = ["MaterialBindingAPI"]
                )
                {
                    uniform bool doubleSided = 1
                    float3[] extent = [(-0.046, -0.0305, -0.000125), (0.046, 0.0305, 0.000125)]
                    int[] faceVertexCounts = [4, 4, 4, 4, 4, 4, 3, 4, 4, 4, 4, 4, 4, 3, 4, 4, 4, 4, 4, 4, 3, 4, 4, 4, 4, 4, 4, 3, 4, 4, 4, 4, 4, 4, 3, 4, 4, 4, 4, 4, 4, 3, 4, 4, 4, 4, 4, 4, 3, 4, 4, 4, 4, 4, 4, 3, 4, 4, 4, 4, 4, 4, 4, 4, 4, 4, 4, 4, 4, 4, 4, 4, 4, 4, 4, 4, 4, 4, 4, 4, 4, 4, 4, 4, 4, 4, 4, 4, 4, 4, 4, 4, 4, 4, 4, 4, 4, 4]
                    int[] faceVertexIndices = [0, 3, 5, 4, 3, 7, 8, 5, 1, 6, 8, 7, 6, 10, 11, 8, 2, 9, 11, 10, 9, 4, 5, 11, 5, 8, 11, 12, 15, 17, 16, 15, 19, 20, 17, 13, 18, 20, 19, 18, 22, 23, 20, 14, 21, 23, 22, 21, 16, 17, 23, 17, 20, 23, 24, 27, 29, 28, 27, 31, 32, 29, 25, 30, 32, 31, 30, 34, 35, 32, 26, 33, 35, 34, 33, 28, 29, 35, 29, 32, 35, 36, 39, 41, 40, 39, 43, 44, 41, 37, 42, 44, 43, 42, 46, 47, 44, 38, 45, 47, 46, 45, 40, 41, 47, 41, 44, 47, 48, 51, 53, 52, 51, 55, 56, 53, 49, 54, 56, 55, 54, 58, 59, 56, 50, 57, 59, 58, 57, 52, 53, 59, 53, 56, 59, 60, 63, 65, 64, 63, 67, 68, 65, 61, 66, 68, 67, 66, 70, 71, 68, 62, 69, 71, 70, 69, 64, 65, 71, 65, 68, 71, 72, 75, 77, 76, 75, 79, 80, 77, 73, 78, 80, 79, 78, 82, 83, 80, 74, 81, 83, 82, 81, 76, 77, 83, 77, 80, 83, 84, 87, 89, 88, 87, 91, 92, 89, 85, 90, 92, 91, 90, 94, 95, 92, 86, 93, 95, 94, 93, 88, 89, 95, 89, 92, 95, 24, 0, 4, 27, 27, 4, 9, 31, 31, 9, 2, 25, 1, 12, 16, 6, 6, 16, 21, 10, 10, 21, 14, 2, 13, 36, 40, 18, 18, 40, 45, 22, 22, 45, 38, 14, 37, 26, 34, 42, 42, 34, 30, 46, 46, 30, 25, 38, 72, 24, 28, 75, 75, 28, 33, 79, 79, 33, 26, 73, 36, 84, 88, 39, 39, 88, 93, 43, 43, 93, 86, 37, 85, 74, 82, 90, 90, 82, 78, 94, 94, 78, 73, 86, 48, 72, 76, 51, 51, 76, 81, 55, 55, 81, 74, 49, 84, 60, 64, 87, 87, 64, 69, 91, 91, 69, 62, 85, 61, 50, 58, 66, 66, 58, 54, 70, 70, 54, 49, 62, 0, 48, 52, 3, 3, 52, 57, 7, 7, 57, 50, 1, 60, 13, 19, 63, 63, 19, 15, 67, 67, 15, 12, 61, 24, 72, 48, 0, 2, 14, 38, 25, 50, 61, 12, 1, 84, 36, 13, 60, 26, 37, 86, 73, 74, 85, 62, 49]
                    rel material:binding = </Asset/_materials/Shipping_label_paper>
                    normal3f[] normals = [(-0.00020234287, -0.00030370988, -1), (-0.00018057786, -0.5003311, -0.8658342), (-0.4473292, -0.44729438, -0.7744833), (-0.500293, -0.0002551973, -0.86585623), (-0.0001693219, -0.50035137, -0.86582243), (-0.00021774322, -0.86581427, -0.5003656), (-0.44733223, -0.7744229, -0.44739613), (-0.4473066, -0.44734386, -0.77446777), (-0.00021244999, -0.9660074, -0.25851426), (-0.4915235, -0.8623331, -0.12159839), (-0.44729376, -0.7744763, -0.44734183), (-0.00017683208, -0.8658559, -0.50029343), (-0.49159145, -0.8622955, -0.12159111), (-0.86229753, -0.49159217, -0.12157384), (-0.77442825, -0.4473873, -0.44733155), (-0.44737744, -0.77443117, -0.44733644), (-0.9660014, -0.00028899312, -0.25853658), (-0.8658408, -0.0002976735, -0.5003195), (-0.77446806, -0.44733506, -0.44731477), (-0.8623236, -0.49154344, -0.12158518), (-0.86581475, -0.00024220347, -0.50036454), (-0.5003571, -0.00028811023, -0.8658191), (-0.4473803, -0.44730282, -0.7744488), (-0.7744324, -0.44733778, -0.44737375), (-0.44737855, -0.44735944, -0.7744172), (-0.44737196, -0.77441984, -0.4473617), (-0.77440464, -0.44739562, -0.44736415), (-0.00022137165, -0.96600354, 0.25852835), (-0.00017835945, -0.865823, 0.50035024), (-0.4473292, -0.7744704, 0.44731644), (-0.491534, -0.8623259, 0.12160669), (-0.0001654774, -0.86580837, 0.5003757), (-0.00021085888, -0.50034034, 0.86582875), (-0.44732744, -0.4473832, 0.77443296), (-0.44733316, -0.77443135, 0.4473803), (-0.00021302328, -0.00029185414, 0.9999999), (-0.5003183, -0.00028293533, 0.8658415), (-0.44730094, -0.44732177, 0.7744837), (-0.00015179813, -0.5003048, 0.8658492), (-0.50038284, -0.00025564432, 0.8658042), (-0.8658286, -0.00028433278, 0.5003407), (-0.774433, -0.44733885, 0.44737175), (-0.44737035, -0.44731212, 0.7744492), (-0.9660041, -0.00032220408, 0.25852698), (-0.8623333, -0.4915277, 0.12158126), (-0.7744749, -0.44729474, 0.44734347), (-0.86585516, -0.00025506318, 0.50029474), (-0.8622939, -0.49159113, 0.12160415), (-0.4915926, -0.8622999, 0.12155557), (-0.44738325, -0.77441436, 0.44735974), (-0.77444685, -0.44738367, 0.44730312), (-0.44738734, -0.7744058, 0.44737032), (-0.4473694, -0.44735646, 0.7744242), (-0.7744116, -0.447386, 0.44736177), (-0.00021302328, 0.00029185414, -0.9999999), (-0.5003183, 0.00028293533, -0.8658415), (-0.44730094, 0.44732177, -0.7744837), (-0.00015179813, 0.5003048, -0.8658492), (-0.50038284, 0.00025564432, -0.8658042), (-0.8658286, 0.00028433278, -0.5003407), (-0.774433, 0.44733885, -0.44737175), (-0.44737035, 0.44731212, -0.7744492), (-0.9660041, 0.00032220408, -0.25852698), (-0.8623333, 0.4915277, -0.12158126), (-0.77447486, 0.447326, -0.44731224), (-0.86585516, 0.00025506318, -0.50029474), (-0.8623004, 0.4915793, -0.12160564), (-0.49160433, 0.86229265, -0.12155944), (-0.44737396, 0.7744365, -0.4473308), (-0.7744525, 0.4473712, -0.44730574), (-0.00020483136, 0.9660075, -0.2585142), (-0.00016585086, 0.8658304, -0.50033766), (-0.4473425, 0.77445525, -0.4473297), (-0.4915215, 0.86233497, -0.121594176), (-0.0001514107, 0.8658007, -0.50038904), (-0.00020883605, 0.5003565, -0.86581945), (-0.44733998, 0.44739395, -0.77441955), (-0.44731107, 0.77443314, -0.44739932), (-0.44737524, 0.4473628, -0.7744173), (-0.77440464, 0.4473922, -0.44736755), (-0.44737536, 0.77441984, -0.4473583), (-0.00020234287, 0.00030370988, 1), (-0.00018057786, 0.5003311, 0.8658342), (-0.4473292, 0.44729438, 0.7744833), (-0.500293, 0.0002551973, 0.86585623), (-0.0001693219, 0.50035137, 0.86582243), (-0.00021774322, 0.86581427, 0.5003656), (-0.44733223, 0.7744229, 0.44739613), (-0.4473066, 0.44734386, 0.77446777), (-0.00021244999, 0.9660074, 0.25851426), (-0.4915235, 0.8623331, 0.12159839), (-0.44729376, 0.7744763, 0.44734183), (-0.00017683208, 0.8658559, 0.50029343), (-0.49159145, 0.8622955, 0.12159111), (-0.86229753, 0.49159217, 0.12157384), (-0.77442825, 0.4473873, 0.44733155), (-0.44737744, 0.77443117, 0.44733644), (-0.9660014, 0.00028899312, 0.25853658), (-0.8658408, 0.0002976735, 0.5003195), (-0.77446806, 0.44733506, 0.44731477), (-0.8623236, 0.49154344, 0.12158518), (-0.86581475, 0.00024220347, 0.50036454), (-0.5003571, 0.00028811023, 0.8658191), (-0.4473803, 0.44730282, 0.7744488), (-0.7744324, 0.44733778, 0.44737375), (-0.44737855, 0.44735944, 0.7744172), (-0.44737196, 0.77441984, 0.4473617), (-0.77440464, 0.44739562, 0.44736415), (0.00021302328, -0.00029185414, -0.9999999), (0.5003183, -0.00028293533, -0.8658415), (0.44730094, -0.44732177, -0.7744837), (0.00015179813, -0.5003048, -0.8658492), (0.50038284, -0.00025564432, -0.8658042), (0.8658286, -0.00028433278, -0.5003407), (0.774433, -0.44733885, -0.44737175), (0.44737035, -0.44731212, -0.7744492), (0.9660041, -0.00032220408, -0.25852698), (0.8623333, -0.4915277, -0.12158126), (0.77447486, -0.447326, -0.44731224), (0.86585516, -0.00025506318, -0.50029474), (0.8623004, -0.4915793, -0.12160564), (0.49160433, -0.86229265, -0.12155944), (0.44737396, -0.7744365, -0.4473308), (0.7744525, -0.4473712, -0.44730574), (0.00020483136, -0.9660075, -0.2585142), (0.00016585086, -0.8658304, -0.50033766), (0.4473425, -0.77445525, -0.4473297), (0.4915215, -0.86233497, -0.121594176), (0.0001514107, -0.8658007, -0.50038904), (0.00020883605, -0.5003565, -0.86581945), (0.44733998, -0.44739395, -0.77441955), (0.44731107, -0.77443314, -0.44739932), (0.44737524, -0.4473628, -0.7744173), (0.77440464, -0.4473922, -0.44736755), (0.44737536, -0.77441984, -0.4473583), (0.00020234287, -0.00030370988, 1), (0.00018057786, -0.5003311, 0.8658342), (0.4473292, -0.44729438, 0.7744833), (0.500293, -0.0002551973, 0.86585623), (0.0001693219, -0.50035137, 0.86582243), (0.00021774322, -0.86581427, 0.5003656), (0.44733223, -0.7744229, 0.44739613), (0.4473066, -0.44734386, 0.77446777), (0.00021244999, -0.9660074, 0.25851426), (0.4915235, -0.8623331, 0.12159839), (0.44729376, -0.7744763, 0.44734183), (0.00017683208, -0.8658559, 0.50029343), (0.49159145, -0.8622955, 0.12159111), (0.86229753, -0.49159217, 0.12157384), (0.77442825, -0.4473873, 0.44733155), (0.44737744, -0.77443117, 0.44733644), (0.9660014, -0.00028899312, 0.25853658), (0.8658408, -0.0002976735, 0.5003195), (0.77446806, -0.44733506, 0.44731477), (0.8623236, -0.49154344, 0.12158518), (0.86581475, -0.00024220347, 0.50036454), (0.5003571, -0.00028811023, 0.8658191), (0.4473803, -0.44730282, 0.7744488), (0.7744324, -0.44733778, 0.44737375), (0.44737855, -0.44735944, 0.7744172), (0.44737196, -0.77441984, 0.4473617), (0.77440464, -0.44739562, 0.44736415), (0.00020234287, 0.00030370988, -1), (0.00018057786, 0.5003311, -0.8658342), (0.4473292, 0.44729438, -0.7744833), (0.500293, 0.0002551973, -0.86585623), (0.0001693219, 0.50035137, -0.86582243), (0.00021774322, 0.86581427, -0.5003656), (0.44733223, 0.7744229, -0.44739613), (0.4473066, 0.44734386, -0.77446777), (0.00021244999, 0.9660074, -0.25851426), (0.4915235, 0.8623331, -0.12159839), (0.44729376, 0.7744763, -0.44734183), (0.00017683208, 0.8658559, -0.50029343), (0.49159145, 0.8622955, -0.12159111), (0.86229753, 0.49159217, -0.12157384), (0.77442825, 0.4473873, -0.44733155), (0.44737744, 0.77443117, -0.44733644), (0.9660014, 0.00028899312, -0.25853658), (0.8658408, 0.0002976735, -0.5003195), (0.77446806, 0.44733506, -0.44731477), (0.8623236, 0.49154344, -0.12158518), (0.86581475, 0.00024220347, -0.50036454), (0.5003571, 0.00028811023, -0.8658191), (0.4473803, 0.44730282, -0.7744488), (0.7744324, 0.44733778, -0.44737375), (0.44737855, 0.44735944, -0.7744172), (0.44737196, 0.77441984, -0.4473617), (0.77440464, 0.44739562, -0.44736415), (0.00021302328, 0.00029185414, 0.9999999), (0.5003183, 0.00028293533, 0.8658415), (0.44730094, 0.44732177, 0.7744837), (0.00015179813, 0.5003048, 0.8658492), (0.50038284, 0.00025564432, 0.8658042), (0.8658286, 0.00028433278, 0.5003407), (0.774433, 0.44733885, 0.44737175), (0.44737035, 0.44731212, 0.7744492), (0.9660041, 0.00032220408, 0.25852698), (0.8623333, 0.4915277, 0.12158126), (0.77447486, 0.447326, 0.44731224), (0.86585516, 0.00025506318, 0.50029474), (0.8623004, 0.4915793, 0.12160564), (0.49160433, 0.86229265, 0.12155944), (0.44737396, 0.7744365, 0.4473308), (0.7744525, 0.4473712, 0.44730574), (0.00020483136, 0.9660075, 0.2585142), (0.00016585086, 0.8658304, 0.50033766), (0.4473425, 0.77445525, 0.4473297), (0.4915215, 0.86233497, 0.121594176), (0.0001514107, 0.8658007, 0.50038904), (0.00020883605, 0.5003565, 0.86581945), (0.44733998, 0.44739395, 0.77441955), (0.44731107, 0.77443314, 0.44739932), (0.44737524, 0.4473628, 0.7744173), (0.77440464, 0.4473922, 0.44736755), (0.44737536, 0.77441984, 0.4473583), (-0.00022275746, 0.0002847553, -0.99999994), (-0.00022271276, -0.00024762377, -0.99999994), (-0.5003034, -0.0002488256, -0.8658501), (-0.5003034, 0.00021151431, -0.8658501), (-0.500356, 0.00024780445, -0.86581975), (-0.500356, -0.0002478014, -0.86581975), (-0.8658153, -0.00024776004, -0.5003637), (-0.86581534, 0.00021060853, -0.50036365), (-0.8658482, 0.00024878117, -0.50030684), (-0.8658482, -0.00017417499, -0.50030684), (-0.9660057, 0, -0.25852087), (-0.9660057, 0, -0.25852087), (-0.00017178059, -0.96601534, -0.25848487), (-0.00020766258, -0.96600574, 0.25852072), (-0.49153984, -0.8623308, 0.12154927), (-0.49153984, -0.8623308, -0.12154927), (-0.4915984, -0.8622928, -0.121581495), (-0.49158603, -0.86230516, 0.12154381), (-0.8622932, -0.49160266, 0.12156218), (-0.8622932, -0.49160266, -0.12156218), (-0.8623389, -0.49152154, -0.12156548), (-0.8623344, -0.4915384, 0.121529266), (-0.9660143, -0.00028154254, 0.25848854), (-0.9660047, -0.00031745434, -0.2585244), (-0.00022275746, -0.0002847553, 0.99999994), (-0.00022271276, 0.00024762377, 0.99999994), (-0.5003034, 0.0002488256, 0.8658501), (-0.5003034, -0.00021151431, 0.8658501), (-0.500356, -0.00024780445, 0.86581975), (-0.500356, 0.0002478014, 0.86581975), (-0.8658153, 0.00024776004, 0.5003637), (-0.86581534, -0.00021060853, 0.50036365), (-0.8658482, -0.00024878117, 0.50030684), (-0.8658482, 0.00017417499, 0.50030684), (-0.9660057, 0, 0.25852087), (-0.9660057, 0, 0.25852087), (-0.00017178059, 0.96601534, 0.25848487), (-0.00020766258, 0.96600574, -0.25852072), (-0.49153984, 0.8623308, -0.12154927), (-0.49153984, 0.8623308, 0.12154927), (-0.4915984, 0.8622928, 0.121581495), (-0.49158603, 0.86230516, -0.12154381), (-0.8622932, 0.49160266, -0.12156218), (-0.8622932, 0.49160266, 0.12156218), (-0.8623389, 0.49152154, 0.12156548), (-0.8623344, 0.4915384, -0.121529266), (-0.9660143, 0.00028154254, -0.25848854), (-0.9660047, 0.00031745434, 0.2585244), (0.00017820024, 0.0003182739, -0.9999999), (-0.00014110222, 0.00031825114, -0.9999999), (-0.00016919833, 0.5003032, -0.8658502), (0.00016914414, 0.5003032, -0.8658502), (0.00013625355, 0.5003701, -0.8658116), (-0.00013625047, 0.5003701, -0.8658116), (-0.00013625267, 0.8657996, -0.500391), (0.00013624958, 0.8657996, -0.500391), (0.00016916936, 0.86585623, -0.5002927), (-0.00016911539, 0.8658563, -0.5002927), (-0.00033544513, 0.96600825, -0.2585107), (0.0003354451, 0.96600825, -0.25851074), (-0.00017820024, 0.0003182739, 0.9999999), (0.00014110222, 0.00031825114, 0.9999999), (0.00016919833, 0.5003032, 0.8658502), (-0.00016914414, 0.5003032, 0.8658502), (-0.00013625355, 0.5003701, 0.8658116), (0.00013625047, 0.5003701, 0.8658116), (0.00013625267, 0.8657996, 0.500391), (-0.00013624958, 0.8657996, 0.500391), (-0.00016916936, 0.86585623, 0.5002927), (0.00016911539, 0.8658563, 0.5002927), (0.00033544513, 0.96600825, 0.2585107), (-0.0003354451, 0.96600825, 0.25851074), (0.9660143, 0.00028154254, 0.25848854), (0.9660047, 0.00031745434, -0.2585244), (0.8623389, 0.49152154, -0.12156548), (0.8623344, 0.4915384, 0.121529266), (0.8622932, 0.49160266, 0.12156218), (0.8622932, 0.49160266, -0.12156218), (0.4915984, 0.8622928, -0.121581495), (0.49158603, 0.86230516, 0.12154381), (0.49153984, 0.8623308, 0.12154927), (0.49153984, 0.8623308, -0.12154927), (0.00017178059, 0.96601534, -0.25848487), (0.00020766258, 0.96600574, 0.25852072), (0.00022275746, -0.0002847553, -0.99999994), (0.00022271276, 0.00024762377, -0.99999994), (0.5003034, 0.0002488256, -0.8658501), (0.5003034, -0.00021151431, -0.8658501), (0.500356, -0.00024780445, -0.86581975), (0.500356, 0.0002478014, -0.86581975), (0.8658153, 0.00024776004, -0.5003637), (0.86581534, -0.00021060853, -0.50036365), (0.8658482, -0.00024878117, -0.50030684), (0.8658482, 0.00017417499, -0.50030684), (0.9660057, 0, -0.25852087), (0.9660057, 0, -0.25852087), (0.00022275746, 0.0002847553, 0.99999994), (0.00022271276, -0.00024762377, 0.99999994), (0.5003034, -0.0002488256, 0.8658501), (0.5003034, 0.00021151431, 0.8658501), (0.500356, 0.00024780445, 0.86581975), (0.500356, -0.0002478014, 0.86581975), (0.8658153, -0.00024776004, 0.5003637), (0.86581534, 0.00021060853, 0.50036365), (0.8658482, 0.00024878117, 0.50030684), (0.8658482, -0.00017417499, 0.50030684), (0.9660057, 0, 0.25852087), (0.9660057, 0, 0.25852087), (0.00017178059, -0.96601534, 0.25848487), (0.00020766258, -0.96600574, -0.25852072), (0.49153984, -0.8623308, -0.12154927), (0.49153984, -0.8623308, 0.12154927), (0.4915984, -0.8622928, 0.121581495), (0.49158603, -0.86230516, -0.12154381), (0.8622932, -0.49160266, -0.12156218), (0.8622932, -0.49160266, 0.12156218), (0.8623389, -0.49152154, 0.12156548), (0.8623344, -0.4915384, -0.121529266), (0.9660143, -0.00028154254, -0.25848854), (0.9660047, -0.00031745434, 0.2585244), (-0.00017820024, -0.0003182739, -0.9999999), (0.00014110222, -0.00031825114, -0.9999999), (0.00016919833, -0.5003032, -0.8658502), (-0.00016914414, -0.5003032, -0.8658502), (-0.00013625355, -0.5003701, -0.8658116), (0.00013625047, -0.5003701, -0.8658116), (0.00013625267, -0.8657996, -0.500391), (-0.00013624958, -0.8657996, -0.500391), (-0.00016916936, -0.86585623, -0.5002927), (0.00016911539, -0.8658563, -0.5002927), (0.00033544513, -0.96600825, -0.2585107), (-0.0003354451, -0.96600825, -0.25851074), (0.00017820024, -0.0003182739, 0.9999999), (-0.00014110222, -0.00031825114, 0.9999999), (-0.00016919833, -0.5003032, 0.8658502), (0.00016914414, -0.5003032, 0.8658502), (0.00013625355, -0.5003701, 0.8658116), (-0.00017346063, -0.50037014, 0.8658116), (-0.00013625267, -0.8657996, 0.500391), (0.00013624958, -0.8657996, 0.500391), (0.00016916936, -0.86585623, 0.5002927), (-0.00016911539, -0.8658563, 0.5002927), (-0.0004792073, -0.96600723, 0.25851443), (0.0003354451, -0.96600825, 0.25851074), (-0.00026471206, 0.00039967004, -0.9999999), (0.00026471206, 0.00039967004, -0.9999999), (0.00026471206, -0.00039967004, -0.9999999), (-0.00026471206, -0.00039967004, -0.9999999), (-0.9660147, -0.00024784578, -0.25848708), (-0.9660147, -0.00024784886, 0.25848708), (-0.9660147, 0.00024784578, 0.25848708), (-0.9660147, 0.00024784886, -0.25848708), (0.00017349116, -0.9660271, -0.25844082), (0.00017343264, -0.9660271, 0.25844082), (-0.00017349116, -0.9660271, 0.25844082), (-0.00017343264, -0.9660271, -0.25844082), (0.00026471206, 0.00039967004, 0.9999999), (-0.00026471206, 0.00039967004, 0.9999999), (-0.00026471206, -0.00039967004, 0.9999999), (0.00026471206, -0.00039967004, 0.9999999), (-0.00017349116, 0.9660271, -0.25844082), (-0.00017343264, 0.9660271, 0.25844082), (0.00017349116, 0.9660271, 0.25844082), (0.00017343264, 0.9660271, -0.25844082), (0.9660147, 0.00024784578, -0.25848708), (0.9660147, 0.00024784886, 0.25848708), (0.9660147, -0.00024784578, 0.25848708), (0.9660147, -0.00024784886, -0.25848708)] (
                        interpolation = "faceVarying"
                    )
                    point3f[] points = [(-0.045875, -0.030375, -0.000125), (-0.045875, -0.0305, -1.4551915e-11), (-0.046, -0.030375, -1.4551915e-11), (-0.045874998, -0.030437417, -0.00010830048), (-0.045937415, -0.030375, -0.00010830048), (-0.045934774, -0.030434776, -0.00009207908), (-0.045937415, -0.0304833, -1.4551915e-11), (-0.045874998, -0.0304833, -0.00006241801), (-0.045934774, -0.03046708, -0.00005977646), (-0.045983296, -0.030375, -0.00006241801), (-0.045983296, -0.030437417, -1.4551915e-11), (-0.045967076, -0.030434776, -0.00005977646), (-0.045875, -0.0305, 1.4551915e-11), (-0.045875, -0.030375, 0.000125), (-0.046, -0.030375, 1.4551915e-11), (-0.045874998, -0.0304833, 0.00006241801), (-0.045937415, -0.0304833, 1.4551915e-11), (-0.045934774, -0.03046708, 0.000059776456), (-0.045937415, -0.030375, 0.00010830048), (-0.045874998, -0.030437417, 0.00010830048), (-0.045934774, -0.030434776, 0.00009207908), (-0.045983296, -0.030437417, 1.4551915e-11), (-0.045983296, -0.030375, 0.00006241801), (-0.045967076, -0.030434776, 0.00005977646), (-0.045875, 0.030375, -0.000125), (-0.046, 0.030375, -1.4551915e-11), (-0.045875, 0.0305, -1.4551915e-11), (-0.045937415, 0.030375, -0.00010830048), (-0.045874998, 0.030437417, -0.00010830048), (-0.045934774, 0.030434776, -0.00009207908), (-0.045983296, 0.030437417, -1.4551915e-11), (-0.045983296, 0.030375, -0.00006241801), (-0.045967076, 0.030434776, -0.00005977646), (-0.045874998, 0.0304833, -0.00006241801), (-0.045937415, 0.0304833, -1.4551915e-11), (-0.045934774, 0.03046708, -0.00005977646), (-0.045875, 0.030375, 0.000125), (-0.045875, 0.0305, 1.4551915e-11), (-0.046, 0.030375, 1.4551915e-11), (-0.045874998, 0.030437417, 0.00010830048), (-0.045937415, 0.030375, 0.00010830048), (-0.045934774, 0.030434776, 0.00009207908), (-0.045937415, 0.0304833, 1.4551915e-11), (-0.045874998, 0.0304833, 0.00006241801), (-0.045934774, 0.03046708, 0.00005977646), (-0.045983296, 0.030375, 0.00006241801), (-0.045983296, 0.030437417, 1.4551915e-11), (-0.045967076, 0.030434776, 0.00005977646), (0.045875, -0.030375, -0.000125), (0.046, -0.030375, -1.4551915e-11), (0.045875, -0.0305, -1.4551915e-11), (0.045937415, -0.030375, -0.00010830048), (0.045874998, -0.030437417, -0.00010830048), (0.045934774, -0.030434776, -0.00009207908), (0.045983296, -0.030437417, -1.4551915e-11), (0.045983296, -0.030375, -0.00006241801), (0.045967076, -0.030434776, -0.00005977646), (0.045874998, -0.0304833, -0.00006241801), (0.045937415, -0.0304833, -1.4551915e-11), (0.045934774, -0.03046708, -0.00005977646), (0.045875, -0.030375, 0.000125), (0.045875, -0.0305, 1.4551915e-11), (0.046, -0.030375, 1.4551915e-11), (0.045874998, -0.030437417, 0.00010830048), (0.045937415, -0.030375, 0.00010830048), (0.045934774, -0.030434776, 0.00009207908), (0.045937415, -0.0304833, 1.4551915e-11), (0.045874998, -0.0304833, 0.00006241801), (0.045934774, -0.03046708, 0.00005977646), (0.045983296, -0.030375, 0.00006241801), (0.045983296, -0.030437417, 1.4551915e-11), (0.045967076, -0.030434776, 0.00005977646), (0.045875, 0.030375, -0.000125), (0.045875, 0.0305, -1.4551915e-11), (0.046, 0.030375, -1.4551915e-11), (0.045874998, 0.030437417, -0.00010830048), (0.045937415, 0.030375, -0.00010830048), (0.045934774, 0.030434776, -0.00009207908), (0.045937415, 0.0304833, -1.4551915e-11), (0.045874998, 0.0304833, -0.00006241801), (0.045934774, 0.03046708, -0.00005977646), (0.045983296, 0.030375, -0.00006241801), (0.045983296, 0.030437417, -1.4551915e-11), (0.045967076, 0.030434776, -0.00005977646), (0.045875, 0.030375, 0.000125), (0.046, 0.030375, 1.4551915e-11), (0.045875, 0.0305, 1.4551915e-11), (0.045937415, 0.030375, 0.00010830048), (0.045874998, 0.030437417, 0.00010830048), (0.045934774, 0.030434776, 0.00009207908), (0.045983296, 0.030437417, 1.4551915e-11), (0.045983296, 0.030375, 0.00006241801), (0.045967076, 0.030434776, 0.00005977646), (0.045874998, 0.0304833, 0.00006241801), (0.045937415, 0.0304833, 1.4551915e-11), (0.045934774, 0.03046708, 0.00005977646)]
                    texCoord2f[] primvars:st = [(0.12533966, 0.7494877), (0.12533969, 0.74974346), (0.12517726, 0.74973273), (0.12517007, 0.7494877), (0.12533969, 0.74974346), (0.12533967, 0.74999994), (0.12517728, 0.75000006), (0.12517726, 0.74973273), (0.49999994, 0.9996603), (0.5, 1), (0.375, 0.99982274), (0.37499997, 0.9996603), (0.5, 0), (0.5, 0.00025648778), (0.375, 0.00026732686), (0.375, 0), (0.49999994, 0.0005122961), (0.37500003, 0.0005123019), (0.375, 0.00026732686), (0.5, 0.00025648778), (0.125, 0.7494877), (0.12517007, 0.7494877), (0.12517726, 0.74973273), (0.125, 0.7497327), (0.12517726, 0.74973273), (0.12517728, 0.75000006), (0.125, 0.7497327), (0.49999997, 0.99966025), (0.56241804, 0.9996603), (0.5597764, 0.9998228), (0.5, 1), (0.56241804, 0.9996603), (0.62499994, 0.99966025), (0.62500006, 0.9998228), (0.5597764, 0.9998228), (0.8746603, 0.7494876), (0.875, 0.7494877), (0.8748228, 0.75000006), (0.8746603, 0.75), (0.6249999, 0.0005122961), (0.56241804, 0.00051229616), (0.5597764, 0.00026731248), (0.625, 0), (0.5, 0.0005122961), (0.50000006, 0.00025648775), (0.5597764, 0.00026731248), (0.56241804, 0.00051229616), (0.50000006, 0.00025648775), (0.49999997, 0), (0.5597764, 0.00013491962), (0.5597764, 0.00026731248), (0.5597764, 0.9998228), (0.62500006, 0.9998228), (0.5597764, 0.99991053), (0.12533966, 0.50051224), (0.12517007, 0.5005123), (0.12517723, 0.5002674), (0.12533969, 0.5002565), (0.12517007, 0.5005123), (0.125, 0.50051224), (0.125, 0.5002674), (0.12517723, 0.5002674), (0.5, 0.24948768), (0.5, 0.24974352), (0.375, 0.2497327), (0.37500003, 0.24948768), (0.5, 0.24974352), (0.49999997, 0.25017005), (0.375, 0.25017726), (0.375, 0.2497327), (0.49999994, 0.25033966), (0.37499997, 0.2503397), (0.375, 0.25017726), (0.49999997, 0.25017005), (0.12533967, 0.49999997), (0.12533969, 0.5002565), (0.12517723, 0.5002674), (0.12517726, 0.5), (0.12517723, 0.5002674), (0.125, 0.5002674), (0.12517726, 0.5), (0.8746604, 0.5005123), (0.8746603, 0.5), (0.87482274, 0.5), (0.87500006, 0.50051236), (0.6249999, 0.2503397), (0.5624181, 0.2503397), (0.5597764, 0.25017723), (0.62500006, 0.25009906), (0.49999997, 0.25033966), (0.5, 0.25017005), (0.5597764, 0.25017723), (0.5624181, 0.2503397), (0.5, 0.25017005), (0.49999997, 0.24974349), (0.55977654, 0.2497603), (0.5597764, 0.25017723), (0.5, 0.24948768), (0.5624179, 0.24948768), (0.55977654, 0.2497603), (0.49999997, 0.24974349), (0.5624179, 0.24948768), (0.62499994, 0.24948768), (0.62500006, 0.25009906), (0.55977654, 0.2497603), (0.62500006, 0.25009906), (0.5597764, 0.25017723), (0.55977654, 0.2497603), (0.3746603, 0.7494876), (0.3748299, 0.7494877), (0.37482277, 0.7497327), (0.37466034, 0.74974346), (0.3748299, 0.7494877), (0.43758202, 0.74948776), (0.4351696, 0.7497326), (0.37482277, 0.7497327), (0.5, 0.74948776), (0.49999997, 0.74974346), (0.4351696, 0.7497326), (0.43758202, 0.74948776), (0.49999997, 0.74974346), (0.49999994, 0.7501701), (0.3749349, 0.7501122), (0.4351696, 0.7497326), (0.49999994, 0.7503395), (0.3748298, 0.75016946), (0.3749349, 0.7501122), (0.49999994, 0.7501701), (0.3748298, 0.75016946), (0.37466034, 0.74974346), (0.37482277, 0.7497327), (0.3749349, 0.7501122), (0.37482277, 0.7497327), (0.4351696, 0.7497326), (0.3749349, 0.7501122), (0.6253397, 0.7494877), (0.62516946, 0.7501702), (0.6251122, 0.75006515), (0.6251702, 0.74948776), (0.62516946, 0.7501702), (0.56241804, 0.7503398), (0.5597764, 0.7501773), (0.6251122, 0.75006515), (0.49999997, 0.7503395), (0.5, 0.7501701), (0.5597764, 0.7501773), (0.56241804, 0.7503398), (0.5, 0.7501701), (0.5, 0.7497435), (0.5597765, 0.7497603), (0.5597764, 0.7501773), (0.5, 0.74948776), (0.562418, 0.7494877), (0.5597765, 0.7497603), (0.5, 0.7497435), (0.562418, 0.7494877), (0.6251702, 0.74948776), (0.6251122, 0.75006515), (0.5597765, 0.7497603), (0.6251122, 0.75006515), (0.5597764, 0.7501773), (0.5597765, 0.7497603), (0.37466034, 0.5005123), (0.37466034, 0.5002565), (0.3748228, 0.5002673), (0.37482992, 0.5005123), (0.37466034, 0.5002565), (0.3748298, 0.49983048), (0.37493488, 0.4998878), (0.3748228, 0.5002673), (0.49999994, 0.49966028), (0.5, 0.49982998), (0.37493488, 0.4998878), (0.3748298, 0.49983048), (0.5, 0.49982998), (0.5, 0.5002565), (0.43516952, 0.5002673), (0.37493488, 0.4998878), (0.49999994, 0.5005123), (0.43758202, 0.5005123), (0.43516952, 0.5002673), (0.5, 0.5002565), (0.43758202, 0.5005123), (0.37482992, 0.5005123), (0.3748228, 0.5002673), (0.43516952, 0.5002673), (0.3748228, 0.5002673), (0.37493488, 0.4998878), (0.43516952, 0.5002673), (0.6253397, 0.5005123), (0.62517005, 0.5005123), (0.61302066, 0.50013846), (0.6251695, 0.49982983), (0.62517005, 0.5005123), (0.56241804, 0.5005123), (0.5597764, 0.5002674), (0.61302066, 0.50013846), (0.5, 0.5005123), (0.50000006, 0.5002565), (0.5597764, 0.5002674), (0.56241804, 0.5005123), (0.50000006, 0.5002565), (0.50000006, 0.49982998), (0.5597764, 0.49984694), (0.5597764, 0.5002674), (0.49999997, 0.49966028), (0.56241804, 0.49966034), (0.5597764, 0.49984694), (0.50000006, 0.49982998), (0.56241804, 0.49966034), (0.6251695, 0.49982983), (0.61302066, 0.50013846), (0.5597764, 0.49984694), (0.61302066, 0.50013846), (0.5597764, 0.5002674), (0.5597764, 0.49984694), (0.12533966, 0.50051224), (0.12533966, 0.7494877), (0.12517007, 0.7494877), (0.12517007, 0.5005123), (0.12517007, 0.5005123), (0.12517007, 0.7494877), (0.125, 0.7494877), (0.125, 0.50051224), (0.37500003, 0.24948768), (0.37500003, 0.0005123019), (0.49999994, 0.0005122961), (0.5, 0.24948768), (0.49999994, 0.9996603), (0.49999997, 0.99966025), (0.5, 1), (0.5, 1), (0.5, 0), (0.49999997, 0), (0.50000006, 0.00025648775), (0.5, 0.00025648778), (0.5, 0.00025648778), (0.50000006, 0.00025648775), (0.5, 0.0005122961), (0.49999994, 0.0005122961), (0.8746603, 0.7494876), (0.8746604, 0.5005123), (0.87500006, 0.50051236), (0.875, 0.7494877), (0.6249999, 0.0005122961), (0.62499994, 0.24948768), (0.5624179, 0.24948768), (0.56241804, 0.00051229616), (0.56241804, 0.00051229616), (0.5624179, 0.24948768), (0.5, 0.24948768), (0.5, 0.0005122961), (0.49999997, 0.25033966), (0.49999994, 0.25033966), (0.49999997, 0.25017005), (0.5, 0.25017005), (0.5, 0.25017005), (0.49999997, 0.25017005), (0.5, 0.24974352), (0.49999997, 0.24974349), (0.49999997, 0.24974349), (0.5, 0.24974352), (0.5, 0.24948768), (0.5, 0.24948768), (0.37466034, 0.5005123), (0.12533966, 0.50051224), (0.12533969, 0.5002565), (0.37466034, 0.5002565), (0.37466034, 0.5002565), (0.12533969, 0.5002565), (0.12533967, 0.49999997), (0.3748298, 0.49983048), (0.3748298, 0.49983048), (0.37499997, 0.2503397), (0.49999994, 0.25033966), (0.49999994, 0.49966028), (0.8746604, 0.5005123), (0.6253397, 0.5005123), (0.6251695, 0.49982983), (0.8746603, 0.5), (0.6249999, 0.2503397), (0.6251695, 0.49982983), (0.56241804, 0.49966034), (0.5624181, 0.2503397), (0.5624181, 0.2503397), (0.56241804, 0.49966034), (0.49999997, 0.49966028), (0.49999997, 0.25033966), (0.5, 0.5005123), (0.49999994, 0.5005123), (0.5, 0.5002565), (0.50000006, 0.5002565), (0.50000006, 0.5002565), (0.5, 0.5002565), (0.5, 0.49982998), (0.50000006, 0.49982998), (0.50000006, 0.49982998), (0.5, 0.49982998), (0.49999994, 0.49966028), (0.49999997, 0.49966028), (0.3746603, 0.7494876), (0.37466034, 0.5005123), (0.37482992, 0.5005123), (0.3748299, 0.7494877), (0.3748299, 0.7494877), (0.37482992, 0.5005123), (0.43758202, 0.5005123), (0.43758202, 0.74948776), (0.43758202, 0.74948776), (0.43758202, 0.5005123), (0.49999994, 0.5005123), (0.5, 0.74948776), (0.6253397, 0.5005123), (0.6253397, 0.7494877), (0.6251702, 0.74948776), (0.62517005, 0.5005123), (0.62517005, 0.5005123), (0.6251702, 0.74948776), (0.562418, 0.7494877), (0.56241804, 0.5005123), (0.56241804, 0.5005123), (0.562418, 0.7494877), (0.5, 0.74948776), (0.5, 0.5005123), (0.49999997, 0.7503395), (0.49999994, 0.7503395), (0.49999994, 0.7501701), (0.5, 0.7501701), (0.5, 0.7501701), (0.49999994, 0.7501701), (0.49999997, 0.74974346), (0.5, 0.7497435), (0.5, 0.7497435), (0.49999997, 0.74974346), (0.5, 0.74948776), (0.5, 0.74948776), (0.12533966, 0.7494877), (0.3746603, 0.7494876), (0.37466034, 0.74974346), (0.12533969, 0.74974346), (0.12533969, 0.74974346), (0.37466034, 0.74974346), (0.3748298, 0.75016946), (0.12533967, 0.74999994), (0.37499997, 0.9996603), (0.3748298, 0.75016946), (0.49999994, 0.7503395), (0.49999994, 0.9996603), (0.6253397, 0.7494877), (0.8746603, 0.7494876), (0.8746603, 0.75), (0.62516946, 0.7501702), (0.62516946, 0.7501702), (0.62499994, 0.99966025), (0.56241804, 0.9996603), (0.56241804, 0.7503398), (0.56241804, 0.7503398), (0.56241804, 0.9996603), (0.49999997, 0.99966025), (0.49999997, 0.7503395), (0.12533966, 0.50051224), (0.37466034, 0.5005123), (0.3746603, 0.7494876), (0.12533966, 0.7494877), (0.49999994, 0.0005122961), (0.5, 0.0005122961), (0.5, 0.24948768), (0.5, 0.24948768), (0.49999994, 0.7503395), (0.49999997, 0.7503395), (0.49999997, 0.99966025), (0.49999994, 0.9996603), (0.6253397, 0.5005123), (0.8746604, 0.5005123), (0.8746603, 0.7494876), (0.6253397, 0.7494877), (0.49999994, 0.25033966), (0.49999997, 0.25033966), (0.49999997, 0.49966028), (0.49999994, 0.49966028), (0.49999994, 0.5005123), (0.5, 0.5005123), (0.5, 0.74948776), (0.5, 0.74948776)] (
                        interpolation = "faceVarying"
                    )
                    uniform token subdivisionScheme = "none"
                    custom string userProperties:blender:data_name = "Cube.005"
                }
            }

            def Xform "Print_EXPRESS"
            {
                custom string userProperties:blender:object_name = "Print_EXPRESS"
                float3 xformOp:rotateXYZ = (0, -0, 0)
                float3 xformOp:scale = (1, 1, 1)
                double3 xformOp:translate = (-0.0414000004529953, 0.018300000578165054, 0.00020000338554382324)
                uniform token[] xformOpOrder = ["xformOp:translate", "xformOp:rotateXYZ", "xformOp:scale"]

                def Mesh "Printing" (
                    active = true
                    prepend apiSchemas = ["MaterialBindingAPI"]
                )
                {
                    uniform bool doubleSided = 1
                    float3[] extent = [(0.00041250003, -0.000049500002, 0), (0.020383, 0.0038005002, 0)]
                    int[] faceVertexCounts = [3, 3, 3, 3, 3, 3, 3, 3, 3, 3, 3, 3, 3, 3, 3, 3, 3, 3, 3, 3, 3, 3, 3, 3, 3, 3, 3, 3, 3, 3, 3, 3, 3, 3, 3, 3, 3, 3, 3, 3, 3, 3, 3, 3, 3, 3, 3, 3, 3, 3, 3, 3, 3, 3, 3, 3, 3, 3, 3, 3, 3, 3, 3, 3, 3, 3, 3, 3, 3, 3, 3, 3, 3, 3, 3, 3, 3, 3, 3, 3, 3, 3, 3, 3, 3, 3, 3, 3, 3, 3, 3, 3, 3, 3, 3, 3, 3, 3, 3, 3, 3, 3, 3, 3, 3, 3, 3, 3, 3, 3]
                    int[] faceVertexIndices = [3, 1, 2, 3, 0, 1, 3, 20, 0, 20, 21, 0, 4, 18, 3, 18, 19, 3, 19, 20, 3, 4, 17, 18, 4, 16, 17, 5, 16, 4, 5, 15, 16, 6, 15, 5, 11, 9, 10, 6, 14, 15, 7, 14, 6, 8, 14, 7, 11, 8, 9, 11, 14, 8, 12, 14, 11, 12, 13, 14, 25, 23, 24, 25, 22, 23, 25, 42, 22, 42, 43, 22, 26, 40, 25, 40, 41, 25, 41, 42, 25, 26, 39, 40, 26, 38, 39, 27, 38, 26, 27, 37, 38, 28, 37, 27, 33, 31, 32, 28, 36, 37, 29, 36, 28, 30, 36, 29, 33, 30, 31, 33, 36, 30, 34, 36, 33, 34, 35, 36, 46, 54, 45, 54, 44, 45, 54, 55, 44, 46, 53, 54, 46, 50, 53, 50, 52, 53, 50, 51, 52, 46, 49, 50, 46, 48, 49, 46, 47, 48, 57, 73, 56, 73, 72, 56, 73, 71, 72, 73, 74, 71, 74, 75, 71, 75, 70, 71, 57, 79, 73, 76, 70, 75, 77, 70, 76, 77, 69, 70, 78, 69, 77, 78, 68, 69, 57, 59, 79, 59, 78, 79, 59, 68, 78, 59, 60, 68, 60, 67, 68, 57, 58, 59, 61, 67, 60, 62, 67, 61, 62, 66, 67, 63, 66, 62, 63, 65, 66, 63, 64, 65, 81, 89, 80, 89, 88, 80, 89, 87, 88, 89, 90, 87, 90, 91, 87, 91, 86, 87, 81, 95, 89, 92, 86, 91, 93, 86, 92, 93, 85, 86, 94, 85, 93, 81, 83, 95, 83, 94, 95, 83, 85, 94, 83, 84, 85, 81, 82, 83, 101, 99, 100, 101, 98, 99, 98, 96, 97, 98, 107, 96, 101, 107, 98, 102, 107, 101, 102, 104, 107, 104, 106, 107, 102, 103, 104, 105, 106, 104, 110, 118, 109, 118, 108, 109, 118, 119, 108, 110, 117, 118, 110, 114, 117, 114, 116, 117, 114, 115, 116, 110, 113, 114, 110, 112, 113, 110, 111, 112]
                    rel material:binding = </Asset/_materials/Printed_dark_ink>
                    normal3f[] normals = [(0, 0, 1), (0, 0, 1), (0, 0, 1), (0, 0, 0.99999994), (0, 0, 0.99999994), (0, 0, 0.99999994), (0, 0, 1), (0, 0, 1), (0, 0, 1), (0, 0, 0.99999994), (0, 0, 0.99999994), (0, 0, 0.99999994), (0, 0, 1), (0, 0, 1), (0, 0, 1), (0, 0, 1), (0, 0, 1), (0, 0, 1), (0, 0, 1), (0, 0, 1), (0, 0, 1), (0, 0, 1), (0, 0, 1), (0, 0, 1), (0, 0, 0.99999994), (0, 0, 0.99999994), (0, 0, 0.99999994), (0, 0, 0.99999994), (0, 0, 0.99999994), (0, 0, 0.99999994), (0, 0, 1), (0, 0, 1), (0, 0, 1), (0, 0, 1), (0, 0, 1), (0, 0, 1), (0, 0, 1), (0, 0, 1), (0, 0, 1), (0, 0, 0.99999994), (0, 0, 0.99999994), (0, 0, 0.99999994), (0, 0, 1), (0, 0, 1), (0, 0, 1), (0, 0, 1), (0, 0, 1), (0, 0, 1), (0, 0, 1), (0, 0, 1), (0, 0, 1), (0, 0, 1), (0, 0, 1), (0, 0, 1), (0, 0, 0.99999994), (0, 0, 0.99999994), (0, 0, 0.99999994), (0, 0, 1), (0, 0, 1), (0, 0, 1), (0, 0, 1), (0, 0, 1), (0, 0, 1), (0, 0, 1), (0, 0, 1), (0, 0, 1), (0, 0, 1), (0, 0, 1), (0, 0, 1), (0, 0, 0.99999994), (0, 0, 0.99999994), (0, 0, 0.99999994), (0, 0, 1), (0, 0, 1), (0, 0, 1), (0, 0, 1), (0, 0, 1), (0, 0, 1), (0, 0, 1), (0, 0, 1), (0, 0, 1), (0, 0, 1), (0, 0, 1), (0, 0, 1), (0, 0, 0.99999994), (0, 0, 0.99999994), (0, 0, 0.99999994), (0, 0, 0.99999994), (0, 0, 0.99999994), (0, 0, 0.99999994), (0, 0, 1), (0, 0, 1), (0, 0, 1), (0, 0, 1), (0, 0, 1), (0, 0, 1), (0, 0, 1), (0, 0, 1), (0, 0, 1), (0, 0, 0.99999994), (0, 0, 0.99999994), (0, 0, 0.99999994), (0, 0, 1), (0, 0, 1), (0, 0, 1), (0, 0, 1), (0, 0, 1), (0, 0, 1), (0, 0, 1), (0, 0, 1), (0, 0, 1), (0, 0, 1), (0, 0, 1), (0, 0, 1), (0, 0, 1), (0, 0, 1), (0, 0, 1), (0, 0, 1), (0, 0, 1), (0, 0, 1), (0, 0, 1), (0, 0, 1), (0, 0, 1), (0, 0, 1), (0, 0, 1), (0, 0, 1), (0, 0, 1), (0, 0, 1), (0, 0, 1), (0, 0, 1), (0, 0, 1), (0, 0, 1), (0, 0, 1), (0, 0, 1), (0, 0, 1), (0, 0, 1), (0, 0, 1), (0, 0, 1), (0, 0, 1), (0, 0, 1), (0, 0, 1), (0, 0, 1), (0, 0, 1), (0, 0, 1), (0, 0, 0.99999994), (0, 0, 0.99999994), (0, 0, 0.99999994), (0, 0, 1), (0, 0, 1), (0, 0, 1), (0, 0, 1), (0, 0, 1), (0, 0, 1), (0, 0, 1), (0, 0, 1), (0, 0, 1), (0, 0, 0.99999994), (0, 0, 0.99999994), (0, 0, 0.99999994), (0, 0, 1), (0, 0, 1), (0, 0, 1), (0, 0, 1), (0, 0, 1), (0, 0, 1), (0, 0, 0.99999994), (0, 0, 0.99999994), (0, 0, 0.99999994), (0, 0, 1), (0, 0, 1), (0, 0, 1), (0, 0, 1), (0, 0, 1), (0, 0, 1), (0, 0, 1), (0, 0, 1), (0, 0, 1), (0, 0, 1), (0, 0, 1), (0, 0, 1), (0, 0, 1), (0, 0, 1), (0, 0, 1), (0, 0, 1), (0, 0, 1), (0, 0, 1), (0, 0, 1), (0, 0, 1), (0, 0, 1), (0, 0, 1), (0, 0, 1), (0, 0, 1), (0, 0, 1), (0, 0, 1), (0, 0, 1), (0, 0, 1), (0, 0, 1), (0, 0, 1), (0, 0, 1), (0, 0, 1), (0, 0, 1), (0, 0, 1), (0, 0, 1), (0, 0, 1), (0, 0, 1), (0, 0, 1), (0, 0, 1), (0, 0, 1), (0, 0, 1), (0, 0, 1), (0, 0, 1), (0, 0, 1), (0, 0, 1), (0, 0, 1), (0, 0, 1), (0, 0, 1), (0, 0, 0.99999994), (0, 0, 0.99999994), (0, 0, 0.99999994), (0, 0, 1), (0, 0, 1), (0, 0, 1), (0, 0, 1), (0, 0, 1), (0, 0, 1), (0, 0, 1), (0, 0, 1), (0, 0, 1), (0, 0, 1), (0, 0, 1), (0, 0, 1), (0, 0, 1), (0, 0, 1), (0, 0, 1), (0, 0, 1), (0, 0, 1), (0, 0, 1), (0, 0, 1), (0, 0, 1), (0, 0, 1), (0, 0, 1), (0, 0, 1), (0, 0, 1), (0, 0, 1), (0, 0, 1), (0, 0, 1), (0, 0, 1), (0, 0, 1), (0, 0, 1), (0, 0, 0.99999994), (0, 0, 0.99999994), (0, 0, 0.99999994), (0, 0, 1), (0, 0, 1), (0, 0, 1), (0, 0, 1), (0, 0, 1), (0, 0, 1), (0, 0, 1), (0, 0, 1), (0, 0, 1), (0, 0, 1), (0, 0, 1), (0, 0, 1), (0, 0, 1), (0, 0, 1), (0, 0, 1), (0, 0, 0.99999994), (0, 0, 0.99999994), (0, 0, 0.99999994), (0, 0, 1), (0, 0, 1), (0, 0, 1), (0, 0, 1), (0, 0, 1), (0, 0, 1), (0, 0, 0.99999994), (0, 0, 0.99999994), (0, 0, 0.99999994), (0, 0, 1), (0, 0, 1), (0, 0, 1), (0, 0, 1), (0, 0, 1), (0, 0, 1), (0, 0, 0.99999994), (0, 0, 0.99999994), (0, 0, 0.99999994), (0, 0, 1), (0, 0, 1), (0, 0, 1), (0, 0, 1), (0, 0, 1), (0, 0, 1), (0, 0, 1), (0, 0, 1), (0, 0, 1), (0, 0, 1), (0, 0, 1), (0, 0, 1), (0, 0, 1), (0, 0, 1), (0, 0, 1), (0, 0, 1), (0, 0, 1), (0, 0, 1), (0, 0, 1), (0, 0, 1), (0, 0, 1), (0, 0, 1), (0, 0, 1), (0, 0, 1), (0, 0, 1), (0, 0, 1), (0, 0, 1), (0, 0, 1), (0, 0, 1), (0, 0, 1), (0, 0, 1), (0, 0, 1), (0, 0, 1), (0, 0, 1), (0, 0, 1), (0, 0, 1), (0, 0, 1), (0, 0, 1), (0, 0, 1), (0, 0, 1), (0, 0, 1), (0, 0, 1)] (
                        interpolation = "faceVarying"
                    )
                    point3f[] points = [(0.0202345, 0.0035365, 0), (0.01982475, 0.0037345001, 0), (0.0193985, 0.0038005002, 0), (0.018571436, 0.0035289377, 0), (0.01826, 0.0027995, 0), (0.019071251, 0.0017586251, 0), (0.0198825, 0.00090750004, 0), (0.019733999, 0.000592625, 0), (0.019272, 0.00043450002, 0), (0.018741937, 0.00057475, 0), (0.018282, 0.000979, 0), (0.018282, 0.00029700002, 0), (0.018772187, 0.00003506249, 0), (0.019332498, -0.000049500002, 0), (0.020084625, 0.00023856253, 0), (0.020383, 0.0009680001, 0), (0.019571751, 0.002096875, 0), (0.0187605, 0.002871, 0), (0.018927563, 0.0031927503, 0), (0.0193545, 0.0033165002, 0), (0.01976975, 0.0032346877, 0), (0.0202345, 0.002926, 0), (0.017715499, 0.0035365, 0), (0.01730575, 0.0037345001, 0), (0.0168795, 0.0038005002, 0), (0.016052438, 0.0035289377, 0), (0.015741, 0.0027995, 0), (0.01655225, 0.0017586251, 0), (0.0173635, 0.00090750004, 0), (0.017214999, 0.000592625, 0), (0.016753, 0.00043450002, 0), (0.016222939, 0.00057475, 0), (0.015763, 0.000979, 0), (0.015763, 0.00029700002, 0), (0.016253188, 0.00003506249, 0), (0.016813502, -0.000049500002, 0), (0.017565625, 0.00023856253, 0), (0.017864, 0.0009680001, 0), (0.017052751, 0.002096875, 0), (0.0162415, 0.002871, 0), (0.016408563, 0.0031927503, 0), (0.016835501, 0.0033165002, 0), (0.01725075, 0.0032346877, 0), (0.017715499, 0.002926, 0), (0.015311999, 0.0037510002, 0), (0.013183501, 0.0037510002, 0), (0.013183501, 0, 0), (0.0153615, 0, 0), (0.0153615, 0.00048400005, 0), (0.013722501, 0.00048400005, 0), (0.013722501, 0.0016500001, 0), (0.015257001, 0.0016500001, 0), (0.015257001, 0.002134, 0), (0.013722501, 0.002134, 0), (0.013722501, 0.0032670002, 0), (0.015311999, 0.0032670002, 0), (0.0098725, 0.0037510002, 0), (0.0098725, 0, 0), (0.010411499, 0, 0), (0.010411499, 0.001628, 0), (0.010636999, 0.001628, 0), (0.01105225, 0.00148775, 0), (0.0116325, 0.00077, 0), (0.012127499, 0, 0), (0.012771, 0, 0), (0.012478125, 0.00040837502, 0), (0.0122595, 0.0007425, 0), (0.011862125, 0.001353, 0), (0.011423499, 0.001782, 0), (0.011887562, 0.002138125, 0), (0.0120505, 0.0027005002, 0), (0.011719125, 0.0034691251, 0), (0.0108185, 0.0037510002, 0), (0.010411499, 0.0032890004, 0), (0.0107579995, 0.0032890004, 0), (0.011320375, 0.00313775, 0), (0.011495, 0.0027225001, 0), (0.011345125, 0.0022996876, 0), (0.0107579995, 0.002112, 0), (0.010411499, 0.002112, 0), (0.0070289997, 0.0037510002, 0), (0.0070289997, 0, 0), (0.0075679994, 0, 0), (0.0075679994, 0.0016225001, 0), (0.008129, 0.0016225001, 0), (0.009087374, 0.0019270625, 0), (0.009393999, 0.002673, 0), (0.009104562, 0.0034347503, 0), (0.008200499, 0.0037510002, 0), (0.0075679994, 0.0032670002, 0), (0.008200499, 0.0032670002, 0), (0.008703062, 0.003084125, 0), (0.0088385, 0.002695, 0), (0.008659062, 0.0022605, 0), (0.0081784995, 0.0021065, 0), (0.0075679994, 0.0021065, 0), (0.0065285, 0.0037510002, 0), (0.0058795, 0.0037510002, 0), (0.004708, 0.0023210002, 0), (0.003531, 0.0037510002, 0), (0.0028765, 0.0037510002, 0), (0.004378, 0.0019415001, 0), (0.0027609998, 0, 0), (0.0034155, 0, 0), (0.004708, 0.001551, 0), (0.0059840004, 0, 0), (0.0066330004, 0, 0), (0.0050325003, 0.0019415001, 0), (0.002541, 0.0037510002, 0), (0.00041250003, 0.0037510002, 0), (0.00041250003, 0, 0), (0.0025905, 0, 0), (0.0025905, 0.00048400005, 0), (0.0009515, 0.00048400005, 0), (0.0009515, 0.0016500001, 0), (0.002486, 0.0016500001, 0), (0.002486, 0.002134, 0), (0.0009515, 0.002134, 0), (0.0009515, 0.0032670002, 0), (0.002541, 0.0032670002, 0)]
                    texCoord2f[] primvars:st = [(0.14285715, 0), (0.04761905, 0), (0.0952381, 0), (0.14285715, 0), (0, 0), (0.04761905, 0), (0.14285715, 0), (0.95238096, 0), (0, 0), (0.95238096, 0), (1, 0), (0, 0), (0.1904762, 0), (0.85714287, 0), (0.14285715, 0), (0.85714287, 0), (0.9047619, 0), (0.14285715, 0), (0.9047619, 0), (0.95238096, 0), (0.14285715, 0), (0.1904762, 0), (0.8095238, 0), (0.85714287, 0), (0.1904762, 0), (0.7619048, 0), (0.8095238, 0), (0.23809524, 0), (0.7619048, 0), (0.1904762, 0), (0.23809524, 0), (0.71428573, 0), (0.7619048, 0), (0.2857143, 0), (0.71428573, 0), (0.23809524, 0), (0.52380955, 0), (0.42857143, 0), (0.47619048, 0), (0.2857143, 0), (0.6666667, 0), (0.71428573, 0), (0.33333334, 0), (0.6666667, 0), (0.2857143, 0), (0.3809524, 0), (0.6666667, 0), (0.33333334, 0), (0.52380955, 0), (0.3809524, 0), (0.42857143, 0), (0.52380955, 0), (0.6666667, 0), (0.3809524, 0), (0.5714286, 0), (0.6666667, 0), (0.52380955, 0), (0.5714286, 0), (0.61904764, 0), (0.6666667, 0), (0.14285715, 0), (0.04761905, 0), (0.0952381, 0), (0.14285715, 0), (0, 0), (0.04761905, 0), (0.14285715, 0), (0.95238096, 0), (0, 0), (0.95238096, 0), (1, 0), (0, 0), (0.1904762, 0), (0.85714287, 0), (0.14285715, 0), (0.85714287, 0), (0.9047619, 0), (0.14285715, 0), (0.9047619, 0), (0.95238096, 0), (0.14285715, 0), (0.1904762, 0), (0.8095238, 0), (0.85714287, 0), (0.1904762, 0), (0.7619048, 0), (0.8095238, 0), (0.23809524, 0), (0.7619048, 0), (0.1904762, 0), (0.23809524, 0), (0.71428573, 0), (0.7619048, 0), (0.2857143, 0), (0.71428573, 0), (0.23809524, 0), (0.52380955, 0), (0.42857143, 0), (0.47619048, 0), (0.2857143, 0), (0.6666667, 0), (0.71428573, 0), (0.33333334, 0), (0.6666667, 0), (0.2857143, 0), (0.3809524, 0), (0.6666667, 0), (0.33333334, 0), (0.52380955, 0), (0.3809524, 0), (0.42857143, 0), (0.52380955, 0), (0.6666667, 0), (0.3809524, 0), (0.5714286, 0), (0.6666667, 0), (0.52380955, 0), (0.5714286, 0), (0.61904764, 0), (0.6666667, 0), (0.18181819, 0), (0.90909094, 0), (0.09090909, 0), (0.90909094, 0), (0, 0), (0.09090909, 0), (0.90909094, 0), (1, 0), (0, 0), (0.18181819, 0), (0.8181818, 0), (0.90909094, 0), (0.18181819, 0), (0.54545456, 0), (0.8181818, 0), (0.54545456, 0), (0.72727275, 0), (0.8181818, 0), (0.54545456, 0), (0.6363636, 0), (0.72727275, 0), (0.18181819, 0), (0.45454547, 0), (0.54545456, 0), (0.18181819, 0), (0.36363637, 0), (0.45454547, 0), (0.18181819, 0), (0.27272728, 0), (0.36363637, 0), (0.04347826, 0), (0.73913044, 0), (0, 0), (0.73913044, 0), (0.6956522, 0), (0, 0), (0.73913044, 0), (0.65217394, 0), (0.6956522, 0), (0.73913044, 0), (0.7826087, 0), (0.65217394, 0), (0.7826087, 0), (0.82608694, 0), (0.65217394, 0), (0.82608694, 0), (0.6086956, 0), (0.65217394, 0), (0.04347826, 0), (1, 0), (0.73913044, 0), (0.8695652, 0), (0.6086956, 0), (0.82608694, 0), (0.9130435, 0), (0.6086956, 0), (0.8695652, 0), (0.9130435, 0), (0.5652174, 0), (0.6086956, 0), (0.95652175, 0), (0.5652174, 0), (0.9130435, 0), (0.95652175, 0), (0.5217391, 0), (0.5652174, 0), (0.04347826, 0), (0.13043478, 0), (1, 0), (0.13043478, 0), (0.95652175, 0), (1, 0), (0.13043478, 0), (0.5217391, 0), (0.95652175, 0), (0.13043478, 0), (0.17391305, 0), (0.5217391, 0), (0.17391305, 0), (0.47826087, 0), (0.5217391, 0), (0.04347826, 0), (0.08695652, 0), (0.13043478, 0), (0.2173913, 0), (0.47826087, 0), (0.17391305, 0), (0.26086956, 0), (0.47826087, 0), (0.2173913, 0), (0.26086956, 0), (0.4347826, 0), (0.47826087, 0), (0.3043478, 0), (0.4347826, 0), (0.26086956, 0), (0.3043478, 0), (0.39130434, 0), (0.4347826, 0), (0.3043478, 0), (0.3478261, 0), (0.39130434, 0), (0.06666667, 0), (0.6, 0), (0, 0), (0.6, 0), (0.53333336, 0), (0, 0), (0.6, 0), (0.46666667, 0), (0.53333336, 0), (0.6, 0), (0.6666667, 0), (0.46666667, 0), (0.6666667, 0), (0.73333335, 0), (0.46666667, 0), (0.73333335, 0), (0.4, 0), (0.46666667, 0), (0.06666667, 0), (1, 0), (0.6, 0), (0.8, 0), (0.4, 0), (0.73333335, 0), (0.8666667, 0), (0.4, 0), (0.8, 0), (0.8666667, 0), (0.33333334, 0), (0.4, 0), (0.93333334, 0), (0.33333334, 0), (0.8666667, 0), (0.06666667, 0), (0.2, 0), (1, 0), (0.2, 0), (0.93333334, 0), (1, 0), (0.2, 0), (0.33333334, 0), (0.93333334, 0), (0.2, 0), (0.26666668, 0), (0.33333334, 0), (0.06666667, 0), (0.13333334, 0), (0.2, 0), (0.45454547, 0), (0.27272728, 0), (0.36363637, 0), (0.45454547, 0), (0.18181819, 0), (0.27272728, 0), (0.18181819, 0), (0, 0), (0.09090909, 0), (0.18181819, 0), (1, 0), (0, 0), (0.45454547, 0), (1, 0), (0.18181819, 0), (0.54545456, 0), (1, 0), (0.45454547, 0), (0.54545456, 0), (0.72727275, 0), (1, 0), (0.72727275, 0), (0.90909094, 0), (1, 0), (0.54545456, 0), (0.6363636, 0), (0.72727275, 0), (0.8181818, 0), (0.90909094, 0), (0.72727275, 0), (0.18181819, 0), (0.90909094, 0), (0.09090909, 0), (0.90909094, 0), (0, 0), (0.09090909, 0), (0.90909094, 0), (1, 0), (0, 0), (0.18181819, 0), (0.8181818, 0), (0.90909094, 0), (0.18181819, 0), (0.54545456, 0), (0.8181818, 0), (0.54545456, 0), (0.72727275, 0), (0.8181818, 0), (0.54545456, 0), (0.6363636, 0), (0.72727275, 0), (0.18181819, 0), (0.45454547, 0), (0.54545456, 0), (0.18181819, 0), (0.36363637, 0), (0.45454547, 0), (0.18181819, 0), (0.27272728, 0), (0.36363637, 0)] (
                        interpolation = "faceVarying"
                    )
                    uniform token subdivisionScheme = "none"
                    custom string userProperties:blender:data_name = "Printing"
                }
            }

            def Xform "Barcode_line_004"
            {
                custom string userProperties:blender:object_name = "Barcode line.004"
                float3 xformOp:rotateXYZ = (0, -0, 0)
                float3 xformOp:scale = (1, 1, 1)
                double3 xformOp:translate = (-0.022292306646704674, -0.004000000189989805, 0.00024999678134918213)
                uniform token[] xformOpOrder = ["xformOp:translate", "xformOp:rotateXYZ", "xformOp:scale"]

                def Mesh "Cube_010" (
                    active = true
                    prepend apiSchemas = ["MaterialBindingAPI"]
                )
                {
                    uniform bool doubleSided = 1
                    float3[] extent = [(-0.0014861538, -0.008, -0.000065), (0.0014861538, 0.008, 0.000065)]
                    int[] faceVertexCounts = [4, 4, 4, 4, 4, 4]
                    int[] faceVertexIndices = [0, 1, 3, 2, 2, 3, 7, 6, 6, 7, 5, 4, 4, 5, 1, 0, 2, 6, 4, 0, 7, 3, 1, 5]
                    rel material:binding = </Asset/_materials/Printed_dark_ink>
                    normal3f[] normals = [(-1, 0, 0), (-1, 0, 0), (-1, 0, 0), (-1, 0, 0), (0, 1, 0), (0, 1, 0), (0, 1, 0), (0, 1, 0), (1, 0, 0), (1, 0, 0), (1, 0, 0), (1, 0, 0), (0, -1, 0), (0, -1, 0), (0, -1, 0), (0, -1, 0), (0, 0, -1), (0, 0, -1), (0, 0, -1), (0, 0, -1), (0, 0, 1), (0, 0, 1), (0, 0, 1), (0, 0, 1)] (
                        interpolation = "faceVarying"
                    )
                    point3f[] points = [(-0.0014861538, -0.008, -0.000065), (-0.0014861538, -0.008, 0.000065), (-0.0014861538, 0.008, -0.000065), (-0.0014861538, 0.008, 0.000065), (0.0014861538, -0.008, -0.000065), (0.0014861538, -0.008, 0.000065), (0.0014861538, 0.008, -0.000065), (0.0014861538, 0.008, 0.000065)]
                    texCoord2f[] primvars:st = [(0.375, 0), (0.625, 0), (0.625, 0.25), (0.375, 0.25), (0.375, 0.25), (0.625, 0.25), (0.625, 0.5), (0.375, 0.5), (0.375, 0.5), (0.625, 0.5), (0.625, 0.75), (0.375, 0.75), (0.375, 0.75), (0.625, 0.75), (0.625, 1), (0.375, 1), (0.125, 0.5), (0.375, 0.5), (0.375, 0.75), (0.125, 0.75), (0.625, 0.5), (0.875, 0.5), (0.875, 0.75), (0.625, 0.75)] (
                        interpolation = "faceVarying"
                    )
                    uniform token subdivisionScheme = "none"
                    custom string userProperties:blender:data_name = "Cube.010"
                }
            }

            def Xform "Barcode_line_021"
            {
                custom string userProperties:blender:object_name = "Barcode line.021"
                float3 xformOp:rotateXYZ = (0, -0, 0)
                float3 xformOp:scale = (1, 1, 1)
                double3 xformOp:translate = (0.02823692187666893, -0.003999999724328518, 0.00024999678134918213)
                uniform token[] xformOpOrder = ["xformOp:translate", "xformOp:rotateXYZ", "xformOp:scale"]

                def Mesh "Cube_027" (
                    active = true
                    prepend apiSchemas = ["MaterialBindingAPI"]
                )
                {
                    uniform bool doubleSided = 1
                    float3[] extent = [(-0.0004953846, -0.008, -0.000065), (0.0004953846, 0.008, 0.000065)]
                    int[] faceVertexCounts = [4, 4, 4, 4, 4, 4]
                    int[] faceVertexIndices = [0, 1, 3, 2, 2, 3, 7, 6, 6, 7, 5, 4, 4, 5, 1, 0, 2, 6, 4, 0, 7, 3, 1, 5]
                    rel material:binding = </Asset/_materials/Printed_dark_ink>
                    normal3f[] normals = [(-1, 0, 0), (-1, 0, 0), (-1, 0, 0), (-1, 0, 0), (0, 1, 0), (0, 1, 0), (0, 1, 0), (0, 1, 0), (1, 0, 0), (1, 0, 0), (1, 0, 0), (1, 0, 0), (0, -1, 0), (0, -1, 0), (0, -1, 0), (0, -1, 0), (0, 0, -1), (0, 0, -1), (0, 0, -1), (0, 0, -1), (0, 0, 1), (0, 0, 1), (0, 0, 1), (0, 0, 1)] (
                        interpolation = "faceVarying"
                    )
                    point3f[] points = [(-0.0004953846, -0.008, -0.000065), (-0.0004953846, -0.008, 0.000065), (-0.0004953846, 0.008, -0.000065), (-0.0004953846, 0.008, 0.000065), (0.0004953846, -0.008, -0.000065), (0.0004953846, -0.008, 0.000065), (0.0004953846, 0.008, -0.000065), (0.0004953846, 0.008, 0.000065)]
                    texCoord2f[] primvars:st = [(0.375, 0), (0.625, 0), (0.625, 0.25), (0.375, 0.25), (0.375, 0.25), (0.625, 0.25), (0.625, 0.5), (0.375, 0.5), (0.375, 0.5), (0.625, 0.5), (0.625, 0.75), (0.375, 0.75), (0.375, 0.75), (0.625, 0.75), (0.625, 1), (0.375, 1), (0.125, 0.5), (0.375, 0.5), (0.375, 0.75), (0.125, 0.75), (0.625, 0.5), (0.875, 0.5), (0.875, 0.75), (0.625, 0.75)] (
                        interpolation = "faceVarying"
                    )
                    uniform token subdivisionScheme = "none"
                    custom string userProperties:blender:data_name = "Cube.027"
                }
            }

            def Xform "Barcode_line_001"
            {
                custom string userProperties:blender:object_name = "Barcode line.001"
                float3 xformOp:rotateXYZ = (0, -0, 0)
                float3 xformOp:scale = (1, 1, 1)
                double3 xformOp:translate = (-0.03368615359067917, -0.003999999724328518, 0.00024999678134918213)
                uniform token[] xformOpOrder = ["xformOp:translate", "xformOp:rotateXYZ", "xformOp:scale"]

                def Mesh "Cube_007" (
                    active = true
                    prepend apiSchemas = ["MaterialBindingAPI"]
                )
                {
                    uniform bool doubleSided = 1
                    float3[] extent = [(-0.0009907692, -0.008, -0.000065), (0.0009907692, 0.008, 0.000065)]
                    int[] faceVertexCounts = [4, 4, 4, 4, 4, 4]
                    int[] faceVertexIndices = [0, 1, 3, 2, 2, 3, 7, 6, 6, 7, 5, 4, 4, 5, 1, 0, 2, 6, 4, 0, 7, 3, 1, 5]
                    rel material:binding = </Asset/_materials/Printed_dark_ink>
                    normal3f[] normals = [(-1, 0, 0), (-1, 0, 0), (-1, 0, 0), (-1, 0, 0), (0, 1, 0), (0, 1, 0), (0, 1, 0), (0, 1, 0), (1, 0, 0), (1, 0, 0), (1, 0, 0), (1, 0, 0), (0, -1, 0), (0, -1, 0), (0, -1, 0), (0, -1, 0), (0, 0, -1), (0, 0, -1), (0, 0, -1), (0, 0, -1), (0, 0, 1), (0, 0, 1), (0, 0, 1), (0, 0, 1)] (
                        interpolation = "faceVarying"
                    )
                    point3f[] points = [(-0.0009907692, -0.008, -0.000065), (-0.0009907692, -0.008, 0.000065), (-0.0009907692, 0.008, -0.000065), (-0.0009907692, 0.008, 0.000065), (0.0009907692, -0.008, -0.000065), (0.0009907692, -0.008, 0.000065), (0.0009907692, 0.008, -0.000065), (0.0009907692, 0.008, 0.000065)]
                    texCoord2f[] primvars:st = [(0.375, 0), (0.625, 0), (0.625, 0.25), (0.375, 0.25), (0.375, 0.25), (0.625, 0.25), (0.625, 0.5), (0.375, 0.5), (0.375, 0.5), (0.625, 0.5), (0.625, 0.75), (0.375, 0.75), (0.375, 0.75), (0.625, 0.75), (0.625, 1), (0.375, 1), (0.125, 0.5), (0.375, 0.5), (0.375, 0.75), (0.125, 0.75), (0.625, 0.5), (0.875, 0.5), (0.875, 0.75), (0.625, 0.75)] (
                        interpolation = "faceVarying"
                    )
                    uniform token subdivisionScheme = "none"
                    custom string userProperties:blender:data_name = "Cube.007"
                }
            }

            def Xform "Barcode_line_006"
            {
                custom string userProperties:blender:object_name = "Barcode line.006"
                float3 xformOp:rotateXYZ = (0, -0, 0)
                float3 xformOp:scale = (1, 1, 1)
                double3 xformOp:translate = (-0.011889229528605938, -0.004000000189989805, 0.00024999678134918213)
                uniform token[] xformOpOrder = ["xformOp:translate", "xformOp:rotateXYZ", "xformOp:scale"]

                def Mesh "Cube_012" (
                    active = true
                    prepend apiSchemas = ["MaterialBindingAPI"]
                )
                {
                    uniform bool doubleSided = 1
                    float3[] extent = [(-0.0009907692, -0.008, -0.000065), (0.0009907692, 0.008, 0.000065)]
                    int[] faceVertexCounts = [4, 4, 4, 4, 4, 4]
                    int[] faceVertexIndices = [0, 1, 3, 2, 2, 3, 7, 6, 6, 7, 5, 4, 4, 5, 1, 0, 2, 6, 4, 0, 7, 3, 1, 5]
                    rel material:binding = </Asset/_materials/Printed_dark_ink>
                    normal3f[] normals = [(-1, 0, 0), (-1, 0, 0), (-1, 0, 0), (-1, 0, 0), (0, 1, 0), (0, 1, 0), (0, 1, 0), (0, 1, 0), (1, 0, 0), (1, 0, 0), (1, 0, 0), (1, 0, 0), (0, -1, 0), (0, -1, 0), (0, -1, 0), (0, -1, 0), (0, 0, -1), (0, 0, -1), (0, 0, -1), (0, 0, -1), (0, 0, 1), (0, 0, 1), (0, 0, 1), (0, 0, 1)] (
                        interpolation = "faceVarying"
                    )
                    point3f[] points = [(-0.0009907692, -0.008, -0.000065), (-0.0009907692, -0.008, 0.000065), (-0.0009907692, 0.008, -0.000065), (-0.0009907692, 0.008, 0.000065), (0.0009907692, -0.008, -0.000065), (0.0009907692, -0.008, 0.000065), (0.0009907692, 0.008, -0.000065), (0.0009907692, 0.008, 0.000065)]
                    texCoord2f[] primvars:st = [(0.375, 0), (0.625, 0), (0.625, 0.25), (0.375, 0.25), (0.375, 0.25), (0.625, 0.25), (0.625, 0.5), (0.375, 0.5), (0.375, 0.5), (0.625, 0.5), (0.625, 0.75), (0.375, 0.75), (0.375, 0.75), (0.625, 0.75), (0.625, 1), (0.375, 1), (0.125, 0.5), (0.375, 0.5), (0.375, 0.75), (0.125, 0.75), (0.625, 0.5), (0.875, 0.5), (0.875, 0.75), (0.625, 0.75)] (
                        interpolation = "faceVarying"
                    )
                    uniform token subdivisionScheme = "none"
                    custom string userProperties:blender:data_name = "Cube.012"
                }
            }

            def Xform "Barcode_line_012"
            {
                custom string userProperties:blender:object_name = "Barcode line.012"
                float3 xformOp:rotateXYZ = (0, -0, 0)
                float3 xformOp:scale = (1, 1, 1)
                double3 xformOp:translate = (0.002476923167705536, -0.004000000189989805, 0.00024999678134918213)
                uniform token[] xformOpOrder = ["xformOp:translate", "xformOp:rotateXYZ", "xformOp:scale"]

                def Mesh "Cube_018" (
                    active = true
                    prepend apiSchemas = ["MaterialBindingAPI"]
                )
                {
                    uniform bool doubleSided = 1
                    float3[] extent = [(-0.0004953846, -0.008, -0.000065), (0.0004953846, 0.008, 0.000065)]
                    int[] faceVertexCounts = [4, 4, 4, 4, 4, 4]
                    int[] faceVertexIndices = [0, 1, 3, 2, 2, 3, 7, 6, 6, 7, 5, 4, 4, 5, 1, 0, 2, 6, 4, 0, 7, 3, 1, 5]
                    rel material:binding = </Asset/_materials/Printed_dark_ink>
                    normal3f[] normals = [(-1, 0, 0), (-1, 0, 0), (-1, 0, 0), (-1, 0, 0), (0, 1, 0), (0, 1, 0), (0, 1, 0), (0, 1, 0), (1, 0, 0), (1, 0, 0), (1, 0, 0), (1, 0, 0), (0, -1, 0), (0, -1, 0), (0, -1, 0), (0, -1, 0), (0, 0, -1), (0, 0, -1), (0, 0, -1), (0, 0, -1), (0, 0, 1), (0, 0, 1), (0, 0, 1), (0, 0, 1)] (
                        interpolation = "faceVarying"
                    )
                    point3f[] points = [(-0.0004953846, -0.008, -0.000065), (-0.0004953846, -0.008, 0.000065), (-0.0004953846, 0.008, -0.000065), (-0.0004953846, 0.008, 0.000065), (0.0004953846, -0.008, -0.000065), (0.0004953846, -0.008, 0.000065), (0.0004953846, 0.008, -0.000065), (0.0004953846, 0.008, 0.000065)]
                    texCoord2f[] primvars:st = [(0.375, 0), (0.625, 0), (0.625, 0.25), (0.375, 0.25), (0.375, 0.25), (0.625, 0.25), (0.625, 0.5), (0.375, 0.5), (0.375, 0.5), (0.625, 0.5), (0.625, 0.75), (0.375, 0.75), (0.375, 0.75), (0.625, 0.75), (0.625, 1), (0.375, 1), (0.125, 0.5), (0.375, 0.5), (0.375, 0.75), (0.125, 0.75), (0.625, 0.5), (0.875, 0.5), (0.875, 0.75), (0.625, 0.75)] (
                        interpolation = "faceVarying"
                    )
                    uniform token subdivisionScheme = "none"
                    custom string userProperties:blender:data_name = "Cube.018"
                }
            }

            def Xform "Barcode_line_013"
            {
                custom string userProperties:blender:object_name = "Barcode line.013"
                float3 xformOp:rotateXYZ = (0, -0, 0)
                float3 xformOp:scale = (1, 1, 1)
                double3 xformOp:translate = (0.005449230317026377, -0.004000000189989805, 0.00024999678134918213)
                uniform token[] xformOpOrder = ["xformOp:translate", "xformOp:rotateXYZ", "xformOp:scale"]

                def Mesh "Cube_019" (
                    active = true
                    prepend apiSchemas = ["MaterialBindingAPI"]
                )
                {
                    uniform bool doubleSided = 1
                    float3[] extent = [(-0.0004953846, -0.008, -0.000065), (0.0004953846, 0.008, 0.000065)]
                    int[] faceVertexCounts = [4, 4, 4, 4, 4, 4]
                    int[] faceVertexIndices = [0, 1, 3, 2, 2, 3, 7, 6, 6, 7, 5, 4, 4, 5, 1, 0, 2, 6, 4, 0, 7, 3, 1, 5]
                    rel material:binding = </Asset/_materials/Printed_dark_ink>
                    normal3f[] normals = [(-1, 0, 0), (-1, 0, 0), (-1, 0, 0), (-1, 0, 0), (0, 1, 0), (0, 1, 0), (0, 1, 0), (0, 1, 0), (1, 0, 0), (1, 0, 0), (1, 0, 0), (1, 0, 0), (0, -1, 0), (0, -1, 0), (0, -1, 0), (0, -1, 0), (0, 0, -1), (0, 0, -1), (0, 0, -1), (0, 0, -1), (0, 0, 1), (0, 0, 1), (0, 0, 1), (0, 0, 1)] (
                        interpolation = "faceVarying"
                    )
                    point3f[] points = [(-0.0004953846, -0.008, -0.000065), (-0.0004953846, -0.008, 0.000065), (-0.0004953846, 0.008, -0.000065), (-0.0004953846, 0.008, 0.000065), (0.0004953846, -0.008, -0.000065), (0.0004953846, -0.008, 0.000065), (0.0004953846, 0.008, -0.000065), (0.0004953846, 0.008, 0.000065)]
                    texCoord2f[] primvars:st = [(0.375, 0), (0.625, 0), (0.625, 0.25), (0.375, 0.25), (0.375, 0.25), (0.625, 0.25), (0.625, 0.5), (0.375, 0.5), (0.375, 0.5), (0.625, 0.5), (0.625, 0.75), (0.375, 0.75), (0.375, 0.75), (0.625, 0.75), (0.625, 1), (0.375, 1), (0.125, 0.5), (0.375, 0.5), (0.375, 0.75), (0.125, 0.75), (0.625, 0.5), (0.875, 0.5), (0.875, 0.75), (0.625, 0.75)] (
                        interpolation = "faceVarying"
                    )
                    uniform token subdivisionScheme = "none"
                    custom string userProperties:blender:data_name = "Cube.019"
                }
            }

            def Xform "Barcode_line_009"
            {
                custom string userProperties:blender:object_name = "Barcode line.009"
                float3 xformOp:rotateXYZ = (0, -0, 0)
                float3 xformOp:scale = (1, 1, 1)
                double3 xformOp:translate = (-0.005449230782687664, -0.003999999724328518, 0.00024999678134918213)
                uniform token[] xformOpOrder = ["xformOp:translate", "xformOp:rotateXYZ", "xformOp:scale"]

                def Mesh "Cube_015" (
                    active = true
                    prepend apiSchemas = ["MaterialBindingAPI"]
                )
                {
                    uniform bool doubleSided = 1
                    float3[] extent = [(-0.0004953846, -0.008, -0.000065), (0.0004953846, 0.008, 0.000065)]
                    int[] faceVertexCounts = [4, 4, 4, 4, 4, 4]
                    int[] faceVertexIndices = [0, 1, 3, 2, 2, 3, 7, 6, 6, 7, 5, 4, 4, 5, 1, 0, 2, 6, 4, 0, 7, 3, 1, 5]
                    rel material:binding = </Asset/_materials/Printed_dark_ink>
                    normal3f[] normals = [(-1, 0, 0), (-1, 0, 0), (-1, 0, 0), (-1, 0, 0), (0, 1, 0), (0, 1, 0), (0, 1, 0), (0, 1, 0), (1, 0, 0), (1, 0, 0), (1, 0, 0), (1, 0, 0), (0, -1, 0), (0, -1, 0), (0, -1, 0), (0, -1, 0), (0, 0, -1), (0, 0, -1), (0, 0, -1), (0, 0, -1), (0, 0, 1), (0, 0, 1), (0, 0, 1), (0, 0, 1)] (
                        interpolation = "faceVarying"
                    )
                    point3f[] points = [(-0.0004953846, -0.008, -0.000065), (-0.0004953846, -0.008, 0.000065), (-0.0004953846, 0.008, -0.000065), (-0.0004953846, 0.008, 0.000065), (0.0004953846, -0.008, -0.000065), (0.0004953846, -0.008, 0.000065), (0.0004953846, 0.008, -0.000065), (0.0004953846, 0.008, 0.000065)]
                    texCoord2f[] primvars:st = [(0.375, 0), (0.625, 0), (0.625, 0.25), (0.375, 0.25), (0.375, 0.25), (0.625, 0.25), (0.625, 0.5), (0.375, 0.5), (0.375, 0.5), (0.625, 0.5), (0.625, 0.75), (0.375, 0.75), (0.375, 0.75), (0.625, 0.75), (0.625, 1), (0.375, 1), (0.125, 0.5), (0.375, 0.5), (0.375, 0.75), (0.125, 0.75), (0.625, 0.5), (0.875, 0.5), (0.875, 0.75), (0.625, 0.75)] (
                        interpolation = "faceVarying"
                    )
                    uniform token subdivisionScheme = "none"
                    custom string userProperties:blender:data_name = "Cube.015"
                }
            }

            def Xform "Barcode_line_019"
            {
                custom string userProperties:blender:object_name = "Barcode line.019"
                float3 xformOp:rotateXYZ = (0, -0, 0)
                float3 xformOp:scale = (1, 1, 1)
                double3 xformOp:translate = (0.022292306646704674, -0.004000000189989805, 0.00024999678134918213)
                uniform token[] xformOpOrder = ["xformOp:translate", "xformOp:rotateXYZ", "xformOp:scale"]

                def Mesh "Cube_025" (
                    active = true
                    prepend apiSchemas = ["MaterialBindingAPI"]
                )
                {
                    uniform bool doubleSided = 1
                    float3[] extent = [(-0.0014861538, -0.008, -0.000065), (0.0014861538, 0.008, 0.000065)]
                    int[] faceVertexCounts = [4, 4, 4, 4, 4, 4]
                    int[] faceVertexIndices = [0, 1, 3, 2, 2, 3, 7, 6, 6, 7, 5, 4, 4, 5, 1, 0, 2, 6, 4, 0, 7, 3, 1, 5]
                    rel material:binding = </Asset/_materials/Printed_dark_ink>
                    normal3f[] normals = [(-1, 0, 0), (-1, 0, 0), (-1, 0, 0), (-1, 0, 0), (0, 1, 0), (0, 1, 0), (0, 1, 0), (0, 1, 0), (1, 0, 0), (1, 0, 0), (1, 0, 0), (1, 0, 0), (0, -1, 0), (0, -1, 0), (0, -1, 0), (0, -1, 0), (0, 0, -1), (0, 0, -1), (0, 0, -1), (0, 0, -1), (0, 0, 1), (0, 0, 1), (0, 0, 1), (0, 0, 1)] (
                        interpolation = "faceVarying"
                    )
                    point3f[] points = [(-0.0014861538, -0.008, -0.000065), (-0.0014861538, -0.008, 0.000065), (-0.0014861538, 0.008, -0.000065), (-0.0014861538, 0.008, 0.000065), (0.0014861538, -0.008, -0.000065), (0.0014861538, -0.008, 0.000065), (0.0014861538, 0.008, -0.000065), (0.0014861538, 0.008, 0.000065)]
                    texCoord2f[] primvars:st = [(0.375, 0), (0.625, 0), (0.625, 0.25), (0.375, 0.25), (0.375, 0.25), (0.625, 0.25), (0.625, 0.5), (0.375, 0.5), (0.375, 0.5), (0.625, 0.5), (0.625, 0.75), (0.375, 0.75), (0.375, 0.75), (0.625, 0.75), (0.625, 1), (0.375, 1), (0.125, 0.5), (0.375, 0.5), (0.375, 0.75), (0.125, 0.75), (0.625, 0.5), (0.875, 0.5), (0.875, 0.75), (0.625, 0.75)] (
                        interpolation = "faceVarying"
                    )
                    uniform token subdivisionScheme = "none"
                    custom string userProperties:blender:data_name = "Cube.025"
                }
            }

            def Xform "Barcode_line_022"
            {
                custom string userProperties:blender:object_name = "Barcode line.022"
                float3 xformOp:rotateXYZ = (0, -0, 0)
                float3 xformOp:scale = (1, 1, 1)
                double3 xformOp:translate = (0.031209230422973633, -0.003999999724328518, 0.00024999678134918213)
                uniform token[] xformOpOrder = ["xformOp:translate", "xformOp:rotateXYZ", "xformOp:scale"]

                def Mesh "Cube_028" (
                    active = true
                    prepend apiSchemas = ["MaterialBindingAPI"]
                )
                {
                    uniform bool doubleSided = 1
                    float3[] extent = [(-0.0004953846, -0.008, -0.000065), (0.0004953846, 0.008, 0.000065)]
                    int[] faceVertexCounts = [4, 4, 4, 4, 4, 4]
                    int[] faceVertexIndices = [0, 1, 3, 2, 2, 3, 7, 6, 6, 7, 5, 4, 4, 5, 1, 0, 2, 6, 4, 0, 7, 3, 1, 5]
                    rel material:binding = </Asset/_materials/Printed_dark_ink>
                    normal3f[] normals = [(-1, 0, 0), (-1, 0, 0), (-1, 0, 0), (-1, 0, 0), (0, 1, 0), (0, 1, 0), (0, 1, 0), (0, 1, 0), (1, 0, 0), (1, 0, 0), (1, 0, 0), (1, 0, 0), (0, -1, 0), (0, -1, 0), (0, -1, 0), (0, -1, 0), (0, 0, -1), (0, 0, -1), (0, 0, -1), (0, 0, -1), (0, 0, 1), (0, 0, 1), (0, 0, 1), (0, 0, 1)] (
                        interpolation = "faceVarying"
                    )
                    point3f[] points = [(-0.0004953846, -0.008, -0.000065), (-0.0004953846, -0.008, 0.000065), (-0.0004953846, 0.008, -0.000065), (-0.0004953846, 0.008, 0.000065), (0.0004953846, -0.008, -0.000065), (0.0004953846, -0.008, 0.000065), (0.0004953846, 0.008, -0.000065), (0.0004953846, 0.008, 0.000065)]
                    texCoord2f[] primvars:st = [(0.375, 0), (0.625, 0), (0.625, 0.25), (0.375, 0.25), (0.375, 0.25), (0.625, 0.25), (0.625, 0.5), (0.375, 0.5), (0.375, 0.5), (0.625, 0.5), (0.625, 0.75), (0.375, 0.75), (0.375, 0.75), (0.625, 0.75), (0.625, 1), (0.375, 1), (0.125, 0.5), (0.375, 0.5), (0.375, 0.75), (0.125, 0.75), (0.625, 0.5), (0.875, 0.5), (0.875, 0.75), (0.625, 0.75)] (
                        interpolation = "faceVarying"
                    )
                    uniform token subdivisionScheme = "none"
                    custom string userProperties:blender:data_name = "Cube.028"
                }
            }

            def Xform "Barcode_line_010"
            {
                custom string userProperties:blender:object_name = "Barcode line.010"
                float3 xformOp:rotateXYZ = (0, -0, 0)
                float3 xformOp:scale = (1, 1, 1)
                double3 xformOp:translate = (-0.0034676920622587204, -0.003999999724328518, 0.00024999678134918213)
                uniform token[] xformOpOrder = ["xformOp:translate", "xformOp:rotateXYZ", "xformOp:scale"]

                def Mesh "Cube_016" (
                    active = true
                    prepend apiSchemas = ["MaterialBindingAPI"]
                )
                {
                    uniform bool doubleSided = 1
                    float3[] extent = [(-0.0004953846, -0.008, -0.000065), (0.0004953846, 0.008, 0.000065)]
                    int[] faceVertexCounts = [4, 4, 4, 4, 4, 4]
                    int[] faceVertexIndices = [0, 1, 3, 2, 2, 3, 7, 6, 6, 7, 5, 4, 4, 5, 1, 0, 2, 6, 4, 0, 7, 3, 1, 5]
                    rel material:binding = </Asset/_materials/Printed_dark_ink>
                    normal3f[] normals = [(-1, 0, 0), (-1, 0, 0), (-1, 0, 0), (-1, 0, 0), (0, 1, 0), (0, 1, 0), (0, 1, 0), (0, 1, 0), (1, 0, 0), (1, 0, 0), (1, 0, 0), (1, 0, 0), (0, -1, 0), (0, -1, 0), (0, -1, 0), (0, -1, 0), (0, 0, -1), (0, 0, -1), (0, 0, -1), (0, 0, -1), (0, 0, 1), (0, 0, 1), (0, 0, 1), (0, 0, 1)] (
                        interpolation = "faceVarying"
                    )
                    point3f[] points = [(-0.0004953846, -0.008, -0.000065), (-0.0004953846, -0.008, 0.000065), (-0.0004953846, 0.008, -0.000065), (-0.0004953846, 0.008, 0.000065), (0.0004953846, -0.008, -0.000065), (0.0004953846, -0.008, 0.000065), (0.0004953846, 0.008, -0.000065), (0.0004953846, 0.008, 0.000065)]
                    texCoord2f[] primvars:st = [(0.375, 0), (0.625, 0), (0.625, 0.25), (0.375, 0.25), (0.375, 0.25), (0.625, 0.25), (0.625, 0.5), (0.375, 0.5), (0.375, 0.5), (0.625, 0.5), (0.625, 0.75), (0.375, 0.75), (0.375, 0.75), (0.625, 0.75), (0.625, 1), (0.375, 1), (0.125, 0.5), (0.375, 0.5), (0.375, 0.75), (0.125, 0.75), (0.625, 0.5), (0.875, 0.5), (0.875, 0.75), (0.625, 0.75)] (
                        interpolation = "faceVarying"
                    )
                    uniform token subdivisionScheme = "none"
                    custom string userProperties:blender:data_name = "Cube.016"
                }
            }

            def Xform "Barcode_line_008"
            {
                custom string userProperties:blender:object_name = "Barcode line.008"
                float3 xformOp:rotateXYZ = (0, -0, 0)
                float3 xformOp:scale = (1, 1, 1)
                double3 xformOp:translate = (-0.00743076903745532, -0.004000000189989805, 0.00024999678134918213)
                uniform token[] xformOpOrder = ["xformOp:translate", "xformOp:rotateXYZ", "xformOp:scale"]

                def Mesh "Cube_014" (
                    active = true
                    prepend apiSchemas = ["MaterialBindingAPI"]
                )
                {
                    uniform bool doubleSided = 1
                    float3[] extent = [(-0.0004953846, -0.008, -0.000065), (0.0004953846, 0.008, 0.000065)]
                    int[] faceVertexCounts = [4, 4, 4, 4, 4, 4]
                    int[] faceVertexIndices = [0, 1, 3, 2, 2, 3, 7, 6, 6, 7, 5, 4, 4, 5, 1, 0, 2, 6, 4, 0, 7, 3, 1, 5]
                    rel material:binding = </Asset/_materials/Printed_dark_ink>
                    normal3f[] normals = [(-1, 0, 0), (-1, 0, 0), (-1, 0, 0), (-1, 0, 0), (0, 1, 0), (0, 1, 0), (0, 1, 0), (0, 1, 0), (1, 0, 0), (1, 0, 0), (1, 0, 0), (1, 0, 0), (0, -1, 0), (0, -1, 0), (0, -1, 0), (0, -1, 0), (0, 0, -1), (0, 0, -1), (0, 0, -1), (0, 0, -1), (0, 0, 1), (0, 0, 1), (0, 0, 1), (0, 0, 1)] (
                        interpolation = "faceVarying"
                    )
                    point3f[] points = [(-0.0004953846, -0.008, -0.000065), (-0.0004953846, -0.008, 0.000065), (-0.0004953846, 0.008, -0.000065), (-0.0004953846, 0.008, 0.000065), (0.0004953846, -0.008, -0.000065), (0.0004953846, -0.008, 0.000065), (0.0004953846, 0.008, -0.000065), (0.0004953846, 0.008, 0.000065)]
                    texCoord2f[] primvars:st = [(0.375, 0), (0.625, 0), (0.625, 0.25), (0.375, 0.25), (0.375, 0.25), (0.625, 0.25), (0.625, 0.5), (0.375, 0.5), (0.375, 0.5), (0.625, 0.5), (0.625, 0.75), (0.375, 0.75), (0.375, 0.75), (0.625, 0.75), (0.625, 1), (0.375, 1), (0.125, 0.5), (0.375, 0.5), (0.375, 0.75), (0.125, 0.75), (0.625, 0.5), (0.875, 0.5), (0.875, 0.75), (0.625, 0.75)] (
                        interpolation = "faceVarying"
                    )
                    uniform token subdivisionScheme = "none"
                    custom string userProperties:blender:data_name = "Cube.014"
                }
            }

            def Xform "Barcode_line_018"
            {
                custom string userProperties:blender:object_name = "Barcode line.018"
                float3 xformOp:rotateXYZ = (0, -0, 0)
                float3 xformOp:scale = (1, 1, 1)
                double3 xformOp:translate = (0.018329231068491936, -0.003999999724328518, 0.00024999678134918213)
                uniform token[] xformOpOrder = ["xformOp:translate", "xformOp:rotateXYZ", "xformOp:scale"]

                def Mesh "Cube_024" (
                    active = true
                    prepend apiSchemas = ["MaterialBindingAPI"]
                )
                {
                    uniform bool doubleSided = 1
                    float3[] extent = [(-0.0004953846, -0.008, -0.000065), (0.0004953846, 0.008, 0.000065)]
                    int[] faceVertexCounts = [4, 4, 4, 4, 4, 4]
                    int[] faceVertexIndices = [0, 1, 3, 2, 2, 3, 7, 6, 6, 7, 5, 4, 4, 5, 1, 0, 2, 6, 4, 0, 7, 3, 1, 5]
                    rel material:binding = </Asset/_materials/Printed_dark_ink>
                    normal3f[] normals = [(-1, 0, 0), (-1, 0, 0), (-1, 0, 0), (-1, 0, 0), (0, 1, 0), (0, 1, 0), (0, 1, 0), (0, 1, 0), (1, 0, 0), (1, 0, 0), (1, 0, 0), (1, 0, 0), (0, -1, 0), (0, -1, 0), (0, -1, 0), (0, -1, 0), (0, 0, -1), (0, 0, -1), (0, 0, -1), (0, 0, -1), (0, 0, 1), (0, 0, 1), (0, 0, 1), (0, 0, 1)] (
                        interpolation = "faceVarying"
                    )
                    point3f[] points = [(-0.0004953846, -0.008, -0.000065), (-0.0004953846, -0.008, 0.000065), (-0.0004953846, 0.008, -0.000065), (-0.0004953846, 0.008, 0.000065), (0.0004953846, -0.008, -0.000065), (0.0004953846, -0.008, 0.000065), (0.0004953846, 0.008, -0.000065), (0.0004953846, 0.008, 0.000065)]
                    texCoord2f[] primvars:st = [(0.375, 0), (0.625, 0), (0.625, 0.25), (0.375, 0.25), (0.375, 0.25), (0.625, 0.25), (0.625, 0.5), (0.375, 0.5), (0.375, 0.5), (0.625, 0.5), (0.625, 0.75), (0.375, 0.75), (0.375, 0.75), (0.625, 0.75), (0.625, 1), (0.375, 1), (0.125, 0.5), (0.375, 0.5), (0.375, 0.75), (0.125, 0.75), (0.625, 0.5), (0.875, 0.5), (0.875, 0.75), (0.625, 0.75)] (
                        interpolation = "faceVarying"
                    )
                    uniform token subdivisionScheme = "none"
                    custom string userProperties:blender:data_name = "Cube.024"
                }
            }

            def Xform "Barcode_line_020"
            {
                custom string userProperties:blender:object_name = "Barcode line.020"
                float3 xformOp:rotateXYZ = (0, -0, 0)
                float3 xformOp:scale = (1, 1, 1)
                double3 xformOp:translate = (0.025264613330364227, -0.004000000189989805, 0.00024999678134918213)
                uniform token[] xformOpOrder = ["xformOp:translate", "xformOp:rotateXYZ", "xformOp:scale"]

                def Mesh "Cube_026" (
                    active = true
                    prepend apiSchemas = ["MaterialBindingAPI"]
                )
                {
                    uniform bool doubleSided = 1
                    float3[] extent = [(-0.0004953846, -0.008, -0.000065), (0.0004953846, 0.008, 0.000065)]
                    int[] faceVertexCounts = [4, 4, 4, 4, 4, 4]
                    int[] faceVertexIndices = [0, 1, 3, 2, 2, 3, 7, 6, 6, 7, 5, 4, 4, 5, 1, 0, 2, 6, 4, 0, 7, 3, 1, 5]
                    rel material:binding = </Asset/_materials/Printed_dark_ink>
                    normal3f[] normals = [(-1, 0, 0), (-1, 0, 0), (-1, 0, 0), (-1, 0, 0), (0, 1, 0), (0, 1, 0), (0, 1, 0), (0, 1, 0), (1, 0, 0), (1, 0, 0), (1, 0, 0), (1, 0, 0), (0, -1, 0), (0, -1, 0), (0, -1, 0), (0, -1, 0), (0, 0, -1), (0, 0, -1), (0, 0, -1), (0, 0, -1), (0, 0, 1), (0, 0, 1), (0, 0, 1), (0, 0, 1)] (
                        interpolation = "faceVarying"
                    )
                    point3f[] points = [(-0.0004953846, -0.008, -0.000065), (-0.0004953846, -0.008, 0.000065), (-0.0004953846, 0.008, -0.000065), (-0.0004953846, 0.008, 0.000065), (0.0004953846, -0.008, -0.000065), (0.0004953846, -0.008, 0.000065), (0.0004953846, 0.008, -0.000065), (0.0004953846, 0.008, 0.000065)]
                    texCoord2f[] primvars:st = [(0.375, 0), (0.625, 0), (0.625, 0.25), (0.375, 0.25), (0.375, 0.25), (0.625, 0.25), (0.625, 0.5), (0.375, 0.5), (0.375, 0.5), (0.625, 0.5), (0.625, 0.75), (0.375, 0.75), (0.375, 0.75), (0.625, 0.75), (0.625, 1), (0.375, 1), (0.125, 0.5), (0.375, 0.5), (0.375, 0.75), (0.125, 0.75), (0.625, 0.5), (0.875, 0.5), (0.875, 0.75), (0.625, 0.75)] (
                        interpolation = "faceVarying"
                    )
                    uniform token subdivisionScheme = "none"
                    custom string userProperties:blender:data_name = "Cube.026"
                }
            }

            def Xform "Barcode_line_002"
            {
                custom string userProperties:blender:object_name = "Barcode line.002"
                float3 xformOp:rotateXYZ = (0, -0, 0)
                float3 xformOp:scale = (1, 1, 1)
                double3 xformOp:translate = (-0.02972307614982128, -0.003999999724328518, 0.00024999678134918213)
                uniform token[] xformOpOrder = ["xformOp:translate", "xformOp:rotateXYZ", "xformOp:scale"]

                def Mesh "Cube_008" (
                    active = true
                    prepend apiSchemas = ["MaterialBindingAPI"]
                )
                {
                    uniform bool doubleSided = 1
                    float3[] extent = [(-0.0009907692, -0.008, -0.000065), (0.0009907692, 0.008, 0.000065)]
                    int[] faceVertexCounts = [4, 4, 4, 4, 4, 4]
                    int[] faceVertexIndices = [0, 1, 3, 2, 2, 3, 7, 6, 6, 7, 5, 4, 4, 5, 1, 0, 2, 6, 4, 0, 7, 3, 1, 5]
                    rel material:binding = </Asset/_materials/Printed_dark_ink>
                    normal3f[] normals = [(-1, 0, 0), (-1, 0, 0), (-1, 0, 0), (-1, 0, 0), (0, 1, 0), (0, 1, 0), (0, 1, 0), (0, 1, 0), (1, 0, 0), (1, 0, 0), (1, 0, 0), (1, 0, 0), (0, -1, 0), (0, -1, 0), (0, -1, 0), (0, -1, 0), (0, 0, -1), (0, 0, -1), (0, 0, -1), (0, 0, -1), (0, 0, 1), (0, 0, 1), (0, 0, 1), (0, 0, 1)] (
                        interpolation = "faceVarying"
                    )
                    point3f[] points = [(-0.0009907692, -0.008, -0.000065), (-0.0009907692, -0.008, 0.000065), (-0.0009907692, 0.008, -0.000065), (-0.0009907692, 0.008, 0.000065), (0.0009907692, -0.008, -0.000065), (0.0009907692, -0.008, 0.000065), (0.0009907692, 0.008, -0.000065), (0.0009907692, 0.008, 0.000065)]
                    texCoord2f[] primvars:st = [(0.375, 0), (0.625, 0), (0.625, 0.25), (0.375, 0.25), (0.375, 0.25), (0.625, 0.25), (0.625, 0.5), (0.375, 0.5), (0.375, 0.5), (0.625, 0.5), (0.625, 0.75), (0.375, 0.75), (0.375, 0.75), (0.625, 0.75), (0.625, 1), (0.375, 1), (0.125, 0.5), (0.375, 0.5), (0.375, 0.75), (0.125, 0.75), (0.625, 0.5), (0.875, 0.5), (0.875, 0.75), (0.625, 0.75)] (
                        interpolation = "faceVarying"
                    )
                    uniform token subdivisionScheme = "none"
                    custom string userProperties:blender:data_name = "Cube.008"
                }
            }

            def Xform "Barcode_line_007"
            {
                custom string userProperties:blender:object_name = "Barcode line.007"
                float3 xformOp:rotateXYZ = (0, -0, 0)
                float3 xformOp:scale = (1, 1, 1)
                double3 xformOp:translate = (-0.009412307292222977, -0.003999999724328518, 0.00024999678134918213)
                uniform token[] xformOpOrder = ["xformOp:translate", "xformOp:rotateXYZ", "xformOp:scale"]

                def Mesh "Cube_013" (
                    active = true
                    prepend apiSchemas = ["MaterialBindingAPI"]
                )
                {
                    uniform bool doubleSided = 1
                    float3[] extent = [(-0.0004953846, -0.008, -0.000065), (0.0004953846, 0.008, 0.000065)]
                    int[] faceVertexCounts = [4, 4, 4, 4, 4, 4]
                    int[] faceVertexIndices = [0, 1, 3, 2, 2, 3, 7, 6, 6, 7, 5, 4, 4, 5, 1, 0, 2, 6, 4, 0, 7, 3, 1, 5]
                    rel material:binding = </Asset/_materials/Printed_dark_ink>
                    normal3f[] normals = [(-1, 0, 0), (-1, 0, 0), (-1, 0, 0), (-1, 0, 0), (0, 1, 0), (0, 1, 0), (0, 1, 0), (0, 1, 0), (1, 0, 0), (1, 0, 0), (1, 0, 0), (1, 0, 0), (0, -1, 0), (0, -1, 0), (0, -1, 0), (0, -1, 0), (0, 0, -1), (0, 0, -1), (0, 0, -1), (0, 0, -1), (0, 0, 1), (0, 0, 1), (0, 0, 1), (0, 0, 1)] (
                        interpolation = "faceVarying"
                    )
                    point3f[] points = [(-0.0004953846, -0.008, -0.000065), (-0.0004953846, -0.008, 0.000065), (-0.0004953846, 0.008, -0.000065), (-0.0004953846, 0.008, 0.000065), (0.0004953846, -0.008, -0.000065), (0.0004953846, -0.008, 0.000065), (0.0004953846, 0.008, -0.000065), (0.0004953846, 0.008, 0.000065)]
                    texCoord2f[] primvars:st = [(0.375, 0), (0.625, 0), (0.625, 0.25), (0.375, 0.25), (0.375, 0.25), (0.625, 0.25), (0.625, 0.5), (0.375, 0.5), (0.375, 0.5), (0.625, 0.5), (0.625, 0.75), (0.375, 0.75), (0.375, 0.75), (0.625, 0.75), (0.625, 1), (0.375, 1), (0.125, 0.5), (0.375, 0.5), (0.375, 0.75), (0.125, 0.75), (0.625, 0.5), (0.875, 0.5), (0.875, 0.75), (0.625, 0.75)] (
                        interpolation = "faceVarying"
                    )
                    uniform token subdivisionScheme = "none"
                    custom string userProperties:blender:data_name = "Cube.013"
                }
            }

            def Xform "Barcode_line_017"
            {
                custom string userProperties:blender:object_name = "Barcode line.017"
                float3 xformOp:rotateXYZ = (0, -0, 0)
                float3 xformOp:scale = (1, 1, 1)
                double3 xformOp:translate = (0.016347689554095268, -0.004000000189989805, 0.00024999678134918213)
                uniform token[] xformOpOrder = ["xformOp:translate", "xformOp:rotateXYZ", "xformOp:scale"]

                def Mesh "Cube_023" (
                    active = true
                    prepend apiSchemas = ["MaterialBindingAPI"]
                )
                {
                    uniform bool doubleSided = 1
                    float3[] extent = [(-0.0004953846, -0.008, -0.000065), (0.0004953846, 0.008, 0.000065)]
                    int[] faceVertexCounts = [4, 4, 4, 4, 4, 4]
                    int[] faceVertexIndices = [0, 1, 3, 2, 2, 3, 7, 6, 6, 7, 5, 4, 4, 5, 1, 0, 2, 6, 4, 0, 7, 3, 1, 5]
                    rel material:binding = </Asset/_materials/Printed_dark_ink>
                    normal3f[] normals = [(-1, 0, 0), (-1, 0, 0), (-1, 0, 0), (-1, 0, 0), (0, 1, 0), (0, 1, 0), (0, 1, 0), (0, 1, 0), (1, 0, 0), (1, 0, 0), (1, 0, 0), (1, 0, 0), (0, -1, 0), (0, -1, 0), (0, -1, 0), (0, -1, 0), (0, 0, -1), (0, 0, -1), (0, 0, -1), (0, 0, -1), (0, 0, 1), (0, 0, 1), (0, 0, 1), (0, 0, 1)] (
                        interpolation = "faceVarying"
                    )
                    point3f[] points = [(-0.0004953846, -0.008, -0.000065), (-0.0004953846, -0.008, 0.000065), (-0.0004953846, 0.008, -0.000065), (-0.0004953846, 0.008, 0.000065), (0.0004953846, -0.008, -0.000065), (0.0004953846, -0.008, 0.000065), (0.0004953846, 0.008, -0.000065), (0.0004953846, 0.008, 0.000065)]
                    texCoord2f[] primvars:st = [(0.375, 0), (0.625, 0), (0.625, 0.25), (0.375, 0.25), (0.375, 0.25), (0.625, 0.25), (0.625, 0.5), (0.375, 0.5), (0.375, 0.5), (0.625, 0.5), (0.625, 0.75), (0.375, 0.75), (0.375, 0.75), (0.625, 0.75), (0.625, 1), (0.375, 1), (0.125, 0.5), (0.375, 0.5), (0.375, 0.75), (0.125, 0.75), (0.625, 0.5), (0.875, 0.5), (0.875, 0.75), (0.625, 0.75)] (
                        interpolation = "faceVarying"
                    )
                    uniform token subdivisionScheme = "none"
                    custom string userProperties:blender:data_name = "Cube.023"
                }
            }

            def Xform "Print_PARCEL___01______A"
            {
                custom string userProperties:blender:object_name = "Print_PARCEL___01______A"
                float3 xformOp:rotateXYZ = (0, -0, 0)
                float3 xformOp:scale = (1, 1, 1)
                double3 xformOp:translate = (-0.03771999850869179, -0.026229998096823692, 0.00020000338554382324)
                uniform token[] xformOpOrder = ["xformOp:translate", "xformOp:rotateXYZ", "xformOp:scale"]

                def Mesh "Printing_004" (
                    active = true
                    prepend apiSchemas = ["MaterialBindingAPI"]
                )
                {
                    uniform bool doubleSided = 1
                    float3[] extent = [(0.000175, -0.0000225, 0), (0.022342497, 0.0017275001, 0)]
                    int[] faceVertexCounts = [3, 3, 3, 3, 3, 3, 3, 3, 3, 3, 3, 3, 3, 3, 3, 3, 3, 3, 3, 3, 3, 3, 3, 3, 3, 3, 3, 3, 3, 3, 3, 3, 3, 3, 3, 3, 3, 3, 3, 3, 3, 3, 3, 3, 3, 3, 3, 3, 3, 3, 3, 3, 3, 3, 3, 3, 3, 3, 3, 3, 3, 3, 3, 3, 3, 3, 3, 3, 3, 3, 3, 3, 3, 3, 3, 3, 3, 3, 3, 3, 3, 3, 3, 3, 3, 3, 3, 3, 3, 3, 3, 3, 3, 3, 3, 3, 3, 3, 3, 3, 3, 3, 3, 3, 3, 3, 3, 3, 3, 3, 3, 3, 3, 3, 3, 3, 3, 3, 3, 3, 3, 3, 3, 3, 3, 3, 3, 3, 3, 3, 3]
                    int[] faceVertexIndices = [6, 4, 5, 7, 4, 6, 7, 10, 4, 10, 11, 4, 11, 3, 4, 8, 9, 7, 9, 10, 7, 12, 3, 11, 12, 2, 3, 13, 2, 12, 14, 2, 13, 15, 2, 14, 15, 1, 2, 16, 1, 15, 16, 0, 1, 16, 18, 0, 17, 18, 16, 21, 19, 20, 21, 22, 19, 25, 23, 24, 25, 26, 23, 29, 27, 28, 29, 35, 27, 35, 34, 27, 29, 37, 35, 36, 34, 35, 29, 31, 37, 31, 36, 37, 31, 32, 36, 32, 34, 36, 29, 30, 31, 33, 34, 32, 40, 38, 39, 40, 41, 38, 45, 56, 44, 56, 43, 44, 45, 55, 56, 57, 43, 56, 46, 55, 45, 57, 42, 43, 46, 54, 55, 50, 42, 57, 47, 54, 46, 47, 53, 54, 51, 42, 50, 51, 49, 42, 47, 52, 53, 52, 49, 51, 52, 48, 49, 48, 52, 47, 60, 58, 59, 60, 63, 58, 60, 62, 63, 60, 61, 62, 66, 74, 65, 74, 64, 65, 74, 75, 64, 66, 73, 74, 66, 70, 73, 70, 72, 73, 70, 71, 72, 66, 69, 70, 66, 68, 69, 66, 67, 68, 79, 77, 78, 79, 76, 77, 79, 91, 76, 91, 92, 76, 92, 93, 76, 79, 90, 91, 80, 90, 79, 80, 89, 90, 80, 88, 89, 81, 88, 80, 86, 84, 85, 81, 87, 88, 82, 87, 81, 87, 84, 86, 82, 84, 87, 82, 83, 84, 95, 111, 94, 111, 110, 94, 111, 109, 110, 111, 112, 109, 112, 113, 109, 113, 108, 109, 95, 117, 111, 114, 108, 113, 115, 108, 114, 115, 107, 108, 116, 107, 115, 116, 106, 107, 95, 97, 117, 97, 116, 117, 97, 106, 116, 97, 98, 106, 98, 105, 106, 95, 96, 97, 99, 105, 98, 100, 105, 99, 100, 104, 105, 101, 104, 100, 101, 103, 104, 101, 102, 103, 120, 118, 119, 120, 126, 118, 126, 125, 118, 120, 128, 126, 127, 125, 126, 120, 122, 128, 122, 127, 128, 122, 123, 127, 123, 125, 127, 120, 121, 122, 124, 125, 123, 130, 138, 129, 138, 137, 129, 138, 136, 137, 138, 139, 136, 139, 140, 136, 140, 135, 136, 130, 144, 138, 141, 135, 140, 142, 135, 141, 142, 134, 135, 143, 134, 142, 130, 132, 144, 132, 143, 144, 132, 134, 143, 132, 133, 134, 130, 131, 132]
                    rel material:binding = </Asset/_materials/Printed_dark_ink>
                    normal3f[] normals = [(0, 0, 0.99999994), (0, 0, 0.99999994), (0, 0, 0.99999994), (0, 0, 1), (0, 0, 1), (0, 0, 1), (0, 0, 1), (0, 0, 1), (0, 0, 1), (0, 0, 0.99999994), (0, 0, 0.99999994), (0, 0, 0.99999994), (0, 0, 1), (0, 0, 1), (0, 0, 1), (0, 0, 1), (0, 0, 1), (0, 0, 1), (0, 0, 1), (0, 0, 1), (0, 0, 1), (0, 0, 1), (0, 0, 1), (0, 0, 1), (0, 0, 1), (0, 0, 1), (0, 0, 1), (0, 0, 0.99999994), (0, 0, 0.99999994), (0, 0, 0.99999994), (0, 0, 0.99999994), (0, 0, 0.99999994), (0, 0, 0.99999994), (0, 0, 1), (0, 0, 1), (0, 0, 1), (0, 0, 1), (0, 0, 1), (0, 0, 1), (0, 0, 1), (0, 0, 1), (0, 0, 1), (0, 0, 1), (0, 0, 1), (0, 0, 1), (0, 0, 1), (0, 0, 1), (0, 0, 1), (0, 0, 0.99999994), (0, 0, 0.99999994), (0, 0, 0.99999994), (0, 0, 1), (0, 0, 1), (0, 0, 1), (0, 0, 1), (0, 0, 1), (0, 0, 1), (0, 0, 0.99999994), (0, 0, 0.99999994), (0, 0, 0.99999994), (0, 0, 0.99999994), (0, 0, 0.99999994), (0, 0, 0.99999994), (0, 0, 1), (0, 0, 1), (0, 0, 1), (0, 0, 1), (0, 0, 1), (0, 0, 1), (0, 0, 1), (0, 0, 1), (0, 0, 1), (0, 0, 1), (0, 0, 1), (0, 0, 1), (0, 0, 1), (0, 0, 1), (0, 0, 1), (0, 0, 1), (0, 0, 1), (0, 0, 1), (0, 0, 1), (0, 0, 1), (0, 0, 1), (0, 0, 1), (0, 0, 1), (0, 0, 1), (0, 0, 0.99999994), (0, 0, 0.99999994), (0, 0, 0.99999994), (0, 0, 1), (0, 0, 1), (0, 0, 1), (0, 0, 1), (0, 0, 1), (0, 0, 1), (0, 0, 1), (0, 0, 1), (0, 0, 1), (0, 0, 1), (0, 0, 1), (0, 0, 1), (0, 0, 1), (0, 0, 1), (0, 0, 1), (0, 0, 1), (0, 0, 1), (0, 0, 1), (0, 0, 1), (0, 0, 1), (0, 0, 1), (0, 0, 1), (0, 0, 1), (0, 0, 1), (0, 0, 1), (0, 0, 1), (0, 0, 1), (0, 0, 1), (0, 0, 1), (0, 0, 1), (0, 0, 0.99999994), (0, 0, 0.99999994), (0, 0, 0.99999994), (0, 0, 1), (0, 0, 1), (0, 0, 1), (0, 0, 1), (0, 0, 1), (0, 0, 1), (0, 0, 1), (0, 0, 1), (0, 0, 1), (0, 0, 1), (0, 0, 1), (0, 0, 1), (0, 0, 1), (0, 0, 1), (0, 0, 1), (0, 0, 1), (0, 0, 1), (0, 0, 1), (0, 0, 1), (0, 0, 1), (0, 0, 1), (0, 0, 1), (0, 0, 1), (0, 0, 1), (0, 0, 0.99999994), (0, 0, 0.99999994), (0, 0, 0.99999994), (0, 0, 1), (0, 0, 1), (0, 0, 1), (0, 0, 1), (0, 0, 1), (0, 0, 1), (0, 0, 1), (0, 0, 1), (0, 0, 1), (0, 0, 1), (0, 0, 1), (0, 0, 1), (0, 0, 1), (0, 0, 1), (0, 0, 1), (0, 0, 0.99999994), (0, 0, 0.99999994), (0, 0, 0.99999994), (0, 0, 1), (0, 0, 1), (0, 0, 1), (0, 0, 1), (0, 0, 1), (0, 0, 1), (0, 0, 0.99999994), (0, 0, 0.99999994), (0, 0, 0.99999994), (0, 0, 1), (0, 0, 1), (0, 0, 1), (0, 0, 1), (0, 0, 1), (0, 0, 1), (0, 0, 1), (0, 0, 1), (0, 0, 1), (0, 0, 1), (0, 0, 1), (0, 0, 1), (0, 0, 1), (0, 0, 1), (0, 0, 1), (0, 0, 1), (0, 0, 1), (0, 0, 1), (0, 0, 1), (0, 0, 1), (0, 0, 1), (0, 0, 1), (0, 0, 1), (0, 0, 1), (0, 0, 1), (0, 0, 1), (0, 0, 1), (0, 0, 1), (0, 0, 1), (0, 0, 1), (0, 0, 1), (0, 0, 1), (0, 0, 1), (0, 0, 1), (0, 0, 1), (0, 0, 1), (0, 0, 1), (0, 0, 1), (0, 0, 1), (0, 0, 1), (0, 0, 1), (0, 0, 1), (0, 0, 1), (0, 0, 1), (0, 0, 1), (0, 0, 1), (0, 0, 1), (0, 0, 1), (0, 0, 1), (0, 0, 1), (0, 0, 1), (0, 0, 1), (0, 0, 1), (0, 0, 1), (0, 0, 1), (0, 0, 1), (0, 0, 1), (0, 0, 1), (0, 0, 1), (0, 0, 1), (0, 0, 1), (0, 0, 1), (0, 0, 1), (0, 0, 1), (0, 0, 1), (0, 0, 1), (0, 0, 1), (0, 0, 1), (0, 0, 1), (0, 0, 1), (0, 0, 1), (0, 0, 1), (0, 0, 1), (0, 0, 1), (0, 0, 1), (0, 0, 0.99999994), (0, 0, 0.99999994), (0, 0, 0.99999994), (0, 0, 1), (0, 0, 1), (0, 0, 1), (0, 0, 1), (0, 0, 1), (0, 0, 1), (0, 0, 1), (0, 0, 1), (0, 0, 1), (0, 0, 1), (0, 0, 1), (0, 0, 1), (0, 0, 1), (0, 0, 1), (0, 0, 1), (0, 0, 0.99999994), (0, 0, 0.99999994), (0, 0, 0.99999994), (0, 0, 1), (0, 0, 1), (0, 0, 1), (0, 0, 1), (0, 0, 1), (0, 0, 1), (0, 0, 1), (0, 0, 1), (0, 0, 1), (0, 0, 1), (0, 0, 1), (0, 0, 1), (0, 0, 1), (0, 0, 1), (0, 0, 1), (0, 0, 0.99999994), (0, 0, 0.99999994), (0, 0, 0.99999994), (0, 0, 1), (0, 0, 1), (0, 0, 1), (0, 0, 1), (0, 0, 1), (0, 0, 1), (0, 0, 1), (0, 0, 1), (0, 0, 1), (0, 0, 1), (0, 0, 1), (0, 0, 1), (0, 0, 1), (0, 0, 1), (0, 0, 1), (0, 0, 1), (0, 0, 1), (0, 0, 1), (0, 0, 0.99999994), (0, 0, 0.99999994), (0, 0, 0.99999994), (0, 0, 1), (0, 0, 1), (0, 0, 1), (0, 0, 1), (0, 0, 1), (0, 0, 1), (0, 0, 0.99999994), (0, 0, 0.99999994), (0, 0, 0.99999994), (0, 0, 1), (0, 0, 1), (0, 0, 1), (0, 0, 1), (0, 0, 1), (0, 0, 1), (0, 0, 1), (0, 0, 1), (0, 0, 1), (0, 0, 1), (0, 0, 1), (0, 0, 1), (0, 0, 0.99999994), (0, 0, 0.99999994), (0, 0, 0.99999994), (0, 0, 1), (0, 0, 1), (0, 0, 1), (0, 0, 1), (0, 0, 1), (0, 0, 1), (0, 0, 1), (0, 0, 1), (0, 0, 1), (0, 0, 0.99999994), (0, 0, 0.99999994), (0, 0, 0.99999994), (0, 0, 1), (0, 0, 1), (0, 0, 1), (0, 0, 1), (0, 0, 1), (0, 0, 1), (0, 0, 0.99999994), (0, 0, 0.99999994), (0, 0, 0.99999994), (0, 0, 0.99999994), (0, 0, 0.99999994), (0, 0, 0.99999994), (0, 0, 1), (0, 0, 1), (0, 0, 1), (0, 0, 1), (0, 0, 1), (0, 0, 1), (0, 0, 1), (0, 0, 1), (0, 0, 1), (0, 0, 1), (0, 0, 1), (0, 0, 1), (0, 0, 0.99999994), (0, 0, 0.99999994), (0, 0, 0.99999994), (0, 0, 1), (0, 0, 1), (0, 0, 1), (0, 0, 1), (0, 0, 1), (0, 0, 1), (0, 0, 1), (0, 0, 1), (0, 0, 1), (0, 0, 1), (0, 0, 1), (0, 0, 1), (0, 0, 1), (0, 0, 1), (0, 0, 1), (0, 0, 1), (0, 0, 1), (0, 0, 1)] (
                        interpolation = "faceVarying"
                    )
                    point3f[] points = [(0.022342497, 0.0002325, 0), (0.021689998, 0.0002325, 0), (0.022097498, 0.00077937497, 0), (0.022219999, 0.001195, 0), (0.02207531, 0.0015793751, 0), (0.021699999, 0.0017275001, 0), (0.021498749, 0.0016875, 0), (0.0212975, 0.001565, 0), (0.0212975, 0.0012575, 0), (0.021495624, 0.001438125, 0), (0.021682497, 0.0014875, 0), (0.021891562, 0.0013978125, 0), (0.021975, 0.0011675, 0), (0.021945, 0.0009831251, 0), (0.021854999, 0.0008025, 0), (0.021574687, 0.0004025, 0), (0.0212625, 0.0000175, 0), (0.0212625, 0, 0), (0.022342497, 0, 0), (0.0206775, 0.0017050001, 0), (0.020432498, 0.0017050001, 0), (0.020432498, 0, 0), (0.0206775, 0, 0), (0.019827498, 0.0006675, 0), (0.019219998, 0.0006675, 0), (0.019219998, 0.00043500002, 0), (0.019827498, 0.00043500002, 0), (0.018357499, 0.0017150001, 0), (0.018184999, 0.0017150001, 0), (0.017452499, 0, 0), (0.017702498, 0, 0), (0.017917497, 0.0005025, 0), (0.018642498, 0.0005025, 0), (0.018869998, 0, 0), (0.019119998, 0, 0), (0.0182675, 0.00134, 0), (0.018542498, 0.0007225, 0), (0.018012498, 0.0007225, 0), (0.012782501, 0.0017050001, 0), (0.012537501, 0.0017050001, 0), (0.012537501, 0, 0), (0.012782501, 0, 0), (0.0119575, 0.00085250003, 0), (0.011806251, 0.0014868751, 0), (0.0114075, 0.0017275001, 0), (0.011008751, 0.0014868751, 0), (0.010857501, 0.00085250003, 0), (0.011008751, 0.000218125, 0), (0.0114075, -0.0000225, 0), (0.011806251, 0.00021812502, 0), (0.011712501, 0.00085250003, 0), (0.01163125, 0.00038125, 0), (0.0114075, 0.00021000001, 0), (0.01118375, 0.00038125, 0), (0.011102499, 0.00085250003, 0), (0.01118375, 0.0013237501, 0), (0.0114075, 0.0014950001, 0), (0.01163125, 0.0013237501, 0), (0.0079025, 0.0017050001, 0), (0.0076575004, 0.0017050001, 0), (0.0076575004, 0, 0), (0.0086725, 0, 0), (0.0086725, 0.00022000002, 0), (0.0079025, 0.00022000002, 0), (0.0073775, 0.0017050001, 0), (0.0064100004, 0.0017050001, 0), (0.0064100004, 0, 0), (0.0074, 0, 0), (0.0074, 0.00022000002, 0), (0.006655, 0.00022000002, 0), (0.006655, 0.00075, 0), (0.0073524998, 0.00075, 0), (0.0073524998, 0.00097, 0), (0.006655, 0.00097, 0), (0.006655, 0.001485, 0), (0.0073775, 0.001485, 0), (0.0060925004, 0.0015875001, 0), (0.0057784375, 0.0016940626, 0), (0.0055075, 0.0017275001, 0), (0.0048365626, 0.0014725, 0), (0.0045725, 0.0008275001, 0), (0.0047925003, 0.0002684375, 0), (0.0054925, -0.0000225, 0), (0.00583875, 0.0000196875, 0), (0.0061100004, 0.00012750001, 0), (0.0061100004, 0.000395, 0), (0.0058125006, 0.000251875, 0), (0.0055150003, 0.0002025, 0), (0.00501625, 0.00038281252, 0), (0.004825, 0.00085, 0), (0.00501875, 0.001316875, 0), (0.0055050002, 0.0015025, 0), (0.0057940627, 0.0014596876, 0), (0.0060925004, 0.0013250001, 0), (0.0031350001, 0.0017050001, 0), (0.0031350001, 0, 0), (0.00338, 0, 0), (0.00338, 0.00074, 0), (0.0034824999, 0.00074, 0), (0.00367125, 0.00067624997, 0), (0.0039350004, 0.00035, 0), (0.00416, 0, 0), (0.0044525, 0, 0), (0.004319375, 0.000185625, 0), (0.00422, 0.0003375, 0), (0.004039375, 0.000615, 0), (0.00384, 0.00081, 0), (0.0040509375, 0.00097187504, 0), (0.004125, 0.0012275, 0), (0.0039743753, 0.0015768751, 0), (0.0035650001, 0.0017050001, 0), (0.00338, 0.0014950001, 0), (0.0035375, 0.0014950001, 0), (0.0037931248, 0.0014262501, 0), (0.0038725, 0.0012375001, 0), (0.0038043752, 0.0010453125, 0), (0.0035375, 0.00096, 0), (0.00338, 0.00096, 0), (0.0021800003, 0.0017150001, 0), (0.0020075003, 0.0017150001, 0), (0.001275, 0, 0), (0.0015250002, 0, 0), (0.0017400001, 0.0005025, 0), (0.0024650001, 0.0005025, 0), (0.0026925004, 0, 0), (0.0029425, 0, 0), (0.00209, 0.00134, 0), (0.002365, 0.0007225, 0), (0.0018350001, 0.0007225, 0), (0.000175, 0.0017050001, 0), (0.000175, 0, 0), (0.00042000003, 0, 0), (0.00042000003, 0.0007375, 0), (0.000675, 0.0007375, 0), (0.001110625, 0.0008759375, 0), (0.00125, 0.001215, 0), (0.0011184375, 0.0015612501, 0), (0.00070750003, 0.0017050001, 0), (0.00042000003, 0.001485, 0), (0.00070750003, 0.001485, 0), (0.0009359375, 0.001401875, 0), (0.0009975, 0.001225, 0), (0.00091593753, 0.0010275, 0), (0.0006975, 0.0009575, 0), (0.00042000003, 0.0009575, 0)]
                    texCoord2f[] primvars:st = [(0.33333334, 0), (0.22222222, 0), (0.2777778, 0), (0.3888889, 0), (0.22222222, 0), (0.33333334, 0), (0.3888889, 0), (0.5555556, 0), (0.22222222, 0), (0.5555556, 0), (0.6111111, 0), (0.22222222, 0), (0.6111111, 0), (0.16666667, 0), (0.22222222, 0), (0.44444445, 0), (0.5, 0), (0.3888889, 0), (0.5, 0), (0.5555556, 0), (0.3888889, 0), (0.6666667, 0), (0.16666667, 0), (0.6111111, 0), (0.6666667, 0), (0.11111111, 0), (0.16666667, 0), (0.7222222, 0), (0.11111111, 0), (0.6666667, 0), (0.7777778, 0), (0.11111111, 0), (0.7222222, 0), (0.8333333, 0), (0.11111111, 0), (0.7777778, 0), (0.8333333, 0), (0.055555556, 0), (0.11111111, 0), (0.8888889, 0), (0.055555556, 0), (0.8333333, 0), (0.8888889, 0), (0, 0), (0.055555556, 0), (0.8888889, 0), (1, 0), (0, 0), (0.9444444, 0), (1, 0), (0.8888889, 0), (0.6666667, 0), (0, 0), (0.33333334, 0), (0.6666667, 0), (1, 0), (0, 0), (0.6666667, 0), (0, 0), (0.33333334, 0), (0.6666667, 0), (1, 0), (0, 0), (0.2, 0), (0, 0), (0.1, 0), (0.2, 0), (0.8, 0), (0, 0), (0.8, 0), (0.7, 0), (0, 0), (0.2, 0), (1, 0), (0.8, 0), (0.9, 0), (0.7, 0), (0.8, 0), (0.2, 0), (0.4, 0), (1, 0), (0.4, 0), (0.9, 0), (1, 0), (0.4, 0), (0.5, 0), (0.9, 0), (0.5, 0), (0.7, 0), (0.9, 0), (0.2, 0), (0.3, 0), (0.4, 0), (0.6, 0), (0.7, 0), (0.5, 0), (0.6666667, 0), (0, 0), (0.33333334, 0), (0.6666667, 0), (1, 0), (0, 0), (0.2, 0), (0.93333334, 0), (0.13333334, 0), (0.93333334, 0), (0.06666667, 0), (0.13333334, 0), (0.2, 0), (0.8666667, 0), (0.93333334, 0), (1, 0), (0.06666667, 0), (0.93333334, 0), (0.26666668, 0), (0.8666667, 0), (0.2, 0), (1, 0), (0, 0), (0.06666667, 0), (0.26666668, 0), (0.8, 0), (0.8666667, 0), (0.53333336, 0), (0, 0), (1, 0), (0.33333334, 0), (0.8, 0), (0.26666668, 0), (0.33333334, 0), (0.73333335, 0), (0.8, 0), (0.6, 0), (0, 0), (0.53333336, 0), (0.6, 0), (0.46666667, 0), (0, 0), (0.33333334, 0), (0.6666667, 0), (0.73333335, 0), (0.6666667, 0), (0.46666667, 0), (0.6, 0), (0.6666667, 0), (0.4, 0), (0.46666667, 0), (0.4, 0), (0.6666667, 0), (0.33333334, 0), (0.4, 0), (0, 0), (0.2, 0), (0.4, 0), (1, 0), (0, 0), (0.4, 0), (0.8, 0), (1, 0), (0.4, 0), (0.6, 0), (0.8, 0), (0.18181819, 0), (0.90909094, 0), (0.09090909, 0), (0.90909094, 0), (0, 0), (0.09090909, 0), (0.90909094, 0), (1, 0), (0, 0), (0.18181819, 0), (0.8181818, 0), (0.90909094, 0), (0.18181819, 0), (0.54545456, 0), (0.8181818, 0), (0.54545456, 0), (0.72727275, 0), (0.8181818, 0), (0.54545456, 0), (0.6363636, 0), (0.72727275, 0), (0.18181819, 0), (0.45454547, 0), (0.54545456, 0), (0.18181819, 0), (0.36363637, 0), (0.45454547, 0), (0.18181819, 0), (0.27272728, 0), (0.36363637, 0), (0.1764706, 0), (0.05882353, 0), (0.11764706, 0), (0.1764706, 0), (0, 0), (0.05882353, 0), (0.1764706, 0), (0.88235295, 0), (0, 0), (0.88235295, 0), (0.9411765, 0), (0, 0), (0.9411765, 0), (1, 0), (0, 0), (0.1764706, 0), (0.8235294, 0), (0.88235295, 0), (0.23529412, 0), (0.8235294, 0), (0.1764706, 0), (0.23529412, 0), (0.7647059, 0), (0.8235294, 0), (0.23529412, 0), (0.7058824, 0), (0.7647059, 0), (0.29411766, 0), (0.7058824, 0), (0.23529412, 0), (0.5882353, 0), (0.47058824, 0), (0.5294118, 0), (0.29411766, 0), (0.64705884, 0), (0.7058824, 0), (0.3529412, 0), (0.64705884, 0), (0.29411766, 0), (0.64705884, 0), (0.47058824, 0), (0.5882353, 0), (0.3529412, 0), (0.47058824, 0), (0.64705884, 0), (0.3529412, 0), (0.4117647, 0), (0.47058824, 0), (0.04347826, 0), (0.73913044, 0), (0, 0), (0.73913044, 0), (0.6956522, 0), (0, 0), (0.73913044, 0), (0.65217394, 0), (0.6956522, 0), (0.73913044, 0), (0.7826087, 0), (0.65217394, 0), (0.7826087, 0), (0.82608694, 0), (0.65217394, 0), (0.82608694, 0), (0.6086956, 0), (0.65217394, 0), (0.04347826, 0), (1, 0), (0.73913044, 0), (0.8695652, 0), (0.6086956, 0), (0.82608694, 0), (0.9130435, 0), (0.6086956, 0), (0.8695652, 0), (0.9130435, 0), (0.5652174, 0), (0.6086956, 0), (0.95652175, 0), (0.5652174, 0), (0.9130435, 0), (0.95652175, 0), (0.5217391, 0), (0.5652174, 0), (0.04347826, 0), (0.13043478, 0), (1, 0), (0.13043478, 0), (0.95652175, 0), (1, 0), (0.13043478, 0), (0.5217391, 0), (0.95652175, 0), (0.13043478, 0), (0.17391305, 0), (0.5217391, 0), (0.17391305, 0), (0.47826087, 0), (0.5217391, 0), (0.04347826, 0), (0.08695652, 0), (0.13043478, 0), (0.2173913, 0), (0.47826087, 0), (0.17391305, 0), (0.26086956, 0), (0.47826087, 0), (0.2173913, 0), (0.26086956, 0), (0.4347826, 0), (0.47826087, 0), (0.3043478, 0), (0.4347826, 0), (0.26086956, 0), (0.3043478, 0), (0.39130434, 0), (0.4347826, 0), (0.3043478, 0), (0.3478261, 0), (0.39130434, 0), (0.2, 0), (0, 0), (0.1, 0), (0.2, 0), (0.8, 0), (0, 0), (0.8, 0), (0.7, 0), (0, 0), (0.2, 0), (1, 0), (0.8, 0), (0.9, 0), (0.7, 0), (0.8, 0), (0.2, 0), (0.4, 0), (1, 0), (0.4, 0), (0.9, 0), (1, 0), (0.4, 0), (0.5, 0), (0.9, 0), (0.5, 0), (0.7, 0), (0.9, 0), (0.2, 0), (0.3, 0), (0.4, 0), (0.6, 0), (0.7, 0), (0.5, 0), (0.06666667, 0), (0.6, 0), (0, 0), (0.6, 0), (0.53333336, 0), (0, 0), (0.6, 0), (0.46666667, 0), (0.53333336, 0), (0.6, 0), (0.6666667, 0), (0.46666667, 0), (0.6666667, 0), (0.73333335, 0), (0.46666667, 0), (0.73333335, 0), (0.4, 0), (0.46666667, 0), (0.06666667, 0), (1, 0), (0.6, 0), (0.8, 0), (0.4, 0), (0.73333335, 0), (0.8666667, 0), (0.4, 0), (0.8, 0), (0.8666667, 0), (0.33333334, 0), (0.4, 0), (0.93333334, 0), (0.33333334, 0), (0.8666667, 0), (0.06666667, 0), (0.2, 0), (1, 0), (0.2, 0), (0.93333334, 0), (1, 0), (0.2, 0), (0.33333334, 0), (0.93333334, 0), (0.2, 0), (0.26666668, 0), (0.33333334, 0), (0.06666667, 0), (0.13333334, 0), (0.2, 0)] (
                        interpolation = "faceVarying"
                    )
                    uniform token subdivisionScheme = "none"
                    custom string userProperties:blender:data_name = "Printing.004"
                }
            }

            def Xform "Barcode_line_014"
            {
                custom string userProperties:blender:object_name = "Barcode line.014"
                float3 xformOp:rotateXYZ = (0, -0, 0)
                float3 xformOp:scale = (1, 1, 1)
                double3 xformOp:translate = (0.00743076903745532, -0.003999999724328518, 0.00024999678134918213)
                uniform token[] xformOpOrder = ["xformOp:translate", "xformOp:rotateXYZ", "xformOp:scale"]

                def Mesh "Cube_020" (
                    active = true
                    prepend apiSchemas = ["MaterialBindingAPI"]
                )
                {
                    uniform bool doubleSided = 1
                    float3[] extent = [(-0.0004953846, -0.008, -0.000065), (0.0004953846, 0.008, 0.000065)]
                    int[] faceVertexCounts = [4, 4, 4, 4, 4, 4]
                    int[] faceVertexIndices = [0, 1, 3, 2, 2, 3, 7, 6, 6, 7, 5, 4, 4, 5, 1, 0, 2, 6, 4, 0, 7, 3, 1, 5]
                    rel material:binding = </Asset/_materials/Printed_dark_ink>
                    normal3f[] normals = [(-1, 0, 0), (-1, 0, 0), (-1, 0, 0), (-1, 0, 0), (0, 1, 0), (0, 1, 0), (0, 1, 0), (0, 1, 0), (1, 0, 0), (1, 0, 0), (1, 0, 0), (1, 0, 0), (0, -1, 0), (0, -1, 0), (0, -1, 0), (0, -1, 0), (0, 0, -1), (0, 0, -1), (0, 0, -1), (0, 0, -1), (0, 0, 1), (0, 0, 1), (0, 0, 1), (0, 0, 1)] (
                        interpolation = "faceVarying"
                    )
                    point3f[] points = [(-0.0004953846, -0.008, -0.000065), (-0.0004953846, -0.008, 0.000065), (-0.0004953846, 0.008, -0.000065), (-0.0004953846, 0.008, 0.000065), (0.0004953846, -0.008, -0.000065), (0.0004953846, -0.008, 0.000065), (0.0004953846, 0.008, -0.000065), (0.0004953846, 0.008, 0.000065)]
                    texCoord2f[] primvars:st = [(0.375, 0), (0.625, 0), (0.625, 0.25), (0.375, 0.25), (0.375, 0.25), (0.625, 0.25), (0.625, 0.5), (0.375, 0.5), (0.375, 0.5), (0.625, 0.5), (0.625, 0.75), (0.375, 0.75), (0.375, 0.75), (0.625, 0.75), (0.625, 1), (0.375, 1), (0.125, 0.5), (0.375, 0.5), (0.375, 0.75), (0.125, 0.75), (0.625, 0.5), (0.875, 0.5), (0.875, 0.75), (0.625, 0.75)] (
                        interpolation = "faceVarying"
                    )
                    uniform token subdivisionScheme = "none"
                    custom string userProperties:blender:data_name = "Cube.020"
                }
            }

            def Xform "Barcode_line_024"
            {
                custom string userProperties:blender:object_name = "Barcode line.024"
                float3 xformOp:rotateXYZ = (0, -0, 0)
                float3 xformOp:scale = (1, 1, 1)
                double3 xformOp:translate = (0.03764922916889191, -0.003999999724328518, 0.00024999678134918213)
                uniform token[] xformOpOrder = ["xformOp:translate", "xformOp:rotateXYZ", "xformOp:scale"]

                def Mesh "Cube_030" (
                    active = true
                    prepend apiSchemas = ["MaterialBindingAPI"]
                )
                {
                    uniform bool doubleSided = 1
                    float3[] extent = [(-0.0009907692, -0.008, -0.000065), (0.0009907692, 0.008, 0.000065)]
                    int[] faceVertexCounts = [4, 4, 4, 4, 4, 4]
                    int[] faceVertexIndices = [0, 1, 3, 2, 2, 3, 7, 6, 6, 7, 5, 4, 4, 5, 1, 0, 2, 6, 4, 0, 7, 3, 1, 5]
                    rel material:binding = </Asset/_materials/Printed_dark_ink>
                    normal3f[] normals = [(-1, 0, 0), (-1, 0, 0), (-1, 0, 0), (-1, 0, 0), (0, 1, 0), (0, 1, 0), (0, 1, 0), (0, 1, 0), (1, 0, 0), (1, 0, 0), (1, 0, 0), (1, 0, 0), (0, -1, 0), (0, -1, 0), (0, -1, 0), (0, -1, 0), (0, 0, -1), (0, 0, -1), (0, 0, -1), (0, 0, -1), (0, 0, 1), (0, 0, 1), (0, 0, 1), (0, 0, 1)] (
                        interpolation = "faceVarying"
                    )
                    point3f[] points = [(-0.0009907692, -0.008, -0.000065), (-0.0009907692, -0.008, 0.000065), (-0.0009907692, 0.008, -0.000065), (-0.0009907692, 0.008, 0.000065), (0.0009907692, -0.008, -0.000065), (0.0009907692, -0.008, 0.000065), (0.0009907692, 0.008, -0.000065), (0.0009907692, 0.008, 0.000065)]
                    texCoord2f[] primvars:st = [(0.375, 0), (0.625, 0), (0.625, 0.25), (0.375, 0.25), (0.375, 0.25), (0.625, 0.25), (0.625, 0.5), (0.375, 0.5), (0.375, 0.5), (0.625, 0.5), (0.625, 0.75), (0.375, 0.75), (0.375, 0.75), (0.625, 0.75), (0.625, 1), (0.375, 1), (0.125, 0.5), (0.375, 0.5), (0.375, 0.75), (0.125, 0.75), (0.625, 0.5), (0.875, 0.5), (0.875, 0.75), (0.625, 0.75)] (
                        interpolation = "faceVarying"
                    )
                    uniform token subdivisionScheme = "none"
                    custom string userProperties:blender:data_name = "Cube.030"
                }
            }

            def Xform "Barcode_line_016"
            {
                custom string userProperties:blender:object_name = "Barcode line.016"
                float3 xformOp:rotateXYZ = (0, -0, 0)
                float3 xformOp:scale = (1, 1, 1)
                double3 xformOp:translate = (0.01337538380175829, -0.004000000189989805, 0.00024999678134918213)
                uniform token[] xformOpOrder = ["xformOp:translate", "xformOp:rotateXYZ", "xformOp:scale"]

                def Mesh "Cube_022" (
                    active = true
                    prepend apiSchemas = ["MaterialBindingAPI"]
                )
                {
                    uniform bool doubleSided = 1
                    float3[] extent = [(-0.0014861538, -0.008, -0.000065), (0.0014861538, 0.008, 0.000065)]
                    int[] faceVertexCounts = [4, 4, 4, 4, 4, 4]
                    int[] faceVertexIndices = [0, 1, 3, 2, 2, 3, 7, 6, 6, 7, 5, 4, 4, 5, 1, 0, 2, 6, 4, 0, 7, 3, 1, 5]
                    rel material:binding = </Asset/_materials/Printed_dark_ink>
                    normal3f[] normals = [(-1, 0, 0), (-1, 0, 0), (-1, 0, 0), (-1, 0, 0), (0, 1, 0), (0, 1, 0), (0, 1, 0), (0, 1, 0), (1, 0, 0), (1, 0, 0), (1, 0, 0), (1, 0, 0), (0, -1, 0), (0, -1, 0), (0, -1, 0), (0, -1, 0), (0, 0, -1), (0, 0, -1), (0, 0, -1), (0, 0, -1), (0, 0, 1), (0, 0, 1), (0, 0, 1), (0, 0, 1)] (
                        interpolation = "faceVarying"
                    )
                    point3f[] points = [(-0.0014861538, -0.008, -0.000065), (-0.0014861538, -0.008, 0.000065), (-0.0014861538, 0.008, -0.000065), (-0.0014861538, 0.008, 0.000065), (0.0014861538, -0.008, -0.000065), (0.0014861538, -0.008, 0.000065), (0.0014861538, 0.008, -0.000065), (0.0014861538, 0.008, 0.000065)]
                    texCoord2f[] primvars:st = [(0.375, 0), (0.625, 0), (0.625, 0.25), (0.375, 0.25), (0.375, 0.25), (0.625, 0.25), (0.625, 0.5), (0.375, 0.5), (0.375, 0.5), (0.625, 0.5), (0.625, 0.75), (0.375, 0.75), (0.375, 0.75), (0.625, 0.75), (0.625, 1), (0.375, 1), (0.125, 0.5), (0.375, 0.5), (0.375, 0.75), (0.125, 0.75), (0.625, 0.5), (0.875, 0.5), (0.875, 0.75), (0.625, 0.75)] (
                        interpolation = "faceVarying"
                    )
                    uniform token subdivisionScheme = "none"
                    custom string userProperties:blender:data_name = "Cube.022"
                }
            }

            def Xform "Print_10__2608__805001"
            {
                custom string userProperties:blender:object_name = "Print_10__2608__805001"
                float3 xformOp:rotateXYZ = (0, -0, 0)
                float3 xformOp:scale = (1, 1, 1)
                double3 xformOp:translate = (-0.03771999850869179, -0.018300000578165054, 0.00020000338554382324)
                uniform token[] xformOpOrder = ["xformOp:translate", "xformOp:rotateXYZ", "xformOp:scale"]

                def Mesh "Printing_003" (
                    active = true
                    prepend apiSchemas = ["MaterialBindingAPI"]
                )
                {
                    uniform bool doubleSided = 1
                    float3[] extent = [(0.00062620005, -0.000027900003, 0), (0.021427201, 0.0021421001, 0)]
                    int[] faceVertexCounts = [3, 3, 3, 3, 3, 3, 3, 3, 3, 3, 3, 3, 3, 3, 3, 3, 3, 3, 3, 3, 3, 3, 3, 3, 3, 3, 3, 3, 3, 3, 3, 3, 3, 3, 3, 3, 3, 3, 3, 3, 3, 3, 3, 3, 3, 3, 3, 3, 3, 3, 3, 3, 3, 3, 3, 3, 3, 3, 3, 3, 3, 3, 3, 3, 3, 3, 3, 3, 3, 3, 3, 3, 3, 3, 3, 3, 3, 3, 3, 3, 3, 3, 3, 3, 3, 3, 3, 3, 3, 3, 3, 3, 3, 3, 3, 3, 3, 3, 3, 3, 3, 3, 3, 3, 3, 3, 3, 3, 3, 3, 3, 3, 3, 3, 3, 3, 3, 3, 3, 3, 3, 3, 3, 3, 3, 3, 3, 3, 3, 3, 3, 3, 3, 3, 3, 3, 3, 3, 3, 3, 3, 3, 3, 3, 3, 3, 3, 3, 3, 3, 3, 3, 3, 3, 3, 3, 3, 3, 3, 3, 3, 3, 3, 3, 3, 3, 3, 3, 3, 3, 3, 3, 3, 3, 3, 3, 3, 3, 3, 3, 3, 3, 3, 3, 3, 3, 3, 3, 3, 3, 3, 3, 3, 3, 3, 3, 3, 3, 3, 3, 3, 3, 3, 3, 3, 3]
                    int[] faceVertexIndices = [2, 0, 1, 2, 3, 0, 7, 18, 6, 18, 5, 6, 7, 17, 18, 19, 5, 18, 8, 17, 7, 19, 4, 5, 8, 16, 17, 12, 4, 19, 9, 16, 8, 9, 15, 16, 13, 4, 12, 13, 11, 4, 9, 14, 15, 14, 11, 13, 10, 14, 9, 14, 10, 11, 23, 34, 22, 34, 21, 22, 23, 33, 34, 35, 21, 34, 24, 33, 23, 35, 20, 21, 24, 32, 33, 28, 20, 35, 25, 32, 24, 25, 31, 32, 29, 20, 28, 29, 27, 20, 25, 30, 31, 30, 27, 29, 26, 30, 25, 30, 26, 27, 38, 52, 37, 52, 36, 37, 52, 53, 36, 38, 51, 52, 38, 50, 51, 38, 39, 50, 39, 49, 50, 40, 49, 39, 40, 48, 49, 41, 48, 40, 45, 43, 44, 42, 48, 41, 45, 42, 43, 45, 48, 42, 45, 47, 48, 46, 47, 45, 57, 68, 56, 68, 55, 56, 57, 67, 68, 69, 55, 68, 58, 67, 57, 69, 54, 55, 58, 66, 67, 62, 54, 69, 59, 66, 58, 59, 65, 66, 63, 54, 62, 63, 61, 54, 59, 64, 65, 64, 61, 63, 60, 64, 59, 64, 60, 61, 77, 75, 76, 78, 91, 77, 91, 92, 77, 92, 75, 77, 92, 93, 75, 93, 74, 75, 78, 90, 91, 86, 74, 93, 78, 89, 90, 79, 89, 78, 87, 74, 86, 87, 73, 74, 79, 88, 89, 88, 73, 87, 88, 72, 73, 80, 88, 79, 80, 72, 88, 81, 72, 80, 81, 100, 72, 100, 71, 72, 81, 99, 100, 101, 71, 100, 101, 70, 71, 82, 99, 81, 82, 98, 99, 94, 70, 101, 82, 97, 98, 95, 70, 94, 83, 97, 82, 95, 85, 70, 96, 85, 95, 83, 96, 97, 83, 85, 96, 84, 85, 83, 109, 107, 108, 110, 123, 109, 123, 124, 109, 124, 107, 109, 124, 125, 107, 125, 106, 107, 110, 122, 123, 118, 106, 125, 110, 121, 122, 111, 121, 110, 119, 106, 118, 119, 105, 106, 111, 120, 121, 120, 105, 119, 120, 104, 105, 112, 120, 111, 112, 104, 120, 113, 104, 112, 113, 132, 104, 132, 103, 104, 113, 131, 132, 133, 103, 132, 133, 102, 103, 114, 131, 113, 114, 130, 131, 126, 102, 133, 114, 129, 130, 127, 102, 126, 115, 129, 114, 127, 117, 102, 128, 117, 127, 115, 128, 129, 115, 117, 128, 116, 117, 115, 137, 148, 136, 148, 135, 136, 137, 147, 148, 149, 135, 148, 138, 147, 137, 149, 134, 135, 138, 146, 147, 142, 134, 149, 139, 146, 138, 139, 145, 146, 143, 134, 142, 143, 141, 134, 139, 144, 145, 144, 141, 143, 140, 144, 139, 144, 140, 141, 151, 162, 150, 151, 161, 162, 151, 160, 161, 152, 160, 151, 159, 157, 158, 160, 157, 159, 152, 164, 160, 164, 157, 160, 164, 165, 157, 165, 166, 157, 166, 156, 157, 152, 163, 164, 167, 156, 166, 152, 170, 163, 153, 170, 152, 168, 156, 167, 168, 155, 156, 153, 169, 170, 169, 155, 168, 153, 155, 169, 154, 155, 153, 177, 175, 176, 178, 175, 177, 178, 181, 175, 181, 182, 175, 182, 174, 175, 179, 180, 178, 180, 181, 178, 183, 174, 182, 183, 173, 174, 184, 173, 183, 185, 173, 184, 186, 173, 185, 186, 172, 173, 187, 172, 186, 187, 171, 172, 187, 189, 171, 188, 189, 187, 193, 204, 192, 204, 191, 192, 193, 203, 204, 205, 191, 204, 194, 203, 193, 205, 190, 191, 194, 202, 203, 198, 190, 205, 195, 202, 194, 195, 201, 202, 199, 190, 198, 199, 197, 190, 195, 200, 201, 200, 197, 199, 196, 200, 195, 200, 196, 197, 208, 206, 207, 208, 209, 206]
                    rel material:binding = </Asset/_materials/Printed_dark_ink>
                    normal3f[] normals = [(0, 0, 0.99999994), (0, 0, 0.99999994), (0, 0, 0.99999994), (0, 0, 0.99999994), (0, 0, 0.99999994), (0, 0, 0.99999994), (0, 0, 1), (0, 0, 1), (0, 0, 1), (0, 0, 1), (0, 0, 1), (0, 0, 1), (0, 0, 1), (0, 0, 1), (0, 0, 1), (0, 0, 0.99999994), (0, 0, 0.99999994), (0, 0, 0.99999994), (0, 0, 1), (0, 0, 1), (0, 0, 1), (0, 0, 1), (0, 0, 1), (0, 0, 1), (0, 0, 0.99999994), (0, 0, 0.99999994), (0, 0, 0.99999994), (0, 0, 0.99999994), (0, 0, 0.99999994), (0, 0, 0.99999994), (0, 0, 1), (0, 0, 1), (0, 0, 1), (0, 0, 0.99999994), (0, 0, 0.99999994), (0, 0, 0.99999994), (0, 0, 1), (0, 0, 1), (0, 0, 1), (0, 0, 1), (0, 0, 1), (0, 0, 1), (0, 0, 0.99999994), (0, 0, 0.99999994), (0, 0, 0.99999994), (0, 0, 1), (0, 0, 1), (0, 0, 1), (0, 0, 1), (0, 0, 1), (0, 0, 1), (0, 0, 0.99999994), (0, 0, 0.99999994), (0, 0, 0.99999994), (0, 0, 1), (0, 0, 1), (0, 0, 1), (0, 0, 1), (0, 0, 1), (0, 0, 1), (0, 0, 1), (0, 0, 1), (0, 0, 1), (0, 0, 0.99999994), (0, 0, 0.99999994), (0, 0, 0.99999994), (0, 0, 1), (0, 0, 1), (0, 0, 1), (0, 0, 1), (0, 0, 1), (0, 0, 1), (0, 0, 0.99999994), (0, 0, 0.99999994), (0, 0, 0.99999994), (0, 0, 0.99999994), (0, 0, 0.99999994), (0, 0, 0.99999994), (0, 0, 1), (0, 0, 1), (0, 0, 1), (0, 0, 0.99999994), (0, 0, 0.99999994), (0, 0, 0.99999994), (0, 0, 1), (0, 0, 1), (0, 0, 1), (0, 0, 1), (0, 0, 1), (0, 0, 1), (0, 0, 0.99999994), (0, 0, 0.99999994), (0, 0, 0.99999994), (0, 0, 1), (0, 0, 1), (0, 0, 1), (0, 0, 1), (0, 0, 1), (0, 0, 1), (0, 0, 0.99999994), (0, 0, 0.99999994), (0, 0, 0.99999994), (0, 0, 1), (0, 0, 1), (0, 0, 1), (0, 0, 1), (0, 0, 1), (0, 0, 1), (0, 0, 1), (0, 0, 1), (0, 0, 1), (0, 0, 1), (0, 0, 1), (0, 0, 1), (0, 0, 0.99999994), (0, 0, 0.99999994), (0, 0, 0.99999994), (0, 0, 0.99999994), (0, 0, 0.99999994), (0, 0, 0.99999994), (0, 0, 1), (0, 0, 1), (0, 0, 1), (0, 0, 1), (0, 0, 1), (0, 0, 1), (0, 0, 1), (0, 0, 1), (0, 0, 1), (0, 0, 1), (0, 0, 1), (0, 0, 1), (0, 0, 1), (0, 0, 1), (0, 0, 1), (0, 0, 1), (0, 0, 1), (0, 0, 1), (0, 0, 1), (0, 0, 1), (0, 0, 1), (0, 0, 0.99999994), (0, 0, 0.99999994), (0, 0, 0.99999994), (0, 0, 1), (0, 0, 1), (0, 0, 1), (0, 0, 1), (0, 0, 1), (0, 0, 1), (0, 0, 1), (0, 0, 1), (0, 0, 1), (0, 0, 1), (0, 0, 1), (0, 0, 1), (0, 0, 1), (0, 0, 1), (0, 0, 1), (0, 0, 1), (0, 0, 1), (0, 0, 1), (0, 0, 1), (0, 0, 1), (0, 0, 1), (0, 0, 1), (0, 0, 1), (0, 0, 1), (0, 0, 1), (0, 0, 1), (0, 0, 1), (0, 0, 0.99999994), (0, 0, 0.99999994), (0, 0, 0.99999994), (0, 0, 1), (0, 0, 1), (0, 0, 1), (0, 0, 1), (0, 0, 1), (0, 0, 1), (0, 0, 0.99999994), (0, 0, 0.99999994), (0, 0, 0.99999994), (0, 0, 1), (0, 0, 1), (0, 0, 1), (0, 0, 0.99999994), (0, 0, 0.99999994), (0, 0, 0.99999994), (0, 0, 0.99999994), (0, 0, 0.99999994), (0, 0, 0.99999994), (0, 0, 1), (0, 0, 1), (0, 0, 1), (0, 0, 1), (0, 0, 1), (0, 0, 1), (0, 0, 1), (0, 0, 1), (0, 0, 1), (0, 0, 1), (0, 0, 1), (0, 0, 1), (0, 0, 1), (0, 0, 1), (0, 0, 1), (0, 0, 0.99999994), (0, 0, 0.99999994), (0, 0, 0.99999994), (0, 0, 1), (0, 0, 1), (0, 0, 1), (0, 0, 1), (0, 0, 1), (0, 0, 1), (0, 0, 1), (0, 0, 1), (0, 0, 1), (0, 0, 1), (0, 0, 1), (0, 0, 1), (0, 0, 1), (0, 0, 1), (0, 0, 1), (0, 0, 1), (0, 0, 1), (0, 0, 1), (0, 0, 1), (0, 0, 1), (0, 0, 1), (0, 0, 1), (0, 0, 1), (0, 0, 1), (0, 0, 1), (0, 0, 1), (0, 0, 1), (0, 0, 1), (0, 0, 1), (0, 0, 1), (0, 0, 1), (0, 0, 1), (0, 0, 1), (0, 0, 1), (0, 0, 1), (0, 0, 1), (0, 0, 1), (0, 0, 1), (0, 0, 1), (0, 0, 1), (0, 0, 1), (0, 0, 1), (0, 0, 1), (0, 0, 1), (0, 0, 1), (0, 0, 1), (0, 0, 1), (0, 0, 1), (0, 0, 1), (0, 0, 1), (0, 0, 1), (0, 0, 1), (0, 0, 1), (0, 0, 1), (0, 0, 1), (0, 0, 1), (0, 0, 1), (0, 0, 1), (0, 0, 1), (0, 0, 1), (0, 0, 1), (0, 0, 1), (0, 0, 1), (0, 0, 1), (0, 0, 1), (0, 0, 1), (0, 0, 1), (0, 0, 1), (0, 0, 1), (0, 0, 1), (0, 0, 1), (0, 0, 1), (0, 0, 1), (0, 0, 1), (0, 0, 1), (0, 0, 1), (0, 0, 1), (0, 0, 1), (0, 0, 1), (0, 0, 1), (0, 0, 1), (0, 0, 1), (0, 0, 1), (0, 0, 1), (0, 0, 1), (0, 0, 1), (0, 0, 1), (0, 0, 1), (0, 0, 1), (0, 0, 1), (0, 0, 1), (0, 0, 1), (0, 0, 1), (0, 0, 1), (0, 0, 1), (0, 0, 1), (0, 0, 1), (0, 0, 1), (0, 0, 1), (0, 0, 1), (0, 0, 1), (0, 0, 1), (0, 0, 1), (0, 0, 1), (0, 0, 1), (0, 0, 1), (0, 0, 1), (0, 0, 1), (0, 0, 0.99999994), (0, 0, 0.99999994), (0, 0, 0.99999994), (0, 0, 1), (0, 0, 1), (0, 0, 1), (0, 0, 1), (0, 0, 1), (0, 0, 1), (0, 0, 0.99999994), (0, 0, 0.99999994), (0, 0, 0.99999994), (0, 0, 1), (0, 0, 1), (0, 0, 1), (0, 0, 1), (0, 0, 1), (0, 0, 1), (0, 0, 1), (0, 0, 1), (0, 0, 1), (0, 0, 1), (0, 0, 1), (0, 0, 1), (0, 0, 0.99999994), (0, 0, 0.99999994), (0, 0, 0.99999994), (0, 0, 1), (0, 0, 1), (0, 0, 1), (0, 0, 1), (0, 0, 1), (0, 0, 1), (0, 0, 1), (0, 0, 1), (0, 0, 1), (0, 0, 1), (0, 0, 1), (0, 0, 1), (0, 0, 1), (0, 0, 1), (0, 0, 1), (0, 0, 1), (0, 0, 1), (0, 0, 1), (0, 0, 1), (0, 0, 1), (0, 0, 1), (0, 0, 1), (0, 0, 1), (0, 0, 1), (0, 0, 1), (0, 0, 1), (0, 0, 1), (0, 0, 1), (0, 0, 1), (0, 0, 1), (0, 0, 1), (0, 0, 1), (0, 0, 1), (0, 0, 1), (0, 0, 1), (0, 0, 1), (0, 0, 1), (0, 0, 1), (0, 0, 1), (0, 0, 1), (0, 0, 1), (0, 0, 1), (0, 0, 1), (0, 0, 1), (0, 0, 1), (0, 0, 1), (0, 0, 1), (0, 0, 1), (0, 0, 1), (0, 0, 1), (0, 0, 1), (0, 0, 1), (0, 0, 1), (0, 0, 1), (0, 0, 1), (0, 0, 1), (0, 0, 1), (0, 0, 1), (0, 0, 1), (0, 0, 1), (0, 0, 1), (0, 0, 1), (0, 0, 1), (0, 0, 1), (0, 0, 1), (0, 0, 1), (0, 0, 1), (0, 0, 1), (0, 0, 1), (0, 0, 1), (0, 0, 1), (0, 0, 1), (0, 0, 1), (0, 0, 1), (0, 0, 1), (0, 0, 1), (0, 0, 1), (0, 0, 1), (0, 0, 0.99999994), (0, 0, 0.99999994), (0, 0, 0.99999994), (0, 0, 1), (0, 0, 1), (0, 0, 1), (0, 0, 0.99999994), (0, 0, 0.99999994), (0, 0, 0.99999994), (0, 0, 1), (0, 0, 1), (0, 0, 1), (0, 0, 1), (0, 0, 1), (0, 0, 1), (0, 0, 0.99999994), (0, 0, 0.99999994), (0, 0, 0.99999994), (0, 0, 1), (0, 0, 1), (0, 0, 1), (0, 0, 1), (0, 0, 1), (0, 0, 1), (0, 0, 1), (0, 0, 1), (0, 0, 1), (0, 0, 1), (0, 0, 1), (0, 0, 1), (0, 0, 1), (0, 0, 1), (0, 0, 1), (0, 0, 1), (0, 0, 1), (0, 0, 1), (0, 0, 1), (0, 0, 1), (0, 0, 1), (0, 0, 1), (0, 0, 1), (0, 0, 1), (0, 0, 1), (0, 0, 1), (0, 0, 1), (0, 0, 1), (0, 0, 1), (0, 0, 1), (0, 0, 1), (0, 0, 1), (0, 0, 1), (0, 0, 1), (0, 0, 1), (0, 0, 1), (0, 0, 1), (0, 0, 1), (0, 0, 1), (0, 0, 1), (0, 0, 1), (0, 0, 1), (0, 0, 1), (0, 0, 1), (0, 0, 1), (0, 0, 1), (0, 0, 1), (0, 0, 1), (0, 0, 1), (0, 0, 1), (0, 0, 1), (0, 0, 1), (0, 0, 1), (0, 0, 1), (0, 0, 1), (0, 0, 1), (0, 0, 1), (0, 0, 1), (0, 0, 1), (0, 0, 1), (0, 0, 1), (0, 0, 1), (0, 0, 1), (0, 0, 1), (0, 0, 1), (0, 0, 1), (0, 0, 1), (0, 0, 1), (0, 0, 1), (0, 0, 1), (0, 0, 1), (0, 0, 1), (0, 0, 0.99999994), (0, 0, 0.99999994), (0, 0, 0.99999994), (0, 0, 1), (0, 0, 1), (0, 0, 1), (0, 0, 1), (0, 0, 1), (0, 0, 1), (0, 0, 1), (0, 0, 1), (0, 0, 1), (0, 0, 1), (0, 0, 1), (0, 0, 1), (0, 0, 1), (0, 0, 1), (0, 0, 1), (0, 0, 1), (0, 0, 1), (0, 0, 1), (0, 0, 1), (0, 0, 1), (0, 0, 1), (0, 0, 1), (0, 0, 1), (0, 0, 1), (0, 0, 1), (0, 0, 1), (0, 0, 1), (0, 0, 1), (0, 0, 1), (0, 0, 1), (0, 0, 1), (0, 0, 1), (0, 0, 1), (0, 0, 0.99999994), (0, 0, 0.99999994), (0, 0, 0.99999994), (0, 0, 1), (0, 0, 1), (0, 0, 1), (0, 0, 1), (0, 0, 1), (0, 0, 1), (0, 0, 1), (0, 0, 1), (0, 0, 1), (0, 0, 1), (0, 0, 1), (0, 0, 1), (0, 0, 1), (0, 0, 1), (0, 0, 1), (0, 0, 1), (0, 0, 1), (0, 0, 1), (0, 0, 1), (0, 0, 1), (0, 0, 1), (0, 0, 1), (0, 0, 1), (0, 0, 1), (0, 0, 0.99999994), (0, 0, 0.99999994), (0, 0, 0.99999994), (0, 0, 1), (0, 0, 1), (0, 0, 1), (0, 0, 1), (0, 0, 1), (0, 0, 1), (0, 0, 1), (0, 0, 1), (0, 0, 1), (0, 0, 1), (0, 0, 1), (0, 0, 1), (0, 0, 1), (0, 0, 1), (0, 0, 1), (0, 0, 1), (0, 0, 1), (0, 0, 1), (0, 0, 1), (0, 0, 1), (0, 0, 1), (0, 0, 1), (0, 0, 1), (0, 0, 1), (0, 0, 1), (0, 0, 1), (0, 0, 1), (0, 0, 1), (0, 0, 1), (0, 0, 1), (0, 0, 1), (0, 0, 1), (0, 0, 1), (0, 0, 1), (0, 0, 1), (0, 0, 1), (0, 0, 1), (0, 0, 1), (0, 0, 1)] (
                        interpolation = "faceVarying"
                    )
                    point3f[] points = [(0.021427201, 0.0021142003, 0), (0.021123402, 0.0021142003, 0), (0.021123402, 0, 0), (0.021427201, 0, 0), (0.0204042, 0.0010571001, 0), (0.02021665, 0.0018437251, 0), (0.0197222, 0.0021421001, 0), (0.01922775, 0.0018437251, 0), (0.0190402, 0.0010571001, 0), (0.01922775, 0.00027047505, 0), (0.0197222, -0.000027900003, 0), (0.02021665, 0.00027047502, 0), (0.020100402, 0.0010571001, 0), (0.019999651, 0.00047275005, 0), (0.0197222, 0.00026040003, 0), (0.01944475, 0.00047275005, 0), (0.019344, 0.0010571001, 0), (0.01944475, 0.0016414502, 0), (0.0197222, 0.0018538003, 0), (0.019999651, 0.0016414502, 0), (0.018854199, 0.0010571001, 0), (0.01866665, 0.0018437251, 0), (0.0181722, 0.0021421001, 0), (0.01767775, 0.0018437251, 0), (0.0174902, 0.0010571001, 0), (0.01767775, 0.00027047505, 0), (0.0181722, -0.000027900003, 0), (0.01866665, 0.00027047502, 0), (0.018550402, 0.0010571001, 0), (0.018449651, 0.00047275005, 0), (0.0181722, 0.00026040003, 0), (0.01789475, 0.00047275005, 0), (0.017794, 0.0010571001, 0), (0.01789475, 0.0016414502, 0), (0.0181722, 0.0018538003, 0), (0.018449651, 0.0016414502, 0), (0.0170996, 0.0021142003, 0), (0.0161603, 0.0021142003, 0), (0.0161603, 0.0010137002, 0), (0.016705126, 0.00097068754, 0), (0.0169012, 0.00064170005, 0), (0.016772162, 0.00037316256, 0), (0.0164641, 0.00026040003, 0), (0.016231988, 0.00029953753, 0), (0.0160022, 0.00041540002, 0), (0.0160022, 0.0001023, 0), (0.016257951, 0.0000023249959, 0), (0.016513702, -0.000027900003, 0), (0.017009314, 0.000163525, 0), (0.017205002, 0.00064790004, 0), (0.016999627, 0.0011365376, 0), (0.0164362, 0.0013113001, 0), (0.0164362, 0.0018414002, 0), (0.0170996, 0.0018414002, 0), (0.0157542, 0.0010571001, 0), (0.015566651, 0.0018437251, 0), (0.0150722, 0.0021421001, 0), (0.014577751, 0.0018437251, 0), (0.014390201, 0.0010571001, 0), (0.014577751, 0.00027047505, 0), (0.0150722, -0.000027900003, 0), (0.015566651, 0.00027047502, 0), (0.015450401, 0.0010571001, 0), (0.015349651, 0.00047275005, 0), (0.0150722, 0.00026040003, 0), (0.01479475, 0.00047275005, 0), (0.014694, 0.0010571001, 0), (0.01479475, 0.0016414502, 0), (0.0150722, 0.0018538003, 0), (0.015349651, 0.0016414502, 0), (0.014198001, 0.00057040004, 0), (0.014123987, 0.0008664501, 0), (0.0139035005, 0.0010788001, 0), (0.014102676, 0.0012884376, 0), (0.014167001, 0.0015283001, 0), (0.013989138, 0.0019665626, 0), (0.0135439, 0.0021421001, 0), (0.013081612, 0.0019685002, 0), (0.0128959995, 0.0015345002, 0), (0.012962262, 0.0012822376, 0), (0.013147101, 0.0010788001, 0), (0.012921188, 0.00086567504, 0), (0.012846401, 0.0005735, 0), (0.01304325, 0.00014608752, 0), (0.0135284, -0.000027900003, 0), (0.014005026, 0.0001445375, 0), (0.0138632, 0.0015345002, 0), (0.013765938, 0.0013124626, 0), (0.0135315, 0.0012183001, 0), (0.013298226, 0.0013144001, 0), (0.0131998, 0.0015407001, 0), (0.013293187, 0.0017681627, 0), (0.0135377, 0.0018538003, 0), (0.013771363, 0.0017627378, 0), (0.0138942, 0.00059520005, 0), (0.013800038, 0.00036153756, 0), (0.0135222, 0.00026040003, 0), (0.013254825, 0.00035456254, 0), (0.0131502, 0.00059520005, 0), (0.013253275, 0.00083699997, 0), (0.0135284, 0.00093000004, 0), (0.013791513, 0.00083467504, 0), (0.0109244, 0.00057040004, 0), (0.010850388, 0.0008664501, 0), (0.0106299, 0.0010788001, 0), (0.010829075, 0.0012884376, 0), (0.0108934, 0.0015283001, 0), (0.010715538, 0.0019665626, 0), (0.0102703, 0.0021421001, 0), (0.009808013, 0.0019685002, 0), (0.009622401, 0.0015345002, 0), (0.009688663, 0.0012822376, 0), (0.0098735, 0.0010788001, 0), (0.009647587, 0.00086567504, 0), (0.0095728, 0.0005735, 0), (0.00976965, 0.00014608752, 0), (0.0102548, -0.000027900003, 0), (0.010731425, 0.0001445375, 0), (0.0105896, 0.0015345002, 0), (0.010492338, 0.0013124626, 0), (0.010257901, 0.0012183001, 0), (0.010024625, 0.0013144001, 0), (0.0099262, 0.0015407001, 0), (0.010019587, 0.0017681627, 0), (0.0102641005, 0.0018538003, 0), (0.010497762, 0.0017627378, 0), (0.010620601, 0.00059520005, 0), (0.010526438, 0.00036153756, 0), (0.0102486005, 0.00026040003, 0), (0.009981225, 0.00035456254, 0), (0.0098766005, 0.00059520005, 0), (0.0099796755, 0.00083699997, 0), (0.0102548, 0.00093000004, 0), (0.010517913, 0.00083467504, 0), (0.0093806, 0.0010571001, 0), (0.009193051, 0.0018437251, 0), (0.0086986, 0.0021421001, 0), (0.00820415, 0.0018437251, 0), (0.0080166, 0.0010571001, 0), (0.00820415, 0.00027047505, 0), (0.0086986, -0.000027900003, 0), (0.009193051, 0.00027047502, 0), (0.0090768, 0.0010571001, 0), (0.00897605, 0.00047275005, 0), (0.0086986, 0.00026040003, 0), (0.00842115, 0.00047275005, 0), (0.0083204005, 0.0010571001, 0), (0.00842115, 0.0016414502, 0), (0.0086986, 0.0018538003, 0), (0.00897605, 0.0016414502, 0), (0.0073563, 0.0021421001, 0), (0.0067273877, 0.0014938125, 0), (0.0065099997, 0.0007223, 0), (0.0066987122, 0.00017979997, 0), (0.007192, -0.000027900003, 0), (0.0076302625, 0.0001592625, 0), (0.0078151, 0.00060450006, 0), (0.0076457625, 0.0010443126, 0), (0.007223, 0.0012214001, 0), (0.0070362254, 0.0011942751, 0), (0.0068913004, 0.0011346001, 0), (0.0071362, 0.0015674377, 0), (0.0075392, 0.0019096002, 0), (0.0068262, 0.0008215001, 0), (0.0069947625, 0.0009098501, 0), (0.007161, 0.0009331001, 0), (0.007411713, 0.0008401001, 0), (0.0075113005, 0.0006076, 0), (0.0074179126, 0.00035611252, 0), (0.007173401, 0.00026040003, 0), (0.0068870382, 0.00041075004, 0), (0.0062682005, 0.0002883, 0), (0.0054591005, 0.0002883, 0), (0.0059644002, 0.00096642505, 0), (0.0061163004, 0.0014818001, 0), (0.005936888, 0.0019584252, 0), (0.0054715, 0.0021421001, 0), (0.00522195, 0.0020925002, 0), (0.0049724, 0.0019406002, 0), (0.0049724, 0.0015593001, 0), (0.005218075, 0.0017832752, 0), (0.0054498003, 0.0018445002, 0), (0.0057090377, 0.0017332877, 0), (0.0058125, 0.0014477001, 0), (0.0057753003, 0.001219075, 0), (0.0056637004, 0.0009951, 0), (0.0053161127, 0.0004991, 0), (0.004929, 0.000021700002, 0), (0.004929, 0, 0), (0.0062682005, 0, 0), (0.003007, 0.0010571001, 0), (0.00281945, 0.0018437251, 0), (0.002325, 0.0021421001, 0), (0.00183055, 0.0018437251, 0), (0.0016429999, 0.0010571001, 0), (0.00183055, 0.00027047505, 0), (0.002325, -0.000027900003, 0), (0.00281945, 0.00027047502, 0), (0.0027032, 0.0010571001, 0), (0.00260245, 0.00047275005, 0), (0.002325, 0.00026040003, 0), (0.0020475502, 0.00047275005, 0), (0.0019468002, 0.0010571001, 0), (0.0020475502, 0.0016414502, 0), (0.002325, 0.0018538003, 0), (0.00260245, 0.0016414502, 0), (0.00093000004, 0.0021142003, 0), (0.00062620005, 0.0021142003, 0), (0.00062620005, 0, 0), (0.00093000004, 0, 0)]
                    texCoord2f[] primvars:st = [(0.6666667, 0), (0, 0), (0.33333334, 0), (0.6666667, 0), (1, 0), (0, 0), (0.2, 0), (0.93333334, 0), (0.13333334, 0), (0.93333334, 0), (0.06666667, 0), (0.13333334, 0), (0.2, 0), (0.8666667, 0), (0.93333334, 0), (1, 0), (0.06666667, 0), (0.93333334, 0), (0.26666668, 0), (0.8666667, 0), (0.2, 0), (1, 0), (0, 0), (0.06666667, 0), (0.26666668, 0), (0.8, 0), (0.8666667, 0), (0.53333336, 0), (0, 0), (1, 0), (0.33333334, 0), (0.8, 0), (0.26666668, 0), (0.33333334, 0), (0.73333335, 0), (0.8, 0), (0.6, 0), (0, 0), (0.53333336, 0), (0.6, 0), (0.46666667, 0), (0, 0), (0.33333334, 0), (0.6666667, 0), (0.73333335, 0), (0.6666667, 0), (0.46666667, 0), (0.6, 0), (0.4, 0), (0.6666667, 0), (0.33333334, 0), (0.6666667, 0), (0.4, 0), (0.46666667, 0), (0.2, 0), (0.93333334, 0), (0.13333334, 0), (0.93333334, 0), (0.06666667, 0), (0.13333334, 0), (0.2, 0), (0.8666667, 0), (0.93333334, 0), (1, 0), (0.06666667, 0), (0.93333334, 0), (0.26666668, 0), (0.8666667, 0), (0.2, 0), (1, 0), (0, 0), (0.06666667, 0), (0.26666668, 0), (0.8, 0), (0.8666667, 0), (0.53333336, 0), (0, 0), (1, 0), (0.33333334, 0), (0.8, 0), (0.26666668, 0), (0.33333334, 0), (0.73333335, 0), (0.8, 0), (0.6, 0), (0, 0), (0.53333336, 0), (0.6, 0), (0.46666667, 0), (0, 0), (0.33333334, 0), (0.6666667, 0), (0.73333335, 0), (0.6666667, 0), (0.46666667, 0), (0.6, 0), (0.4, 0), (0.6666667, 0), (0.33333334, 0), (0.6666667, 0), (0.4, 0), (0.46666667, 0), (0.11764706, 0), (0.9411765, 0), (0.05882353, 0), (0.9411765, 0), (0, 0), (0.05882353, 0), (0.9411765, 0), (1, 0), (0, 0), (0.11764706, 0), (0.88235295, 0), (0.9411765, 0), (0.11764706, 0), (0.8235294, 0), (0.88235295, 0), (0.11764706, 0), (0.1764706, 0), (0.8235294, 0), (0.1764706, 0), (0.7647059, 0), (0.8235294, 0), (0.23529412, 0), (0.7647059, 0), (0.1764706, 0), (0.23529412, 0), (0.7058824, 0), (0.7647059, 0), (0.29411766, 0), (0.7058824, 0), (0.23529412, 0), (0.5294118, 0), (0.4117647, 0), (0.47058824, 0), (0.3529412, 0), (0.7058824, 0), (0.29411766, 0), (0.5294118, 0), (0.3529412, 0), (0.4117647, 0), (0.5294118, 0), (0.7058824, 0), (0.3529412, 0), (0.5294118, 0), (0.64705884, 0), (0.7058824, 0), (0.5882353, 0), (0.64705884, 0), (0.5294118, 0), (0.2, 0), (0.93333334, 0), (0.13333334, 0), (0.93333334, 0), (0.06666667, 0), (0.13333334, 0), (0.2, 0), (0.8666667, 0), (0.93333334, 0), (1, 0), (0.06666667, 0), (0.93333334, 0), (0.26666668, 0), (0.8666667, 0), (0.2, 0), (1, 0), (0, 0), (0.06666667, 0), (0.26666668, 0), (0.8, 0), (0.8666667, 0), (0.53333336, 0), (0, 0), (1, 0), (0.33333334, 0), (0.8, 0), (0.26666668, 0), (0.33333334, 0), (0.73333335, 0), (0.8, 0), (0.6, 0), (0, 0), (0.53333336, 0), (0.6, 0), (0.46666667, 0), (0, 0), (0.33333334, 0), (0.6666667, 0), (0.73333335, 0), (0.6666667, 0), (0.46666667, 0), (0.6, 0), (0.4, 0), (0.6666667, 0), (0.33333334, 0), (0.6666667, 0), (0.4, 0), (0.46666667, 0), (0.22580644, 0), (0.16129032, 0), (0.19354838, 0), (0.2580645, 0), (0.67741936, 0), (0.22580644, 0), (0.67741936, 0), (0.7096774, 0), (0.22580644, 0), (0.7096774, 0), (0.16129032, 0), (0.22580644, 0), (0.7096774, 0), (0.7419355, 0), (0.16129032, 0), (0.7419355, 0), (0.12903225, 0), (0.16129032, 0), (0.2580645, 0), (0.6451613, 0), (0.67741936, 0), (0.516129, 0), (0.12903225, 0), (0.7419355, 0), (0.2580645, 0), (0.61290324, 0), (0.6451613, 0), (0.29032257, 0), (0.61290324, 0), (0.2580645, 0), (0.5483871, 0), (0.12903225, 0), (0.516129, 0), (0.5483871, 0), (0.09677419, 0), (0.12903225, 0), (0.29032257, 0), (0.58064514, 0), (0.61290324, 0), (0.58064514, 0), (0.09677419, 0), (0.5483871, 0), (0.58064514, 0), (0.06451613, 0), (0.09677419, 0), (0.32258064, 0), (0.58064514, 0), (0.29032257, 0), (0.32258064, 0), (0.06451613, 0), (0.58064514, 0), (0.3548387, 0), (0.06451613, 0), (0.32258064, 0), (0.3548387, 0), (0.9677419, 0), (0.06451613, 0), (0.9677419, 0), (0.032258064, 0), (0.06451613, 0), (0.3548387, 0), (0.9354839, 0), (0.9677419, 0), (1, 0), (0.032258064, 0), (0.9677419, 0), (1, 0), (0, 0), (0.032258064, 0), (0.38709676, 0), (0.9354839, 0), (0.3548387, 0), (0.38709676, 0), (0.9032258, 0), (0.9354839, 0), (0.7741935, 0), (0, 0), (1, 0), (0.38709676, 0), (0.87096775, 0), (0.9032258, 0), (0.8064516, 0), (0, 0), (0.7741935, 0), (0.41935483, 0), (0.87096775, 0), (0.38709676, 0), (0.8064516, 0), (0.48387095, 0), (0, 0), (0.83870965, 0), (0.48387095, 0), (0.8064516, 0), (0.41935483, 0), (0.83870965, 0), (0.87096775, 0), (0.41935483, 0), (0.48387095, 0), (0.83870965, 0), (0.4516129, 0), (0.48387095, 0), (0.41935483, 0), (0.22580644, 0), (0.16129032, 0), (0.19354838, 0), (0.2580645, 0), (0.67741936, 0), (0.22580644, 0), (0.67741936, 0), (0.7096774, 0), (0.22580644, 0), (0.7096774, 0), (0.16129032, 0), (0.22580644, 0), (0.7096774, 0), (0.7419355, 0), (0.16129032, 0), (0.7419355, 0), (0.12903225, 0), (0.16129032, 0), (0.2580645, 0), (0.6451613, 0), (0.67741936, 0), (0.516129, 0), (0.12903225, 0), (0.7419355, 0), (0.2580645, 0), (0.61290324, 0), (0.6451613, 0), (0.29032257, 0), (0.61290324, 0), (0.2580645, 0), (0.5483871, 0), (0.12903225, 0), (0.516129, 0), (0.5483871, 0), (0.09677419, 0), (0.12903225, 0), (0.29032257, 0), (0.58064514, 0), (0.61290324, 0), (0.58064514, 0), (0.09677419, 0), (0.5483871, 0), (0.58064514, 0), (0.06451613, 0), (0.09677419, 0), (0.32258064, 0), (0.58064514, 0), (0.29032257, 0), (0.32258064, 0), (0.06451613, 0), (0.58064514, 0), (0.3548387, 0), (0.06451613, 0), (0.32258064, 0), (0.3548387, 0), (0.9677419, 0), (0.06451613, 0), (0.9677419, 0), (0.032258064, 0), (0.06451613, 0), (0.3548387, 0), (0.9354839, 0), (0.9677419, 0), (1, 0), (0.032258064, 0), (0.9677419, 0), (1, 0), (0, 0), (0.032258064, 0), (0.38709676, 0), (0.9354839, 0), (0.3548387, 0), (0.38709676, 0), (0.9032258, 0), (0.9354839, 0), (0.7741935, 0), (0, 0), (1, 0), (0.38709676, 0), (0.87096775, 0), (0.9032258, 0), (0.8064516, 0), (0, 0), (0.7741935, 0), (0.41935483, 0), (0.87096775, 0), (0.38709676, 0), (0.8064516, 0), (0.48387095, 0), (0, 0), (0.83870965, 0), (0.48387095, 0), (0.8064516, 0), (0.41935483, 0), (0.83870965, 0), (0.87096775, 0), (0.41935483, 0), (0.48387095, 0), (0.83870965, 0), (0.4516129, 0), (0.48387095, 0), (0.41935483, 0), (0.2, 0), (0.93333334, 0), (0.13333334, 0), (0.93333334, 0), (0.06666667, 0), (0.13333334, 0), (0.2, 0), (0.8666667, 0), (0.93333334, 0), (1, 0), (0.06666667, 0), (0.93333334, 0), (0.26666668, 0), (0.8666667, 0), (0.2, 0), (1, 0), (0, 0), (0.06666667, 0), (0.26666668, 0), (0.8, 0), (0.8666667, 0), (0.53333336, 0), (0, 0), (1, 0), (0.33333334, 0), (0.8, 0), (0.26666668, 0), (0.33333334, 0), (0.73333335, 0), (0.8, 0), (0.6, 0), (0, 0), (0.53333336, 0), (0.6, 0), (0.46666667, 0), (0, 0), (0.33333334, 0), (0.6666667, 0), (0.73333335, 0), (0.6666667, 0), (0.46666667, 0), (0.6, 0), (0.4, 0), (0.6666667, 0), (0.33333334, 0), (0.6666667, 0), (0.4, 0), (0.46666667, 0), (0.05, 0), (0.6, 0), (0, 0), (0.05, 0), (0.55, 0), (0.6, 0), (0.05, 0), (0.5, 0), (0.55, 0), (0.1, 0), (0.5, 0), (0.05, 0), (0.45, 0), (0.35, 0), (0.4, 0), (0.5, 0), (0.35, 0), (0.45, 0), (0.1, 0), (0.7, 0), (0.5, 0), (0.7, 0), (0.35, 0), (0.5, 0), (0.7, 0), (0.75, 0), (0.35, 0), (0.75, 0), (0.8, 0), (0.35, 0), (0.8, 0), (0.3, 0), (0.35, 0), (0.1, 0), (0.65, 0), (0.7, 0), (0.85, 0), (0.3, 0), (0.8, 0), (0.1, 0), (1, 0), (0.65, 0), (0.15, 0), (1, 0), (0.1, 0), (0.9, 0), (0.3, 0), (0.85, 0), (0.9, 0), (0.25, 0), (0.3, 0), (0.15, 0), (0.95, 0), (1, 0), (0.95, 0), (0.25, 0), (0.9, 0), (0.15, 0), (0.25, 0), (0.95, 0), (0.2, 0), (0.25, 0), (0.15, 0), (0.33333334, 0), (0.22222222, 0), (0.2777778, 0), (0.3888889, 0), (0.22222222, 0), (0.33333334, 0), (0.3888889, 0), (0.5555556, 0), (0.22222222, 0), (0.5555556, 0), (0.6111111, 0), (0.22222222, 0), (0.6111111, 0), (0.16666667, 0), (0.22222222, 0), (0.44444445, 0), (0.5, 0), (0.3888889, 0), (0.5, 0), (0.5555556, 0), (0.3888889, 0), (0.6666667, 0), (0.16666667, 0), (0.6111111, 0), (0.6666667, 0), (0.11111111, 0), (0.16666667, 0), (0.7222222, 0), (0.11111111, 0), (0.6666667, 0), (0.7777778, 0), (0.11111111, 0), (0.7222222, 0), (0.8333333, 0), (0.11111111, 0), (0.7777778, 0), (0.8333333, 0), (0.055555556, 0), (0.11111111, 0), (0.8888889, 0), (0.055555556, 0), (0.8333333, 0), (0.8888889, 0), (0, 0), (0.055555556, 0), (0.8888889, 0), (1, 0), (0, 0), (0.9444444, 0), (1, 0), (0.8888889, 0), (0.2, 0), (0.93333334, 0), (0.13333334, 0), (0.93333334, 0), (0.06666667, 0), (0.13333334, 0), (0.2, 0), (0.8666667, 0), (0.93333334, 0), (1, 0), (0.06666667, 0), (0.93333334, 0), (0.26666668, 0), (0.8666667, 0), (0.2, 0), (1, 0), (0, 0), (0.06666667, 0), (0.26666668, 0), (0.8, 0), (0.8666667, 0), (0.53333336, 0), (0, 0), (1, 0), (0.33333334, 0), (0.8, 0), (0.26666668, 0), (0.33333334, 0), (0.73333335, 0), (0.8, 0), (0.6, 0), (0, 0), (0.53333336, 0), (0.6, 0), (0.46666667, 0), (0, 0), (0.33333334, 0), (0.6666667, 0), (0.73333335, 0), (0.6666667, 0), (0.46666667, 0), (0.6, 0), (0.4, 0), (0.6666667, 0), (0.33333334, 0), (0.6666667, 0), (0.4, 0), (0.46666667, 0), (0.6666667, 0), (0, 0), (0.33333334, 0), (0.6666667, 0), (1, 0), (0, 0)] (
                        interpolation = "faceVarying"
                    )
                    uniform token subdivisionScheme = "none"
                    custom string userProperties:blender:data_name = "Printing.003"
                }
            }

            def Xform "Barcode_line"
            {
                custom string userProperties:blender:object_name = "Barcode line"
                float3 xformOp:rotateXYZ = (0, -0, 0)
                float3 xformOp:scale = (1, 1, 1)
                double3 xformOp:translate = (-0.03715384751558304, -0.003999999724328518, 0.00024999678134918213)
                uniform token[] xformOpOrder = ["xformOp:translate", "xformOp:rotateXYZ", "xformOp:scale"]

                def Mesh "Cube_006" (
                    active = true
                    prepend apiSchemas = ["MaterialBindingAPI"]
                )
                {
                    uniform bool doubleSided = 1
                    float3[] extent = [(-0.0014861538, -0.008, -0.000065), (0.0014861538, 0.008, 0.000065)]
                    int[] faceVertexCounts = [4, 4, 4, 4, 4, 4]
                    int[] faceVertexIndices = [0, 1, 3, 2, 2, 3, 7, 6, 6, 7, 5, 4, 4, 5, 1, 0, 2, 6, 4, 0, 7, 3, 1, 5]
                    rel material:binding = </Asset/_materials/Printed_dark_ink>
                    normal3f[] normals = [(-1, 0, 0), (-1, 0, 0), (-1, 0, 0), (-1, 0, 0), (0, 1, 0), (0, 1, 0), (0, 1, 0), (0, 1, 0), (1, 0, 0), (1, 0, 0), (1, 0, 0), (1, 0, 0), (0, -1, 0), (0, -1, 0), (0, -1, 0), (0, -1, 0), (0, 0, -1), (0, 0, -1), (0, 0, -1), (0, 0, -1), (0, 0, 1), (0, 0, 1), (0, 0, 1), (0, 0, 1)] (
                        interpolation = "faceVarying"
                    )
                    point3f[] points = [(-0.0014861538, -0.008, -0.000065), (-0.0014861538, -0.008, 0.000065), (-0.0014861538, 0.008, -0.000065), (-0.0014861538, 0.008, 0.000065), (0.0014861538, -0.008, -0.000065), (0.0014861538, -0.008, 0.000065), (0.0014861538, 0.008, -0.000065), (0.0014861538, 0.008, 0.000065)]
                    texCoord2f[] primvars:st = [(0.375, 0), (0.625, 0), (0.625, 0.25), (0.375, 0.25), (0.375, 0.25), (0.625, 0.25), (0.625, 0.5), (0.375, 0.5), (0.375, 0.5), (0.625, 0.5), (0.625, 0.75), (0.375, 0.75), (0.375, 0.75), (0.625, 0.75), (0.625, 1), (0.375, 1), (0.125, 0.5), (0.375, 0.5), (0.375, 0.75), (0.125, 0.75), (0.625, 0.5), (0.875, 0.5), (0.875, 0.75), (0.625, 0.75)] (
                        interpolation = "faceVarying"
                    )
                    uniform token subdivisionScheme = "none"
                    custom string userProperties:blender:data_name = "Cube.006"
                }
            }

            def Xform "Barcode_line_015"
            {
                custom string userProperties:blender:object_name = "Barcode line.015"
                float3 xformOp:rotateXYZ = (0, -0, 0)
                float3 xformOp:scale = (1, 1, 1)
                double3 xformOp:translate = (0.009412307292222977, -0.004000000189989805, 0.00024999678134918213)
                uniform token[] xformOpOrder = ["xformOp:translate", "xformOp:rotateXYZ", "xformOp:scale"]

                def Mesh "Cube_021" (
                    active = true
                    prepend apiSchemas = ["MaterialBindingAPI"]
                )
                {
                    uniform bool doubleSided = 1
                    float3[] extent = [(-0.0004953846, -0.008, -0.000065), (0.0004953846, 0.008, 0.000065)]
                    int[] faceVertexCounts = [4, 4, 4, 4, 4, 4]
                    int[] faceVertexIndices = [0, 1, 3, 2, 2, 3, 7, 6, 6, 7, 5, 4, 4, 5, 1, 0, 2, 6, 4, 0, 7, 3, 1, 5]
                    rel material:binding = </Asset/_materials/Printed_dark_ink>
                    normal3f[] normals = [(-1, 0, 0), (-1, 0, 0), (-1, 0, 0), (-1, 0, 0), (0, 1, 0), (0, 1, 0), (0, 1, 0), (0, 1, 0), (1, 0, 0), (1, 0, 0), (1, 0, 0), (1, 0, 0), (0, -1, 0), (0, -1, 0), (0, -1, 0), (0, -1, 0), (0, 0, -1), (0, 0, -1), (0, 0, -1), (0, 0, -1), (0, 0, 1), (0, 0, 1), (0, 0, 1), (0, 0, 1)] (
                        interpolation = "faceVarying"
                    )
                    point3f[] points = [(-0.0004953846, -0.008, -0.000065), (-0.0004953846, -0.008, 0.000065), (-0.0004953846, 0.008, -0.000065), (-0.0004953846, 0.008, 0.000065), (0.0004953846, -0.008, -0.000065), (0.0004953846, -0.008, 0.000065), (0.0004953846, 0.008, -0.000065), (0.0004953846, 0.008, 0.000065)]
                    texCoord2f[] primvars:st = [(0.375, 0), (0.625, 0), (0.625, 0.25), (0.375, 0.25), (0.375, 0.25), (0.625, 0.25), (0.625, 0.5), (0.375, 0.5), (0.375, 0.5), (0.625, 0.5), (0.625, 0.75), (0.375, 0.75), (0.375, 0.75), (0.625, 0.75), (0.625, 1), (0.375, 1), (0.125, 0.5), (0.375, 0.5), (0.375, 0.75), (0.125, 0.75), (0.625, 0.5), (0.875, 0.5), (0.875, 0.75), (0.625, 0.75)] (
                        interpolation = "faceVarying"
                    )
                    uniform token subdivisionScheme = "none"
                    custom string userProperties:blender:data_name = "Cube.021"
                }
            }

            def Xform "Print_STANDARD___SORT"
            {
                custom string userProperties:blender:object_name = "Print_STANDARD___SORT"
                float3 xformOp:rotateXYZ = (0, -0, 0)
                float3 xformOp:scale = (1, 1, 1)
                double3 xformOp:translate = (-0.0414000004529953, 0.007319999858736992, 0.00020000338554382324)
                uniform token[] xformOpOrder = ["xformOp:translate", "xformOp:rotateXYZ", "xformOp:scale"]

                def Mesh "Printing_002" (
                    active = true
                    prepend apiSchemas = ["MaterialBindingAPI"]
                )
                {
                    uniform bool doubleSided = 1
                    float3[] extent = [(0.00010800001, -0.000024300001, 0), (0.023184901, 0.0018657001, 0)]
                    int[] faceVertexCounts = [3, 3, 3, 3, 3, 3, 3, 3, 3, 3, 3, 3, 3, 3, 3, 3, 3, 3, 3, 3, 3, 3, 3, 3, 3, 3, 3, 3, 3, 3, 3, 3, 3, 3, 3, 3, 3, 3, 3, 3, 3, 3, 3, 3, 3, 3, 3, 3, 3, 3, 3, 3, 3, 3, 3, 3, 3, 3, 3, 3, 3, 3, 3, 3, 3, 3, 3, 3, 3, 3, 3, 3, 3, 3, 3, 3, 3, 3, 3, 3, 3, 3, 3, 3, 3, 3, 3, 3, 3, 3, 3, 3, 3, 3, 3, 3, 3, 3, 3, 3, 3, 3, 3, 3, 3, 3, 3, 3, 3, 3, 3, 3, 3, 3, 3, 3, 3, 3, 3, 3, 3, 3, 3, 3, 3, 3, 3, 3, 3, 3, 3, 3, 3, 3, 3, 3, 3, 3, 3, 3, 3, 3, 3, 3, 3, 3, 3, 3, 3, 3, 3, 3, 3, 3, 3, 3, 3, 3, 3, 3, 3, 3, 3, 3, 3, 3, 3, 3, 3, 3, 3, 3, 3, 3]
                    int[] faceVertexIndices = [2, 0, 1, 2, 7, 0, 3, 7, 2, 4, 6, 3, 6, 7, 3, 4, 5, 6, 9, 25, 8, 25, 24, 8, 25, 23, 24, 25, 26, 23, 26, 27, 23, 27, 22, 23, 9, 31, 25, 28, 22, 27, 29, 22, 28, 29, 21, 22, 30, 21, 29, 30, 20, 21, 9, 11, 31, 11, 30, 31, 11, 20, 30, 11, 12, 20, 12, 19, 20, 9, 10, 11, 13, 19, 12, 14, 19, 13, 14, 18, 19, 15, 18, 14, 15, 17, 18, 15, 16, 17, 39, 42, 38, 42, 37, 38, 39, 41, 42, 43, 37, 42, 43, 36, 37, 32, 41, 39, 32, 40, 41, 44, 36, 43, 33, 40, 32, 33, 47, 40, 45, 36, 44, 45, 35, 36, 33, 46, 47, 46, 35, 45, 46, 34, 35, 34, 46, 33, 51, 49, 50, 51, 48, 49, 51, 68, 48, 68, 69, 48, 52, 66, 51, 66, 67, 51, 67, 68, 51, 52, 65, 66, 52, 64, 65, 53, 64, 52, 53, 63, 64, 54, 63, 53, 59, 57, 58, 54, 62, 63, 55, 62, 54, 56, 62, 55, 59, 56, 57, 59, 62, 56, 60, 62, 59, 60, 61, 62, 70, 77, 76, 77, 75, 76, 77, 78, 75, 78, 74, 75, 70, 83, 77, 79, 74, 78, 79, 73, 74, 80, 73, 79, 81, 73, 80, 81, 72, 73, 82, 72, 81, 82, 71, 72, 70, 82, 83, 70, 71, 82, 85, 101, 84, 101, 100, 84, 101, 99, 100, 101, 102, 99, 102, 103, 99, 103, 98, 99, 85, 107, 101, 104, 98, 103, 105, 98, 104, 105, 97, 98, 106, 97, 105, 106, 96, 97, 85, 87, 107, 87, 106, 107, 87, 96, 106, 87, 88, 96, 88, 95, 96, 85, 86, 87, 89, 95, 88, 90, 95, 89, 90, 94, 95, 91, 94, 90, 91, 93, 94, 91, 92, 93, 110, 108, 109, 110, 116, 108, 116, 115, 108, 110, 118, 116, 117, 115, 116, 110, 112, 118, 112, 117, 118, 112, 113, 117, 113, 115, 117, 110, 111, 112, 114, 115, 113, 119, 126, 125, 126, 124, 125, 126, 127, 124, 127, 123, 124, 119, 132, 126, 128, 123, 127, 128, 122, 123, 129, 122, 128, 130, 122, 129, 130, 121, 122, 131, 121, 130, 131, 120, 121, 119, 131, 132, 119, 120, 131, 138, 136, 137, 138, 140, 136, 140, 135, 136, 135, 133, 134, 135, 142, 133, 138, 139, 140, 141, 135, 140, 141, 142, 135, 145, 143, 144, 145, 151, 143, 151, 150, 143, 145, 153, 151, 152, 150, 151, 145, 147, 153, 147, 152, 153, 147, 148, 152, 148, 150, 152, 145, 146, 147, 149, 150, 148, 156, 154, 155, 156, 161, 154, 157, 161, 156, 158, 160, 157, 160, 161, 157, 158, 159, 160, 165, 163, 164, 165, 162, 163, 165, 182, 162, 182, 183, 162, 166, 180, 165, 180, 181, 165, 181, 182, 165, 166, 179, 180, 166, 178, 179, 167, 178, 166, 167, 177, 178, 168, 177, 167, 173, 171, 172, 168, 176, 177, 169, 176, 168, 170, 176, 169, 173, 170, 171, 173, 176, 170, 174, 176, 173, 174, 175, 176]
                    rel material:binding = </Asset/_materials/Printed_dark_ink>
                    normal3f[] normals = [(0, 0, 1), (0, 0, 1), (0, 0, 1), (0, 0, 1), (0, 0, 1), (0, 0, 1), (0, 0, 1), (0, 0, 1), (0, 0, 1), (0, 0, 1), (0, 0, 1), (0, 0, 1), (0, 0, 1), (0, 0, 1), (0, 0, 1), (0, 0, 1), (0, 0, 1), (0, 0, 1), (0, 0, 1), (0, 0, 1), (0, 0, 1), (0, 0, 1), (0, 0, 1), (0, 0, 1), (0, 0, 1), (0, 0, 1), (0, 0, 1), (0, 0, 1), (0, 0, 1), (0, 0, 1), (0, 0, 0.99999994), (0, 0, 0.99999994), (0, 0, 0.99999994), (0, 0, 1), (0, 0, 1), (0, 0, 1), (0, 0, 1), (0, 0, 1), (0, 0, 1), (0, 0, 1), (0, 0, 1), (0, 0, 1), (0, 0, 0.99999994), (0, 0, 0.99999994), (0, 0, 0.99999994), (0, 0, 1), (0, 0, 1), (0, 0, 1), (0, 0, 0.99999994), (0, 0, 0.99999994), (0, 0, 0.99999994), (0, 0, 0.99999994), (0, 0, 0.99999994), (0, 0, 0.99999994), (0, 0, 1), (0, 0, 1), (0, 0, 1), (0, 0, 1), (0, 0, 1), (0, 0, 1), (0, 0, 1), (0, 0, 1), (0, 0, 1), (0, 0, 1), (0, 0, 1), (0, 0, 1), (0, 0, 1), (0, 0, 1), (0, 0, 1), (0, 0, 0.99999994), (0, 0, 0.99999994), (0, 0, 0.99999994), (0, 0, 0.99999994), (0, 0, 0.99999994), (0, 0, 0.99999994), (0, 0, 1), (0, 0, 1), (0, 0, 1), (0, 0, 1), (0, 0, 1), (0, 0, 1), (0, 0, 1), (0, 0, 1), (0, 0, 1), (0, 0, 1), (0, 0, 1), (0, 0, 1), (0, 0, 1), (0, 0, 1), (0, 0, 1), (0, 0, 1), (0, 0, 1), (0, 0, 1), (0, 0, 1), (0, 0, 1), (0, 0, 1), (0, 0, 1), (0, 0, 1), (0, 0, 1), (0, 0, 1), (0, 0, 1), (0, 0, 1), (0, 0, 1), (0, 0, 1), (0, 0, 1), (0, 0, 1), (0, 0, 1), (0, 0, 1), (0, 0, 1), (0, 0, 1), (0, 0, 1), (0, 0, 1), (0, 0, 1), (0, 0, 1), (0, 0, 1), (0, 0, 1), (0, 0, 1), (0, 0, 1), (0, 0, 1), (0, 0, 1), (0, 0, 1), (0, 0, 1), (0, 0, 1), (0, 0, 1), (0, 0, 1), (0, 0, 1), (0, 0, 1), (0, 0, 1), (0, 0, 1), (0, 0, 1), (0, 0, 1), (0, 0, 1), (0, 0, 1), (0, 0, 1), (0, 0, 1), (0, 0, 1), (0, 0, 1), (0, 0, 1), (0, 0, 0.99999994), (0, 0, 0.99999994), (0, 0, 0.99999994), (0, 0, 1), (0, 0, 1), (0, 0, 1), (0, 0, 1), (0, 0, 1), (0, 0, 1), (0, 0, 1), (0, 0, 1), (0, 0, 1), (0, 0, 1), (0, 0, 1), (0, 0, 1), (0, 0, 1), (0, 0, 1), (0, 0, 1), (0, 0, 1), (0, 0, 1), (0, 0, 1), (0, 0, 1), (0, 0, 1), (0, 0, 1), (0, 0, 0.99999994), (0, 0, 0.99999994), (0, 0, 0.99999994), (0, 0, 1), (0, 0, 1), (0, 0, 1), (0, 0, 1), (0, 0, 1), (0, 0, 1), (0, 0, 0.99999994), (0, 0, 0.99999994), (0, 0, 0.99999994), (0, 0, 1), (0, 0, 1), (0, 0, 1), (0, 0, 1), (0, 0, 1), (0, 0, 1), (0, 0, 1), (0, 0, 1), (0, 0, 1), (0, 0, 0.99999994), (0, 0, 0.99999994), (0, 0, 0.99999994), (0, 0, 0.99999994), (0, 0, 0.99999994), (0, 0, 0.99999994), (0, 0, 1), (0, 0, 1), (0, 0, 1), (0, 0, 1), (0, 0, 1), (0, 0, 1), (0, 0, 1), (0, 0, 1), (0, 0, 1), (0, 0, 1), (0, 0, 1), (0, 0, 1), (0, 0, 1), (0, 0, 1), (0, 0, 1), (0, 0, 1), (0, 0, 1), (0, 0, 1), (0, 0, 0.99999994), (0, 0, 0.99999994), (0, 0, 0.99999994), (0, 0, 0.99999994), (0, 0, 0.99999994), (0, 0, 0.99999994), (0, 0, 1), (0, 0, 1), (0, 0, 1), (0, 0, 0.99999994), (0, 0, 0.99999994), (0, 0, 0.99999994), (0, 0, 1), (0, 0, 1), (0, 0, 1), (0, 0, 1), (0, 0, 1), (0, 0, 1), (0, 0, 0.99999994), (0, 0, 0.99999994), (0, 0, 0.99999994), (0, 0, 0.99999994), (0, 0, 0.99999994), (0, 0, 0.99999994), (0, 0, 1), (0, 0, 1), (0, 0, 1), (0, 0, 0.99999994), (0, 0, 0.99999994), (0, 0, 0.99999994), (0, 0, 1), (0, 0, 1), (0, 0, 1), (0, 0, 1), (0, 0, 1), (0, 0, 1), (0, 0, 1), (0, 0, 1), (0, 0, 1), (0, 0, 1), (0, 0, 1), (0, 0, 1), (0, 0, 1), (0, 0, 1), (0, 0, 1), (0, 0, 0.99999994), (0, 0, 0.99999994), (0, 0, 0.99999994), (0, 0, 0.99999994), (0, 0, 0.99999994), (0, 0, 0.99999994), (0, 0, 1), (0, 0, 1), (0, 0, 1), (0, 0, 1), (0, 0, 1), (0, 0, 1), (0, 0, 1), (0, 0, 1), (0, 0, 1), (0, 0, 1), (0, 0, 1), (0, 0, 1), (0, 0, 1), (0, 0, 1), (0, 0, 1), (0, 0, 1), (0, 0, 1), (0, 0, 1), (0, 0, 1), (0, 0, 1), (0, 0, 1), (0, 0, 1), (0, 0, 1), (0, 0, 1), (0, 0, 0.99999994), (0, 0, 0.99999994), (0, 0, 0.99999994), (0, 0, 1), (0, 0, 1), (0, 0, 1), (0, 0, 1), (0, 0, 1), (0, 0, 1), (0, 0, 1), (0, 0, 1), (0, 0, 1), (0, 0, 1), (0, 0, 1), (0, 0, 1), (0, 0, 1), (0, 0, 1), (0, 0, 1), (0, 0, 1), (0, 0, 1), (0, 0, 1), (0, 0, 1), (0, 0, 1), (0, 0, 1), (0, 0, 1), (0, 0, 1), (0, 0, 1), (0, 0, 1), (0, 0, 1), (0, 0, 1), (0, 0, 1), (0, 0, 1), (0, 0, 1), (0, 0, 0.99999994), (0, 0, 0.99999994), (0, 0, 0.99999994), (0, 0, 1), (0, 0, 1), (0, 0, 1), (0, 0, 1), (0, 0, 1), (0, 0, 1), (0, 0, 1), (0, 0, 1), (0, 0, 1), (0, 0, 1), (0, 0, 1), (0, 0, 1), (0, 0, 1), (0, 0, 1), (0, 0, 1), (0, 0, 1), (0, 0, 1), (0, 0, 1), (0, 0, 1), (0, 0, 1), (0, 0, 1), (0, 0, 1), (0, 0, 1), (0, 0, 1), (0, 0, 0.99999994), (0, 0, 0.99999994), (0, 0, 0.99999994), (0, 0, 1), (0, 0, 1), (0, 0, 1), (0, 0, 1), (0, 0, 1), (0, 0, 1), (0, 0, 1), (0, 0, 1), (0, 0, 1), (0, 0, 1), (0, 0, 1), (0, 0, 1), (0, 0, 1), (0, 0, 1), (0, 0, 1), (0, 0, 1), (0, 0, 1), (0, 0, 1), (0, 0, 0.99999994), (0, 0, 0.99999994), (0, 0, 0.99999994), (0, 0, 1), (0, 0, 1), (0, 0, 1), (0, 0, 1), (0, 0, 1), (0, 0, 1), (0, 0, 1), (0, 0, 1), (0, 0, 1), (0, 0, 1), (0, 0, 1), (0, 0, 1), (0, 0, 1), (0, 0, 1), (0, 0, 1), (0, 0, 0.99999994), (0, 0, 0.99999994), (0, 0, 0.99999994), (0, 0, 1), (0, 0, 1), (0, 0, 1), (0, 0, 1), (0, 0, 1), (0, 0, 1), (0, 0, 0.99999994), (0, 0, 0.99999994), (0, 0, 0.99999994), (0, 0, 1), (0, 0, 1), (0, 0, 1), (0, 0, 1), (0, 0, 1), (0, 0, 1), (0, 0, 0.99999994), (0, 0, 0.99999994), (0, 0, 0.99999994), (0, 0, 1), (0, 0, 1), (0, 0, 1), (0, 0, 1), (0, 0, 1), (0, 0, 1), (0, 0, 1), (0, 0, 1), (0, 0, 1), (0, 0, 1), (0, 0, 1), (0, 0, 1), (0, 0, 1), (0, 0, 1), (0, 0, 1), (0, 0, 1), (0, 0, 1), (0, 0, 1), (0, 0, 1), (0, 0, 1), (0, 0, 1), (0, 0, 1), (0, 0, 1), (0, 0, 1), (0, 0, 1), (0, 0, 1), (0, 0, 1), (0, 0, 1), (0, 0, 1), (0, 0, 1), (0, 0, 1), (0, 0, 1), (0, 0, 1), (0, 0, 1), (0, 0, 1), (0, 0, 1), (0, 0, 1), (0, 0, 1), (0, 0, 1), (0, 0, 1), (0, 0, 1), (0, 0, 1), (0, 0, 1), (0, 0, 1), (0, 0, 1), (0, 0, 1), (0, 0, 1), (0, 0, 1), (0, 0, 1), (0, 0, 1), (0, 0, 1), (0, 0, 1), (0, 0, 1), (0, 0, 1), (0, 0, 1), (0, 0, 1), (0, 0, 1), (0, 0, 1), (0, 0, 1), (0, 0, 1), (0, 0, 1), (0, 0, 1), (0, 0, 1), (0, 0, 1), (0, 0, 1), (0, 0, 1), (0, 0, 1), (0, 0, 1), (0, 0, 1), (0, 0, 1), (0, 0, 1), (0, 0, 1), (0, 0, 1), (0, 0, 1), (0, 0, 1), (0, 0, 1), (0, 0, 1), (0, 0, 1), (0, 0, 1), (0, 0, 1), (0, 0, 1), (0, 0, 1), (0, 0, 1), (0, 0, 1), (0, 0, 0.99999994), (0, 0, 0.99999994), (0, 0, 0.99999994), (0, 0, 1), (0, 0, 1), (0, 0, 1), (0, 0, 1), (0, 0, 1), (0, 0, 1), (0, 0, 0.99999994), (0, 0, 0.99999994), (0, 0, 0.99999994), (0, 0, 1), (0, 0, 1), (0, 0, 1), (0, 0, 1), (0, 0, 1), (0, 0, 1), (0, 0, 1), (0, 0, 1), (0, 0, 1), (0, 0, 1), (0, 0, 1), (0, 0, 1), (0, 0, 1), (0, 0, 1), (0, 0, 1), (0, 0, 1), (0, 0, 1), (0, 0, 1), (0, 0, 0.99999994), (0, 0, 0.99999994), (0, 0, 0.99999994), (0, 0, 1), (0, 0, 1), (0, 0, 1)] (
                        interpolation = "faceVarying"
                    )
                    point3f[] points = [(0.023184901, 0.0018414002, 0), (0.021645902, 0.0018414002, 0), (0.021645902, 0.0016038001, 0), (0.022283101, 0.0016038001, 0), (0.022283101, 0, 0), (0.0225477, 0, 0), (0.0225477, 0.0016038001, 0), (0.023184901, 0.0016038001, 0), (0.0201771, 0.0018414002, 0), (0.0201771, 0, 0), (0.020441702, 0, 0), (0.020441702, 0.00079920003, 0), (0.0205524, 0.00079920003, 0), (0.02075625, 0.00073035003, 0), (0.021041099, 0.000378, 0), (0.0212841, 0, 0), (0.0216, 0, 0), (0.021456227, 0.00020047501, 0), (0.021348901, 0.0003645, 0), (0.021153826, 0.00066420005, 0), (0.0209385, 0.0008748, 0), (0.021166313, 0.0010496251, 0), (0.021246301, 0.0013257001, 0), (0.021083625, 0.0017030251, 0), (0.0206415, 0.0018414002, 0), (0.020441702, 0.0016146002, 0), (0.0206118, 0.0016146002, 0), (0.020887876, 0.0015403501, 0), (0.0209736, 0.0013365002, 0), (0.020900026, 0.0011289376, 0), (0.0206118, 0.0010368, 0), (0.020441702, 0.0010368, 0), (0.0178686, 0.0009207001, 0), (0.018134212, 0.00026088755, 0), (0.0188514, -0.000024300001, 0), (0.019583438, 0.00026190002, 0), (0.0198477, 0.0009207001, 0), (0.019580062, 0.0015855752, 0), (0.018856801, 0.0018657001, 0), (0.018138938, 0.0015845626, 0), (0.0181413, 0.0009207001, 0), (0.018345151, 0.001423575, 0), (0.018856801, 0.0016227, 0), (0.019370813, 0.001423575, 0), (0.019575, 0.0009207001, 0), (0.019370813, 0.00041883753, 0), (0.018856801, 0.0002187, 0), (0.018345151, 0.00041883753, 0), (0.0175878, 0.0017361001, 0), (0.017386649, 0.0018333001, 0), (0.017177401, 0.0018657001, 0), (0.016771387, 0.0017323876, 0), (0.0166185, 0.0013743, 0), (0.01701675, 0.000863325, 0), (0.017415, 0.00044550002, 0), (0.0173421, 0.00029092503, 0), (0.0171153, 0.00021330001, 0), (0.016855087, 0.00028215, 0), (0.016629301, 0.00048060002, 0), (0.016629301, 0.0001458, 0), (0.016869938, 0.0000172125, 0), (0.017145, -0.000024300001, 0), (0.017514225, 0.00011711251, 0), (0.0176607, 0.00047520004, 0), (0.01726245, 0.0010293751, 0), (0.0168642, 0.0014094, 0), (0.016946211, 0.0015673501, 0), (0.0171558, 0.0016281002, 0), (0.01735965, 0.0015879376, 0), (0.0175878, 0.0014364, 0), (0.012438902, 0, 0), (0.0131571, 0, 0), (0.013873613, 0.00028316252, 0), (0.014134501, 0.0009207001, 0), (0.013899601, 0.0015440627, 0), (0.0131544005, 0.0018414002, 0), (0.012438902, 0.0018414002, 0), (0.0127035, 0.0016038001, 0), (0.0131112, 0.0016038001, 0), (0.013679888, 0.0014009626, 0), (0.0138618015, 0.0009207001, 0), (0.013718026, 0.00049410004, 0), (0.013124701, 0.00023760002, 0), (0.0127035, 0.00023760002, 0), (0.010810801, 0.0018414002, 0), (0.010810801, 0, 0), (0.011075401, 0, 0), (0.011075401, 0.00079920003, 0), (0.011186101, 0.00079920003, 0), (0.011389951, 0.00073035003, 0), (0.011674801, 0.000378, 0), (0.011917802, 0, 0), (0.012233701, 0, 0), (0.012089926, 0.00020047501, 0), (0.011982601, 0.0003645, 0), (0.011787526, 0.00066420005, 0), (0.011572201, 0.0008748, 0), (0.0118000135, 0.0010496251, 0), (0.01188, 0.0013257001, 0), (0.011717325, 0.0017030251, 0), (0.0112752, 0.0018414002, 0), (0.011075401, 0.0016146002, 0), (0.011245501, 0.0016146002, 0), (0.011521576, 0.0015403501, 0), (0.011607301, 0.0013365002, 0), (0.011533726, 0.0011289376, 0), (0.011245501, 0.0010368, 0), (0.011075401, 0.0010368, 0), (0.009779401, 0.0018522001, 0), (0.009593101, 0.0018522001, 0), (0.008802, 0, 0), (0.009072, 0, 0), (0.009304201, 0.0005427, 0), (0.010087201, 0.0005427, 0), (0.010332901, 0, 0), (0.010602901, 0, 0), (0.009682201, 0.0014472001, 0), (0.0099792015, 0.0007803, 0), (0.0094068, 0.0007803, 0), (0.006982201, 0, 0), (0.007700401, 0, 0), (0.0084169125, 0.00028316252, 0), (0.008677801, 0.0009207001, 0), (0.008442901, 0.0015440627, 0), (0.007697701, 0.0018414002, 0), (0.006982201, 0.0018414002, 0), (0.0072468007, 0.0016038001, 0), (0.007654501, 0.0016038001, 0), (0.008223189, 0.0014009626, 0), (0.0084051015, 0.0009207001, 0), (0.008261326, 0.00049410004, 0), (0.0076680006, 0.00023760002, 0), (0.0072468007, 0.00023760002, 0), (0.006574501, 0.0018414002, 0), (0.006326101, 0.0018414002, 0), (0.006326101, 0.00041580005, 0), (0.0050787004, 0.0018414002, 0), (0.0048681004, 0.0018414002, 0), (0.0048681004, 0, 0), (0.0051165004, 0, 0), (0.0051165004, 0.0014175001, 0), (0.0063477005, 0, 0), (0.006574501, 0, 0), (0.0038448002, 0.0018522001, 0), (0.0036585, 0.0018522001, 0), (0.0028674002, 0, 0), (0.0031374001, 0, 0), (0.0033696, 0.0005427, 0), (0.0041526, 0.0005427, 0), (0.0043983003, 0, 0), (0.0046683005, 0, 0), (0.0037476001, 0.0014472001, 0), (0.0040446003, 0.0007803, 0), (0.0034722001, 0.0007803, 0), (0.0028215002, 0.0018414002, 0), (0.0012825001, 0.0018414002, 0), (0.0012825001, 0.0016038001, 0), (0.0019197003, 0.0016038001, 0), (0.0019197003, 0, 0), (0.0021843, 0, 0), (0.0021843, 0.0016038001, 0), (0.0028215002, 0.0016038001, 0), (0.0010773, 0.0017361001, 0), (0.0008761501, 0.0018333001, 0), (0.0006669, 0.0018657001, 0), (0.00026088752, 0.0017323876, 0), (0.00010800001, 0.0013743, 0), (0.00050625, 0.000863325, 0), (0.0009045, 0.00044550002, 0), (0.00083160005, 0.00029092503, 0), (0.0006048, 0.00021330001, 0), (0.00034458752, 0.00028215, 0), (0.00011880001, 0.00048060002, 0), (0.00011880001, 0.0001458, 0), (0.00035943752, 0.0000172125, 0), (0.00063450006, -0.000024300001, 0), (0.0010037251, 0.00011711251, 0), (0.0011502001, 0.00047520004, 0), (0.0007519501, 0.0010293751, 0), (0.00035370004, 0.0014094, 0), (0.00043571254, 0.0015673501, 0), (0.0006453, 0.0016281002, 0), (0.00084915006, 0.0015879376, 0), (0.0010773, 0.0014364, 0)]
                    texCoord2f[] primvars:st = [(0.2857143, 0), (0, 0), (0.14285715, 0), (0.2857143, 0), (1, 0), (0, 0), (0.42857143, 0), (1, 0), (0.2857143, 0), (0.5714286, 0), (0.85714287, 0), (0.42857143, 0), (0.85714287, 0), (1, 0), (0.42857143, 0), (0.5714286, 0), (0.71428573, 0), (0.85714287, 0), (0.04347826, 0), (0.73913044, 0), (0, 0), (0.73913044, 0), (0.6956522, 0), (0, 0), (0.73913044, 0), (0.65217394, 0), (0.6956522, 0), (0.73913044, 0), (0.7826087, 0), (0.65217394, 0), (0.7826087, 0), (0.82608694, 0), (0.65217394, 0), (0.82608694, 0), (0.6086956, 0), (0.65217394, 0), (0.04347826, 0), (1, 0), (0.73913044, 0), (0.8695652, 0), (0.6086956, 0), (0.82608694, 0), (0.9130435, 0), (0.6086956, 0), (0.8695652, 0), (0.9130435, 0), (0.5652174, 0), (0.6086956, 0), (0.95652175, 0), (0.5652174, 0), (0.9130435, 0), (0.95652175, 0), (0.5217391, 0), (0.5652174, 0), (0.04347826, 0), (0.13043478, 0), (1, 0), (0.13043478, 0), (0.95652175, 0), (1, 0), (0.13043478, 0), (0.5217391, 0), (0.95652175, 0), (0.13043478, 0), (0.17391305, 0), (0.5217391, 0), (0.17391305, 0), (0.47826087, 0), (0.5217391, 0), (0.04347826, 0), (0.08695652, 0), (0.13043478, 0), (0.2173913, 0), (0.47826087, 0), (0.17391305, 0), (0.26086956, 0), (0.47826087, 0), (0.2173913, 0), (0.26086956, 0), (0.4347826, 0), (0.47826087, 0), (0.3043478, 0), (0.4347826, 0), (0.26086956, 0), (0.3043478, 0), (0.39130434, 0), (0.4347826, 0), (0.3043478, 0), (0.3478261, 0), (0.39130434, 0), (0.46666667, 0), (0.6666667, 0), (0.4, 0), (0.6666667, 0), (0.33333334, 0), (0.4, 0), (0.46666667, 0), (0.6, 0), (0.6666667, 0), (0.73333335, 0), (0.33333334, 0), (0.6666667, 0), (0.73333335, 0), (0.26666668, 0), (0.33333334, 0), (0, 0), (0.6, 0), (0.46666667, 0), (0, 0), (0.53333336, 0), (0.6, 0), (0.8, 0), (0.26666668, 0), (0.73333335, 0), (0.06666667, 0), (0.53333336, 0), (0, 0), (0.06666667, 0), (1, 0), (0.53333336, 0), (0.8666667, 0), (0.26666668, 0), (0.8, 0), (0.8666667, 0), (0.2, 0), (0.26666668, 0), (0.06666667, 0), (0.93333334, 0), (1, 0), (0.93333334, 0), (0.2, 0), (0.8666667, 0), (0.93333334, 0), (0.13333334, 0), (0.2, 0), (0.13333334, 0), (0.93333334, 0), (0.06666667, 0), (0.14285715, 0), (0.04761905, 0), (0.0952381, 0), (0.14285715, 0), (0, 0), (0.04761905, 0), (0.14285715, 0), (0.95238096, 0), (0, 0), (0.95238096, 0), (1, 0), (0, 0), (0.1904762, 0), (0.85714287, 0), (0.14285715, 0), (0.85714287, 0), (0.9047619, 0), (0.14285715, 0), (0.9047619, 0), (0.95238096, 0), (0.14285715, 0), (0.1904762, 0), (0.8095238, 0), (0.85714287, 0), (0.1904762, 0), (0.7619048, 0), (0.8095238, 0), (0.23809524, 0), (0.7619048, 0), (0.1904762, 0), (0.23809524, 0), (0.71428573, 0), (0.7619048, 0), (0.2857143, 0), (0.71428573, 0), (0.23809524, 0), (0.52380955, 0), (0.42857143, 0), (0.47619048, 0), (0.2857143, 0), (0.6666667, 0), (0.71428573, 0), (0.33333334, 0), (0.6666667, 0), (0.2857143, 0), (0.3809524, 0), (0.6666667, 0), (0.33333334, 0), (0.52380955, 0), (0.3809524, 0), (0.42857143, 0), (0.52380955, 0), (0.6666667, 0), (0.3809524, 0), (0.5714286, 0), (0.6666667, 0), (0.52380955, 0), (0.5714286, 0), (0.61904764, 0), (0.6666667, 0), (0, 0), (0.53846157, 0), (0.46153846, 0), (0.53846157, 0), (0.3846154, 0), (0.46153846, 0), (0.53846157, 0), (0.61538464, 0), (0.3846154, 0), (0.61538464, 0), (0.30769232, 0), (0.3846154, 0), (0, 0), (1, 0), (0.53846157, 0), (0.6923077, 0), (0.30769232, 0), (0.61538464, 0), (0.6923077, 0), (0.23076923, 0), (0.30769232, 0), (0.7692308, 0), (0.23076923, 0), (0.6923077, 0), (0.84615386, 0), (0.23076923, 0), (0.7692308, 0), (0.84615386, 0), (0.15384616, 0), (0.23076923, 0), (0.9230769, 0), (0.15384616, 0), (0.84615386, 0), (0.9230769, 0), (0.07692308, 0), (0.15384616, 0), (0, 0), (0.9230769, 0), (1, 0), (0, 0), (0.07692308, 0), (0.9230769, 0), (0.04347826, 0), (0.73913044, 0), (0, 0), (0.73913044, 0), (0.6956522, 0), (0, 0), (0.73913044, 0), (0.65217394, 0), (0.6956522, 0), (0.73913044, 0), (0.7826087, 0), (0.65217394, 0), (0.7826087, 0), (0.82608694, 0), (0.65217394, 0), (0.82608694, 0), (0.6086956, 0), (0.65217394, 0), (0.04347826, 0), (1, 0), (0.73913044, 0), (0.8695652, 0), (0.6086956, 0), (0.82608694, 0), (0.9130435, 0), (0.6086956, 0), (0.8695652, 0), (0.9130435, 0), (0.5652174, 0), (0.6086956, 0), (0.95652175, 0), (0.5652174, 0), (0.9130435, 0), (0.95652175, 0), (0.5217391, 0), (0.5652174, 0), (0.04347826, 0), (0.13043478, 0), (1, 0), (0.13043478, 0), (0.95652175, 0), (1, 0), (0.13043478, 0), (0.5217391, 0), (0.95652175, 0), (0.13043478, 0), (0.17391305, 0), (0.5217391, 0), (0.17391305, 0), (0.47826087, 0), (0.5217391, 0), (0.04347826, 0), (0.08695652, 0), (0.13043478, 0), (0.2173913, 0), (0.47826087, 0), (0.17391305, 0), (0.26086956, 0), (0.47826087, 0), (0.2173913, 0), (0.26086956, 0), (0.4347826, 0), (0.47826087, 0), (0.3043478, 0), (0.4347826, 0), (0.26086956, 0), (0.3043478, 0), (0.39130434, 0), (0.4347826, 0), (0.3043478, 0), (0.3478261, 0), (0.39130434, 0), (0.2, 0), (0, 0), (0.1, 0), (0.2, 0), (0.8, 0), (0, 0), (0.8, 0), (0.7, 0), (0, 0), (0.2, 0), (1, 0), (0.8, 0), (0.9, 0), (0.7, 0), (0.8, 0), (0.2, 0), (0.4, 0), (1, 0), (0.4, 0), (0.9, 0), (1, 0), (0.4, 0), (0.5, 0), (0.9, 0), (0.5, 0), (0.7, 0), (0.9, 0), (0.2, 0), (0.3, 0), (0.4, 0), (0.6, 0), (0.7, 0), (0.5, 0), (0, 0), (0.53846157, 0), (0.46153846, 0), (0.53846157, 0), (0.3846154, 0), (0.46153846, 0), (0.53846157, 0), (0.61538464, 0), (0.3846154, 0), (0.61538464, 0), (0.30769232, 0), (0.3846154, 0), (0, 0), (1, 0), (0.53846157, 0), (0.6923077, 0), (0.30769232, 0), (0.61538464, 0), (0.6923077, 0), (0.23076923, 0), (0.30769232, 0), (0.7692308, 0), (0.23076923, 0), (0.6923077, 0), (0.84615386, 0), (0.23076923, 0), (0.7692308, 0), (0.84615386, 0), (0.15384616, 0), (0.23076923, 0), (0.9230769, 0), (0.15384616, 0), (0.84615386, 0), (0.9230769, 0), (0.07692308, 0), (0.15384616, 0), (0, 0), (0.9230769, 0), (1, 0), (0, 0), (0.07692308, 0), (0.9230769, 0), (0.5555556, 0), (0.33333334, 0), (0.44444445, 0), (0.5555556, 0), (0.7777778, 0), (0.33333334, 0), (0.7777778, 0), (0.22222222, 0), (0.33333334, 0), (0.22222222, 0), (0, 0), (0.11111111, 0), (0.22222222, 0), (1, 0), (0, 0), (0.5555556, 0), (0.6666667, 0), (0.7777778, 0), (0.8888889, 0), (0.22222222, 0), (0.7777778, 0), (0.8888889, 0), (1, 0), (0.22222222, 0), (0.2, 0), (0, 0), (0.1, 0), (0.2, 0), (0.8, 0), (0, 0), (0.8, 0), (0.7, 0), (0, 0), (0.2, 0), (1, 0), (0.8, 0), (0.9, 0), (0.7, 0), (0.8, 0), (0.2, 0), (0.4, 0), (1, 0), (0.4, 0), (0.9, 0), (1, 0), (0.4, 0), (0.5, 0), (0.9, 0), (0.5, 0), (0.7, 0), (0.9, 0), (0.2, 0), (0.3, 0), (0.4, 0), (0.6, 0), (0.7, 0), (0.5, 0), (0.2857143, 0), (0, 0), (0.14285715, 0), (0.2857143, 0), (1, 0), (0, 0), (0.42857143, 0), (1, 0), (0.2857143, 0), (0.5714286, 0), (0.85714287, 0), (0.42857143, 0), (0.85714287, 0), (1, 0), (0.42857143, 0), (0.5714286, 0), (0.71428573, 0), (0.85714287, 0), (0.14285715, 0), (0.04761905, 0), (0.0952381, 0), (0.14285715, 0), (0, 0), (0.04761905, 0), (0.14285715, 0), (0.95238096, 0), (0, 0), (0.95238096, 0), (1, 0), (0, 0), (0.1904762, 0), (0.85714287, 0), (0.14285715, 0), (0.85714287, 0), (0.9047619, 0), (0.14285715, 0), (0.9047619, 0), (0.95238096, 0), (0.14285715, 0), (0.1904762, 0), (0.8095238, 0), (0.85714287, 0), (0.1904762, 0), (0.7619048, 0), (0.8095238, 0), (0.23809524, 0), (0.7619048, 0), (0.1904762, 0), (0.23809524, 0), (0.71428573, 0), (0.7619048, 0), (0.2857143, 0), (0.71428573, 0), (0.23809524, 0), (0.52380955, 0), (0.42857143, 0), (0.47619048, 0), (0.2857143, 0), (0.6666667, 0), (0.71428573, 0), (0.33333334, 0), (0.6666667, 0), (0.2857143, 0), (0.3809524, 0), (0.6666667, 0), (0.33333334, 0), (0.52380955, 0), (0.3809524, 0), (0.42857143, 0), (0.52380955, 0), (0.6666667, 0), (0.3809524, 0), (0.5714286, 0), (0.6666667, 0), (0.52380955, 0), (0.5714286, 0), (0.61904764, 0), (0.6666667, 0)] (
                        interpolation = "faceVarying"
                    )
                    uniform token subdivisionScheme = "none"
                    custom string userProperties:blender:data_name = "Printing.002"
                }
            }

            def Xform "Barcode_line_011"
            {
                custom string userProperties:blender:object_name = "Barcode line.011"
                float3 xformOp:rotateXYZ = (0, -0, 0)
                float3 xformOp:scale = (1, 1, 1)
                double3 xformOp:translate = (-0.000495384621899575, -0.004000000189989805, 0.00024999678134918213)
                uniform token[] xformOpOrder = ["xformOp:translate", "xformOp:rotateXYZ", "xformOp:scale"]

                def Mesh "Cube_017" (
                    active = true
                    prepend apiSchemas = ["MaterialBindingAPI"]
                )
                {
                    uniform bool doubleSided = 1
                    float3[] extent = [(-0.0014861538, -0.008, -0.000065), (0.0014861538, 0.008, 0.000065)]
                    int[] faceVertexCounts = [4, 4, 4, 4, 4, 4]
                    int[] faceVertexIndices = [0, 1, 3, 2, 2, 3, 7, 6, 6, 7, 5, 4, 4, 5, 1, 0, 2, 6, 4, 0, 7, 3, 1, 5]
                    rel material:binding = </Asset/_materials/Printed_dark_ink>
                    normal3f[] normals = [(-1, 0, 0), (-1, 0, 0), (-1, 0, 0), (-1, 0, 0), (0, 1, 0), (0, 1, 0), (0, 1, 0), (0, 1, 0), (1, 0, 0), (1, 0, 0), (1, 0, 0), (1, 0, 0), (0, -1, 0), (0, -1, 0), (0, -1, 0), (0, -1, 0), (0, 0, -1), (0, 0, -1), (0, 0, -1), (0, 0, -1), (0, 0, 1), (0, 0, 1), (0, 0, 1), (0, 0, 1)] (
                        interpolation = "faceVarying"
                    )
                    point3f[] points = [(-0.0014861538, -0.008, -0.000065), (-0.0014861538, -0.008, 0.000065), (-0.0014861538, 0.008, -0.000065), (-0.0014861538, 0.008, 0.000065), (0.0014861538, -0.008, -0.000065), (0.0014861538, -0.008, 0.000065), (0.0014861538, 0.008, -0.000065), (0.0014861538, 0.008, 0.000065)]
                    texCoord2f[] primvars:st = [(0.375, 0), (0.625, 0), (0.625, 0.25), (0.375, 0.25), (0.375, 0.25), (0.625, 0.25), (0.625, 0.5), (0.375, 0.5), (0.375, 0.5), (0.625, 0.5), (0.625, 0.75), (0.375, 0.75), (0.375, 0.75), (0.625, 0.75), (0.625, 1), (0.375, 1), (0.125, 0.5), (0.375, 0.5), (0.375, 0.75), (0.125, 0.75), (0.625, 0.5), (0.875, 0.5), (0.875, 0.75), (0.625, 0.75)] (
                        interpolation = "faceVarying"
                    )
                    uniform token subdivisionScheme = "none"
                    custom string userProperties:blender:data_name = "Cube.017"
                }
            }
        }

        def Xform "Edge_scuff_011"
        {
            custom string userProperties:blender:object_name = "Edge scuff.011"
            float3 xformOp:rotateXYZ = (0, -0, 0)
            float3 xformOp:scale = (1, 1, 1)
            double3 xformOp:translate = (0.10676570981740952, -0.08290000259876251, 0.06480000168085098)
            uniform token[] xformOpOrder = ["xformOp:translate", "xformOp:rotateXYZ", "xformOp:scale"]

            def Mesh "Cube_042" (
                active = true
                prepend apiSchemas = ["MaterialBindingAPI"]
            )
            {
                uniform bool doubleSided = 1
                float3[] extent = [(-0.0036010132, -0.0001, -0.0009216815), (0.0036010132, 0.0001, 0.0009216815)]
                int[] faceVertexCounts = [4, 4, 4, 4, 4, 4]
                int[] faceVertexIndices = [0, 1, 3, 2, 2, 3, 7, 6, 6, 7, 5, 4, 4, 5, 1, 0, 2, 6, 4, 0, 7, 3, 1, 5]
                rel material:binding = </Asset/_materials/Exposed_cardboard_edge>
                normal3f[] normals = [(-1, 0, 0), (-1, 0, 0), (-1, 0, 0), (-1, 0, 0), (0, 1, 0), (0, 1, 0), (0, 1, 0), (0, 1, 0), (1, 0, 0), (1, 0, 0), (1, 0, 0), (1, 0, 0), (0, -1, 0), (0, -1, 0), (0, -1, 0), (0, -1, 0), (0, 0, -1), (0, 0, -1), (0, 0, -1), (0, 0, -1), (0, 0, 1), (0, 0, 1), (0, 0, 1), (0, 0, 1)] (
                    interpolation = "faceVarying"
                )
                point3f[] points = [(-0.0036010132, -0.0001, -0.0009216815), (-0.0036010132, -0.0001, 0.0009216815), (-0.0036010132, 0.0001, -0.0009216815), (-0.0036010132, 0.0001, 0.0009216815), (0.0036010132, -0.0001, -0.0009216815), (0.0036010132, -0.0001, 0.0009216815), (0.0036010132, 0.0001, -0.0009216815), (0.0036010132, 0.0001, 0.0009216815)]
                texCoord2f[] primvars:st = [(0.375, 0), (0.625, 0), (0.625, 0.25), (0.375, 0.25), (0.375, 0.25), (0.625, 0.25), (0.625, 0.5), (0.375, 0.5), (0.375, 0.5), (0.625, 0.5), (0.625, 0.75), (0.375, 0.75), (0.375, 0.75), (0.625, 0.75), (0.625, 1), (0.375, 1), (0.125, 0.5), (0.375, 0.5), (0.375, 0.75), (0.125, 0.75), (0.625, 0.5), (0.875, 0.5), (0.875, 0.75), (0.625, 0.75)] (
                    interpolation = "faceVarying"
                )
                uniform token subdivisionScheme = "none"
                custom string userProperties:blender:data_name = "Cube.042"
            }
        }

        def Xform "Edge_scuff_006"
        {
            custom string userProperties:blender:object_name = "Edge scuff.006"
            float3 xformOp:rotateXYZ = (0, -0, 0)
            float3 xformOp:scale = (1, 1, 1)
            double3 xformOp:translate = (-0.06393517553806305, -0.08290000259876251, 0.06480000168085098)
            uniform token[] xformOpOrder = ["xformOp:translate", "xformOp:rotateXYZ", "xformOp:scale"]

            def Mesh "Cube_037" (
                active = true
                prepend apiSchemas = ["MaterialBindingAPI"]
            )
            {
                uniform bool doubleSided = 1
                float3[] extent = [(-0.004287022, -0.0001, -0.00053590315), (0.004287022, 0.0001, 0.00053590315)]
                int[] faceVertexCounts = [4, 4, 4, 4, 4, 4]
                int[] faceVertexIndices = [0, 1, 3, 2, 2, 3, 7, 6, 6, 7, 5, 4, 4, 5, 1, 0, 2, 6, 4, 0, 7, 3, 1, 5]
                rel material:binding = </Asset/_materials/Exposed_cardboard_edge>
                normal3f[] normals = [(-0.99999994, 0, 0), (-0.99999994, 0, 0), (-0.99999994, 0, 0), (-0.99999994, 0, 0), (0, 0.99999994, 0), (0, 0.99999994, 0), (0, 0.99999994, 0), (0, 0.99999994, 0), (0.99999994, 0, 0), (0.99999994, 0, 0), (0.99999994, 0, 0), (0.99999994, 0, 0), (0, -0.99999994, 0), (0, -0.99999994, 0), (0, -0.99999994, 0), (0, -0.99999994, 0), (0, 0, -1), (0, 0, -1), (0, 0, -1), (0, 0, -1), (0, 0, 1), (0, 0, 1), (0, 0, 1), (0, 0, 1)] (
                    interpolation = "faceVarying"
                )
                point3f[] points = [(-0.004287022, -0.0001, -0.00053590315), (-0.004287022, -0.0001, 0.00053590315), (-0.004287022, 0.0001, -0.00053590315), (-0.004287022, 0.0001, 0.00053590315), (0.004287022, -0.0001, -0.00053590315), (0.004287022, -0.0001, 0.00053590315), (0.004287022, 0.0001, -0.00053590315), (0.004287022, 0.0001, 0.00053590315)]
                texCoord2f[] primvars:st = [(0.375, 0), (0.625, 0), (0.625, 0.25), (0.375, 0.25), (0.375, 0.25), (0.625, 0.25), (0.625, 0.5), (0.375, 0.5), (0.375, 0.5), (0.625, 0.5), (0.625, 0.75), (0.375, 0.75), (0.375, 0.75), (0.625, 0.75), (0.625, 1), (0.375, 1), (0.125, 0.5), (0.375, 0.5), (0.375, 0.75), (0.125, 0.75), (0.625, 0.5), (0.875, 0.5), (0.875, 0.75), (0.625, 0.75)] (
                    interpolation = "faceVarying"
                )
                uniform token subdivisionScheme = "none"
                custom string userProperties:blender:data_name = "Cube.037"
            }
        }
    }

    def Scope "_materials"
    {
        def Material "Brown_packing_tape"
        {
            token outputs:surface.connect = </Asset/_materials/Brown_packing_tape/Principled_BSDF.outputs:surface>
            custom string userProperties:blender:data_name = "Brown packing tape"

            def Shader "Principled_BSDF"
            {
                uniform token info:id = "UsdPreviewSurface"
                float inputs:clearcoat = 0
                float inputs:clearcoatRoughness = 0.03
                color3f inputs:diffuseColor = (0.29, 0.17, 0.075)
                float inputs:ior = 1.5
                float inputs:metallic = 0
                float inputs:opacity = 1
                float inputs:roughness = 0.28
                float inputs:specular = 0.5
                token outputs:surface
            }
        }

        def Material "Printed_dark_ink"
        {
            token outputs:surface.connect = </Asset/_materials/Printed_dark_ink/Principled_BSDF.outputs:surface>
            custom string userProperties:blender:data_name = "Printed dark ink"

            def Shader "Principled_BSDF"
            {
                uniform token info:id = "UsdPreviewSurface"
                float inputs:clearcoat = 0
                float inputs:clearcoatRoughness = 0.03
                color3f inputs:diffuseColor = (0.018, 0.019, 0.018)
                float inputs:ior = 1.5
                float inputs:metallic = 0
                float inputs:opacity = 1
                float inputs:roughness = 0.84
                float inputs:specular = 0.5
                token outputs:surface
            }
        }

        def Material "Exposed_cardboard_edge"
        {
            token outputs:surface.connect = </Asset/_materials/Exposed_cardboard_edge/Principled_BSDF.outputs:surface>
            custom string userProperties:blender:data_name = "Exposed cardboard edge"

            def Shader "Principled_BSDF"
            {
                uniform token info:id = "UsdPreviewSurface"
                float inputs:clearcoat = 0
                float inputs:clearcoatRoughness = 0.03
                color3f inputs:diffuseColor = (0.51, 0.34, 0.17)
                float inputs:ior = 1.5
                float inputs:metallic = 0
                float inputs:opacity = 1
                float inputs:roughness = 0.91
                float inputs:specular = 0.5
                token outputs:surface
            }
        }

        def Material "Corrugated_cardboard_PBR"
        {
            token outputs:surface.connect = </Asset/_materials/Corrugated_cardboard_PBR/Principled_BSDF.outputs:surface>
            custom string userProperties:blender:data_name = "Corrugated cardboard PBR"

            def Shader "Principled_BSDF"
            {
                uniform token info:id = "UsdPreviewSurface"
                float inputs:clearcoat = 0
                float inputs:clearcoatRoughness = 0.03
                color3f inputs:diffuseColor.connect = </Asset/_materials/Corrugated_cardboard_PBR/Image_Texture.outputs:rgb>
                float inputs:ior = 1.5
                float inputs:metallic = 0
                normal3f inputs:normal.connect = </Asset/_materials/Corrugated_cardboard_PBR/Image_Texture_002.outputs:rgb>
                float inputs:opacity = 1
                float inputs:roughness.connect = </Asset/_materials/Corrugated_cardboard_PBR/Image_Texture_001.outputs:r>
                float inputs:specular = 0.5
                token outputs:surface
            }

            def Shader "Image_Texture"
            {
                uniform token info:id = "UsdUVTexture"
                asset inputs:file = @./textures/cardboard_basecolor.png@
                token inputs:sourceColorSpace = "sRGB"
                float2 inputs:st.connect = </Asset/_materials/Corrugated_cardboard_PBR/uvmap.outputs:result>
                token inputs:wrapS = "repeat"
                token inputs:wrapT = "repeat"
                float3 outputs:rgb
            }

            def Shader "uvmap"
            {
                uniform token info:id = "UsdPrimvarReader_float2"
                string inputs:varname = "st"
                float2 outputs:result
            }

            def Shader "Image_Texture_001"
            {
                uniform token info:id = "UsdUVTexture"
                asset inputs:file = @./textures/cardboard_roughness.png@
                token inputs:sourceColorSpace = "raw"
                float2 inputs:st.connect = </Asset/_materials/Corrugated_cardboard_PBR/uvmap.outputs:result>
                token inputs:wrapS = "repeat"
                token inputs:wrapT = "repeat"
                float outputs:r
            }

            def Shader "Image_Texture_002"
            {
                uniform token info:id = "UsdUVTexture"
                float4 inputs:bias = (-1, -1, -1, -1)
                asset inputs:file = @./textures/cardboard_normal.png@
                float4 inputs:scale = (2, 2, 2, 2)
                token inputs:sourceColorSpace = "raw"
                float2 inputs:st.connect = </Asset/_materials/Corrugated_cardboard_PBR/uvmap.outputs:result>
                token inputs:wrapS = "repeat"
                token inputs:wrapT = "repeat"
                float3 outputs:rgb
            }
        }

        def Material "Blue_package_printing"
        {
            token outputs:surface.connect = </Asset/_materials/Blue_package_printing/Principled_BSDF.outputs:surface>
            custom string userProperties:blender:data_name = "Blue package printing"

            def Shader "Principled_BSDF"
            {
                uniform token info:id = "UsdPreviewSurface"
                float inputs:clearcoat = 0
                float inputs:clearcoatRoughness = 0.03
                color3f inputs:diffuseColor = (0.025, 0.1, 0.2)
                float inputs:ior = 1.5
                float inputs:metallic = 0
                float inputs:opacity = 1
                float inputs:roughness = 0.77
                float inputs:specular = 0.5
                token outputs:surface
            }
        }

        def Material "Shipping_label_paper"
        {
            token outputs:surface.connect = </Asset/_materials/Shipping_label_paper/Principled_BSDF.outputs:surface>
            custom string userProperties:blender:data_name = "Shipping label paper"

            def Shader "Principled_BSDF"
            {
                uniform token info:id = "UsdPreviewSurface"
                float inputs:clearcoat = 0
                float inputs:clearcoatRoughness = 0.03
                color3f inputs:diffuseColor = (0.82, 0.8, 0.73)
                float inputs:ior = 1.5
                float inputs:metallic = 0
                float inputs:opacity = 1
                float inputs:roughness = 0.83
                float inputs:specular = 0.5
                token outputs:surface
            }
        }
    }
}
