#usda 1.0
(
    defaultPrim = "Asset"
    doc = "Blender v4.5.13 LTS"
    metersPerUnit = 1
    upAxis = "Z"
)

def Xform "Asset" (
    customData = {
        dictionary Blender = {
            bool generated = 1
        }
    }
)
{
    def Xform "KraftMailer"
    {
        custom string userProperties:blender:object_name = "KraftMailer"

        def Xform "Shipping_label_004"
        {
            custom string userProperties:blender:object_name = "Shipping_label.004"
            float3 xformOp:rotateXYZ = (0, 0, -4.583662)
            float3 xformOp:scale = (1, 1, 1)
            double3 xformOp:translate = (0, 0, 0.023000000044703484)
            uniform token[] xformOpOrder = ["xformOp:translate", "xformOp:rotateXYZ", "xformOp:scale"]

            def Xform "Paper_sticker_004"
            {
                custom string userProperties:blender:object_name = "Paper sticker.004"
                float3 xformOp:rotateXYZ = (0, -0, 4.2688688e-7)
                float3 xformOp:scale = (0.99999994, 0.99999994, 1)
                double3 xformOp:translate = (0, 0, 0)
                uniform token[] xformOpOrder = ["xformOp:translate", "xformOp:rotateXYZ", "xformOp:scale"]

                def Mesh "Cube_153" (
                    active = true
                    prepend apiSchemas = ["MaterialBindingAPI"]
                )
                {
                    uniform bool doubleSided = 1
                    float3[] extent = [(-0.0435, -0.0295, -0.000125), (0.0435, 0.0295, 0.000125)]
                    int[] faceVertexCounts = [4, 4, 4, 4, 4, 4, 3, 4, 4, 4, 4, 4, 4, 3, 4, 4, 4, 4, 4, 4, 3, 4, 4, 4, 4, 4, 4, 3, 4, 4, 4, 4, 4, 4, 3, 4, 4, 4, 4, 4, 4, 3, 4, 4, 4, 4, 4, 4, 3, 4, 4, 4, 4, 4, 4, 3, 4, 4, 4, 4, 4, 4, 4, 4, 4, 4, 4, 4, 4, 4, 4, 4, 4, 4, 4, 4, 4, 4, 4, 4, 4, 4, 4, 4, 4, 4, 4, 4, 4, 4, 4, 4, 4, 4, 4, 4, 4, 4]
                    int[] faceVertexIndices = [0, 3, 5, 4, 3, 7, 8, 5, 1, 6, 8, 7, 6, 10, 11, 8, 2, 9, 11, 10, 9, 4, 5, 11, 5, 8, 11, 12, 15, 17, 16, 15, 19, 20, 17, 13, 18, 20, 19, 18, 22, 23, 20, 14, 21, 23, 22, 21, 16, 17, 23, 17, 20, 23, 24, 27, 29, 28, 27, 31, 32, 29, 25, 30, 32, 31, 30, 34, 35, 32, 26, 33, 35, 34, 33, 28, 29, 35, 29, 32, 35, 36, 39, 41, 40, 39, 43, 44, 41, 37, 42, 44, 43, 42, 46, 47, 44, 38, 45, 47, 46, 45, 40, 41, 47, 41, 44, 47, 48, 51, 53, 52, 51, 55, 56, 53, 49, 54, 56, 55, 54, 58, 59, 56, 50, 57, 59, 58, 57, 52, 53, 59, 53, 56, 59, 60, 63, 65, 64, 63, 67, 68, 65, 61, 66, 68, 67, 66, 70, 71, 68, 62, 69, 71, 70, 69, 64, 65, 71, 65, 68, 71, 72, 75, 77, 76, 75, 79, 80, 77, 73, 78, 80, 79, 78, 82, 83, 80, 74, 81, 83, 82, 81, 76, 77, 83, 77, 80, 83, 84, 87, 89, 88, 87, 91, 92, 89, 85, 90, 92, 91, 90, 94, 95, 92, 86, 93, 95, 94, 93, 88, 89, 95, 89, 92, 95, 24, 0, 4, 27, 27, 4, 9, 31, 31, 9, 2, 25, 1, 12, 16, 6, 6, 16, 21, 10, 10, 21, 14, 2, 13, 36, 40, 18, 18, 40, 45, 22, 22, 45, 38, 14, 37, 26, 34, 42, 42, 34, 30, 46, 46, 30, 25, 38, 72, 24, 28, 75, 75, 28, 33, 79, 79, 33, 26, 73, 36, 84, 88, 39, 39, 88, 93, 43, 43, 93, 86, 37, 85, 74, 82, 90, 90, 82, 78, 94, 94, 78, 73, 86, 48, 72, 76, 51, 51, 76, 81, 55, 55, 81, 74, 49, 84, 60, 64, 87, 87, 64, 69, 91, 91, 69, 62, 85, 61, 50, 58, 66, 66, 58, 54, 70, 70, 54, 49, 62, 0, 48, 52, 3, 3, 52, 57, 7, 7, 57, 50, 1, 60, 13, 19, 63, 63, 19, 15, 67, 67, 15, 12, 61, 24, 72, 48, 0, 2, 14, 38, 25, 50, 61, 12, 1, 84, 36, 13, 60, 26, 37, 86, 73, 74, 85, 62, 49]
                    rel material:binding = </Asset/_materials/Shipping_label_paper>
                    normal3f[] normals = [(-0.00017786026, -0.00032872334, -1), (-0.00020394288, -0.50032586, -0.8658373), (-0.44734251, -0.44727224, -0.77448845), (-0.50028, -0.00026765466, -0.86586374), (-0.0001693219, -0.50035137, -0.86582243), (-0.00018644333, -0.86583245, -0.50033414), (-0.44733223, -0.7744229, -0.44739613), (-0.44733799, -0.44736332, -0.7744384), (-0.00024089369, -0.9660316, -0.25842395), (-0.49150538, -0.86234915, -0.12155839), (-0.44732374, -0.77444935, -0.44735852), (-0.00016501546, -0.8658673, -0.5002737), (-0.49159175, -0.8622976, -0.121574886), (-0.8623236, -0.49155474, -0.12154017), (-0.77446795, -0.4473363, -0.4473136), (-0.44738406, -0.7744361, -0.4473212), (-0.96603024, -0.00032953918, -0.25842884), (-0.8658702, -0.00028338982, -0.50026864), (-0.77448577, -0.44731733, -0.44730192), (-0.86235106, -0.49150118, -0.12156138), (-0.8658372, -0.0002450049, -0.5003258), (-0.5003402, -0.00029417127, -0.8658288), (-0.44740698, -0.44730777, -0.7744306), (-0.77445585, -0.4473114, -0.44735962), (-0.44737297, -0.44735265, -0.7744242), (-0.44738004, -0.77441037, -0.44736952), (-0.77443725, -0.44733667, -0.44736636), (-0.00023236871, -0.96603864, 0.25839713), (-0.00018474972, -0.86585283, 0.5002986), (-0.4473439, -0.7744543, 0.4473297), (-0.49151585, -0.8623374, 0.121598475), (-0.00018028915, -0.86582977, 0.5003388), (-0.00021297857, -0.5003187, 0.86584127), (-0.44733238, -0.44735986, 0.7744436), (-0.44733787, -0.7744176, 0.44739962), (-0.0002302546, -0.0002836734, 1), (-0.5003085, -0.0002986919, 0.86584723), (-0.4473175, -0.44730285, 0.77448523), (-0.0001783222, -0.5002424, 0.8658854), (-0.5003617, -0.00024615228, 0.8658164), (-0.8658498, -0.00028749183, 0.50030404), (-0.7744557, -0.44730338, 0.44736785), (-0.4473812, -0.44727963, 0.7744617), (-0.9660332, -0.0003186784, 0.25841793), (-0.8623588, -0.4914887, 0.12155684), (-0.7744908, -0.44728002, 0.44733047), (-0.86588466, -0.00024427474, 0.5002436), (-0.86232185, -0.49154854, 0.121577196), (-0.4915827, -0.8623051, 0.12155778), (-0.44743335, -0.7743978, 0.44733828), (-0.77447724, -0.44735187, 0.4472821), (-0.44738346, -0.7744104, 0.4473661), (-0.44736958, -0.44735608, 0.7744242), (-0.77443725, -0.44733328, 0.44736978), (-0.00022020191, 0.0002888888, -1), (-0.50030136, 0.00029322738, -0.86585134), (-0.4473175, 0.44730285, -0.77448523), (-0.00017999113, 0.50030226, -0.8658508), (-0.50035053, 0.00024187565, -0.86582303), (-0.86584353, 0.00028643757, -0.5003149), (-0.7744504, 0.44730097, -0.4473796), (-0.4473911, 0.44730866, -0.7744392), (-0.96603376, 0.0003250176, -0.25841558), (-0.89532346, 0.36446896, -0.25604355), (-0.77448326, 0.44728658, -0.4473371), (-0.8658851, 0.0002452135, -0.50024295), (-0.8953087, 0.36449605, -0.25605673), (-0.27027643, 0.47746274, -0.83605033), (-0.44739345, 0.774407, -0.4473622), (-0.7744579, 0.44733322, -0.4473344), (-0.00022274256, 0.9660342, -0.25841424), (-0.00019724155, 0.8658645, -0.5002785), (-0.44735616, 0.7744542, -0.44731775), (-0.27026573, 0.4774271, -0.8360741), (-0.00017166138, 0.8658427, -0.50031626), (-0.00021085888, 0.50034034, -0.86582875), (-0.44732744, 0.4473832, -0.77443296), (-0.44733316, 0.77443135, -0.4473803), (-0.44736952, 0.44735613, -0.7744242), (-0.77443725, 0.4473333, -0.44736972), (-0.44738346, 0.7744104, -0.4473661), (-0.00017786026, 0.00032872334, 1), (-0.00020394288, 0.50032586, 0.8658373), (-0.44734251, 0.44727224, 0.77448845), (-0.50028, 0.00026765466, 0.86586374), (-0.0001693219, 0.50035137, 0.86582243), (-0.00018644333, 0.86583245, 0.50033414), (-0.44733223, 0.7744229, 0.44739613), (-0.44733799, 0.44736332, 0.7744384), (-0.00024089369, 0.9660316, 0.25842395), (-0.40810475, 0.7257041, -0.5538991), (-0.44732374, 0.77444935, 0.44735852), (-0.00016501546, 0.8658673, 0.5002737), (-0.40808797, 0.72572076, -0.55388963), (-0.7791281, 0.42053396, -0.46487695), (-0.77446795, 0.4473363, 0.4473136), (-0.44738406, 0.7744361, 0.4473212), (-0.96603024, 0.00032953918, 0.25842884), (-0.8658702, 0.00028338982, 0.50026864), (-0.77448577, 0.44731733, 0.44730192), (-0.7791192, 0.42057568, -0.46485418), (-0.8658372, 0.0002450049, 0.5003258), (-0.5003402, 0.00029417127, 0.8658288), (-0.44740698, 0.44730777, 0.7744306), (-0.77445585, 0.4473114, 0.44735962), (-0.44737297, 0.44735265, 0.7744242), (-0.44738004, 0.77441037, 0.44736952), (-0.77443725, 0.44733667, 0.44736636), (0.00022020191, -0.0002888888, -1), (0.50030136, -0.00029322738, -0.86585134), (0.4473175, -0.44730285, -0.77448523), (0.00017999113, -0.50030226, -0.8658508), (0.50035053, -0.00024187565, -0.86582303), (0.86584353, -0.00028643757, -0.5003149), (0.7744504, -0.44730097, -0.4473796), (0.4473911, -0.44730866, -0.7744392), (0.96603376, -0.0003250176, -0.25841558), (0.89532346, -0.36446896, -0.25604355), (0.77448326, -0.44728658, -0.4473371), (0.8658851, -0.0002452135, -0.50024295), (0.8953087, -0.36449605, -0.25605673), (0.27027643, -0.47746274, -0.83605033), (0.44739345, -0.774407, -0.4473622), (0.7744579, -0.44733322, -0.4473344), (0.00022274256, -0.9660342, -0.25841424), (0.00019724155, -0.8658645, -0.5002785), (0.44735616, -0.7744542, -0.44731775), (0.27026573, -0.4774271, -0.8360741), (0.00017166138, -0.8658427, -0.50031626), (0.00021085888, -0.50034034, -0.86582875), (0.44732744, -0.4473832, -0.77443296), (0.44733316, -0.77443135, -0.4473803), (0.44736952, -0.44735613, -0.7744242), (0.77443725, -0.4473333, -0.44736972), (0.44738346, -0.7744104, -0.4473661), (0.00017786026, -0.00032872334, 1), (0.00020391634, -0.50026536, 0.8658722), (0.44734251, -0.44727224, 0.77448845), (0.50028, -0.00026765466, 0.86586374), (0.0001693219, -0.50035137, 0.86582243), (0.00018644333, -0.86583245, 0.50033414), (0.44733223, -0.7744229, 0.44739613), (0.44733799, -0.44736332, 0.7744384), (0.00024194218, -0.96604127, 0.25838783), (0.40810475, -0.7257041, -0.5538991), (0.44732374, -0.77444935, 0.44735852), (0.00016501546, -0.8658673, 0.5002737), (0.40808797, -0.72572076, -0.55388963), (0.7791281, -0.42053396, -0.46487695), (0.77446795, -0.4473363, 0.4473136), (0.44738406, -0.7744361, 0.4473212), (0.96603024, -0.00032953918, 0.25842884), (0.8658702, -0.00028338982, 0.50026864), (0.77448577, -0.44731733, 0.44730192), (0.7791192, -0.42057568, -0.46485418), (0.8658372, -0.0002450049, 0.5003258), (0.5003402, -0.00029417127, 0.8658288), (0.44740698, -0.44730777, 0.7744306), (0.77445585, -0.4473114, 0.44735962), (0.44737297, -0.44735265, 0.7744242), (0.44738004, -0.77441037, 0.44736952), (0.77443725, -0.44733667, 0.44736636), (0.00017786026, 0.00032872334, -1), (0.00020394288, 0.50032586, -0.8658373), (0.44734251, 0.44727224, -0.77448845), (0.50028, 0.00026765466, -0.86586374), (0.0001693219, 0.50035137, -0.86582243), (0.00018644333, 0.86583245, -0.50033414), (0.44733223, 0.7744229, -0.44739613), (0.44733799, 0.44736332, -0.7744384), (0.00024089369, 0.9660316, -0.25842395), (0.40810475, 0.7257041, 0.5538991), (0.44732374, 0.77444935, -0.44735852), (0.00016501546, 0.8658673, -0.5002737), (0.40808797, 0.72572076, 0.55388963), (0.7791281, 0.42053396, 0.46487695), (0.77446795, 0.4473363, -0.4473136), (0.44738406, 0.7744361, -0.4473212), (0.96603024, 0.00032953918, -0.25842884), (0.8658702, 0.00028338982, -0.50026864), (0.77448577, 0.44731733, -0.44730192), (0.7791192, 0.42057568, 0.46485418), (0.8658372, 0.0002450049, -0.5003258), (0.5003402, 0.00029417127, -0.8658288), (0.44740698, 0.44730777, -0.7744306), (0.77445585, 0.4473114, -0.44735962), (0.44737297, 0.44735265, -0.7744242), (0.44738004, 0.77441037, -0.44736952), (0.77443725, 0.44733667, -0.44736636), (0.00022020191, 0.0002888888, 1), (0.50030136, 0.00029322738, 0.86585134), (0.4473175, 0.44730285, 0.77448523), (0.00017999113, 0.50030226, 0.8658508), (0.50035053, 0.00024187565, 0.86582303), (0.86584353, 0.00028643757, 0.5003149), (0.7744504, 0.44730097, 0.4473796), (0.4473911, 0.44730866, 0.7744392), (0.96603376, 0.0003250176, 0.25841558), (0.89532346, 0.36446896, 0.25604355), (0.77448326, 0.44728658, 0.4473371), (0.8658851, 0.0002452135, 0.50024295), (0.8953087, 0.36449605, 0.25605673), (0.27027643, 0.47746274, 0.83605033), (0.44739345, 0.774407, 0.4473622), (0.7744579, 0.44733322, 0.4473344), (0.00022274256, 0.9660342, 0.25841424), (0.00019724155, 0.8658645, 0.5002785), (0.44735616, 0.7744542, 0.44731775), (0.27026573, 0.4774271, 0.8360741), (0.00017166138, 0.8658427, 0.50031626), (0.00021085888, 0.50034034, 0.86582875), (0.44732744, 0.4473832, 0.77443296), (0.44733316, 0.77443135, 0.4473803), (0.44736952, 0.44735613, 0.7744242), (0.77443725, 0.4473333, 0.44736972), (0.44738346, 0.7744104, 0.4473661), (-0.00024080276, 0.0002872283, -0.99999994), (-0.00024085327, -0.00031930467, -0.99999994), (-0.50027746, -0.00025133137, -0.86586505), (-0.50027746, 0.0002462916, -0.86586505), (-0.5003561, 0.00024780445, -0.8658197), (-0.5003561, -0.00021064628, -0.8658197), (-0.86583936, -0.00024780445, -0.5003221), (-0.86583936, 0.00021064628, -0.5003221), (-0.8658798, 0.00024635074, -0.5002519), (-0.8658798, -0.00021392187, -0.5002519), (-0.96603096, -0.00047920988, -0.25842568), (-0.96603096, 0.00047920938, -0.25842568), (-0.0002194494, -0.9660411, -0.25838828), (-0.0002194494, -0.9660411, 0.25838828), (-0.4914901, -0.86235905, 0.12154927), (-0.491507, -0.8623546, -0.121512994), (-0.49158603, -0.86230516, -0.12154381), (-0.49158603, -0.86230516, 0.12154381), (-0.86232513, -0.49155104, 0.12154381), (-0.86232513, -0.49155104, -0.12154381), (-0.86236906, -0.49147248, -0.12154927), (-0.86236453, -0.4914894, 0.121512994), (-0.96604, -0.00027009845, 0.25839198), (-0.9660304, -0.00030599535, -0.2584278), (-0.00024063885, -0.0002822418, 1), (-0.00024066059, 0.0002821829, 0.99999994), (-0.50027734, 0.00025133134, 0.86586523), (-0.5002774, -0.00021392143, 0.86586523), (-0.500356, -0.00024780445, 0.8658197), (-0.500356, 0.00021064628, 0.8658197), (-0.8658393, 0.00024780445, 0.5003221), (-0.8658393, -0.0002478014, 0.5003221), (-0.8658799, -0.00025133137, 0.5002519), (-0.8658799, 0.00025129196, 0.5002519), (-0.966032, 0.00033544432, 0.25842205), (-0.9660321, -0.00033544563, 0.25842202), (0, 0, 0), (0, 0, 0), (-0.27032843, 0.4774656, -0.8360318), (-0.40812355, 0.7257231, -0.5538601), (-0.4081125, 0.72574306, -0.5538424), (-0.2702931, 0.47746572, -0.8360432), (-0.895299, 0.36451507, -0.25606328), (-0.77916914, 0.4204821, -0.4648552), (-0.7791648, 0.4205467, -0.464804), (-0.89533734, 0.36447644, -0.25598454), (-0.96604, 0.00027666986, -0.25839257), (-0.9660307, 0.00031380355, 0.25842723), (0.0002054261, 0.00033979118, -0.99999994), (-0.00016824387, 0.0003385144, -0.9999999), (-0.00017914294, 0.5002792, -0.8658641), (0.00010452269, 0.5002803, -0.86586344), (0.0001734107, 0.5003468, -0.8658252), (-0.00013630337, 0.5003468, -0.8658252), (-0.00017347022, 0.86583406, -0.5003314), (0.00017346234, 0.86583406, -0.5003314), (0.00017910919, 0.8658814, -0.5002493), (-0.00017915998, 0.8658837, -0.5002453), (-0.00047924, 0.9660311, -0.25842518), (0.00047919745, 0.9660312, -0.2584249), (-0.0002054261, 0.00033979118, 0.99999994), (0.00016824387, 0.0003385144, 0.9999999), (0.00017914294, 0.5002792, 0.8658641), (-0.00010452269, 0.5002803, 0.86586344), (-0.0001734107, 0.5003468, 0.8658252), (0.00013630337, 0.5003468, 0.8658252), (0.00017347022, 0.86583406, 0.5003314), (-0.00017346234, 0.86583406, 0.5003314), (-0.00017910919, 0.8658814, 0.5002493), (0.00017915998, 0.8658837, 0.5002453), (0.00047924, 0.9660311, 0.25842518), (-0.00047919745, 0.9660312, 0.2584249), (0.96604, 0.00027666986, 0.25839257), (0.9660307, 0.00031380355, -0.25842723), (0.7791648, 0.4205467, 0.464804), (0.89533734, 0.36447644, 0.25598454), (0.895299, 0.36451507, 0.25606328), (0.77916914, 0.4204821, 0.4648552), (0.4081125, 0.72574306, 0.5538424), (0.2702931, 0.47746572, 0.8360432), (0.27032843, 0.4774656, 0.8360318), (0.40812355, 0.7257231, 0.5538601), (0, 0, 0), (0, 0, 0), (0.00024080276, -0.0002872283, -0.99999994), (0.00024085327, 0.00031930467, -0.99999994), (0.50027746, 0.00025133137, -0.86586505), (0.50027746, -0.0002462916, -0.86586505), (0.5003561, -0.00024780445, -0.8658197), (0.5003561, 0.00021064628, -0.8658197), (0.86583936, 0.00024780445, -0.5003221), (0.86583936, -0.00021064628, -0.5003221), (0.8658798, -0.00024635074, -0.5002519), (0.8658798, 0.00021392187, -0.5002519), (0.96603096, 0.00047920988, -0.25842568), (0.96603096, -0.00047920938, -0.25842568), (0.00024080276, 0.0002872283, 0.99999994), (0.00024085327, -0.00031930467, 0.99999994), (0.50027746, -0.00025133137, 0.86586505), (0.50027746, 0.0002462916, 0.86586505), (0.5003561, 0.00024780445, 0.8658197), (0.5003561, -0.00021064628, 0.8658197), (0.86583936, -0.00024780445, 0.5003221), (0.86583936, 0.00021064628, 0.5003221), (0.8658798, 0.00024635074, 0.5002519), (0.8658798, -0.00021392187, 0.5002519), (0.96603096, -0.00047920988, 0.25842568), (0.96603096, 0.00047920938, 0.25842568), (0, 0, 0), (0, 0, 0), (0.27032843, -0.4774656, -0.8360318), (0.40812355, -0.7257231, -0.5538601), (0.4081125, -0.72574306, -0.5538424), (0.2702931, -0.47746572, -0.8360432), (0.895299, -0.36451507, -0.25606328), (0.77916914, -0.4204821, -0.4648552), (0.7791648, -0.4205467, -0.464804), (0.89533734, -0.36447644, -0.25598454), (0.96604, -0.00027666986, -0.25839257), (0.9660307, -0.00031380355, 0.25842723), (-0.0002054261, -0.00033979118, -0.99999994), (0.00016824387, -0.0003385144, -0.9999999), (0.00017914294, -0.5002792, -0.8658641), (-0.00010452269, -0.5002803, -0.86586344), (-0.0001734107, -0.5003468, -0.8658252), (0.00013630337, -0.5003468, -0.8658252), (0.00017347022, -0.86583406, -0.5003314), (-0.00017346234, -0.86583406, -0.5003314), (-0.00017910919, -0.8658814, -0.5002493), (0.00017915998, -0.8658837, -0.5002453), (0.00047924, -0.9660311, -0.25842518), (-0.0004791956, -0.96603113, -0.258425), (0.00020543142, -0.00033979118, 0.99999994), (-0.0001682386, -0.0003397512, 0.99999994), (-0.00017912769, -0.50028026, 0.8658635), (0.00017914434, -0.50028026, 0.8658635), (0.00017340266, -0.50036085, 0.865817), (-0.00017346117, -0.50036085, 0.865817), (-0.00017346263, -0.86584216, 0.5003173), (0.00017352117, -0.86584216, 0.5003173), (0.00017915605, -0.8658792, 0.5002532), (-0.00014185895, -0.8658792, 0.5002532), (0, -0.966045, 0.25837386), (0, -0.966045, 0.25837386), (-0.00026889337, 0.000396869, -0.9999999), (0.00026889326, 0.0003968691, -0.9999999), (0.00026889337, -0.000396869, -0.9999999), (-0.00026889326, -0.0003968691, -0.9999999), (-0.9660395, -0.0002849054, -0.25839442), (-0.9660395, -0.0002849085, 0.25839442), (-0.9660395, 0.0002849054, 0.25839442), (-0.9660395, 0.0002849085, -0.25839442), (0.00021060853, -0.9660395, -0.25839448), (0.0001733705, -0.9660519, 0.25834823), (-0.00017342901, -0.9660519, 0.25834823), (-0.00017340155, -0.9660395, -0.2583945), (0.00026889337, 0.000396869, 0.9999999), (-0.00026889326, 0.0003968691, 0.9999999), (-0.00026889337, -0.000396869, 0.9999999), (0.00026889326, -0.0003968691, 0.9999999), (-0.00021060853, 0.9660395, -0.25839448), (-0.00017340155, 0.9660395, 0.2583945), (0.00021060853, 0.9660395, 0.25839448), (0.00017340155, 0.9660395, -0.2583945), (0.9660395, 0.0002849054, -0.25839442), (0.9660395, 0.0002849085, 0.25839442), (0.9660395, -0.0002849054, 0.25839442), (0.9660395, -0.0002849085, -0.25839442)] (
                        interpolation = "faceVarying"
                    )
                    point3f[] points = [(-0.043375, -0.029375, -0.000125), (-0.043375, -0.0295, -1.4551915e-11), (-0.0435, -0.029375, -1.4551915e-11), (-0.043375004, -0.029437419, -0.00010830048), (-0.04343742, -0.029375002, -0.00010830048), (-0.04343478, -0.029434778, -0.00009207908), (-0.04343742, -0.029483302, -1.4551915e-11), (-0.043375004, -0.029483302, -0.00006241801), (-0.04343478, -0.029467082, -0.00005977646), (-0.043483302, -0.029375002, -0.00006241801), (-0.043483302, -0.029437419, -1.4551915e-11), (-0.043467082, -0.029434778, -0.00005977646), (-0.043375, -0.0295, 1.4551915e-11), (-0.043375, -0.029375, 0.000125), (-0.0435, -0.029375, 1.4551915e-11), (-0.043375004, -0.029483302, 0.00006241801), (-0.04343742, -0.029483302, 1.4551915e-11), (-0.04343478, -0.029467082, 0.000059776456), (-0.04343742, -0.029375002, 0.00010830048), (-0.043375004, -0.029437419, 0.00010830048), (-0.04343478, -0.029434778, 0.00009207908), (-0.043483302, -0.029437419, 1.4551915e-11), (-0.043483302, -0.029375002, 0.00006241801), (-0.043467082, -0.029434778, 0.00005977646), (-0.043375, 0.029375, -0.000125), (-0.0435, 0.029375, -1.4551915e-11), (-0.043375, 0.0295, -1.4551915e-11), (-0.04343742, 0.029374998, -0.00010830048), (-0.043375004, 0.029437415, -0.00010830048), (-0.04343478, 0.029434774, -0.00009207908), (-0.043483302, 0.029437415, -1.4551915e-11), (-0.043483302, 0.029374998, -0.00006241801), (-0.043467082, 0.029434774, -0.00005977646), (-0.043375004, 0.029483298, -0.00006241801), (-0.04343742, 0.029483298, -1.4551915e-11), (-0.04343478, 0.029467078, -0.00005977646), (-0.043375, 0.029375, 0.000125), (-0.043375, 0.0295, 1.4551915e-11), (-0.0435, 0.029375, 1.4551915e-11), (-0.043375004, 0.029437419, 0.00010830048), (-0.04343742, 0.029375002, 0.00010830048), (-0.04343478, 0.029434778, 0.00009207908), (-0.04343742, 0.029483302, 1.4551915e-11), (-0.043375004, 0.029483302, 0.00006241801), (-0.04343478, 0.029467082, 0.00005977646), (-0.043483302, 0.029375002, 0.00006241801), (-0.043483302, 0.029437419, 1.4551915e-11), (-0.043467082, 0.029434778, 0.00005977646), (0.043375, -0.029375, -0.000125), (0.0435, -0.029375, -1.4551915e-11), (0.043375, -0.0295, -1.4551915e-11), (0.04343742, -0.029374998, -0.00010830048), (0.043375004, -0.029437415, -0.00010830048), (0.04343478, -0.029434774, -0.00009207908), (0.043483302, -0.029437415, -1.4551915e-11), (0.043483302, -0.029374998, -0.00006241801), (0.043467082, -0.029434774, -0.00005977646), (0.043375004, -0.029483298, -0.00006241801), (0.04343742, -0.029483298, -1.4551915e-11), (0.04343478, -0.029467078, -0.00005977646), (0.043375, -0.029375, 0.000125), (0.043375, -0.0295, 1.4551915e-11), (0.0435, -0.029375, 1.4551915e-11), (0.043375004, -0.029437419, 0.00010830048), (0.04343742, -0.029375002, 0.00010830048), (0.04343478, -0.029434778, 0.00009207908), (0.04343742, -0.029483302, 1.4551915e-11), (0.043375004, -0.029483302, 0.00006241801), (0.04343478, -0.029467082, 0.00005977646), (0.043483302, -0.029375002, 0.00006241801), (0.043483302, -0.029437419, 1.4551915e-11), (0.043467082, -0.029434778, 0.00005977646), (0.043375, 0.029375, -0.000125), (0.043375, 0.0295, -1.4551915e-11), (0.0435, 0.029375, -1.4551915e-11), (0.043375004, 0.029437419, -0.00010830048), (0.04343742, 0.029375002, -0.00010830048), (0.04343478, 0.029434778, -0.00009207908), (0.04343742, 0.029483302, -1.4551915e-11), (0.043375004, 0.029483302, -0.00006241801), (0.04343478, 0.029467082, -0.00005977646), (0.043483302, 0.029375002, -0.00006241801), (0.043483302, 0.029437419, -1.4551915e-11), (0.043467082, 0.029434778, -0.00005977646), (0.043375, 0.029375, 0.000125), (0.0435, 0.029375, 1.4551915e-11), (0.043375, 0.0295, 1.4551915e-11), (0.04343742, 0.029374998, 0.00010830048), (0.043375004, 0.029437415, 0.00010830048), (0.04343478, 0.029434774, 0.00009207908), (0.043483302, 0.029437415, 1.4551915e-11), (0.043483302, 0.029374998, 0.00006241801), (0.043467082, 0.029434774, 0.00005977646), (0.043375004, 0.029483298, 0.00006241801), (0.04343742, 0.029483298, 1.4551915e-11), (0.04343478, 0.029467078, 0.00005977646)]
                    texCoord2f[] primvars:st = [(0.12535919, 0.7494703), (0.12535918, 0.7497347), (0.12518743, 0.7497238), (0.12517984, 0.74947035), (0.12535918, 0.7497347), (0.12535915, 0.75), (0.12518743, 0.75000006), (0.12518743, 0.7497238), (0.49999994, 0.99964076), (0.5, 1), (0.375, 0.9998126), (0.37500003, 0.9996409), (0.5, 0), (0.49999994, 0.00026517434), (0.37500003, 0.00027634203), (0.375, 0), (0.50000006, 0.0005296621), (0.375, 0.0005296618), (0.37500003, 0.00027634203), (0.49999994, 0.00026517434), (0.125, 0.7494704), (0.12517984, 0.74947035), (0.12518743, 0.7497238), (0.12499999, 0.7497236), (0.12518743, 0.7497238), (0.12518743, 0.75000006), (0.12499999, 0.7497236), (0.49999997, 0.99964076), (0.56241804, 0.9996408), (0.5597764, 0.9998125), (0.5, 1), (0.56241804, 0.9996408), (0.62499994, 0.9996408), (0.625, 0.9998125), (0.5597764, 0.9998125), (0.8746409, 0.7494703), (0.87500006, 0.74947035), (0.87481254, 0.74999994), (0.8746408, 0.75000006), (0.625, 0.00052965427), (0.56241816, 0.0005296542), (0.5597765, 0.00027636605), (0.625, 0), (0.50000006, 0.0005296622), (0.5, 0.00026517437), (0.5597765, 0.00027636605), (0.56241816, 0.0005296542), (0.5, 0.00026517437), (0.5, 0), (0.55977654, 0.00013948529), (0.5597765, 0.00027636605), (0.5597764, 0.9998125), (0.625, 0.9998125), (0.5597764, 0.99990535), (0.12535919, 0.5005297), (0.1251798, 0.5005297), (0.12518741, 0.50027645), (0.12535915, 0.5002652), (0.1251798, 0.5005297), (0.125, 0.50052965), (0.125, 0.5002764), (0.12518741, 0.50027645), (0.49999994, 0.24947032), (0.49999997, 0.24973477), (0.37499997, 0.24972358), (0.37499997, 0.24947032), (0.49999997, 0.24973477), (0.49999994, 0.25017983), (0.375, 0.25018743), (0.37499997, 0.24972358), (0.49999994, 0.25035918), (0.37500003, 0.2503592), (0.375, 0.25018743), (0.49999994, 0.25017983), (0.12535918, 0.5), (0.12535915, 0.5002652), (0.12518741, 0.50027645), (0.12518741, 0.49999997), (0.12518741, 0.50027645), (0.125, 0.5002764), (0.12518741, 0.49999997), (0.87464076, 0.5005297), (0.8746408, 0.5), (0.87481254, 0.5), (0.87500006, 0.5005297), (0.625, 0.25035918), (0.562418, 0.25035918), (0.5597764, 0.2501874), (0.62499994, 0.25010473), (0.5, 0.25035918), (0.49999997, 0.2501798), (0.5597764, 0.2501874), (0.562418, 0.25035918), (0.49999997, 0.2501798), (0.50000006, 0.24973486), (0.5597765, 0.24975234), (0.5597764, 0.2501874), (0.5, 0.24947034), (0.5624179, 0.24947034), (0.5597765, 0.24975234), (0.50000006, 0.24973486), (0.5624179, 0.24947034), (0.625, 0.24947034), (0.62499994, 0.25010473), (0.5597765, 0.24975234), (0.62499994, 0.25010473), (0.5597764, 0.2501874), (0.5597765, 0.24975234), (0.37464076, 0.7494703), (0.37482017, 0.7494703), (0.3748126, 0.7497237), (0.37464073, 0.7497347), (0.37482017, 0.7494703), (0.437582, 0.7494703), (0.43517005, 0.7497236), (0.3748126, 0.7497237), (0.49999994, 0.7494703), (0.49999997, 0.7497347), (0.43517005, 0.7497236), (0.437582, 0.7494703), (0.49999997, 0.7497347), (0.49999994, 0.75017977), (0.37493113, 0.75011855), (0.43517005, 0.7497236), (0.49999994, 0.7503591), (0.37482002, 0.75017923), (0.37493113, 0.75011855), (0.49999994, 0.75017977), (0.37482002, 0.75017923), (0.37464073, 0.7497347), (0.3748126, 0.7497237), (0.37493113, 0.75011855), (0.3748126, 0.7497237), (0.43517005, 0.7497236), (0.37493113, 0.75011855), (0.6253591, 0.7494703), (0.6251792, 0.75017995), (0.6251187, 0.75006884), (0.6251799, 0.74947035), (0.6251792, 0.75017995), (0.562418, 0.7503592), (0.5597764, 0.75018734), (0.6251187, 0.75006884), (0.49999997, 0.75035894), (0.49999997, 0.75017977), (0.5597764, 0.75018734), (0.562418, 0.7503592), (0.49999997, 0.75017977), (0.50000006, 0.74973494), (0.5597764, 0.7497524), (0.5597764, 0.75018734), (0.5, 0.7494703), (0.56241804, 0.74947035), (0.5597764, 0.7497524), (0.50000006, 0.74973494), (0.56241804, 0.74947035), (0.6251799, 0.74947035), (0.6251187, 0.75006884), (0.5597764, 0.7497524), (0.6251187, 0.75006884), (0.5597764, 0.75018734), (0.5597764, 0.7497524), (0.37464082, 0.5005297), (0.37464082, 0.5002652), (0.3748126, 0.50027645), (0.37482026, 0.50052977), (0.37464082, 0.5002652), (0.37482002, 0.4998208), (0.37493116, 0.49988142), (0.3748126, 0.50027645), (0.49999994, 0.49964076), (0.49999997, 0.49982014), (0.37493116, 0.49988142), (0.37482002, 0.4998208), (0.49999997, 0.49982014), (0.49999994, 0.5002652), (0.43517002, 0.5002763), (0.37493116, 0.49988142), (0.50000006, 0.50052977), (0.43758202, 0.50052965), (0.43517002, 0.5002763), (0.49999994, 0.5002652), (0.43758202, 0.50052965), (0.37482026, 0.50052977), (0.3748126, 0.50027645), (0.43517002, 0.5002763), (0.3748126, 0.50027645), (0.37493116, 0.49988142), (0.43517002, 0.5002763), (0.6253591, 0.5005297), (0.62517977, 0.5005297), (0.6130278, 0.50014204), (0.62517923, 0.49982002), (0.62517977, 0.5005297), (0.56241804, 0.50052965), (0.55977654, 0.5002764), (0.6130278, 0.50014204), (0.50000006, 0.5005297), (0.50000006, 0.5002652), (0.55977654, 0.5002764), (0.56241804, 0.50052965), (0.50000006, 0.5002652), (0.49999997, 0.49982014), (0.55977637, 0.49983785), (0.55977654, 0.5002764), (0.5, 0.4996407), (0.562418, 0.49964082), (0.55977637, 0.49983785), (0.49999997, 0.49982014), (0.562418, 0.49964082), (0.62517923, 0.49982002), (0.6130278, 0.50014204), (0.55977637, 0.49983785), (0.6130278, 0.50014204), (0.55977654, 0.5002764), (0.55977637, 0.49983785), (0.12535919, 0.5005297), (0.12535919, 0.7494703), (0.12517984, 0.74947035), (0.1251798, 0.5005297), (0.1251798, 0.5005297), (0.12517984, 0.74947035), (0.125, 0.7494704), (0.125, 0.50052965), (0.37499997, 0.24947032), (0.375, 0.0005296618), (0.50000006, 0.0005296621), (0.49999994, 0.24947032), (0.49999994, 0.99964076), (0.49999997, 0.99964076), (0.5, 1), (0.5, 1), (0.5, 0), (0.5, 0), (0.5, 0.00026517437), (0.49999994, 0.00026517434), (0.49999994, 0.00026517434), (0.5, 0.00026517437), (0.50000006, 0.0005296622), (0.50000006, 0.0005296621), (0.8746409, 0.7494703), (0.87464076, 0.5005297), (0.87500006, 0.5005297), (0.87500006, 0.74947035), (0.625, 0.00052965427), (0.625, 0.24947034), (0.5624179, 0.24947034), (0.56241816, 0.0005296542), (0.56241816, 0.0005296542), (0.5624179, 0.24947034), (0.5, 0.24947034), (0.50000006, 0.0005296622), (0.5, 0.25035918), (0.49999994, 0.25035918), (0.49999994, 0.25017983), (0.49999997, 0.2501798), (0.49999997, 0.2501798), (0.49999994, 0.25017983), (0.49999997, 0.24973477), (0.50000006, 0.24973486), (0.50000006, 0.24973486), (0.49999997, 0.24973477), (0.49999994, 0.24947032), (0.5, 0.24947034), (0.37464082, 0.5005297), (0.12535919, 0.5005297), (0.12535915, 0.5002652), (0.37464082, 0.5002652), (0.37464082, 0.5002652), (0.12535915, 0.5002652), (0.12535918, 0.5), (0.37482002, 0.4998208), (0.37482002, 0.4998208), (0.37500003, 0.2503592), (0.49999994, 0.25035918), (0.49999994, 0.49964076), (0.87464076, 0.5005297), (0.6253591, 0.5005297), (0.62517923, 0.49982002), (0.8746408, 0.5), (0.625, 0.25035918), (0.62517923, 0.49982002), (0.562418, 0.49964082), (0.562418, 0.25035918), (0.562418, 0.25035918), (0.562418, 0.49964082), (0.5, 0.4996407), (0.5, 0.25035918), (0.50000006, 0.5005297), (0.50000006, 0.50052977), (0.49999994, 0.5002652), (0.50000006, 0.5002652), (0.50000006, 0.5002652), (0.49999994, 0.5002652), (0.49999997, 0.49982014), (0.49999997, 0.49982014), (0.49999997, 0.49982014), (0.49999997, 0.49982014), (0.49999994, 0.49964076), (0.5, 0.4996407), (0.37464076, 0.7494703), (0.37464082, 0.5005297), (0.37482026, 0.50052977), (0.37482017, 0.7494703), (0.37482017, 0.7494703), (0.37482026, 0.50052977), (0.43758202, 0.50052965), (0.437582, 0.7494703), (0.437582, 0.7494703), (0.43758202, 0.50052965), (0.50000006, 0.50052977), (0.49999994, 0.7494703), (0.6253591, 0.5005297), (0.6253591, 0.7494703), (0.6251799, 0.74947035), (0.62517977, 0.5005297), (0.62517977, 0.5005297), (0.6251799, 0.74947035), (0.56241804, 0.74947035), (0.56241804, 0.50052965), (0.56241804, 0.50052965), (0.56241804, 0.74947035), (0.5, 0.7494703), (0.50000006, 0.5005297), (0.49999997, 0.75035894), (0.49999994, 0.7503591), (0.49999994, 0.75017977), (0.49999997, 0.75017977), (0.49999997, 0.75017977), (0.49999994, 0.75017977), (0.49999997, 0.7497347), (0.50000006, 0.74973494), (0.50000006, 0.74973494), (0.49999997, 0.7497347), (0.49999994, 0.7494703), (0.5, 0.7494703), (0.12535919, 0.7494703), (0.37464076, 0.7494703), (0.37464073, 0.7497347), (0.12535918, 0.7497347), (0.12535918, 0.7497347), (0.37464073, 0.7497347), (0.37482002, 0.75017923), (0.12535915, 0.75), (0.37500003, 0.9996409), (0.37482002, 0.75017923), (0.49999994, 0.7503591), (0.49999994, 0.99964076), (0.6253591, 0.7494703), (0.8746409, 0.7494703), (0.8746408, 0.75000006), (0.6251792, 0.75017995), (0.6251792, 0.75017995), (0.62499994, 0.9996408), (0.56241804, 0.9996408), (0.562418, 0.7503592), (0.562418, 0.7503592), (0.56241804, 0.9996408), (0.49999997, 0.99964076), (0.49999997, 0.75035894), (0.12535919, 0.5005297), (0.37464082, 0.5005297), (0.37464076, 0.7494703), (0.12535919, 0.7494703), (0.50000006, 0.0005296621), (0.50000006, 0.0005296622), (0.5, 0.24947034), (0.49999994, 0.24947032), (0.49999994, 0.7503591), (0.49999997, 0.75035894), (0.49999997, 0.99964076), (0.49999994, 0.99964076), (0.6253591, 0.5005297), (0.87464076, 0.5005297), (0.8746409, 0.7494703), (0.6253591, 0.7494703), (0.49999994, 0.25035918), (0.5, 0.25035918), (0.5, 0.4996407), (0.49999994, 0.49964076), (0.50000006, 0.50052977), (0.50000006, 0.5005297), (0.5, 0.7494703), (0.49999994, 0.7494703)] (
                        interpolation = "faceVarying"
                    )
                    uniform token subdivisionScheme = "none"
                    custom string userProperties:blender:data_name = "Cube.153"
                }
            }

            def Xform "Barcode_line_118"
            {
                custom string userProperties:blender:object_name = "Barcode line.118"
                float3 xformOp:rotateXYZ = (0, -0, 4.2688688e-7)
                float3 xformOp:scale = (0.99999994, 0.99999994, 1)
                double3 xformOp:translate = (0.017103830352425575, -0.003999999724328518, 0.0002500005066394806)
                uniform token[] xformOpOrder = ["xformOp:translate", "xformOp:rotateXYZ", "xformOp:scale"]

                def Mesh "Cube_172" (
                    active = true
                    prepend apiSchemas = ["MaterialBindingAPI"]
                )
                {
                    uniform bool doubleSided = 1
                    float3[] extent = [(-0.0007774468, -0.008, -0.000065), (0.0007774468, 0.008, 0.000065)]
                    int[] faceVertexCounts = [4, 4, 4, 4, 4, 4]
                    int[] faceVertexIndices = [0, 1, 3, 2, 2, 3, 7, 6, 6, 7, 5, 4, 4, 5, 1, 0, 2, 6, 4, 0, 7, 3, 1, 5]
                    rel material:binding = </Asset/_materials/Printed_dark_ink>
                    normal3f[] normals = [(-1, 0, 0), (-1, 0, 0), (-1, 0, 0), (-1, 0, 0), (0, 1, 0), (0, 1, 0), (0, 1, 0), (0, 1, 0), (1, 0, 0), (1, 0, 0), (1, 0, 0), (1, 0, 0), (0, -1, 0), (0, -1, 0), (0, -1, 0), (0, -1, 0), (0, 0, -1), (0, 0, -1), (0, 0, -1), (0, 0, -1), (0, 0, 1), (0, 0, 1), (0, 0, 1), (0, 0, 1)] (
                        interpolation = "faceVarying"
                    )
                    point3f[] points = [(-0.0007774468, -0.008, -0.000065), (-0.0007774468, -0.008, 0.000065), (-0.0007774468, 0.008, -0.000065), (-0.0007774468, 0.008, 0.000065), (0.0007774468, -0.008, -0.000065), (0.0007774468, -0.008, 0.000065), (0.0007774468, 0.008, -0.000065), (0.0007774468, 0.008, 0.000065)]
                    texCoord2f[] primvars:st = [(0.375, 0), (0.625, 0), (0.625, 0.25), (0.375, 0.25), (0.375, 0.25), (0.625, 0.25), (0.625, 0.5), (0.375, 0.5), (0.375, 0.5), (0.625, 0.5), (0.625, 0.75), (0.375, 0.75), (0.375, 0.75), (0.625, 0.75), (0.625, 1), (0.375, 1), (0.125, 0.5), (0.375, 0.5), (0.375, 0.75), (0.125, 0.75), (0.625, 0.5), (0.875, 0.5), (0.875, 0.75), (0.625, 0.75)] (
                        interpolation = "faceVarying"
                    )
                    uniform token subdivisionScheme = "none"
                    custom string userProperties:blender:data_name = "Cube.172"
                }
            }

            def Xform "Print_EXPRESS_006"
            {
                custom string userProperties:blender:object_name = "Print_EXPRESS.006"
                float3 xformOp:rotateXYZ = (0, -0, 4.2688688e-7)
                float3 xformOp:scale = (0.99999994, 0.99999994, 1)
                double3 xformOp:translate = (-0.03914999961853027, 0.01769999973475933, 0.00019999966025352478)
                uniform token[] xformOpOrder = ["xformOp:translate", "xformOp:rotateXYZ", "xformOp:scale"]

                def Mesh "Printing_024" (
                    active = true
                    prepend apiSchemas = ["MaterialBindingAPI"]
                )
                {
                    uniform bool doubleSided = 1
                    float3[] extent = [(0.00041250003, -0.000049500002, 0), (0.020383, 0.0038005002, 0)]
                    int[] faceVertexCounts = [3, 3, 3, 3, 3, 3, 3, 3, 3, 3, 3, 3, 3, 3, 3, 3, 3, 3, 3, 3, 3, 3, 3, 3, 3, 3, 3, 3, 3, 3, 3, 3, 3, 3, 3, 3, 3, 3, 3, 3, 3, 3, 3, 3, 3, 3, 3, 3, 3, 3, 3, 3, 3, 3, 3, 3, 3, 3, 3, 3, 3, 3, 3, 3, 3, 3, 3, 3, 3, 3, 3, 3, 3, 3, 3, 3, 3, 3, 3, 3, 3, 3, 3, 3, 3, 3, 3, 3, 3, 3, 3, 3, 3, 3, 3, 3, 3, 3, 3, 3, 3, 3, 3, 3, 3, 3, 3, 3, 3, 3]
                    int[] faceVertexIndices = [3, 1, 2, 3, 0, 1, 3, 20, 0, 20, 21, 0, 4, 18, 3, 18, 19, 3, 19, 20, 3, 4, 17, 18, 4, 16, 17, 5, 16, 4, 5, 15, 16, 6, 15, 5, 11, 9, 10, 6, 14, 15, 7, 14, 6, 8, 14, 7, 11, 8, 9, 11, 14, 8, 12, 14, 11, 12, 13, 14, 25, 23, 24, 25, 22, 23, 25, 42, 22, 42, 43, 22, 26, 40, 25, 40, 41, 25, 41, 42, 25, 26, 39, 40, 26, 38, 39, 27, 38, 26, 27, 37, 38, 28, 37, 27, 33, 31, 32, 28, 36, 37, 29, 36, 28, 30, 36, 29, 33, 30, 31, 33, 36, 30, 34, 36, 33, 34, 35, 36, 46, 54, 45, 54, 44, 45, 54, 55, 44, 46, 53, 54, 46, 50, 53, 50, 52, 53, 50, 51, 52, 46, 49, 50, 46, 48, 49, 46, 47, 48, 57, 73, 56, 73, 72, 56, 73, 71, 72, 73, 74, 71, 74, 75, 71, 75, 70, 71, 57, 79, 73, 76, 70, 75, 77, 70, 76, 77, 69, 70, 78, 69, 77, 78, 68, 69, 57, 59, 79, 59, 78, 79, 59, 68, 78, 59, 60, 68, 60, 67, 68, 57, 58, 59, 61, 67, 60, 62, 67, 61, 62, 66, 67, 63, 66, 62, 63, 65, 66, 63, 64, 65, 81, 89, 80, 89, 88, 80, 89, 87, 88, 89, 90, 87, 90, 91, 87, 91, 86, 87, 81, 95, 89, 92, 86, 91, 93, 86, 92, 93, 85, 86, 94, 85, 93, 81, 83, 95, 83, 94, 95, 83, 85, 94, 83, 84, 85, 81, 82, 83, 101, 99, 100, 101, 98, 99, 98, 96, 97, 98, 107, 96, 101, 107, 98, 102, 107, 101, 102, 104, 107, 104, 106, 107, 102, 103, 104, 105, 106, 104, 110, 118, 109, 118, 108, 109, 118, 119, 108, 110, 117, 118, 110, 114, 117, 114, 116, 117, 114, 115, 116, 110, 113, 114, 110, 112, 113, 110, 111, 112]
                    rel material:binding = </Asset/_materials/Printed_dark_ink>
                    normal3f[] normals = [(0, 0, 1), (0, 0, 1), (0, 0, 1), (0, 0, 0.99999994), (0, 0, 0.99999994), (0, 0, 0.99999994), (0, 0, 1), (0, 0, 1), (0, 0, 1), (0, 0, 0.99999994), (0, 0, 0.99999994), (0, 0, 0.99999994), (0, 0, 1), (0, 0, 1), (0, 0, 1), (0, 0, 1), (0, 0, 1), (0, 0, 1), (0, 0, 1), (0, 0, 1), (0, 0, 1), (0, 0, 1), (0, 0, 1), (0, 0, 1), (0, 0, 0.99999994), (0, 0, 0.99999994), (0, 0, 0.99999994), (0, 0, 0.99999994), (0, 0, 0.99999994), (0, 0, 0.99999994), (0, 0, 1), (0, 0, 1), (0, 0, 1), (0, 0, 1), (0, 0, 1), (0, 0, 1), (0, 0, 1), (0, 0, 1), (0, 0, 1), (0, 0, 0.99999994), (0, 0, 0.99999994), (0, 0, 0.99999994), (0, 0, 1), (0, 0, 1), (0, 0, 1), (0, 0, 1), (0, 0, 1), (0, 0, 1), (0, 0, 1), (0, 0, 1), (0, 0, 1), (0, 0, 1), (0, 0, 1), (0, 0, 1), (0, 0, 0.99999994), (0, 0, 0.99999994), (0, 0, 0.99999994), (0, 0, 1), (0, 0, 1), (0, 0, 1), (0, 0, 1), (0, 0, 1), (0, 0, 1), (0, 0, 1), (0, 0, 1), (0, 0, 1), (0, 0, 1), (0, 0, 1), (0, 0, 1), (0, 0, 0.99999994), (0, 0, 0.99999994), (0, 0, 0.99999994), (0, 0, 1), (0, 0, 1), (0, 0, 1), (0, 0, 1), (0, 0, 1), (0, 0, 1), (0, 0, 1), (0, 0, 1), (0, 0, 1), (0, 0, 1), (0, 0, 1), (0, 0, 1), (0, 0, 0.99999994), (0, 0, 0.99999994), (0, 0, 0.99999994), (0, 0, 0.99999994), (0, 0, 0.99999994), (0, 0, 0.99999994), (0, 0, 1), (0, 0, 1), (0, 0, 1), (0, 0, 1), (0, 0, 1), (0, 0, 1), (0, 0, 1), (0, 0, 1), (0, 0, 1), (0, 0, 0.99999994), (0, 0, 0.99999994), (0, 0, 0.99999994), (0, 0, 1), (0, 0, 1), (0, 0, 1), (0, 0, 1), (0, 0, 1), (0, 0, 1), (0, 0, 1), (0, 0, 1), (0, 0, 1), (0, 0, 1), (0, 0, 1), (0, 0, 1), (0, 0, 1), (0, 0, 1), (0, 0, 1), (0, 0, 1), (0, 0, 1), (0, 0, 1), (0, 0, 1), (0, 0, 1), (0, 0, 1), (0, 0, 1), (0, 0, 1), (0, 0, 1), (0, 0, 1), (0, 0, 1), (0, 0, 1), (0, 0, 1), (0, 0, 1), (0, 0, 1), (0, 0, 1), (0, 0, 1), (0, 0, 1), (0, 0, 1), (0, 0, 1), (0, 0, 1), (0, 0, 1), (0, 0, 1), (0, 0, 1), (0, 0, 1), (0, 0, 1), (0, 0, 1), (0, 0, 0.99999994), (0, 0, 0.99999994), (0, 0, 0.99999994), (0, 0, 1), (0, 0, 1), (0, 0, 1), (0, 0, 1), (0, 0, 1), (0, 0, 1), (0, 0, 1), (0, 0, 1), (0, 0, 1), (0, 0, 0.99999994), (0, 0, 0.99999994), (0, 0, 0.99999994), (0, 0, 1), (0, 0, 1), (0, 0, 1), (0, 0, 1), (0, 0, 1), (0, 0, 1), (0, 0, 0.99999994), (0, 0, 0.99999994), (0, 0, 0.99999994), (0, 0, 1), (0, 0, 1), (0, 0, 1), (0, 0, 1), (0, 0, 1), (0, 0, 1), (0, 0, 1), (0, 0, 1), (0, 0, 1), (0, 0, 1), (0, 0, 1), (0, 0, 1), (0, 0, 1), (0, 0, 1), (0, 0, 1), (0, 0, 1), (0, 0, 1), (0, 0, 1), (0, 0, 1), (0, 0, 1), (0, 0, 1), (0, 0, 1), (0, 0, 1), (0, 0, 1), (0, 0, 1), (0, 0, 1), (0, 0, 1), (0, 0, 1), (0, 0, 1), (0, 0, 1), (0, 0, 1), (0, 0, 1), (0, 0, 1), (0, 0, 1), (0, 0, 1), (0, 0, 1), (0, 0, 1), (0, 0, 1), (0, 0, 1), (0, 0, 1), (0, 0, 1), (0, 0, 1), (0, 0, 1), (0, 0, 1), (0, 0, 1), (0, 0, 1), (0, 0, 1), (0, 0, 1), (0, 0, 0.99999994), (0, 0, 0.99999994), (0, 0, 0.99999994), (0, 0, 1), (0, 0, 1), (0, 0, 1), (0, 0, 1), (0, 0, 1), (0, 0, 1), (0, 0, 1), (0, 0, 1), (0, 0, 1), (0, 0, 1), (0, 0, 1), (0, 0, 1), (0, 0, 1), (0, 0, 1), (0, 0, 1), (0, 0, 1), (0, 0, 1), (0, 0, 1), (0, 0, 1), (0, 0, 1), (0, 0, 1), (0, 0, 1), (0, 0, 1), (0, 0, 1), (0, 0, 1), (0, 0, 1), (0, 0, 1), (0, 0, 1), (0, 0, 1), (0, 0, 1), (0, 0, 0.99999994), (0, 0, 0.99999994), (0, 0, 0.99999994), (0, 0, 1), (0, 0, 1), (0, 0, 1), (0, 0, 1), (0, 0, 1), (0, 0, 1), (0, 0, 1), (0, 0, 1), (0, 0, 1), (0, 0, 1), (0, 0, 1), (0, 0, 1), (0, 0, 1), (0, 0, 1), (0, 0, 1), (0, 0, 0.99999994), (0, 0, 0.99999994), (0, 0, 0.99999994), (0, 0, 1), (0, 0, 1), (0, 0, 1), (0, 0, 1), (0, 0, 1), (0, 0, 1), (0, 0, 0.99999994), (0, 0, 0.99999994), (0, 0, 0.99999994), (0, 0, 1), (0, 0, 1), (0, 0, 1), (0, 0, 1), (0, 0, 1), (0, 0, 1), (0, 0, 0.99999994), (0, 0, 0.99999994), (0, 0, 0.99999994), (0, 0, 1), (0, 0, 1), (0, 0, 1), (0, 0, 1), (0, 0, 1), (0, 0, 1), (0, 0, 1), (0, 0, 1), (0, 0, 1), (0, 0, 1), (0, 0, 1), (0, 0, 1), (0, 0, 1), (0, 0, 1), (0, 0, 1), (0, 0, 1), (0, 0, 1), (0, 0, 1), (0, 0, 1), (0, 0, 1), (0, 0, 1), (0, 0, 1), (0, 0, 1), (0, 0, 1), (0, 0, 1), (0, 0, 1), (0, 0, 1), (0, 0, 1), (0, 0, 1), (0, 0, 1), (0, 0, 1), (0, 0, 1), (0, 0, 1), (0, 0, 1), (0, 0, 1), (0, 0, 1), (0, 0, 1), (0, 0, 1), (0, 0, 1), (0, 0, 1), (0, 0, 1), (0, 0, 1)] (
                        interpolation = "faceVarying"
                    )
                    point3f[] points = [(0.0202345, 0.0035365, 0), (0.01982475, 0.0037345001, 0), (0.0193985, 0.0038005002, 0), (0.018571436, 0.0035289377, 0), (0.01826, 0.0027995, 0), (0.019071251, 0.0017586251, 0), (0.0198825, 0.00090750004, 0), (0.019733999, 0.000592625, 0), (0.019272, 0.00043450002, 0), (0.018741937, 0.00057475, 0), (0.018282, 0.000979, 0), (0.018282, 0.00029700002, 0), (0.018772187, 0.00003506249, 0), (0.019332498, -0.000049500002, 0), (0.020084625, 0.00023856253, 0), (0.020383, 0.0009680001, 0), (0.019571751, 0.002096875, 0), (0.0187605, 0.002871, 0), (0.018927563, 0.0031927503, 0), (0.0193545, 0.0033165002, 0), (0.01976975, 0.0032346877, 0), (0.0202345, 0.002926, 0), (0.017715499, 0.0035365, 0), (0.01730575, 0.0037345001, 0), (0.0168795, 0.0038005002, 0), (0.016052438, 0.0035289377, 0), (0.015741, 0.0027995, 0), (0.01655225, 0.0017586251, 0), (0.0173635, 0.00090750004, 0), (0.017214999, 0.000592625, 0), (0.016753, 0.00043450002, 0), (0.016222939, 0.00057475, 0), (0.015763, 0.000979, 0), (0.015763, 0.00029700002, 0), (0.016253188, 0.00003506249, 0), (0.016813502, -0.000049500002, 0), (0.017565625, 0.00023856253, 0), (0.017864, 0.0009680001, 0), (0.017052751, 0.002096875, 0), (0.0162415, 0.002871, 0), (0.016408563, 0.0031927503, 0), (0.016835501, 0.0033165002, 0), (0.01725075, 0.0032346877, 0), (0.017715499, 0.002926, 0), (0.015311999, 0.0037510002, 0), (0.013183501, 0.0037510002, 0), (0.013183501, 0, 0), (0.0153615, 0, 0), (0.0153615, 0.00048400005, 0), (0.013722501, 0.00048400005, 0), (0.013722501, 0.0016500001, 0), (0.015257001, 0.0016500001, 0), (0.015257001, 0.002134, 0), (0.013722501, 0.002134, 0), (0.013722501, 0.0032670002, 0), (0.015311999, 0.0032670002, 0), (0.0098725, 0.0037510002, 0), (0.0098725, 0, 0), (0.010411499, 0, 0), (0.010411499, 0.001628, 0), (0.010636999, 0.001628, 0), (0.01105225, 0.00148775, 0), (0.0116325, 0.00077, 0), (0.012127499, 0, 0), (0.012771, 0, 0), (0.012478125, 0.00040837502, 0), (0.0122595, 0.0007425, 0), (0.011862125, 0.001353, 0), (0.011423499, 0.001782, 0), (0.011887562, 0.002138125, 0), (0.0120505, 0.0027005002, 0), (0.011719125, 0.0034691251, 0), (0.0108185, 0.0037510002, 0), (0.010411499, 0.0032890004, 0), (0.0107579995, 0.0032890004, 0), (0.011320375, 0.00313775, 0), (0.011495, 0.0027225001, 0), (0.011345125, 0.0022996876, 0), (0.0107579995, 0.002112, 0), (0.010411499, 0.002112, 0), (0.0070289997, 0.0037510002, 0), (0.0070289997, 0, 0), (0.0075679994, 0, 0), (0.0075679994, 0.0016225001, 0), (0.008129, 0.0016225001, 0), (0.009087374, 0.0019270625, 0), (0.009393999, 0.002673, 0), (0.009104562, 0.0034347503, 0), (0.008200499, 0.0037510002, 0), (0.0075679994, 0.0032670002, 0), (0.008200499, 0.0032670002, 0), (0.008703062, 0.003084125, 0), (0.0088385, 0.002695, 0), (0.008659062, 0.0022605, 0), (0.0081784995, 0.0021065, 0), (0.0075679994, 0.0021065, 0), (0.0065285, 0.0037510002, 0), (0.0058795, 0.0037510002, 0), (0.004708, 0.0023210002, 0), (0.003531, 0.0037510002, 0), (0.0028765, 0.0037510002, 0), (0.004378, 0.0019415001, 0), (0.0027609998, 0, 0), (0.0034155, 0, 0), (0.004708, 0.001551, 0), (0.0059840004, 0, 0), (0.0066330004, 0, 0), (0.0050325003, 0.0019415001, 0), (0.002541, 0.0037510002, 0), (0.00041250003, 0.0037510002, 0), (0.00041250003, 0, 0), (0.0025905, 0, 0), (0.0025905, 0.00048400005, 0), (0.0009515, 0.00048400005, 0), (0.0009515, 0.0016500001, 0), (0.002486, 0.0016500001, 0), (0.002486, 0.002134, 0), (0.0009515, 0.002134, 0), (0.0009515, 0.0032670002, 0), (0.002541, 0.0032670002, 0)]
                    texCoord2f[] primvars:st = [(0.14285715, 0), (0.04761905, 0), (0.0952381, 0), (0.14285715, 0), (0, 0), (0.04761905, 0), (0.14285715, 0), (0.95238096, 0), (0, 0), (0.95238096, 0), (1, 0), (0, 0), (0.1904762, 0), (0.85714287, 0), (0.14285715, 0), (0.85714287, 0), (0.9047619, 0), (0.14285715, 0), (0.9047619, 0), (0.95238096, 0), (0.14285715, 0), (0.1904762, 0), (0.8095238, 0), (0.85714287, 0), (0.1904762, 0), (0.7619048, 0), (0.8095238, 0), (0.23809524, 0), (0.7619048, 0), (0.1904762, 0), (0.23809524, 0), (0.71428573, 0), (0.7619048, 0), (0.2857143, 0), (0.71428573, 0), (0.23809524, 0), (0.52380955, 0), (0.42857143, 0), (0.47619048, 0), (0.2857143, 0), (0.6666667, 0), (0.71428573, 0), (0.33333334, 0), (0.6666667, 0), (0.2857143, 0), (0.3809524, 0), (0.6666667, 0), (0.33333334, 0), (0.52380955, 0), (0.3809524, 0), (0.42857143, 0), (0.52380955, 0), (0.6666667, 0), (0.3809524, 0), (0.5714286, 0), (0.6666667, 0), (0.52380955, 0), (0.5714286, 0), (0.61904764, 0), (0.6666667, 0), (0.14285715, 0), (0.04761905, 0), (0.0952381, 0), (0.14285715, 0), (0, 0), (0.04761905, 0), (0.14285715, 0), (0.95238096, 0), (0, 0), (0.95238096, 0), (1, 0), (0, 0), (0.1904762, 0), (0.85714287, 0), (0.14285715, 0), (0.85714287, 0), (0.9047619, 0), (0.14285715, 0), (0.9047619, 0), (0.95238096, 0), (0.14285715, 0), (0.1904762, 0), (0.8095238, 0), (0.85714287, 0), (0.1904762, 0), (0.7619048, 0), (0.8095238, 0), (0.23809524, 0), (0.7619048, 0), (0.1904762, 0), (0.23809524, 0), (0.71428573, 0), (0.7619048, 0), (0.2857143, 0), (0.71428573, 0), (0.23809524, 0), (0.52380955, 0), (0.42857143, 0), (0.47619048, 0), (0.2857143, 0), (0.6666667, 0), (0.71428573, 0), (0.33333334, 0), (0.6666667, 0), (0.2857143, 0), (0.3809524, 0), (0.6666667, 0), (0.33333334, 0), (0.52380955, 0), (0.3809524, 0), (0.42857143, 0), (0.52380955, 0), (0.6666667, 0), (0.3809524, 0), (0.5714286, 0), (0.6666667, 0), (0.52380955, 0), (0.5714286, 0), (0.61904764, 0), (0.6666667, 0), (0.18181819, 0), (0.90909094, 0), (0.09090909, 0), (0.90909094, 0), (0, 0), (0.09090909, 0), (0.90909094, 0), (1, 0), (0, 0), (0.18181819, 0), (0.8181818, 0), (0.90909094, 0), (0.18181819, 0), (0.54545456, 0), (0.8181818, 0), (0.54545456, 0), (0.72727275, 0), (0.8181818, 0), (0.54545456, 0), (0.6363636, 0), (0.72727275, 0), (0.18181819, 0), (0.45454547, 0), (0.54545456, 0), (0.18181819, 0), (0.36363637, 0), (0.45454547, 0), (0.18181819, 0), (0.27272728, 0), (0.36363637, 0), (0.04347826, 0), (0.73913044, 0), (0, 0), (0.73913044, 0), (0.6956522, 0), (0, 0), (0.73913044, 0), (0.65217394, 0), (0.6956522, 0), (0.73913044, 0), (0.7826087, 0), (0.65217394, 0), (0.7826087, 0), (0.82608694, 0), (0.65217394, 0), (0.82608694, 0), (0.6086956, 0), (0.65217394, 0), (0.04347826, 0), (1, 0), (0.73913044, 0), (0.8695652, 0), (0.6086956, 0), (0.82608694, 0), (0.9130435, 0), (0.6086956, 0), (0.8695652, 0), (0.9130435, 0), (0.5652174, 0), (0.6086956, 0), (0.95652175, 0), (0.5652174, 0), (0.9130435, 0), (0.95652175, 0), (0.5217391, 0), (0.5652174, 0), (0.04347826, 0), (0.13043478, 0), (1, 0), (0.13043478, 0), (0.95652175, 0), (1, 0), (0.13043478, 0), (0.5217391, 0), (0.95652175, 0), (0.13043478, 0), (0.17391305, 0), (0.5217391, 0), (0.17391305, 0), (0.47826087, 0), (0.5217391, 0), (0.04347826, 0), (0.08695652, 0), (0.13043478, 0), (0.2173913, 0), (0.47826087, 0), (0.17391305, 0), (0.26086956, 0), (0.47826087, 0), (0.2173913, 0), (0.26086956, 0), (0.4347826, 0), (0.47826087, 0), (0.3043478, 0), (0.4347826, 0), (0.26086956, 0), (0.3043478, 0), (0.39130434, 0), (0.4347826, 0), (0.3043478, 0), (0.3478261, 0), (0.39130434, 0), (0.06666667, 0), (0.6, 0), (0, 0), (0.6, 0), (0.53333336, 0), (0, 0), (0.6, 0), (0.46666667, 0), (0.53333336, 0), (0.6, 0), (0.6666667, 0), (0.46666667, 0), (0.6666667, 0), (0.73333335, 0), (0.46666667, 0), (0.73333335, 0), (0.4, 0), (0.46666667, 0), (0.06666667, 0), (1, 0), (0.6, 0), (0.8, 0), (0.4, 0), (0.73333335, 0), (0.8666667, 0), (0.4, 0), (0.8, 0), (0.8666667, 0), (0.33333334, 0), (0.4, 0), (0.93333334, 0), (0.33333334, 0), (0.8666667, 0), (0.06666667, 0), (0.2, 0), (1, 0), (0.2, 0), (0.93333334, 0), (1, 0), (0.2, 0), (0.33333334, 0), (0.93333334, 0), (0.2, 0), (0.26666668, 0), (0.33333334, 0), (0.06666667, 0), (0.13333334, 0), (0.2, 0), (0.45454547, 0), (0.27272728, 0), (0.36363637, 0), (0.45454547, 0), (0.18181819, 0), (0.27272728, 0), (0.18181819, 0), (0, 0), (0.09090909, 0), (0.18181819, 0), (1, 0), (0, 0), (0.45454547, 0), (1, 0), (0.18181819, 0), (0.54545456, 0), (1, 0), (0.45454547, 0), (0.54545456, 0), (0.72727275, 0), (1, 0), (0.72727275, 0), (0.90909094, 0), (1, 0), (0.54545456, 0), (0.6363636, 0), (0.72727275, 0), (0.8181818, 0), (0.90909094, 0), (0.72727275, 0), (0.18181819, 0), (0.90909094, 0), (0.09090909, 0), (0.90909094, 0), (0, 0), (0.09090909, 0), (0.90909094, 0), (1, 0), (0, 0), (0.18181819, 0), (0.8181818, 0), (0.90909094, 0), (0.18181819, 0), (0.54545456, 0), (0.8181818, 0), (0.54545456, 0), (0.72727275, 0), (0.8181818, 0), (0.54545456, 0), (0.6363636, 0), (0.72727275, 0), (0.18181819, 0), (0.45454547, 0), (0.54545456, 0), (0.18181819, 0), (0.36363637, 0), (0.45454547, 0), (0.18181819, 0), (0.27272728, 0), (0.36363637, 0)] (
                        interpolation = "faceVarying"
                    )
                    uniform token subdivisionScheme = "none"
                    custom string userProperties:blender:data_name = "Printing.024"
                }
            }

            def Xform "Barcode_line_113"
            {
                custom string userProperties:blender:object_name = "Barcode line.113"
                float3 xformOp:rotateXYZ = (0, -0, 4.2688688e-7)
                float3 xformOp:scale = (0.99999994, 0.99999994, 1)
                double3 xformOp:translate = (0.001943616895005107, -0.003999999724328518, 0.0002500005066394806)
                uniform token[] xformOpOrder = ["xformOp:translate", "xformOp:rotateXYZ", "xformOp:scale"]

                def Mesh "Cube_167" (
                    active = true
                    prepend apiSchemas = ["MaterialBindingAPI"]
                )
                {
                    uniform bool doubleSided = 1
                    float3[] extent = [(-0.0011661702, -0.008, -0.000065), (0.0011661702, 0.008, 0.000065)]
                    int[] faceVertexCounts = [4, 4, 4, 4, 4, 4]
                    int[] faceVertexIndices = [0, 1, 3, 2, 2, 3, 7, 6, 6, 7, 5, 4, 4, 5, 1, 0, 2, 6, 4, 0, 7, 3, 1, 5]
                    rel material:binding = </Asset/_materials/Printed_dark_ink>
                    normal3f[] normals = [(-1, 0, 0), (-1, 0, 0), (-1, 0, 0), (-1, 0, 0), (0, 1, 0), (0, 1, 0), (0, 1, 0), (0, 1, 0), (1, 0, 0), (1, 0, 0), (1, 0, 0), (1, 0, 0), (0, -1, 0), (0, -1, 0), (0, -1, 0), (0, -1, 0), (0, 0, -1), (0, 0, -1), (0, 0, -1), (0, 0, -1), (0, 0, 1), (0, 0, 1), (0, 0, 1), (0, 0, 1)] (
                        interpolation = "faceVarying"
                    )
                    point3f[] points = [(-0.0011661702, -0.008, -0.000065), (-0.0011661702, -0.008, 0.000065), (-0.0011661702, 0.008, -0.000065), (-0.0011661702, 0.008, 0.000065), (0.0011661702, -0.008, -0.000065), (0.0011661702, -0.008, 0.000065), (0.0011661702, 0.008, -0.000065), (0.0011661702, 0.008, 0.000065)]
                    texCoord2f[] primvars:st = [(0.375, 0), (0.625, 0), (0.625, 0.25), (0.375, 0.25), (0.375, 0.25), (0.625, 0.25), (0.625, 0.5), (0.375, 0.5), (0.375, 0.5), (0.625, 0.5), (0.625, 0.75), (0.375, 0.75), (0.375, 0.75), (0.625, 0.75), (0.625, 1), (0.375, 1), (0.125, 0.5), (0.375, 0.5), (0.375, 0.75), (0.125, 0.75), (0.625, 0.5), (0.875, 0.5), (0.875, 0.75), (0.625, 0.75)] (
                        interpolation = "faceVarying"
                    )
                    uniform token subdivisionScheme = "none"
                    custom string userProperties:blender:data_name = "Cube.167"
                }
            }

            def Xform "Barcode_line_100"
            {
                custom string userProperties:blender:object_name = "Barcode line.100"
                float3 xformOp:rotateXYZ = (0, -0, 4.2688688e-7)
                float3 xformOp:scale = (0.99999994, 0.99999994, 1)
                double3 xformOp:translate = (-0.03537382930517197, -0.004000000189989805, 0.0002500005066394806)
                uniform token[] xformOpOrder = ["xformOp:translate", "xformOp:rotateXYZ", "xformOp:scale"]

                def Mesh "Cube_154" (
                    active = true
                    prepend apiSchemas = ["MaterialBindingAPI"]
                )
                {
                    uniform bool doubleSided = 1
                    float3[] extent = [(-0.0011661702, -0.008, -0.000065), (0.0011661702, 0.008, 0.000065)]
                    int[] faceVertexCounts = [4, 4, 4, 4, 4, 4]
                    int[] faceVertexIndices = [0, 1, 3, 2, 2, 3, 7, 6, 6, 7, 5, 4, 4, 5, 1, 0, 2, 6, 4, 0, 7, 3, 1, 5]
                    rel material:binding = </Asset/_materials/Printed_dark_ink>
                    normal3f[] normals = [(-1, 0, 0), (-1, 0, 0), (-1, 0, 0), (-1, 0, 0), (0, 1, 0), (0, 1, 0), (0, 1, 0), (0, 1, 0), (1, 0, 0), (1, 0, 0), (1, 0, 0), (1, 0, 0), (0, -1, 0), (0, -1, 0), (0, -1, 0), (0, -1, 0), (0, 0, -1), (0, 0, -1), (0, 0, -1), (0, 0, -1), (0, 0, 1), (0, 0, 1), (0, 0, 1), (0, 0, 1)] (
                        interpolation = "faceVarying"
                    )
                    point3f[] points = [(-0.0011661702, -0.008, -0.000065), (-0.0011661702, -0.008, 0.000065), (-0.0011661702, 0.008, -0.000065), (-0.0011661702, 0.008, 0.000065), (0.0011661702, -0.008, -0.000065), (0.0011661702, -0.008, 0.000065), (0.0011661702, 0.008, -0.000065), (0.0011661702, 0.008, 0.000065)]
                    texCoord2f[] primvars:st = [(0.375, 0), (0.625, 0), (0.625, 0.25), (0.375, 0.25), (0.375, 0.25), (0.625, 0.25), (0.625, 0.5), (0.375, 0.5), (0.375, 0.5), (0.625, 0.5), (0.625, 0.75), (0.375, 0.75), (0.375, 0.75), (0.625, 0.75), (0.625, 1), (0.375, 1), (0.125, 0.5), (0.375, 0.5), (0.375, 0.75), (0.125, 0.75), (0.625, 0.5), (0.875, 0.5), (0.875, 0.75), (0.625, 0.75)] (
                        interpolation = "faceVarying"
                    )
                    uniform token subdivisionScheme = "none"
                    custom string userProperties:blender:data_name = "Cube.154"
                }
            }

            def Xform "Barcode_line_117"
            {
                custom string userProperties:blender:object_name = "Barcode line.117"
                float3 xformOp:rotateXYZ = (0, -0, 4.2688688e-7)
                float3 xformOp:scale = (0.99999994, 0.99999994, 1)
                double3 xformOp:translate = (0.01438276469707489, -0.003999999724328518, 0.0002500005066394806)
                uniform token[] xformOpOrder = ["xformOp:translate", "xformOp:rotateXYZ", "xformOp:scale"]

                def Mesh "Cube_171" (
                    active = true
                    prepend apiSchemas = ["MaterialBindingAPI"]
                )
                {
                    uniform bool doubleSided = 1
                    float3[] extent = [(-0.0011661702, -0.008, -0.000065), (0.0011661702, 0.008, 0.000065)]
                    int[] faceVertexCounts = [4, 4, 4, 4, 4, 4]
                    int[] faceVertexIndices = [0, 1, 3, 2, 2, 3, 7, 6, 6, 7, 5, 4, 4, 5, 1, 0, 2, 6, 4, 0, 7, 3, 1, 5]
                    rel material:binding = </Asset/_materials/Printed_dark_ink>
                    normal3f[] normals = [(-1, 0, 0), (-1, 0, 0), (-1, 0, 0), (-1, 0, 0), (0, 1, 0), (0, 1, 0), (0, 1, 0), (0, 1, 0), (1, 0, 0), (1, 0, 0), (1, 0, 0), (1, 0, 0), (0, -1, 0), (0, -1, 0), (0, -1, 0), (0, -1, 0), (0, 0, -1), (0, 0, -1), (0, 0, -1), (0, 0, -1), (0, 0, 1), (0, 0, 1), (0, 0, 1), (0, 0, 1)] (
                        interpolation = "faceVarying"
                    )
                    point3f[] points = [(-0.0011661702, -0.008, -0.000065), (-0.0011661702, -0.008, 0.000065), (-0.0011661702, 0.008, -0.000065), (-0.0011661702, 0.008, 0.000065), (0.0011661702, -0.008, -0.000065), (0.0011661702, -0.008, 0.000065), (0.0011661702, 0.008, -0.000065), (0.0011661702, 0.008, 0.000065)]
                    texCoord2f[] primvars:st = [(0.375, 0), (0.625, 0), (0.625, 0.25), (0.375, 0.25), (0.375, 0.25), (0.625, 0.25), (0.625, 0.5), (0.375, 0.5), (0.375, 0.5), (0.625, 0.5), (0.625, 0.75), (0.375, 0.75), (0.375, 0.75), (0.625, 0.75), (0.625, 1), (0.375, 1), (0.125, 0.5), (0.375, 0.5), (0.375, 0.75), (0.125, 0.75), (0.625, 0.5), (0.875, 0.5), (0.875, 0.75), (0.625, 0.75)] (
                        interpolation = "faceVarying"
                    )
                    uniform token subdivisionScheme = "none"
                    custom string userProperties:blender:data_name = "Cube.171"
                }
            }

            def Xform "Barcode_line_112"
            {
                custom string userProperties:blender:object_name = "Barcode line.112"
                float3 xformOp:rotateXYZ = (0, -0, 4.2688688e-7)
                float3 xformOp:scale = (0.99999994, 0.99999994, 1)
                double3 xformOp:translate = (-0.0027210635598748922, -0.003999999724328518, 0.0002500005066394806)
                uniform token[] xformOpOrder = ["xformOp:translate", "xformOp:rotateXYZ", "xformOp:scale"]

                def Mesh "Cube_166" (
                    active = true
                    prepend apiSchemas = ["MaterialBindingAPI"]
                )
                {
                    uniform bool doubleSided = 1
                    float3[] extent = [(-0.0011661702, -0.008, -0.000065), (0.0011661702, 0.008, 0.000065)]
                    int[] faceVertexCounts = [4, 4, 4, 4, 4, 4]
                    int[] faceVertexIndices = [0, 1, 3, 2, 2, 3, 7, 6, 6, 7, 5, 4, 4, 5, 1, 0, 2, 6, 4, 0, 7, 3, 1, 5]
                    rel material:binding = </Asset/_materials/Printed_dark_ink>
                    normal3f[] normals = [(-1, 0, 0), (-1, 0, 0), (-1, 0, 0), (-1, 0, 0), (0, 1, 0), (0, 1, 0), (0, 1, 0), (0, 1, 0), (1, 0, 0), (1, 0, 0), (1, 0, 0), (1, 0, 0), (0, -1, 0), (0, -1, 0), (0, -1, 0), (0, -1, 0), (0, 0, -1), (0, 0, -1), (0, 0, -1), (0, 0, -1), (0, 0, 1), (0, 0, 1), (0, 0, 1), (0, 0, 1)] (
                        interpolation = "faceVarying"
                    )
                    point3f[] points = [(-0.0011661702, -0.008, -0.000065), (-0.0011661702, -0.008, 0.000065), (-0.0011661702, 0.008, -0.000065), (-0.0011661702, 0.008, 0.000065), (0.0011661702, -0.008, -0.000065), (0.0011661702, -0.008, 0.000065), (0.0011661702, 0.008, -0.000065), (0.0011661702, 0.008, 0.000065)]
                    texCoord2f[] primvars:st = [(0.375, 0), (0.625, 0), (0.625, 0.25), (0.375, 0.25), (0.375, 0.25), (0.625, 0.25), (0.625, 0.5), (0.375, 0.5), (0.375, 0.5), (0.625, 0.5), (0.625, 0.75), (0.375, 0.75), (0.375, 0.75), (0.625, 0.75), (0.625, 1), (0.375, 1), (0.125, 0.5), (0.375, 0.5), (0.375, 0.75), (0.125, 0.75), (0.625, 0.5), (0.875, 0.5), (0.875, 0.75), (0.625, 0.75)] (
                        interpolation = "faceVarying"
                    )
                    uniform token subdivisionScheme = "none"
                    custom string userProperties:blender:data_name = "Cube.166"
                }
            }

            def Xform "Print_PARCEL___01______A_004"
            {
                custom string userProperties:blender:object_name = "Print_PARCEL___01______A.004"
                float3 xformOp:rotateXYZ = (0, -0, 4.2688688e-7)
                float3 xformOp:scale = (0.99999994, 0.99999994, 1)
                double3 xformOp:translate = (-0.035669997334480286, -0.025369998067617416, 0.00019999966025352478)
                uniform token[] xformOpOrder = ["xformOp:translate", "xformOp:rotateXYZ", "xformOp:scale"]

                def Mesh "Printing_028" (
                    active = true
                    prepend apiSchemas = ["MaterialBindingAPI"]
                )
                {
                    uniform bool doubleSided = 1
                    float3[] extent = [(0.000175, -0.0000225, 0), (0.022342497, 0.0017275001, 0)]
                    int[] faceVertexCounts = [3, 3, 3, 3, 3, 3, 3, 3, 3, 3, 3, 3, 3, 3, 3, 3, 3, 3, 3, 3, 3, 3, 3, 3, 3, 3, 3, 3, 3, 3, 3, 3, 3, 3, 3, 3, 3, 3, 3, 3, 3, 3, 3, 3, 3, 3, 3, 3, 3, 3, 3, 3, 3, 3, 3, 3, 3, 3, 3, 3, 3, 3, 3, 3, 3, 3, 3, 3, 3, 3, 3, 3, 3, 3, 3, 3, 3, 3, 3, 3, 3, 3, 3, 3, 3, 3, 3, 3, 3, 3, 3, 3, 3, 3, 3, 3, 3, 3, 3, 3, 3, 3, 3, 3, 3, 3, 3, 3, 3, 3, 3, 3, 3, 3, 3, 3, 3, 3, 3, 3, 3, 3, 3, 3, 3, 3, 3, 3, 3, 3, 3]
                    int[] faceVertexIndices = [6, 4, 5, 7, 4, 6, 7, 10, 4, 10, 11, 4, 11, 3, 4, 8, 9, 7, 9, 10, 7, 12, 3, 11, 12, 2, 3, 13, 2, 12, 14, 2, 13, 15, 2, 14, 15, 1, 2, 16, 1, 15, 16, 0, 1, 16, 18, 0, 17, 18, 16, 21, 19, 20, 21, 22, 19, 25, 23, 24, 25, 26, 23, 29, 27, 28, 29, 35, 27, 35, 34, 27, 29, 37, 35, 36, 34, 35, 29, 31, 37, 31, 36, 37, 31, 32, 36, 32, 34, 36, 29, 30, 31, 33, 34, 32, 40, 38, 39, 40, 41, 38, 45, 56, 44, 56, 43, 44, 45, 55, 56, 57, 43, 56, 46, 55, 45, 57, 42, 43, 46, 54, 55, 50, 42, 57, 47, 54, 46, 47, 53, 54, 51, 42, 50, 51, 49, 42, 47, 52, 53, 52, 49, 51, 52, 48, 49, 48, 52, 47, 60, 58, 59, 60, 63, 58, 60, 62, 63, 60, 61, 62, 66, 74, 65, 74, 64, 65, 74, 75, 64, 66, 73, 74, 66, 70, 73, 70, 72, 73, 70, 71, 72, 66, 69, 70, 66, 68, 69, 66, 67, 68, 79, 77, 78, 79, 76, 77, 79, 91, 76, 91, 92, 76, 92, 93, 76, 79, 90, 91, 80, 90, 79, 80, 89, 90, 80, 88, 89, 81, 88, 80, 86, 84, 85, 81, 87, 88, 82, 87, 81, 87, 84, 86, 82, 84, 87, 82, 83, 84, 95, 111, 94, 111, 110, 94, 111, 109, 110, 111, 112, 109, 112, 113, 109, 113, 108, 109, 95, 117, 111, 114, 108, 113, 115, 108, 114, 115, 107, 108, 116, 107, 115, 116, 106, 107, 95, 97, 117, 97, 116, 117, 97, 106, 116, 97, 98, 106, 98, 105, 106, 95, 96, 97, 99, 105, 98, 100, 105, 99, 100, 104, 105, 101, 104, 100, 101, 103, 104, 101, 102, 103, 120, 118, 119, 120, 126, 118, 126, 125, 118, 120, 128, 126, 127, 125, 126, 120, 122, 128, 122, 127, 128, 122, 123, 127, 123, 125, 127, 120, 121, 122, 124, 125, 123, 130, 138, 129, 138, 137, 129, 138, 136, 137, 138, 139, 136, 139, 140, 136, 140, 135, 136, 130, 144, 138, 141, 135, 140, 142, 135, 141, 142, 134, 135, 143, 134, 142, 130, 132, 144, 132, 143, 144, 132, 134, 143, 132, 133, 134, 130, 131, 132]
                    rel material:binding = </Asset/_materials/Printed_dark_ink>
                    normal3f[] normals = [(0, 0, 0.99999994), (0, 0, 0.99999994), (0, 0, 0.99999994), (0, 0, 1), (0, 0, 1), (0, 0, 1), (0, 0, 1), (0, 0, 1), (0, 0, 1), (0, 0, 0.99999994), (0, 0, 0.99999994), (0, 0, 0.99999994), (0, 0, 1), (0, 0, 1), (0, 0, 1), (0, 0, 1), (0, 0, 1), (0, 0, 1), (0, 0, 1), (0, 0, 1), (0, 0, 1), (0, 0, 1), (0, 0, 1), (0, 0, 1), (0, 0, 1), (0, 0, 1), (0, 0, 1), (0, 0, 0.99999994), (0, 0, 0.99999994), (0, 0, 0.99999994), (0, 0, 0.99999994), (0, 0, 0.99999994), (0, 0, 0.99999994), (0, 0, 1), (0, 0, 1), (0, 0, 1), (0, 0, 1), (0, 0, 1), (0, 0, 1), (0, 0, 1), (0, 0, 1), (0, 0, 1), (0, 0, 1), (0, 0, 1), (0, 0, 1), (0, 0, 1), (0, 0, 1), (0, 0, 1), (0, 0, 0.99999994), (0, 0, 0.99999994), (0, 0, 0.99999994), (0, 0, 1), (0, 0, 1), (0, 0, 1), (0, 0, 1), (0, 0, 1), (0, 0, 1), (0, 0, 0.99999994), (0, 0, 0.99999994), (0, 0, 0.99999994), (0, 0, 0.99999994), (0, 0, 0.99999994), (0, 0, 0.99999994), (0, 0, 1), (0, 0, 1), (0, 0, 1), (0, 0, 1), (0, 0, 1), (0, 0, 1), (0, 0, 1), (0, 0, 1), (0, 0, 1), (0, 0, 1), (0, 0, 1), (0, 0, 1), (0, 0, 1), (0, 0, 1), (0, 0, 1), (0, 0, 1), (0, 0, 1), (0, 0, 1), (0, 0, 1), (0, 0, 1), (0, 0, 1), (0, 0, 1), (0, 0, 1), (0, 0, 1), (0, 0, 0.99999994), (0, 0, 0.99999994), (0, 0, 0.99999994), (0, 0, 1), (0, 0, 1), (0, 0, 1), (0, 0, 1), (0, 0, 1), (0, 0, 1), (0, 0, 1), (0, 0, 1), (0, 0, 1), (0, 0, 1), (0, 0, 1), (0, 0, 1), (0, 0, 1), (0, 0, 1), (0, 0, 1), (0, 0, 1), (0, 0, 1), (0, 0, 1), (0, 0, 1), (0, 0, 1), (0, 0, 1), (0, 0, 1), (0, 0, 1), (0, 0, 1), (0, 0, 1), (0, 0, 1), (0, 0, 1), (0, 0, 1), (0, 0, 1), (0, 0, 1), (0, 0, 0.99999994), (0, 0, 0.99999994), (0, 0, 0.99999994), (0, 0, 1), (0, 0, 1), (0, 0, 1), (0, 0, 1), (0, 0, 1), (0, 0, 1), (0, 0, 1), (0, 0, 1), (0, 0, 1), (0, 0, 1), (0, 0, 1), (0, 0, 1), (0, 0, 1), (0, 0, 1), (0, 0, 1), (0, 0, 1), (0, 0, 1), (0, 0, 1), (0, 0, 1), (0, 0, 1), (0, 0, 1), (0, 0, 1), (0, 0, 1), (0, 0, 1), (0, 0, 0.99999994), (0, 0, 0.99999994), (0, 0, 0.99999994), (0, 0, 1), (0, 0, 1), (0, 0, 1), (0, 0, 1), (0, 0, 1), (0, 0, 1), (0, 0, 1), (0, 0, 1), (0, 0, 1), (0, 0, 1), (0, 0, 1), (0, 0, 1), (0, 0, 1), (0, 0, 1), (0, 0, 1), (0, 0, 0.99999994), (0, 0, 0.99999994), (0, 0, 0.99999994), (0, 0, 1), (0, 0, 1), (0, 0, 1), (0, 0, 1), (0, 0, 1), (0, 0, 1), (0, 0, 0.99999994), (0, 0, 0.99999994), (0, 0, 0.99999994), (0, 0, 1), (0, 0, 1), (0, 0, 1), (0, 0, 1), (0, 0, 1), (0, 0, 1), (0, 0, 1), (0, 0, 1), (0, 0, 1), (0, 0, 1), (0, 0, 1), (0, 0, 1), (0, 0, 1), (0, 0, 1), (0, 0, 1), (0, 0, 1), (0, 0, 1), (0, 0, 1), (0, 0, 1), (0, 0, 1), (0, 0, 1), (0, 0, 1), (0, 0, 1), (0, 0, 1), (0, 0, 1), (0, 0, 1), (0, 0, 1), (0, 0, 1), (0, 0, 1), (0, 0, 1), (0, 0, 1), (0, 0, 1), (0, 0, 1), (0, 0, 1), (0, 0, 1), (0, 0, 1), (0, 0, 1), (0, 0, 1), (0, 0, 1), (0, 0, 1), (0, 0, 1), (0, 0, 1), (0, 0, 1), (0, 0, 1), (0, 0, 1), (0, 0, 1), (0, 0, 1), (0, 0, 1), (0, 0, 1), (0, 0, 1), (0, 0, 1), (0, 0, 1), (0, 0, 1), (0, 0, 1), (0, 0, 1), (0, 0, 1), (0, 0, 1), (0, 0, 1), (0, 0, 1), (0, 0, 1), (0, 0, 1), (0, 0, 1), (0, 0, 1), (0, 0, 1), (0, 0, 1), (0, 0, 1), (0, 0, 1), (0, 0, 1), (0, 0, 1), (0, 0, 1), (0, 0, 1), (0, 0, 1), (0, 0, 1), (0, 0, 1), (0, 0, 1), (0, 0, 0.99999994), (0, 0, 0.99999994), (0, 0, 0.99999994), (0, 0, 1), (0, 0, 1), (0, 0, 1), (0, 0, 1), (0, 0, 1), (0, 0, 1), (0, 0, 1), (0, 0, 1), (0, 0, 1), (0, 0, 1), (0, 0, 1), (0, 0, 1), (0, 0, 1), (0, 0, 1), (0, 0, 1), (0, 0, 0.99999994), (0, 0, 0.99999994), (0, 0, 0.99999994), (0, 0, 1), (0, 0, 1), (0, 0, 1), (0, 0, 1), (0, 0, 1), (0, 0, 1), (0, 0, 1), (0, 0, 1), (0, 0, 1), (0, 0, 1), (0, 0, 1), (0, 0, 1), (0, 0, 1), (0, 0, 1), (0, 0, 1), (0, 0, 0.99999994), (0, 0, 0.99999994), (0, 0, 0.99999994), (0, 0, 1), (0, 0, 1), (0, 0, 1), (0, 0, 1), (0, 0, 1), (0, 0, 1), (0, 0, 1), (0, 0, 1), (0, 0, 1), (0, 0, 1), (0, 0, 1), (0, 0, 1), (0, 0, 1), (0, 0, 1), (0, 0, 1), (0, 0, 1), (0, 0, 1), (0, 0, 1), (0, 0, 0.99999994), (0, 0, 0.99999994), (0, 0, 0.99999994), (0, 0, 1), (0, 0, 1), (0, 0, 1), (0, 0, 1), (0, 0, 1), (0, 0, 1), (0, 0, 0.99999994), (0, 0, 0.99999994), (0, 0, 0.99999994), (0, 0, 1), (0, 0, 1), (0, 0, 1), (0, 0, 1), (0, 0, 1), (0, 0, 1), (0, 0, 1), (0, 0, 1), (0, 0, 1), (0, 0, 1), (0, 0, 1), (0, 0, 1), (0, 0, 0.99999994), (0, 0, 0.99999994), (0, 0, 0.99999994), (0, 0, 1), (0, 0, 1), (0, 0, 1), (0, 0, 1), (0, 0, 1), (0, 0, 1), (0, 0, 1), (0, 0, 1), (0, 0, 1), (0, 0, 0.99999994), (0, 0, 0.99999994), (0, 0, 0.99999994), (0, 0, 1), (0, 0, 1), (0, 0, 1), (0, 0, 1), (0, 0, 1), (0, 0, 1), (0, 0, 0.99999994), (0, 0, 0.99999994), (0, 0, 0.99999994), (0, 0, 0.99999994), (0, 0, 0.99999994), (0, 0, 0.99999994), (0, 0, 1), (0, 0, 1), (0, 0, 1), (0, 0, 1), (0, 0, 1), (0, 0, 1), (0, 0, 1), (0, 0, 1), (0, 0, 1), (0, 0, 1), (0, 0, 1), (0, 0, 1), (0, 0, 0.99999994), (0, 0, 0.99999994), (0, 0, 0.99999994), (0, 0, 1), (0, 0, 1), (0, 0, 1), (0, 0, 1), (0, 0, 1), (0, 0, 1), (0, 0, 1), (0, 0, 1), (0, 0, 1), (0, 0, 1), (0, 0, 1), (0, 0, 1), (0, 0, 1), (0, 0, 1), (0, 0, 1), (0, 0, 1), (0, 0, 1), (0, 0, 1)] (
                        interpolation = "faceVarying"
                    )
                    point3f[] points = [(0.022342497, 0.0002325, 0), (0.021689998, 0.0002325, 0), (0.022097498, 0.00077937497, 0), (0.022219999, 0.001195, 0), (0.02207531, 0.0015793751, 0), (0.021699999, 0.0017275001, 0), (0.021498749, 0.0016875, 0), (0.0212975, 0.001565, 0), (0.0212975, 0.0012575, 0), (0.021495624, 0.001438125, 0), (0.021682497, 0.0014875, 0), (0.021891562, 0.0013978125, 0), (0.021975, 0.0011675, 0), (0.021945, 0.0009831251, 0), (0.021854999, 0.0008025, 0), (0.021574687, 0.0004025, 0), (0.0212625, 0.0000175, 0), (0.0212625, 0, 0), (0.022342497, 0, 0), (0.0206775, 0.0017050001, 0), (0.020432498, 0.0017050001, 0), (0.020432498, 0, 0), (0.0206775, 0, 0), (0.019827498, 0.0006675, 0), (0.019219998, 0.0006675, 0), (0.019219998, 0.00043500002, 0), (0.019827498, 0.00043500002, 0), (0.018357499, 0.0017150001, 0), (0.018184999, 0.0017150001, 0), (0.017452499, 0, 0), (0.017702498, 0, 0), (0.017917497, 0.0005025, 0), (0.018642498, 0.0005025, 0), (0.018869998, 0, 0), (0.019119998, 0, 0), (0.0182675, 0.00134, 0), (0.018542498, 0.0007225, 0), (0.018012498, 0.0007225, 0), (0.012782501, 0.0017050001, 0), (0.012537501, 0.0017050001, 0), (0.012537501, 0, 0), (0.012782501, 0, 0), (0.0119575, 0.00085250003, 0), (0.011806251, 0.0014868751, 0), (0.0114075, 0.0017275001, 0), (0.011008751, 0.0014868751, 0), (0.010857501, 0.00085250003, 0), (0.011008751, 0.000218125, 0), (0.0114075, -0.0000225, 0), (0.011806251, 0.00021812502, 0), (0.011712501, 0.00085250003, 0), (0.01163125, 0.00038125, 0), (0.0114075, 0.00021000001, 0), (0.01118375, 0.00038125, 0), (0.011102499, 0.00085250003, 0), (0.01118375, 0.0013237501, 0), (0.0114075, 0.0014950001, 0), (0.01163125, 0.0013237501, 0), (0.0079025, 0.0017050001, 0), (0.0076575004, 0.0017050001, 0), (0.0076575004, 0, 0), (0.0086725, 0, 0), (0.0086725, 0.00022000002, 0), (0.0079025, 0.00022000002, 0), (0.0073775, 0.0017050001, 0), (0.0064100004, 0.0017050001, 0), (0.0064100004, 0, 0), (0.0074, 0, 0), (0.0074, 0.00022000002, 0), (0.006655, 0.00022000002, 0), (0.006655, 0.00075, 0), (0.0073524998, 0.00075, 0), (0.0073524998, 0.00097, 0), (0.006655, 0.00097, 0), (0.006655, 0.001485, 0), (0.0073775, 0.001485, 0), (0.0060925004, 0.0015875001, 0), (0.0057784375, 0.0016940626, 0), (0.0055075, 0.0017275001, 0), (0.0048365626, 0.0014725, 0), (0.0045725, 0.0008275001, 0), (0.0047925003, 0.0002684375, 0), (0.0054925, -0.0000225, 0), (0.00583875, 0.0000196875, 0), (0.0061100004, 0.00012750001, 0), (0.0061100004, 0.000395, 0), (0.0058125006, 0.000251875, 0), (0.0055150003, 0.0002025, 0), (0.00501625, 0.00038281252, 0), (0.004825, 0.00085, 0), (0.00501875, 0.001316875, 0), (0.0055050002, 0.0015025, 0), (0.0057940627, 0.0014596876, 0), (0.0060925004, 0.0013250001, 0), (0.0031350001, 0.0017050001, 0), (0.0031350001, 0, 0), (0.00338, 0, 0), (0.00338, 0.00074, 0), (0.0034824999, 0.00074, 0), (0.00367125, 0.00067624997, 0), (0.0039350004, 0.00035, 0), (0.00416, 0, 0), (0.0044525, 0, 0), (0.004319375, 0.000185625, 0), (0.00422, 0.0003375, 0), (0.004039375, 0.000615, 0), (0.00384, 0.00081, 0), (0.0040509375, 0.00097187504, 0), (0.004125, 0.0012275, 0), (0.0039743753, 0.0015768751, 0), (0.0035650001, 0.0017050001, 0), (0.00338, 0.0014950001, 0), (0.0035375, 0.0014950001, 0), (0.0037931248, 0.0014262501, 0), (0.0038725, 0.0012375001, 0), (0.0038043752, 0.0010453125, 0), (0.0035375, 0.00096, 0), (0.00338, 0.00096, 0), (0.0021800003, 0.0017150001, 0), (0.0020075003, 0.0017150001, 0), (0.001275, 0, 0), (0.0015250002, 0, 0), (0.0017400001, 0.0005025, 0), (0.0024650001, 0.0005025, 0), (0.0026925004, 0, 0), (0.0029425, 0, 0), (0.00209, 0.00134, 0), (0.002365, 0.0007225, 0), (0.0018350001, 0.0007225, 0), (0.000175, 0.0017050001, 0), (0.000175, 0, 0), (0.00042000003, 0, 0), (0.00042000003, 0.0007375, 0), (0.000675, 0.0007375, 0), (0.001110625, 0.0008759375, 0), (0.00125, 0.001215, 0), (0.0011184375, 0.0015612501, 0), (0.00070750003, 0.0017050001, 0), (0.00042000003, 0.001485, 0), (0.00070750003, 0.001485, 0), (0.0009359375, 0.001401875, 0), (0.0009975, 0.001225, 0), (0.00091593753, 0.0010275, 0), (0.0006975, 0.0009575, 0), (0.00042000003, 0.0009575, 0)]
                    texCoord2f[] primvars:st = [(0.33333334, 0), (0.22222222, 0), (0.2777778, 0), (0.3888889, 0), (0.22222222, 0), (0.33333334, 0), (0.3888889, 0), (0.5555556, 0), (0.22222222, 0), (0.5555556, 0), (0.6111111, 0), (0.22222222, 0), (0.6111111, 0), (0.16666667, 0), (0.22222222, 0), (0.44444445, 0), (0.5, 0), (0.3888889, 0), (0.5, 0), (0.5555556, 0), (0.3888889, 0), (0.6666667, 0), (0.16666667, 0), (0.6111111, 0), (0.6666667, 0), (0.11111111, 0), (0.16666667, 0), (0.7222222, 0), (0.11111111, 0), (0.6666667, 0), (0.7777778, 0), (0.11111111, 0), (0.7222222, 0), (0.8333333, 0), (0.11111111, 0), (0.7777778, 0), (0.8333333, 0), (0.055555556, 0), (0.11111111, 0), (0.8888889, 0), (0.055555556, 0), (0.8333333, 0), (0.8888889, 0), (0, 0), (0.055555556, 0), (0.8888889, 0), (1, 0), (0, 0), (0.9444444, 0), (1, 0), (0.8888889, 0), (0.6666667, 0), (0, 0), (0.33333334, 0), (0.6666667, 0), (1, 0), (0, 0), (0.6666667, 0), (0, 0), (0.33333334, 0), (0.6666667, 0), (1, 0), (0, 0), (0.2, 0), (0, 0), (0.1, 0), (0.2, 0), (0.8, 0), (0, 0), (0.8, 0), (0.7, 0), (0, 0), (0.2, 0), (1, 0), (0.8, 0), (0.9, 0), (0.7, 0), (0.8, 0), (0.2, 0), (0.4, 0), (1, 0), (0.4, 0), (0.9, 0), (1, 0), (0.4, 0), (0.5, 0), (0.9, 0), (0.5, 0), (0.7, 0), (0.9, 0), (0.2, 0), (0.3, 0), (0.4, 0), (0.6, 0), (0.7, 0), (0.5, 0), (0.6666667, 0), (0, 0), (0.33333334, 0), (0.6666667, 0), (1, 0), (0, 0), (0.2, 0), (0.93333334, 0), (0.13333334, 0), (0.93333334, 0), (0.06666667, 0), (0.13333334, 0), (0.2, 0), (0.8666667, 0), (0.93333334, 0), (1, 0), (0.06666667, 0), (0.93333334, 0), (0.26666668, 0), (0.8666667, 0), (0.2, 0), (1, 0), (0, 0), (0.06666667, 0), (0.26666668, 0), (0.8, 0), (0.8666667, 0), (0.53333336, 0), (0, 0), (1, 0), (0.33333334, 0), (0.8, 0), (0.26666668, 0), (0.33333334, 0), (0.73333335, 0), (0.8, 0), (0.6, 0), (0, 0), (0.53333336, 0), (0.6, 0), (0.46666667, 0), (0, 0), (0.33333334, 0), (0.6666667, 0), (0.73333335, 0), (0.6666667, 0), (0.46666667, 0), (0.6, 0), (0.6666667, 0), (0.4, 0), (0.46666667, 0), (0.4, 0), (0.6666667, 0), (0.33333334, 0), (0.4, 0), (0, 0), (0.2, 0), (0.4, 0), (1, 0), (0, 0), (0.4, 0), (0.8, 0), (1, 0), (0.4, 0), (0.6, 0), (0.8, 0), (0.18181819, 0), (0.90909094, 0), (0.09090909, 0), (0.90909094, 0), (0, 0), (0.09090909, 0), (0.90909094, 0), (1, 0), (0, 0), (0.18181819, 0), (0.8181818, 0), (0.90909094, 0), (0.18181819, 0), (0.54545456, 0), (0.8181818, 0), (0.54545456, 0), (0.72727275, 0), (0.8181818, 0), (0.54545456, 0), (0.6363636, 0), (0.72727275, 0), (0.18181819, 0), (0.45454547, 0), (0.54545456, 0), (0.18181819, 0), (0.36363637, 0), (0.45454547, 0), (0.18181819, 0), (0.27272728, 0), (0.36363637, 0), (0.1764706, 0), (0.05882353, 0), (0.11764706, 0), (0.1764706, 0), (0, 0), (0.05882353, 0), (0.1764706, 0), (0.88235295, 0), (0, 0), (0.88235295, 0), (0.9411765, 0), (0, 0), (0.9411765, 0), (1, 0), (0, 0), (0.1764706, 0), (0.8235294, 0), (0.88235295, 0), (0.23529412, 0), (0.8235294, 0), (0.1764706, 0), (0.23529412, 0), (0.7647059, 0), (0.8235294, 0), (0.23529412, 0), (0.7058824, 0), (0.7647059, 0), (0.29411766, 0), (0.7058824, 0), (0.23529412, 0), (0.5882353, 0), (0.47058824, 0), (0.5294118, 0), (0.29411766, 0), (0.64705884, 0), (0.7058824, 0), (0.3529412, 0), (0.64705884, 0), (0.29411766, 0), (0.64705884, 0), (0.47058824, 0), (0.5882353, 0), (0.3529412, 0), (0.47058824, 0), (0.64705884, 0), (0.3529412, 0), (0.4117647, 0), (0.47058824, 0), (0.04347826, 0), (0.73913044, 0), (0, 0), (0.73913044, 0), (0.6956522, 0), (0, 0), (0.73913044, 0), (0.65217394, 0), (0.6956522, 0), (0.73913044, 0), (0.7826087, 0), (0.65217394, 0), (0.7826087, 0), (0.82608694, 0), (0.65217394, 0), (0.82608694, 0), (0.6086956, 0), (0.65217394, 0), (0.04347826, 0), (1, 0), (0.73913044, 0), (0.8695652, 0), (0.6086956, 0), (0.82608694, 0), (0.9130435, 0), (0.6086956, 0), (0.8695652, 0), (0.9130435, 0), (0.5652174, 0), (0.6086956, 0), (0.95652175, 0), (0.5652174, 0), (0.9130435, 0), (0.95652175, 0), (0.5217391, 0), (0.5652174, 0), (0.04347826, 0), (0.13043478, 0), (1, 0), (0.13043478, 0), (0.95652175, 0), (1, 0), (0.13043478, 0), (0.5217391, 0), (0.95652175, 0), (0.13043478, 0), (0.17391305, 0), (0.5217391, 0), (0.17391305, 0), (0.47826087, 0), (0.5217391, 0), (0.04347826, 0), (0.08695652, 0), (0.13043478, 0), (0.2173913, 0), (0.47826087, 0), (0.17391305, 0), (0.26086956, 0), (0.47826087, 0), (0.2173913, 0), (0.26086956, 0), (0.4347826, 0), (0.47826087, 0), (0.3043478, 0), (0.4347826, 0), (0.26086956, 0), (0.3043478, 0), (0.39130434, 0), (0.4347826, 0), (0.3043478, 0), (0.3478261, 0), (0.39130434, 0), (0.2, 0), (0, 0), (0.1, 0), (0.2, 0), (0.8, 0), (0, 0), (0.8, 0), (0.7, 0), (0, 0), (0.2, 0), (1, 0), (0.8, 0), (0.9, 0), (0.7, 0), (0.8, 0), (0.2, 0), (0.4, 0), (1, 0), (0.4, 0), (0.9, 0), (1, 0), (0.4, 0), (0.5, 0), (0.9, 0), (0.5, 0), (0.7, 0), (0.9, 0), (0.2, 0), (0.3, 0), (0.4, 0), (0.6, 0), (0.7, 0), (0.5, 0), (0.06666667, 0), (0.6, 0), (0, 0), (0.6, 0), (0.53333336, 0), (0, 0), (0.6, 0), (0.46666667, 0), (0.53333336, 0), (0.6, 0), (0.6666667, 0), (0.46666667, 0), (0.6666667, 0), (0.73333335, 0), (0.46666667, 0), (0.73333335, 0), (0.4, 0), (0.46666667, 0), (0.06666667, 0), (1, 0), (0.6, 0), (0.8, 0), (0.4, 0), (0.73333335, 0), (0.8666667, 0), (0.4, 0), (0.8, 0), (0.8666667, 0), (0.33333334, 0), (0.4, 0), (0.93333334, 0), (0.33333334, 0), (0.8666667, 0), (0.06666667, 0), (0.2, 0), (1, 0), (0.2, 0), (0.93333334, 0), (1, 0), (0.2, 0), (0.33333334, 0), (0.93333334, 0), (0.2, 0), (0.26666668, 0), (0.33333334, 0), (0.06666667, 0), (0.13333334, 0), (0.2, 0)] (
                        interpolation = "faceVarying"
                    )
                    uniform token subdivisionScheme = "none"
                    custom string userProperties:blender:data_name = "Printing.028"
                }
            }

            def Xform "Barcode_line_103"
            {
                custom string userProperties:blender:object_name = "Barcode line.103"
                float3 xformOp:rotateXYZ = (0, -0, 4.2688688e-7)
                float3 xformOp:scale = (0.99999994, 0.99999994, 1)
                double3 xformOp:translate = (-0.027599358931183815, -0.003999999724328518, 0.0002500005066394806)
                uniform token[] xformOpOrder = ["xformOp:translate", "xformOp:rotateXYZ", "xformOp:scale"]

                def Mesh "Cube_157" (
                    active = true
                    prepend apiSchemas = ["MaterialBindingAPI"]
                )
                {
                    uniform bool doubleSided = 1
                    float3[] extent = [(-0.0003887234, -0.008, -0.000065), (0.0003887234, 0.008, 0.000065)]
                    int[] faceVertexCounts = [4, 4, 4, 4, 4, 4]
                    int[] faceVertexIndices = [0, 1, 3, 2, 2, 3, 7, 6, 6, 7, 5, 4, 4, 5, 1, 0, 2, 6, 4, 0, 7, 3, 1, 5]
                    rel material:binding = </Asset/_materials/Printed_dark_ink>
                    normal3f[] normals = [(-1, 0, 0), (-1, 0, 0), (-1, 0, 0), (-1, 0, 0), (0, 1, 0), (0, 1, 0), (0, 1, 0), (0, 1, 0), (1, 0, 0), (1, 0, 0), (1, 0, 0), (1, 0, 0), (0, -1, 0), (0, -1, 0), (0, -1, 0), (0, -1, 0), (0, 0, -1), (0, 0, -1), (0, 0, -1), (0, 0, -1), (0, 0, 1), (0, 0, 1), (0, 0, 1), (0, 0, 1)] (
                        interpolation = "faceVarying"
                    )
                    point3f[] points = [(-0.0003887234, -0.008, -0.000065), (-0.0003887234, -0.008, 0.000065), (-0.0003887234, 0.008, -0.000065), (-0.0003887234, 0.008, 0.000065), (0.0003887234, -0.008, -0.000065), (0.0003887234, -0.008, 0.000065), (0.0003887234, 0.008, -0.000065), (0.0003887234, 0.008, 0.000065)]
                    texCoord2f[] primvars:st = [(0.375, 0), (0.625, 0), (0.625, 0.25), (0.375, 0.25), (0.375, 0.25), (0.625, 0.25), (0.625, 0.5), (0.375, 0.5), (0.375, 0.5), (0.625, 0.5), (0.625, 0.75), (0.375, 0.75), (0.375, 0.75), (0.625, 0.75), (0.625, 1), (0.375, 1), (0.125, 0.5), (0.375, 0.5), (0.375, 0.75), (0.125, 0.75), (0.625, 0.5), (0.875, 0.5), (0.875, 0.75), (0.625, 0.75)] (
                        interpolation = "faceVarying"
                    )
                    uniform token subdivisionScheme = "none"
                    custom string userProperties:blender:data_name = "Cube.157"
                }
            }

            def Xform "Print_005_____805"
            {
                custom string userProperties:blender:object_name = "Print_005__/__805"
                float3 xformOp:rotateXYZ = (0, -0, 4.2688688e-7)
                float3 xformOp:scale = (0.99999994, 0.99999994, 1)
                double3 xformOp:translate = (0.0017399998614564538, 0.01769999787211418, 0.00019999966025352478)
                uniform token[] xformOpOrder = ["xformOp:translate", "xformOp:rotateXYZ", "xformOp:scale"]

                def Mesh "Printing_025" (
                    active = true
                    prepend apiSchemas = ["MaterialBindingAPI"]
                )
                {
                    uniform bool doubleSided = 1
                    float3[] extent = [(0.00018, -0.000054000004, 0), (0.025986003, 0.0041460004, 0)]
                    int[] faceVertexCounts = [3, 3, 3, 3, 3, 3, 3, 3, 3, 3, 3, 3, 3, 3, 3, 3, 3, 3, 3, 3, 3, 3, 3, 3, 3, 3, 3, 3, 3, 3, 3, 3, 3, 3, 3, 3, 3, 3, 3, 3, 3, 3, 3, 3, 3, 3, 3, 3, 3, 3, 3, 3, 3, 3, 3, 3, 3, 3, 3, 3, 3, 3, 3, 3, 3, 3, 3, 3, 3, 3, 3, 3, 3, 3, 3, 3, 3, 3, 3, 3, 3, 3, 3, 3, 3, 3, 3, 3, 3, 3, 3, 3, 3, 3, 3, 3, 3, 3, 3, 3, 3, 3, 3, 3, 3, 3, 3, 3, 3, 3, 3, 3, 3, 3, 3, 3]
                    int[] faceVertexIndices = [2, 16, 1, 16, 0, 1, 16, 17, 0, 2, 15, 16, 2, 14, 15, 2, 3, 14, 3, 13, 14, 4, 13, 3, 4, 12, 13, 5, 12, 4, 9, 7, 8, 6, 12, 5, 9, 6, 7, 9, 12, 6, 9, 11, 12, 10, 11, 9, 21, 32, 20, 32, 19, 20, 21, 31, 32, 33, 19, 32, 22, 31, 21, 33, 18, 19, 22, 30, 31, 26, 18, 33, 23, 30, 22, 23, 29, 30, 27, 18, 26, 27, 25, 18, 28, 25, 27, 23, 28, 29, 24, 28, 23, 28, 24, 25, 41, 39, 40, 42, 55, 41, 55, 56, 41, 56, 39, 41, 56, 57, 39, 57, 38, 39, 42, 54, 55, 50, 38, 57, 42, 53, 54, 43, 53, 42, 51, 38, 50, 51, 37, 38, 43, 52, 53, 52, 37, 51, 52, 36, 37, 44, 52, 43, 44, 36, 52, 45, 36, 44, 45, 64, 36, 64, 35, 36, 45, 63, 64, 65, 35, 64, 65, 34, 35, 46, 63, 45, 46, 62, 63, 58, 34, 65, 46, 61, 62, 59, 34, 58, 47, 61, 46, 59, 49, 34, 60, 49, 59, 47, 60, 61, 47, 49, 60, 48, 49, 47, 66, 68, 69, 66, 67, 68, 72, 86, 71, 86, 70, 71, 86, 87, 70, 72, 85, 86, 72, 84, 85, 72, 73, 84, 73, 83, 84, 74, 83, 73, 74, 82, 83, 75, 82, 74, 79, 77, 78, 76, 82, 75, 79, 76, 77, 79, 82, 76, 79, 81, 82, 80, 81, 79, 91, 102, 90, 102, 89, 90, 91, 101, 102, 103, 89, 102, 92, 101, 91, 103, 88, 89, 92, 100, 101, 96, 88, 103, 93, 100, 92, 93, 99, 100, 97, 88, 96, 97, 95, 88, 98, 95, 97, 93, 98, 99, 94, 98, 93, 98, 94, 95, 107, 118, 106, 118, 105, 106, 107, 117, 118, 119, 105, 118, 108, 117, 107, 119, 104, 105, 108, 116, 117, 112, 104, 119, 109, 116, 108, 109, 115, 116, 113, 104, 112, 113, 111, 104, 114, 111, 113, 109, 114, 115, 110, 114, 109, 114, 110, 111]
                    rel material:binding = </Asset/_materials/Printed_dark_ink>
                    normal3f[] normals = [(0, 0, 1), (0, 0, 1), (0, 0, 1), (0, 0, 1), (0, 0, 1), (0, 0, 1), (0, 0, 1), (0, 0, 1), (0, 0, 1), (0, 0, 1), (0, 0, 1), (0, 0, 1), (0, 0, 1), (0, 0, 1), (0, 0, 1), (0, 0, 0.99999994), (0, 0, 0.99999994), (0, 0, 0.99999994), (0, 0, 1), (0, 0, 1), (0, 0, 1), (0, 0, 1), (0, 0, 1), (0, 0, 1), (0, 0, 1), (0, 0, 1), (0, 0, 1), (0, 0, 1), (0, 0, 1), (0, 0, 1), (0, 0, 1), (0, 0, 1), (0, 0, 1), (0, 0, 1), (0, 0, 1), (0, 0, 1), (0, 0, 1), (0, 0, 1), (0, 0, 1), (0, 0, 1), (0, 0, 1), (0, 0, 1), (0, 0, 1), (0, 0, 1), (0, 0, 1), (0, 0, 1), (0, 0, 1), (0, 0, 1), (0, 0, 1), (0, 0, 1), (0, 0, 1), (0, 0, 1), (0, 0, 1), (0, 0, 1), (0, 0, 1), (0, 0, 1), (0, 0, 1), (0, 0, 0.99999994), (0, 0, 0.99999994), (0, 0, 0.99999994), (0, 0, 1), (0, 0, 1), (0, 0, 1), (0, 0, 1), (0, 0, 1), (0, 0, 1), (0, 0, 1), (0, 0, 1), (0, 0, 1), (0, 0, 1), (0, 0, 1), (0, 0, 1), (0, 0, 1), (0, 0, 1), (0, 0, 1), (0, 0, 1), (0, 0, 1), (0, 0, 1), (0, 0, 1), (0, 0, 1), (0, 0, 1), (0, 0, 1), (0, 0, 1), (0, 0, 1), (0, 0, 1), (0, 0, 1), (0, 0, 1), (0, 0, 1), (0, 0, 1), (0, 0, 1), (0, 0, 1), (0, 0, 1), (0, 0, 1), (0, 0, 1), (0, 0, 1), (0, 0, 1), (0, 0, 1), (0, 0, 1), (0, 0, 1), (0, 0, 1), (0, 0, 1), (0, 0, 1), (0, 0, 1), (0, 0, 1), (0, 0, 1), (0, 0, 1), (0, 0, 1), (0, 0, 1), (0, 0, 1), (0, 0, 1), (0, 0, 1), (0, 0, 1), (0, 0, 1), (0, 0, 1), (0, 0, 1), (0, 0, 1), (0, 0, 1), (0, 0, 1), (0, 0, 1), (0, 0, 1), (0, 0, 1), (0, 0, 1), (0, 0, 1), (0, 0, 1), (0, 0, 1), (0, 0, 1), (0, 0, 1), (0, 0, 1), (0, 0, 1), (0, 0, 1), (0, 0, 1), (0, 0, 1), (0, 0, 1), (0, 0, 1), (0, 0, 1), (0, 0, 1), (0, 0, 1), (0, 0, 1), (0, 0, 0.99999994), (0, 0, 0.99999994), (0, 0, 0.99999994), (0, 0, 1), (0, 0, 1), (0, 0, 1), (0, 0, 1), (0, 0, 1), (0, 0, 1), (0, 0, 1), (0, 0, 1), (0, 0, 1), (0, 0, 1), (0, 0, 1), (0, 0, 1), (0, 0, 1), (0, 0, 1), (0, 0, 1), (0, 0, 1), (0, 0, 1), (0, 0, 1), (0, 0, 1), (0, 0, 1), (0, 0, 1), (0, 0, 1), (0, 0, 1), (0, 0, 1), (0, 0, 0.99999994), (0, 0, 0.99999994), (0, 0, 0.99999994), (0, 0, 1), (0, 0, 1), (0, 0, 1), (0, 0, 1), (0, 0, 1), (0, 0, 1), (0, 0, 1), (0, 0, 1), (0, 0, 1), (0, 0, 1), (0, 0, 1), (0, 0, 1), (0, 0, 1), (0, 0, 1), (0, 0, 1), (0, 0, 1), (0, 0, 1), (0, 0, 1), (0, 0, 1), (0, 0, 1), (0, 0, 1), (0, 0, 1), (0, 0, 1), (0, 0, 1), (0, 0, 1), (0, 0, 1), (0, 0, 1), (0, 0, 1), (0, 0, 1), (0, 0, 1), (0, 0, 0.99999994), (0, 0, 0.99999994), (0, 0, 0.99999994), (0, 0, 1), (0, 0, 1), (0, 0, 1), (0, 0, 1), (0, 0, 1), (0, 0, 1), (0, 0, 1), (0, 0, 1), (0, 0, 1), (0, 0, 1), (0, 0, 1), (0, 0, 1), (0, 0, 1), (0, 0, 1), (0, 0, 1), (0, 0, 0.99999994), (0, 0, 0.99999994), (0, 0, 0.99999994), (0, 0, 0.99999994), (0, 0, 0.99999994), (0, 0, 0.99999994), (0, 0, 1), (0, 0, 1), (0, 0, 1), (0, 0, 1), (0, 0, 1), (0, 0, 1), (0, 0, 1), (0, 0, 1), (0, 0, 1), (0, 0, 1), (0, 0, 1), (0, 0, 1), (0, 0, 1), (0, 0, 1), (0, 0, 1), (0, 0, 1), (0, 0, 1), (0, 0, 1), (0, 0, 0.99999994), (0, 0, 0.99999994), (0, 0, 0.99999994), (0, 0, 1), (0, 0, 1), (0, 0, 1), (0, 0, 1), (0, 0, 1), (0, 0, 1), (0, 0, 1), (0, 0, 1), (0, 0, 1), (0, 0, 1), (0, 0, 1), (0, 0, 1), (0, 0, 1), (0, 0, 1), (0, 0, 1), (0, 0, 1), (0, 0, 1), (0, 0, 1), (0, 0, 1), (0, 0, 1), (0, 0, 1), (0, 0, 1), (0, 0, 1), (0, 0, 1), (0, 0, 1), (0, 0, 1), (0, 0, 1), (0, 0, 1), (0, 0, 1), (0, 0, 1), (0, 0, 1), (0, 0, 1), (0, 0, 1), (0, 0, 1), (0, 0, 1), (0, 0, 1), (0, 0, 1), (0, 0, 1), (0, 0, 1), (0, 0, 1), (0, 0, 1), (0, 0, 1), (0, 0, 1), (0, 0, 1), (0, 0, 1), (0, 0, 1), (0, 0, 1), (0, 0, 1), (0, 0, 1), (0, 0, 1), (0, 0, 1), (0, 0, 1), (0, 0, 1), (0, 0, 1), (0, 0, 1), (0, 0, 1), (0, 0, 1), (0, 0, 1), (0, 0, 1), (0, 0, 1), (0, 0, 1), (0, 0, 1), (0, 0, 1), (0, 0, 1), (0, 0, 1), (0, 0, 1), (0, 0, 0.99999994), (0, 0, 0.99999994), (0, 0, 0.99999994), (0, 0, 1), (0, 0, 1), (0, 0, 1), (0, 0, 1), (0, 0, 1), (0, 0, 1), (0, 0, 1), (0, 0, 1), (0, 0, 1), (0, 0, 1), (0, 0, 1), (0, 0, 1), (0, 0, 1), (0, 0, 1), (0, 0, 1), (0, 0, 1), (0, 0, 1), (0, 0, 1), (0, 0, 1), (0, 0, 1), (0, 0, 1), (0, 0, 1), (0, 0, 1), (0, 0, 1), (0, 0, 1), (0, 0, 1), (0, 0, 1), (0, 0, 0.99999994), (0, 0, 0.99999994), (0, 0, 0.99999994), (0, 0, 1), (0, 0, 1), (0, 0, 1), (0, 0, 1), (0, 0, 1), (0, 0, 1)] (
                        interpolation = "faceVarying"
                    )
                    point3f[] points = [(0.025782, 0.0040920004, 0), (0.023964, 0.0040920004, 0), (0.023964, 0.001962, 0), (0.025018502, 0.00187875, 0), (0.025398001, 0.0012420001, 0), (0.025148252, 0.00072225, 0), (0.024552, 0.00050400005, 0), (0.024102751, 0.00057975005, 0), (0.023658, 0.000804, 0), (0.023658, 0.000198, 0), (0.024153002, 0.000004500005, 0), (0.024648001, -0.000054000004, 0), (0.02560725, 0.0003165, 0), (0.025986003, 0.001254, 0), (0.025588501, 0.00219975, 0), (0.024498, 0.002538, 0), (0.024498, 0.0035640004, 0), (0.025782, 0.0035640004, 0), (0.023178002, 0.0020460002, 0), (0.022815002, 0.0035685003, 0), (0.021858001, 0.0041460004, 0), (0.020901, 0.0035685003, 0), (0.020538, 0.0020460002, 0), (0.020901, 0.00052350014, 0), (0.021858001, -0.000054000004, 0), (0.022815002, 0.0005235001, 0), (0.02259, 0.0020460002, 0), (0.022395, 0.0009150002, 0), (0.021858001, 0.00050400005, 0), (0.021321, 0.0009150001, 0), (0.021126, 0.0020460002, 0), (0.021321, 0.0031770002, 0), (0.021858001, 0.0035880003, 0), (0.022395, 0.0031770002, 0), (0.020166, 0.0011040001, 0), (0.02002275, 0.0016770002, 0), (0.019596001, 0.002088, 0), (0.019981502, 0.00249375, 0), (0.020106, 0.0029580002, 0), (0.01976175, 0.0038062502, 0), (0.018900001, 0.0041460004, 0), (0.018005252, 0.0038100004, 0), (0.017646002, 0.0029700003, 0), (0.017774252, 0.0024817502, 0), (0.018132001, 0.002088, 0), (0.01769475, 0.0016755001, 0), (0.01755, 0.0011100001, 0), (0.017931001, 0.00028275006, 0), (0.018870002, -0.000054000004, 0), (0.0197925, 0.00027975003, 0), (0.019518001, 0.0029700003, 0), (0.01932975, 0.00254025, 0), (0.018876001, 0.002358, 0), (0.0184245, 0.002544, 0), (0.018234, 0.0029820001, 0), (0.01841475, 0.0034222503, 0), (0.018888002, 0.0035880003, 0), (0.01934025, 0.0034117503, 0), (0.019578, 0.001152, 0), (0.01939575, 0.00069975003, 0), (0.018858, 0.00050400005, 0), (0.018340502, 0.00068625004, 0), (0.018138, 0.001152, 0), (0.018337501, 0.00162, 0), (0.018870002, 0.0018000001, 0), (0.01937925, 0.0016155001, 0), (0.012383999, -0.000054000004, 0), (0.012804001, -0.000054000004, 0), (0.013979999, 0.0041460004, 0), (0.01356, 0.0041460004, 0), (0.008424, 0.0040920004, 0), (0.0066059995, 0.0040920004, 0), (0.0066059995, 0.001962, 0), (0.0076605007, 0.00187875, 0), (0.008040001, 0.0012420001, 0), (0.0077902502, 0.00072225, 0), (0.0071940003, 0.00050400005, 0), (0.00674475, 0.00057975005, 0), (0.0062999995, 0.000804, 0), (0.0062999995, 0.000198, 0), (0.006795, 0.000004500005, 0), (0.00729, -0.000054000004, 0), (0.008249249, 0.0003165, 0), (0.008628, 0.001254, 0), (0.0082305, 0.00219975, 0), (0.0071400004, 0.002538, 0), (0.0071400004, 0.0035640004, 0), (0.008424, 0.0035640004, 0), (0.00582, 0.0020460002, 0), (0.005457, 0.0035685003, 0), (0.0045, 0.0041460004, 0), (0.003543, 0.0035685003, 0), (0.0031799998, 0.0020460002, 0), (0.003543, 0.00052350014, 0), (0.0045, -0.000054000004, 0), (0.005457, 0.0005235001, 0), (0.005232, 0.0020460002, 0), (0.005037, 0.0009150002, 0), (0.0045, 0.00050400005, 0), (0.003963, 0.0009150001, 0), (0.003768, 0.0020460002, 0), (0.003963, 0.0031770002, 0), (0.0045, 0.0035880003, 0), (0.005037, 0.0031770002, 0), (0.0028200003, 0.0020460002, 0), (0.0024570003, 0.0035685003, 0), (0.0015, 0.0041460004, 0), (0.00054300006, 0.0035685003, 0), (0.00018, 0.0020460002, 0), (0.00054300006, 0.00052350014, 0), (0.0015, -0.000054000004, 0), (0.0024570003, 0.0005235001, 0), (0.002232, 0.0020460002, 0), (0.002037, 0.0009150002, 0), (0.0015, 0.00050400005, 0), (0.000963, 0.0009150001, 0), (0.000768, 0.0020460002, 0), (0.000963, 0.0031770002, 0), (0.0015, 0.0035880003, 0), (0.002037, 0.0031770002, 0)]
                    texCoord2f[] primvars:st = [(0.11764706, 0), (0.9411765, 0), (0.05882353, 0), (0.9411765, 0), (0, 0), (0.05882353, 0), (0.9411765, 0), (1, 0), (0, 0), (0.11764706, 0), (0.88235295, 0), (0.9411765, 0), (0.11764706, 0), (0.8235294, 0), (0.88235295, 0), (0.11764706, 0), (0.1764706, 0), (0.8235294, 0), (0.1764706, 0), (0.7647059, 0), (0.8235294, 0), (0.23529412, 0), (0.7647059, 0), (0.1764706, 0), (0.23529412, 0), (0.7058824, 0), (0.7647059, 0), (0.29411766, 0), (0.7058824, 0), (0.23529412, 0), (0.5294118, 0), (0.4117647, 0), (0.47058824, 0), (0.3529412, 0), (0.7058824, 0), (0.29411766, 0), (0.5294118, 0), (0.3529412, 0), (0.4117647, 0), (0.5294118, 0), (0.7058824, 0), (0.3529412, 0), (0.5294118, 0), (0.64705884, 0), (0.7058824, 0), (0.5882353, 0), (0.64705884, 0), (0.5294118, 0), (0.2, 0), (0.93333334, 0), (0.13333334, 0), (0.93333334, 0), (0.06666667, 0), (0.13333334, 0), (0.2, 0), (0.8666667, 0), (0.93333334, 0), (1, 0), (0.06666667, 0), (0.93333334, 0), (0.26666668, 0), (0.8666667, 0), (0.2, 0), (1, 0), (0, 0), (0.06666667, 0), (0.26666668, 0), (0.8, 0), (0.8666667, 0), (0.53333336, 0), (0, 0), (1, 0), (0.33333334, 0), (0.8, 0), (0.26666668, 0), (0.33333334, 0), (0.73333335, 0), (0.8, 0), (0.6, 0), (0, 0), (0.53333336, 0), (0.6, 0), (0.46666667, 0), (0, 0), (0.6666667, 0), (0.46666667, 0), (0.6, 0), (0.33333334, 0), (0.6666667, 0), (0.73333335, 0), (0.4, 0), (0.6666667, 0), (0.33333334, 0), (0.6666667, 0), (0.4, 0), (0.46666667, 0), (0.22580644, 0), (0.16129032, 0), (0.19354838, 0), (0.2580645, 0), (0.67741936, 0), (0.22580644, 0), (0.67741936, 0), (0.7096774, 0), (0.22580644, 0), (0.7096774, 0), (0.16129032, 0), (0.22580644, 0), (0.7096774, 0), (0.7419355, 0), (0.16129032, 0), (0.7419355, 0), (0.12903225, 0), (0.16129032, 0), (0.2580645, 0), (0.6451613, 0), (0.67741936, 0), (0.516129, 0), (0.12903225, 0), (0.7419355, 0), (0.2580645, 0), (0.61290324, 0), (0.6451613, 0), (0.29032257, 0), (0.61290324, 0), (0.2580645, 0), (0.5483871, 0), (0.12903225, 0), (0.516129, 0), (0.5483871, 0), (0.09677419, 0), (0.12903225, 0), (0.29032257, 0), (0.58064514, 0), (0.61290324, 0), (0.58064514, 0), (0.09677419, 0), (0.5483871, 0), (0.58064514, 0), (0.06451613, 0), (0.09677419, 0), (0.32258064, 0), (0.58064514, 0), (0.29032257, 0), (0.32258064, 0), (0.06451613, 0), (0.58064514, 0), (0.3548387, 0), (0.06451613, 0), (0.32258064, 0), (0.3548387, 0), (0.9677419, 0), (0.06451613, 0), (0.9677419, 0), (0.032258064, 0), (0.06451613, 0), (0.3548387, 0), (0.9354839, 0), (0.9677419, 0), (1, 0), (0.032258064, 0), (0.9677419, 0), (1, 0), (0, 0), (0.032258064, 0), (0.38709676, 0), (0.9354839, 0), (0.3548387, 0), (0.38709676, 0), (0.9032258, 0), (0.9354839, 0), (0.7741935, 0), (0, 0), (1, 0), (0.38709676, 0), (0.87096775, 0), (0.9032258, 0), (0.8064516, 0), (0, 0), (0.7741935, 0), (0.41935483, 0), (0.87096775, 0), (0.38709676, 0), (0.8064516, 0), (0.48387095, 0), (0, 0), (0.83870965, 0), (0.48387095, 0), (0.8064516, 0), (0.41935483, 0), (0.83870965, 0), (0.87096775, 0), (0.41935483, 0), (0.48387095, 0), (0.83870965, 0), (0.4516129, 0), (0.48387095, 0), (0.41935483, 0), (0, 0), (0.6666667, 0), (1, 0), (0, 0), (0.33333334, 0), (0.6666667, 0), (0.11764706, 0), (0.9411765, 0), (0.05882353, 0), (0.9411765, 0), (0, 0), (0.05882353, 0), (0.9411765, 0), (1, 0), (0, 0), (0.11764706, 0), (0.88235295, 0), (0.9411765, 0), (0.11764706, 0), (0.8235294, 0), (0.88235295, 0), (0.11764706, 0), (0.1764706, 0), (0.8235294, 0), (0.1764706, 0), (0.7647059, 0), (0.8235294, 0), (0.23529412, 0), (0.7647059, 0), (0.1764706, 0), (0.23529412, 0), (0.7058824, 0), (0.7647059, 0), (0.29411766, 0), (0.7058824, 0), (0.23529412, 0), (0.5294118, 0), (0.4117647, 0), (0.47058824, 0), (0.3529412, 0), (0.7058824, 0), (0.29411766, 0), (0.5294118, 0), (0.3529412, 0), (0.4117647, 0), (0.5294118, 0), (0.7058824, 0), (0.3529412, 0), (0.5294118, 0), (0.64705884, 0), (0.7058824, 0), (0.5882353, 0), (0.64705884, 0), (0.5294118, 0), (0.2, 0), (0.93333334, 0), (0.13333334, 0), (0.93333334, 0), (0.06666667, 0), (0.13333334, 0), (0.2, 0), (0.8666667, 0), (0.93333334, 0), (1, 0), (0.06666667, 0), (0.93333334, 0), (0.26666668, 0), (0.8666667, 0), (0.2, 0), (1, 0), (0, 0), (0.06666667, 0), (0.26666668, 0), (0.8, 0), (0.8666667, 0), (0.53333336, 0), (0, 0), (1, 0), (0.33333334, 0), (0.8, 0), (0.26666668, 0), (0.33333334, 0), (0.73333335, 0), (0.8, 0), (0.6, 0), (0, 0), (0.53333336, 0), (0.6, 0), (0.46666667, 0), (0, 0), (0.6666667, 0), (0.46666667, 0), (0.6, 0), (0.33333334, 0), (0.6666667, 0), (0.73333335, 0), (0.4, 0), (0.6666667, 0), (0.33333334, 0), (0.6666667, 0), (0.4, 0), (0.46666667, 0), (0.2, 0), (0.93333334, 0), (0.13333334, 0), (0.93333334, 0), (0.06666667, 0), (0.13333334, 0), (0.2, 0), (0.8666667, 0), (0.93333334, 0), (1, 0), (0.06666667, 0), (0.93333334, 0), (0.26666668, 0), (0.8666667, 0), (0.2, 0), (1, 0), (0, 0), (0.06666667, 0), (0.26666668, 0), (0.8, 0), (0.8666667, 0), (0.53333336, 0), (0, 0), (1, 0), (0.33333334, 0), (0.8, 0), (0.26666668, 0), (0.33333334, 0), (0.73333335, 0), (0.8, 0), (0.6, 0), (0, 0), (0.53333336, 0), (0.6, 0), (0.46666667, 0), (0, 0), (0.6666667, 0), (0.46666667, 0), (0.6, 0), (0.33333334, 0), (0.6666667, 0), (0.73333335, 0), (0.4, 0), (0.6666667, 0), (0.33333334, 0), (0.6666667, 0), (0.4, 0), (0.46666667, 0)] (
                        interpolation = "faceVarying"
                    )
                    uniform token subdivisionScheme = "none"
                    custom string userProperties:blender:data_name = "Printing.025"
                }
            }

            def Xform "Barcode_line_116"
            {
                custom string userProperties:blender:object_name = "Barcode line.116"
                float3 xformOp:rotateXYZ = (0, -0, 4.2688688e-7)
                float3 xformOp:scale = (0.99999994, 0.99999994, 1)
                double3 xformOp:translate = (0.010495531372725964, -0.003999999724328518, 0.0002500005066394806)
                uniform token[] xformOpOrder = ["xformOp:translate", "xformOp:rotateXYZ", "xformOp:scale"]

                def Mesh "Cube_170" (
                    active = true
                    prepend apiSchemas = ["MaterialBindingAPI"]
                )
                {
                    uniform bool doubleSided = 1
                    float3[] extent = [(-0.0003887234, -0.008, -0.000065), (0.0003887234, 0.008, 0.000065)]
                    int[] faceVertexCounts = [4, 4, 4, 4, 4, 4]
                    int[] faceVertexIndices = [0, 1, 3, 2, 2, 3, 7, 6, 6, 7, 5, 4, 4, 5, 1, 0, 2, 6, 4, 0, 7, 3, 1, 5]
                    rel material:binding = </Asset/_materials/Printed_dark_ink>
                    normal3f[] normals = [(-1, 0, 0), (-1, 0, 0), (-1, 0, 0), (-1, 0, 0), (0, 1, 0), (0, 1, 0), (0, 1, 0), (0, 1, 0), (1, 0, 0), (1, 0, 0), (1, 0, 0), (1, 0, 0), (0, -1, 0), (0, -1, 0), (0, -1, 0), (0, -1, 0), (0, 0, -1), (0, 0, -1), (0, 0, -1), (0, 0, -1), (0, 0, 1), (0, 0, 1), (0, 0, 1), (0, 0, 1)] (
                        interpolation = "faceVarying"
                    )
                    point3f[] points = [(-0.0003887234, -0.008, -0.000065), (-0.0003887234, -0.008, 0.000065), (-0.0003887234, 0.008, -0.000065), (-0.0003887234, 0.008, 0.000065), (0.0003887234, -0.008, -0.000065), (0.0003887234, -0.008, 0.000065), (0.0003887234, 0.008, -0.000065), (0.0003887234, 0.008, 0.000065)]
                    texCoord2f[] primvars:st = [(0.375, 0), (0.625, 0), (0.625, 0.25), (0.375, 0.25), (0.375, 0.25), (0.625, 0.25), (0.625, 0.5), (0.375, 0.5), (0.375, 0.5), (0.625, 0.5), (0.625, 0.75), (0.375, 0.75), (0.375, 0.75), (0.625, 0.75), (0.625, 1), (0.375, 1), (0.125, 0.5), (0.375, 0.5), (0.375, 0.75), (0.125, 0.75), (0.625, 0.5), (0.875, 0.5), (0.875, 0.75), (0.625, 0.75)] (
                        interpolation = "faceVarying"
                    )
                    uniform token subdivisionScheme = "none"
                    custom string userProperties:blender:data_name = "Cube.170"
                }
            }

            def Xform "Barcode_line_111"
            {
                custom string userProperties:blender:object_name = "Barcode line.111"
                float3 xformOp:rotateXYZ = (0, -0, 4.2688688e-7)
                float3 xformOp:scale = (0.99999994, 0.99999994, 1)
                double3 xformOp:translate = (-0.005053403787314892, -0.003999999724328518, 0.0002500005066394806)
                uniform token[] xformOpOrder = ["xformOp:translate", "xformOp:rotateXYZ", "xformOp:scale"]

                def Mesh "Cube_165" (
                    active = true
                    prepend apiSchemas = ["MaterialBindingAPI"]
                )
                {
                    uniform bool doubleSided = 1
                    float3[] extent = [(-0.0003887234, -0.008, -0.000065), (0.0003887234, 0.008, 0.000065)]
                    int[] faceVertexCounts = [4, 4, 4, 4, 4, 4]
                    int[] faceVertexIndices = [0, 1, 3, 2, 2, 3, 7, 6, 6, 7, 5, 4, 4, 5, 1, 0, 2, 6, 4, 0, 7, 3, 1, 5]
                    rel material:binding = </Asset/_materials/Printed_dark_ink>
                    normal3f[] normals = [(-1, 0, 0), (-1, 0, 0), (-1, 0, 0), (-1, 0, 0), (0, 1, 0), (0, 1, 0), (0, 1, 0), (0, 1, 0), (1, 0, 0), (1, 0, 0), (1, 0, 0), (1, 0, 0), (0, -1, 0), (0, -1, 0), (0, -1, 0), (0, -1, 0), (0, 0, -1), (0, 0, -1), (0, 0, -1), (0, 0, -1), (0, 0, 1), (0, 0, 1), (0, 0, 1), (0, 0, 1)] (
                        interpolation = "faceVarying"
                    )
                    point3f[] points = [(-0.0003887234, -0.008, -0.000065), (-0.0003887234, -0.008, 0.000065), (-0.0003887234, 0.008, -0.000065), (-0.0003887234, 0.008, 0.000065), (0.0003887234, -0.008, -0.000065), (0.0003887234, -0.008, 0.000065), (0.0003887234, 0.008, -0.000065), (0.0003887234, 0.008, 0.000065)]
                    texCoord2f[] primvars:st = [(0.375, 0), (0.625, 0), (0.625, 0.25), (0.375, 0.25), (0.375, 0.25), (0.625, 0.25), (0.625, 0.5), (0.375, 0.5), (0.375, 0.5), (0.625, 0.5), (0.625, 0.75), (0.375, 0.75), (0.375, 0.75), (0.625, 0.75), (0.625, 1), (0.375, 1), (0.125, 0.5), (0.375, 0.5), (0.375, 0.75), (0.125, 0.75), (0.625, 0.5), (0.875, 0.5), (0.875, 0.75), (0.625, 0.75)] (
                        interpolation = "faceVarying"
                    )
                    uniform token subdivisionScheme = "none"
                    custom string userProperties:blender:data_name = "Cube.165"
                }
            }

            def Xform "Barcode_line_106"
            {
                custom string userProperties:blender:object_name = "Barcode line.106"
                float3 xformOp:rotateXYZ = (0, -0, 4.2688688e-7)
                float3 xformOp:scale = (0.99999994, 0.99999994, 1)
                double3 xformOp:translate = (-0.017103828489780426, -0.003999999724328518, 0.0002500005066394806)
                uniform token[] xformOpOrder = ["xformOp:translate", "xformOp:rotateXYZ", "xformOp:scale"]

                def Mesh "Cube_160" (
                    active = true
                    prepend apiSchemas = ["MaterialBindingAPI"]
                )
                {
                    uniform bool doubleSided = 1
                    float3[] extent = [(-0.0007774468, -0.008, -0.000065), (0.0007774468, 0.008, 0.000065)]
                    int[] faceVertexCounts = [4, 4, 4, 4, 4, 4]
                    int[] faceVertexIndices = [0, 1, 3, 2, 2, 3, 7, 6, 6, 7, 5, 4, 4, 5, 1, 0, 2, 6, 4, 0, 7, 3, 1, 5]
                    rel material:binding = </Asset/_materials/Printed_dark_ink>
                    normal3f[] normals = [(-1, 0, 0), (-1, 0, 0), (-1, 0, 0), (-1, 0, 0), (0, 1, 0), (0, 1, 0), (0, 1, 0), (0, 1, 0), (1, 0, 0), (1, 0, 0), (1, 0, 0), (1, 0, 0), (0, -1, 0), (0, -1, 0), (0, -1, 0), (0, -1, 0), (0, 0, -1), (0, 0, -1), (0, 0, -1), (0, 0, -1), (0, 0, 1), (0, 0, 1), (0, 0, 1), (0, 0, 1)] (
                        interpolation = "faceVarying"
                    )
                    point3f[] points = [(-0.0007774468, -0.008, -0.000065), (-0.0007774468, -0.008, 0.000065), (-0.0007774468, 0.008, -0.000065), (-0.0007774468, 0.008, 0.000065), (0.0007774468, -0.008, -0.000065), (0.0007774468, -0.008, 0.000065), (0.0007774468, 0.008, -0.000065), (0.0007774468, 0.008, 0.000065)]
                    texCoord2f[] primvars:st = [(0.375, 0), (0.625, 0), (0.625, 0.25), (0.375, 0.25), (0.375, 0.25), (0.625, 0.25), (0.625, 0.5), (0.375, 0.5), (0.375, 0.5), (0.625, 0.5), (0.625, 0.75), (0.375, 0.75), (0.375, 0.75), (0.625, 0.75), (0.625, 1), (0.375, 1), (0.125, 0.5), (0.375, 0.5), (0.375, 0.75), (0.125, 0.75), (0.625, 0.5), (0.875, 0.5), (0.875, 0.75), (0.625, 0.75)] (
                        interpolation = "faceVarying"
                    )
                    uniform token subdivisionScheme = "none"
                    custom string userProperties:blender:data_name = "Cube.160"
                }
            }

            def Xform "Barcode_line_110"
            {
                custom string userProperties:blender:object_name = "Barcode line.110"
                float3 xformOp:rotateXYZ = (0, -0, 4.2688688e-7)
                float3 xformOp:scale = (0.99999994, 0.99999994, 1)
                double3 xformOp:translate = (-0.007385744247585535, -0.004000000189989805, 0.0002500005066394806)
                uniform token[] xformOpOrder = ["xformOp:translate", "xformOp:rotateXYZ", "xformOp:scale"]

                def Mesh "Cube_164" (
                    active = true
                    prepend apiSchemas = ["MaterialBindingAPI"]
                )
                {
                    uniform bool doubleSided = 1
                    float3[] extent = [(-0.0011661702, -0.008, -0.000065), (0.0011661702, 0.008, 0.000065)]
                    int[] faceVertexCounts = [4, 4, 4, 4, 4, 4]
                    int[] faceVertexIndices = [0, 1, 3, 2, 2, 3, 7, 6, 6, 7, 5, 4, 4, 5, 1, 0, 2, 6, 4, 0, 7, 3, 1, 5]
                    rel material:binding = </Asset/_materials/Printed_dark_ink>
                    normal3f[] normals = [(-1, 0, 0), (-1, 0, 0), (-1, 0, 0), (-1, 0, 0), (0, 1, 0), (0, 1, 0), (0, 1, 0), (0, 1, 0), (1, 0, 0), (1, 0, 0), (1, 0, 0), (1, 0, 0), (0, -1, 0), (0, -1, 0), (0, -1, 0), (0, -1, 0), (0, 0, -1), (0, 0, -1), (0, 0, -1), (0, 0, -1), (0, 0, 1), (0, 0, 1), (0, 0, 1), (0, 0, 1)] (
                        interpolation = "faceVarying"
                    )
                    point3f[] points = [(-0.0011661702, -0.008, -0.000065), (-0.0011661702, -0.008, 0.000065), (-0.0011661702, 0.008, -0.000065), (-0.0011661702, 0.008, 0.000065), (0.0011661702, -0.008, -0.000065), (0.0011661702, -0.008, 0.000065), (0.0011661702, 0.008, -0.000065), (0.0011661702, 0.008, 0.000065)]
                    texCoord2f[] primvars:st = [(0.375, 0), (0.625, 0), (0.625, 0.25), (0.375, 0.25), (0.375, 0.25), (0.625, 0.25), (0.625, 0.5), (0.375, 0.5), (0.375, 0.5), (0.625, 0.5), (0.625, 0.75), (0.375, 0.75), (0.375, 0.75), (0.625, 0.75), (0.625, 1), (0.375, 1), (0.125, 0.5), (0.375, 0.5), (0.375, 0.75), (0.125, 0.75), (0.625, 0.5), (0.875, 0.5), (0.875, 0.75), (0.625, 0.75)] (
                        interpolation = "faceVarying"
                    )
                    uniform token subdivisionScheme = "none"
                    custom string userProperties:blender:data_name = "Cube.164"
                }
            }

            def Xform "Barcode_line_124"
            {
                custom string userProperties:blender:object_name = "Barcode line.124"
                float3 xformOp:rotateXYZ = (0, -0, 4.2688688e-7)
                float3 xformOp:scale = (0.99999994, 0.99999994, 1)
                double3 xformOp:translate = (0.03615127131342888, -0.003999999724328518, 0.0002500005066394806)
                uniform token[] xformOpOrder = ["xformOp:translate", "xformOp:rotateXYZ", "xformOp:scale"]

                def Mesh "Cube_178" (
                    active = true
                    prepend apiSchemas = ["MaterialBindingAPI"]
                )
                {
                    uniform bool doubleSided = 1
                    float3[] extent = [(-0.0003887234, -0.008, -0.000065), (0.0003887234, 0.008, 0.000065)]
                    int[] faceVertexCounts = [4, 4, 4, 4, 4, 4]
                    int[] faceVertexIndices = [0, 1, 3, 2, 2, 3, 7, 6, 6, 7, 5, 4, 4, 5, 1, 0, 2, 6, 4, 0, 7, 3, 1, 5]
                    rel material:binding = </Asset/_materials/Printed_dark_ink>
                    normal3f[] normals = [(-1, 0, 0), (-1, 0, 0), (-1, 0, 0), (-1, 0, 0), (0, 1, 0), (0, 1, 0), (0, 1, 0), (0, 1, 0), (1, 0, 0), (1, 0, 0), (1, 0, 0), (1, 0, 0), (0, -1, 0), (0, -1, 0), (0, -1, 0), (0, -1, 0), (0, 0, -1), (0, 0, -1), (0, 0, -1), (0, 0, -1), (0, 0, 1), (0, 0, 1), (0, 0, 1), (0, 0, 1)] (
                        interpolation = "faceVarying"
                    )
                    point3f[] points = [(-0.0003887234, -0.008, -0.000065), (-0.0003887234, -0.008, 0.000065), (-0.0003887234, 0.008, -0.000065), (-0.0003887234, 0.008, 0.000065), (0.0003887234, -0.008, -0.000065), (0.0003887234, -0.008, 0.000065), (0.0003887234, 0.008, -0.000065), (0.0003887234, 0.008, 0.000065)]
                    texCoord2f[] primvars:st = [(0.375, 0), (0.625, 0), (0.625, 0.25), (0.375, 0.25), (0.375, 0.25), (0.625, 0.25), (0.625, 0.5), (0.375, 0.5), (0.375, 0.5), (0.625, 0.5), (0.625, 0.75), (0.375, 0.75), (0.375, 0.75), (0.625, 0.75), (0.625, 1), (0.375, 1), (0.125, 0.5), (0.375, 0.5), (0.375, 0.75), (0.125, 0.75), (0.625, 0.5), (0.875, 0.5), (0.875, 0.75), (0.625, 0.75)] (
                        interpolation = "faceVarying"
                    )
                    uniform token subdivisionScheme = "none"
                    custom string userProperties:blender:data_name = "Cube.178"
                }
            }

            def Xform "Barcode_line_101"
            {
                custom string userProperties:blender:object_name = "Barcode line.101"
                float3 xformOp:rotateXYZ = (0, -0, 4.2688688e-7)
                float3 xformOp:scale = (0.99999994, 0.99999994, 1)
                double3 xformOp:translate = (-0.033041488379240036, -0.004000000189989805, 0.0002500005066394806)
                uniform token[] xformOpOrder = ["xformOp:translate", "xformOp:rotateXYZ", "xformOp:scale"]

                def Mesh "Cube_155" (
                    active = true
                    prepend apiSchemas = ["MaterialBindingAPI"]
                )
                {
                    uniform bool doubleSided = 1
                    float3[] extent = [(-0.0003887234, -0.008, -0.000065), (0.0003887234, 0.008, 0.000065)]
                    int[] faceVertexCounts = [4, 4, 4, 4, 4, 4]
                    int[] faceVertexIndices = [0, 1, 3, 2, 2, 3, 7, 6, 6, 7, 5, 4, 4, 5, 1, 0, 2, 6, 4, 0, 7, 3, 1, 5]
                    rel material:binding = </Asset/_materials/Printed_dark_ink>
                    normal3f[] normals = [(-1, 0, 0), (-1, 0, 0), (-1, 0, 0), (-1, 0, 0), (0, 1, 0), (0, 1, 0), (0, 1, 0), (0, 1, 0), (1, 0, 0), (1, 0, 0), (1, 0, 0), (1, 0, 0), (0, -1, 0), (0, -1, 0), (0, -1, 0), (0, -1, 0), (0, 0, -1), (0, 0, -1), (0, 0, -1), (0, 0, -1), (0, 0, 1), (0, 0, 1), (0, 0, 1), (0, 0, 1)] (
                        interpolation = "faceVarying"
                    )
                    point3f[] points = [(-0.0003887234, -0.008, -0.000065), (-0.0003887234, -0.008, 0.000065), (-0.0003887234, 0.008, -0.000065), (-0.0003887234, 0.008, 0.000065), (0.0003887234, -0.008, -0.000065), (0.0003887234, -0.008, 0.000065), (0.0003887234, 0.008, -0.000065), (0.0003887234, 0.008, 0.000065)]
                    texCoord2f[] primvars:st = [(0.375, 0), (0.625, 0), (0.625, 0.25), (0.375, 0.25), (0.375, 0.25), (0.625, 0.25), (0.625, 0.5), (0.375, 0.5), (0.375, 0.5), (0.625, 0.5), (0.625, 0.75), (0.375, 0.75), (0.375, 0.75), (0.625, 0.75), (0.625, 1), (0.375, 1), (0.125, 0.5), (0.375, 0.5), (0.375, 0.75), (0.125, 0.75), (0.625, 0.5), (0.875, 0.5), (0.875, 0.75), (0.625, 0.75)] (
                        interpolation = "faceVarying"
                    )
                    uniform token subdivisionScheme = "none"
                    custom string userProperties:blender:data_name = "Cube.155"
                }
            }

            def Xform "Barcode_line_123"
            {
                custom string userProperties:blender:object_name = "Barcode line.123"
                float3 xformOp:rotateXYZ = (0, -0, 4.2688688e-7)
                float3 xformOp:scale = (0.99999994, 0.99999994, 1)
                double3 xformOp:translate = (0.03226403519511223, -0.003999999724328518, 0.0002500005066394806)
                uniform token[] xformOpOrder = ["xformOp:translate", "xformOp:rotateXYZ", "xformOp:scale"]

                def Mesh "Cube_177" (
                    active = true
                    prepend apiSchemas = ["MaterialBindingAPI"]
                )
                {
                    uniform bool doubleSided = 1
                    float3[] extent = [(-0.0011661702, -0.008, -0.000065), (0.0011661702, 0.008, 0.000065)]
                    int[] faceVertexCounts = [4, 4, 4, 4, 4, 4]
                    int[] faceVertexIndices = [0, 1, 3, 2, 2, 3, 7, 6, 6, 7, 5, 4, 4, 5, 1, 0, 2, 6, 4, 0, 7, 3, 1, 5]
                    rel material:binding = </Asset/_materials/Printed_dark_ink>
                    normal3f[] normals = [(-1, 0, 0), (-1, 0, 0), (-1, 0, 0), (-1, 0, 0), (0, 1, 0), (0, 1, 0), (0, 1, 0), (0, 1, 0), (1, 0, 0), (1, 0, 0), (1, 0, 0), (1, 0, 0), (0, -1, 0), (0, -1, 0), (0, -1, 0), (0, -1, 0), (0, 0, -1), (0, 0, -1), (0, 0, -1), (0, 0, -1), (0, 0, 1), (0, 0, 1), (0, 0, 1), (0, 0, 1)] (
                        interpolation = "faceVarying"
                    )
                    point3f[] points = [(-0.0011661702, -0.008, -0.000065), (-0.0011661702, -0.008, 0.000065), (-0.0011661702, 0.008, -0.000065), (-0.0011661702, 0.008, 0.000065), (0.0011661702, -0.008, -0.000065), (0.0011661702, -0.008, 0.000065), (0.0011661702, 0.008, -0.000065), (0.0011661702, 0.008, 0.000065)]
                    texCoord2f[] primvars:st = [(0.375, 0), (0.625, 0), (0.625, 0.25), (0.375, 0.25), (0.375, 0.25), (0.625, 0.25), (0.625, 0.5), (0.375, 0.5), (0.375, 0.5), (0.625, 0.5), (0.625, 0.75), (0.375, 0.75), (0.375, 0.75), (0.625, 0.75), (0.625, 1), (0.375, 1), (0.125, 0.5), (0.375, 0.5), (0.375, 0.75), (0.125, 0.75), (0.625, 0.5), (0.875, 0.5), (0.875, 0.75), (0.625, 0.75)] (
                        interpolation = "faceVarying"
                    )
                    uniform token subdivisionScheme = "none"
                    custom string userProperties:blender:data_name = "Cube.177"
                }
            }

            def Xform "Barcode_line_109"
            {
                custom string userProperties:blender:object_name = "Barcode line.109"
                float3 xformOp:rotateXYZ = (0, -0, 4.2688688e-7)
                float3 xformOp:scale = (0.99999994, 0.99999994, 1)
                double3 xformOp:translate = (-0.009718084707856178, -0.003999999724328518, 0.0002500005066394806)
                uniform token[] xformOpOrder = ["xformOp:translate", "xformOp:rotateXYZ", "xformOp:scale"]

                def Mesh "Cube_163" (
                    active = true
                    prepend apiSchemas = ["MaterialBindingAPI"]
                )
                {
                    uniform bool doubleSided = 1
                    float3[] extent = [(-0.0003887234, -0.008, -0.000065), (0.0003887234, 0.008, 0.000065)]
                    int[] faceVertexCounts = [4, 4, 4, 4, 4, 4]
                    int[] faceVertexIndices = [0, 1, 3, 2, 2, 3, 7, 6, 6, 7, 5, 4, 4, 5, 1, 0, 2, 6, 4, 0, 7, 3, 1, 5]
                    rel material:binding = </Asset/_materials/Printed_dark_ink>
                    normal3f[] normals = [(-1, 0, 0), (-1, 0, 0), (-1, 0, 0), (-1, 0, 0), (0, 1, 0), (0, 1, 0), (0, 1, 0), (0, 1, 0), (1, 0, 0), (1, 0, 0), (1, 0, 0), (1, 0, 0), (0, -1, 0), (0, -1, 0), (0, -1, 0), (0, -1, 0), (0, 0, -1), (0, 0, -1), (0, 0, -1), (0, 0, -1), (0, 0, 1), (0, 0, 1), (0, 0, 1), (0, 0, 1)] (
                        interpolation = "faceVarying"
                    )
                    point3f[] points = [(-0.0003887234, -0.008, -0.000065), (-0.0003887234, -0.008, 0.000065), (-0.0003887234, 0.008, -0.000065), (-0.0003887234, 0.008, 0.000065), (0.0003887234, -0.008, -0.000065), (0.0003887234, -0.008, 0.000065), (0.0003887234, 0.008, -0.000065), (0.0003887234, 0.008, 0.000065)]
                    texCoord2f[] primvars:st = [(0.375, 0), (0.625, 0), (0.625, 0.25), (0.375, 0.25), (0.375, 0.25), (0.625, 0.25), (0.625, 0.5), (0.375, 0.5), (0.375, 0.5), (0.625, 0.5), (0.625, 0.75), (0.375, 0.75), (0.375, 0.75), (0.625, 0.75), (0.625, 1), (0.375, 1), (0.125, 0.5), (0.375, 0.5), (0.375, 0.75), (0.125, 0.75), (0.625, 0.5), (0.875, 0.5), (0.875, 0.75), (0.625, 0.75)] (
                        interpolation = "faceVarying"
                    )
                    uniform token subdivisionScheme = "none"
                    custom string userProperties:blender:data_name = "Cube.163"
                }
            }

            def Xform "Barcode_line_122"
            {
                custom string userProperties:blender:object_name = "Barcode line.122"
                float3 xformOp:rotateXYZ = (0, -0, 4.2688688e-7)
                float3 xformOp:scale = (0.99999994, 0.99999994, 1)
                double3 xformOp:translate = (0.029154255986213684, -0.003999999724328518, 0.0002500005066394806)
                uniform token[] xformOpOrder = ["xformOp:translate", "xformOp:rotateXYZ", "xformOp:scale"]

                def Mesh "Cube_176" (
                    active = true
                    prepend apiSchemas = ["MaterialBindingAPI"]
                )
                {
                    uniform bool doubleSided = 1
                    float3[] extent = [(-0.0011661702, -0.008, -0.000065), (0.0011661702, 0.008, 0.000065)]
                    int[] faceVertexCounts = [4, 4, 4, 4, 4, 4]
                    int[] faceVertexIndices = [0, 1, 3, 2, 2, 3, 7, 6, 6, 7, 5, 4, 4, 5, 1, 0, 2, 6, 4, 0, 7, 3, 1, 5]
                    rel material:binding = </Asset/_materials/Printed_dark_ink>
                    normal3f[] normals = [(-1, 0, 0), (-1, 0, 0), (-1, 0, 0), (-1, 0, 0), (0, 1, 0), (0, 1, 0), (0, 1, 0), (0, 1, 0), (1, 0, 0), (1, 0, 0), (1, 0, 0), (1, 0, 0), (0, -1, 0), (0, -1, 0), (0, -1, 0), (0, -1, 0), (0, 0, -1), (0, 0, -1), (0, 0, -1), (0, 0, -1), (0, 0, 1), (0, 0, 1), (0, 0, 1), (0, 0, 1)] (
                        interpolation = "faceVarying"
                    )
                    point3f[] points = [(-0.0011661702, -0.008, -0.000065), (-0.0011661702, -0.008, 0.000065), (-0.0011661702, 0.008, -0.000065), (-0.0011661702, 0.008, 0.000065), (0.0011661702, -0.008, -0.000065), (0.0011661702, -0.008, 0.000065), (0.0011661702, 0.008, -0.000065), (0.0011661702, 0.008, 0.000065)]
                    texCoord2f[] primvars:st = [(0.375, 0), (0.625, 0), (0.625, 0.25), (0.375, 0.25), (0.375, 0.25), (0.625, 0.25), (0.625, 0.5), (0.375, 0.5), (0.375, 0.5), (0.625, 0.5), (0.625, 0.75), (0.375, 0.75), (0.375, 0.75), (0.625, 0.75), (0.625, 1), (0.375, 1), (0.125, 0.5), (0.375, 0.5), (0.375, 0.75), (0.125, 0.75), (0.625, 0.5), (0.875, 0.5), (0.875, 0.75), (0.625, 0.75)] (
                        interpolation = "faceVarying"
                    )
                    uniform token subdivisionScheme = "none"
                    custom string userProperties:blender:data_name = "Cube.176"
                }
            }

            def Xform "Print_10__2608__805005"
            {
                custom string userProperties:blender:object_name = "Print_10__2608__805005"
                float3 xformOp:rotateXYZ = (0, -0, 4.2688688e-7)
                float3 xformOp:scale = (0.99999994, 0.99999994, 1)
                double3 xformOp:translate = (-0.035669997334480286, -0.01769999787211418, 0.00019999966025352478)
                uniform token[] xformOpOrder = ["xformOp:translate", "xformOp:rotateXYZ", "xformOp:scale"]

                def Mesh "Printing_027" (
                    active = true
                    prepend apiSchemas = ["MaterialBindingAPI"]
                )
                {
                    uniform bool doubleSided = 1
                    float3[] extent = [(0.00062620005, -0.000027900003, 0), (0.021855, 0.0021421001, 0)]
                    int[] faceVertexCounts = [3, 3, 3, 3, 3, 3, 3, 3, 3, 3, 3, 3, 3, 3, 3, 3, 3, 3, 3, 3, 3, 3, 3, 3, 3, 3, 3, 3, 3, 3, 3, 3, 3, 3, 3, 3, 3, 3, 3, 3, 3, 3, 3, 3, 3, 3, 3, 3, 3, 3, 3, 3, 3, 3, 3, 3, 3, 3, 3, 3, 3, 3, 3, 3, 3, 3, 3, 3, 3, 3, 3, 3, 3, 3, 3, 3, 3, 3, 3, 3, 3, 3, 3, 3, 3, 3, 3, 3, 3, 3, 3, 3, 3, 3, 3, 3, 3, 3, 3, 3, 3, 3, 3, 3, 3, 3, 3, 3, 3, 3, 3, 3, 3, 3, 3, 3, 3, 3, 3, 3, 3, 3, 3, 3, 3, 3, 3, 3, 3, 3, 3, 3, 3, 3, 3, 3, 3, 3, 3, 3, 3, 3, 3, 3, 3, 3, 3, 3, 3, 3, 3, 3, 3, 3, 3, 3, 3, 3, 3, 3, 3, 3, 3, 3, 3, 3, 3, 3, 3, 3, 3, 3, 3, 3, 3, 3, 3, 3, 3, 3, 3, 3, 3, 3, 3, 3, 3, 3, 3, 3, 3, 3, 3, 3, 3, 3, 3, 3, 3, 3, 3, 3, 3, 3, 3, 3, 3, 3, 3, 3, 3, 3, 3, 3, 3, 3, 3, 3, 3, 3]
                    int[] faceVertexIndices = [2, 16, 1, 16, 0, 1, 16, 17, 0, 2, 15, 16, 2, 14, 15, 2, 3, 14, 3, 13, 14, 4, 13, 3, 4, 12, 13, 5, 12, 4, 9, 7, 8, 6, 12, 5, 9, 6, 7, 9, 12, 6, 9, 11, 12, 10, 11, 9, 21, 32, 20, 32, 19, 20, 21, 31, 32, 33, 19, 32, 22, 31, 21, 33, 18, 19, 22, 30, 31, 26, 18, 33, 23, 30, 22, 23, 29, 30, 27, 18, 26, 27, 25, 18, 23, 28, 29, 28, 25, 27, 24, 28, 23, 28, 24, 25, 37, 48, 36, 48, 35, 36, 37, 47, 48, 49, 35, 48, 38, 47, 37, 49, 34, 35, 38, 46, 47, 42, 34, 49, 39, 46, 38, 39, 45, 46, 43, 34, 42, 43, 41, 34, 39, 44, 45, 44, 41, 43, 40, 44, 39, 44, 40, 41, 52, 66, 51, 66, 50, 51, 66, 67, 50, 52, 65, 66, 52, 64, 65, 52, 53, 64, 53, 63, 64, 54, 63, 53, 54, 62, 63, 55, 62, 54, 59, 57, 58, 56, 62, 55, 59, 56, 57, 59, 62, 56, 59, 61, 62, 60, 61, 59, 71, 82, 70, 82, 69, 70, 71, 81, 82, 83, 69, 82, 72, 81, 71, 83, 68, 69, 72, 80, 81, 76, 68, 83, 73, 80, 72, 73, 79, 80, 77, 68, 76, 77, 75, 68, 73, 78, 79, 78, 75, 77, 74, 78, 73, 78, 74, 75, 91, 89, 90, 92, 105, 91, 105, 106, 91, 106, 89, 91, 106, 107, 89, 107, 88, 89, 92, 104, 105, 100, 88, 107, 92, 103, 104, 93, 103, 92, 101, 88, 100, 101, 87, 88, 93, 102, 103, 102, 87, 101, 102, 86, 87, 94, 102, 93, 94, 86, 102, 95, 86, 94, 95, 114, 86, 114, 85, 86, 95, 113, 114, 115, 85, 114, 115, 84, 85, 96, 113, 95, 96, 112, 113, 108, 84, 115, 96, 111, 112, 109, 84, 108, 97, 111, 96, 109, 99, 84, 110, 99, 109, 97, 110, 111, 97, 99, 110, 98, 99, 97, 123, 121, 122, 124, 137, 123, 137, 138, 123, 138, 121, 123, 138, 139, 121, 139, 120, 121, 124, 136, 137, 132, 120, 139, 124, 135, 136, 125, 135, 124, 133, 120, 132, 133, 119, 120, 125, 134, 135, 134, 119, 133, 134, 118, 119, 126, 134, 125, 126, 118, 134, 127, 118, 126, 127, 146, 118, 146, 117, 118, 127, 145, 146, 147, 117, 146, 147, 116, 117, 128, 145, 127, 128, 144, 145, 140, 116, 147, 128, 143, 144, 141, 116, 140, 129, 143, 128, 141, 131, 116, 142, 131, 141, 129, 142, 143, 129, 131, 142, 130, 131, 129, 151, 162, 150, 162, 149, 150, 151, 161, 162, 163, 149, 162, 152, 161, 151, 163, 148, 149, 152, 160, 161, 156, 148, 163, 153, 160, 152, 153, 159, 160, 157, 148, 156, 157, 155, 148, 153, 158, 159, 158, 155, 157, 154, 158, 153, 158, 154, 155, 165, 176, 164, 165, 175, 176, 165, 174, 175, 166, 174, 165, 173, 171, 172, 174, 171, 173, 166, 178, 174, 178, 171, 174, 178, 179, 171, 179, 180, 171, 180, 170, 171, 166, 177, 178, 181, 170, 180, 166, 184, 177, 167, 184, 166, 182, 170, 181, 182, 169, 170, 167, 183, 184, 183, 169, 182, 167, 169, 183, 168, 169, 167, 191, 189, 190, 192, 189, 191, 192, 195, 189, 195, 196, 189, 196, 188, 189, 193, 194, 192, 194, 195, 192, 197, 188, 196, 197, 187, 188, 198, 187, 197, 199, 187, 198, 200, 187, 199, 200, 186, 187, 201, 186, 200, 201, 185, 186, 201, 203, 185, 202, 203, 201, 207, 218, 206, 218, 205, 206, 207, 217, 218, 219, 205, 218, 208, 217, 207, 219, 204, 205, 208, 216, 217, 212, 204, 219, 209, 216, 208, 209, 215, 216, 213, 204, 212, 213, 211, 204, 209, 214, 215, 214, 211, 213, 210, 214, 209, 214, 210, 211, 222, 220, 221, 222, 223, 220]
                    rel material:binding = </Asset/_materials/Printed_dark_ink>
                    normal3f[] normals = [(0, 0, 1), (0, 0, 1), (0, 0, 1), (0, 0, 1), (0, 0, 1), (0, 0, 1), (0, 0, 1), (0, 0, 1), (0, 0, 1), (0, 0, 1), (0, 0, 1), (0, 0, 1), (0, 0, 1), (0, 0, 1), (0, 0, 1), (0, 0, 1), (0, 0, 1), (0, 0, 1), (0, 0, 1), (0, 0, 1), (0, 0, 1), (0, 0, 0.99999994), (0, 0, 0.99999994), (0, 0, 0.99999994), (0, 0, 0.99999994), (0, 0, 0.99999994), (0, 0, 0.99999994), (0, 0, 1), (0, 0, 1), (0, 0, 1), (0, 0, 1), (0, 0, 1), (0, 0, 1), (0, 0, 1), (0, 0, 1), (0, 0, 1), (0, 0, 1), (0, 0, 1), (0, 0, 1), (0, 0, 1), (0, 0, 1), (0, 0, 1), (0, 0, 1), (0, 0, 1), (0, 0, 1), (0, 0, 1), (0, 0, 1), (0, 0, 1), (0, 0, 1), (0, 0, 1), (0, 0, 1), (0, 0, 1), (0, 0, 1), (0, 0, 1), (0, 0, 1), (0, 0, 1), (0, 0, 1), (0, 0, 0.99999994), (0, 0, 0.99999994), (0, 0, 0.99999994), (0, 0, 1), (0, 0, 1), (0, 0, 1), (0, 0, 1), (0, 0, 1), (0, 0, 1), (0, 0, 0.99999994), (0, 0, 0.99999994), (0, 0, 0.99999994), (0, 0, 0.99999994), (0, 0, 0.99999994), (0, 0, 0.99999994), (0, 0, 1), (0, 0, 1), (0, 0, 1), (0, 0, 0.99999994), (0, 0, 0.99999994), (0, 0, 0.99999994), (0, 0, 1), (0, 0, 1), (0, 0, 1), (0, 0, 1), (0, 0, 1), (0, 0, 1), (0, 0, 0.99999994), (0, 0, 0.99999994), (0, 0, 0.99999994), (0, 0, 1), (0, 0, 1), (0, 0, 1), (0, 0, 1), (0, 0, 1), (0, 0, 1), (0, 0, 0.99999994), (0, 0, 0.99999994), (0, 0, 0.99999994), (0, 0, 1), (0, 0, 1), (0, 0, 1), (0, 0, 1), (0, 0, 1), (0, 0, 1), (0, 0, 1), (0, 0, 1), (0, 0, 1), (0, 0, 0.99999994), (0, 0, 0.99999994), (0, 0, 0.99999994), (0, 0, 1), (0, 0, 1), (0, 0, 1), (0, 0, 1), (0, 0, 1), (0, 0, 1), (0, 0, 0.99999994), (0, 0, 0.99999994), (0, 0, 0.99999994), (0, 0, 0.99999994), (0, 0, 0.99999994), (0, 0, 0.99999994), (0, 0, 1), (0, 0, 1), (0, 0, 1), (0, 0, 0.99999994), (0, 0, 0.99999994), (0, 0, 0.99999994), (0, 0, 1), (0, 0, 1), (0, 0, 1), (0, 0, 1), (0, 0, 1), (0, 0, 1), (0, 0, 0.99999994), (0, 0, 0.99999994), (0, 0, 0.99999994), (0, 0, 1), (0, 0, 1), (0, 0, 1), (0, 0, 1), (0, 0, 1), (0, 0, 1), (0, 0, 0.99999994), (0, 0, 0.99999994), (0, 0, 0.99999994), (0, 0, 1), (0, 0, 1), (0, 0, 1), (0, 0, 1), (0, 0, 1), (0, 0, 1), (0, 0, 1), (0, 0, 1), (0, 0, 1), (0, 0, 1), (0, 0, 1), (0, 0, 1), (0, 0, 0.99999994), (0, 0, 0.99999994), (0, 0, 0.99999994), (0, 0, 0.99999994), (0, 0, 0.99999994), (0, 0, 0.99999994), (0, 0, 1), (0, 0, 1), (0, 0, 1), (0, 0, 1), (0, 0, 1), (0, 0, 1), (0, 0, 1), (0, 0, 1), (0, 0, 1), (0, 0, 1), (0, 0, 1), (0, 0, 1), (0, 0, 1), (0, 0, 1), (0, 0, 1), (0, 0, 1), (0, 0, 1), (0, 0, 1), (0, 0, 1), (0, 0, 1), (0, 0, 1), (0, 0, 0.99999994), (0, 0, 0.99999994), (0, 0, 0.99999994), (0, 0, 1), (0, 0, 1), (0, 0, 1), (0, 0, 1), (0, 0, 1), (0, 0, 1), (0, 0, 1), (0, 0, 1), (0, 0, 1), (0, 0, 1), (0, 0, 1), (0, 0, 1), (0, 0, 1), (0, 0, 1), (0, 0, 1), (0, 0, 1), (0, 0, 1), (0, 0, 1), (0, 0, 1), (0, 0, 1), (0, 0, 1), (0, 0, 1), (0, 0, 1), (0, 0, 1), (0, 0, 1), (0, 0, 1), (0, 0, 1), (0, 0, 0.99999994), (0, 0, 0.99999994), (0, 0, 0.99999994), (0, 0, 1), (0, 0, 1), (0, 0, 1), (0, 0, 1), (0, 0, 1), (0, 0, 1), (0, 0, 0.99999994), (0, 0, 0.99999994), (0, 0, 0.99999994), (0, 0, 1), (0, 0, 1), (0, 0, 1), (0, 0, 0.99999994), (0, 0, 0.99999994), (0, 0, 0.99999994), (0, 0, 0.99999994), (0, 0, 0.99999994), (0, 0, 0.99999994), (0, 0, 1), (0, 0, 1), (0, 0, 1), (0, 0, 1), (0, 0, 1), (0, 0, 1), (0, 0, 1), (0, 0, 1), (0, 0, 1), (0, 0, 1), (0, 0, 1), (0, 0, 1), (0, 0, 1), (0, 0, 1), (0, 0, 1), (0, 0, 0.99999994), (0, 0, 0.99999994), (0, 0, 0.99999994), (0, 0, 1), (0, 0, 1), (0, 0, 1), (0, 0, 1), (0, 0, 1), (0, 0, 1), (0, 0, 1), (0, 0, 1), (0, 0, 1), (0, 0, 1), (0, 0, 1), (0, 0, 1), (0, 0, 1), (0, 0, 1), (0, 0, 1), (0, 0, 1), (0, 0, 1), (0, 0, 1), (0, 0, 1), (0, 0, 1), (0, 0, 1), (0, 0, 1), (0, 0, 1), (0, 0, 1), (0, 0, 1), (0, 0, 1), (0, 0, 1), (0, 0, 1), (0, 0, 1), (0, 0, 1), (0, 0, 1), (0, 0, 1), (0, 0, 1), (0, 0, 1), (0, 0, 1), (0, 0, 1), (0, 0, 1), (0, 0, 1), (0, 0, 1), (0, 0, 1), (0, 0, 1), (0, 0, 1), (0, 0, 1), (0, 0, 1), (0, 0, 1), (0, 0, 1), (0, 0, 1), (0, 0, 1), (0, 0, 1), (0, 0, 1), (0, 0, 1), (0, 0, 1), (0, 0, 1), (0, 0, 1), (0, 0, 1), (0, 0, 1), (0, 0, 1), (0, 0, 1), (0, 0, 1), (0, 0, 1), (0, 0, 1), (0, 0, 1), (0, 0, 1), (0, 0, 1), (0, 0, 1), (0, 0, 1), (0, 0, 1), (0, 0, 1), (0, 0, 1), (0, 0, 1), (0, 0, 1), (0, 0, 1), (0, 0, 1), (0, 0, 1), (0, 0, 1), (0, 0, 1), (0, 0, 1), (0, 0, 1), (0, 0, 1), (0, 0, 1), (0, 0, 1), (0, 0, 1), (0, 0, 1), (0, 0, 1), (0, 0, 1), (0, 0, 1), (0, 0, 1), (0, 0, 1), (0, 0, 1), (0, 0, 1), (0, 0, 1), (0, 0, 1), (0, 0, 1), (0, 0, 1), (0, 0, 1), (0, 0, 1), (0, 0, 1), (0, 0, 1), (0, 0, 1), (0, 0, 1), (0, 0, 1), (0, 0, 1), (0, 0, 1), (0, 0, 1), (0, 0, 1), (0, 0, 1), (0, 0, 1), (0, 0, 1), (0, 0, 0.99999994), (0, 0, 0.99999994), (0, 0, 0.99999994), (0, 0, 1), (0, 0, 1), (0, 0, 1), (0, 0, 1), (0, 0, 1), (0, 0, 1), (0, 0, 0.99999994), (0, 0, 0.99999994), (0, 0, 0.99999994), (0, 0, 1), (0, 0, 1), (0, 0, 1), (0, 0, 1), (0, 0, 1), (0, 0, 1), (0, 0, 1), (0, 0, 1), (0, 0, 1), (0, 0, 1), (0, 0, 1), (0, 0, 1), (0, 0, 0.99999994), (0, 0, 0.99999994), (0, 0, 0.99999994), (0, 0, 1), (0, 0, 1), (0, 0, 1), (0, 0, 1), (0, 0, 1), (0, 0, 1), (0, 0, 1), (0, 0, 1), (0, 0, 1), (0, 0, 1), (0, 0, 1), (0, 0, 1), (0, 0, 1), (0, 0, 1), (0, 0, 1), (0, 0, 1), (0, 0, 1), (0, 0, 1), (0, 0, 1), (0, 0, 1), (0, 0, 1), (0, 0, 1), (0, 0, 1), (0, 0, 1), (0, 0, 1), (0, 0, 1), (0, 0, 1), (0, 0, 1), (0, 0, 1), (0, 0, 1), (0, 0, 1), (0, 0, 1), (0, 0, 1), (0, 0, 1), (0, 0, 1), (0, 0, 1), (0, 0, 1), (0, 0, 1), (0, 0, 1), (0, 0, 1), (0, 0, 1), (0, 0, 1), (0, 0, 1), (0, 0, 1), (0, 0, 1), (0, 0, 1), (0, 0, 1), (0, 0, 1), (0, 0, 1), (0, 0, 1), (0, 0, 1), (0, 0, 1), (0, 0, 1), (0, 0, 1), (0, 0, 1), (0, 0, 1), (0, 0, 1), (0, 0, 1), (0, 0, 1), (0, 0, 1), (0, 0, 1), (0, 0, 1), (0, 0, 1), (0, 0, 1), (0, 0, 1), (0, 0, 1), (0, 0, 1), (0, 0, 1), (0, 0, 1), (0, 0, 1), (0, 0, 1), (0, 0, 1), (0, 0, 1), (0, 0, 1), (0, 0, 1), (0, 0, 1), (0, 0, 1), (0, 0, 1), (0, 0, 0.99999994), (0, 0, 0.99999994), (0, 0, 0.99999994), (0, 0, 1), (0, 0, 1), (0, 0, 1), (0, 0, 0.99999994), (0, 0, 0.99999994), (0, 0, 0.99999994), (0, 0, 1), (0, 0, 1), (0, 0, 1), (0, 0, 1), (0, 0, 1), (0, 0, 1), (0, 0, 0.99999994), (0, 0, 0.99999994), (0, 0, 0.99999994), (0, 0, 1), (0, 0, 1), (0, 0, 1), (0, 0, 1), (0, 0, 1), (0, 0, 1), (0, 0, 1), (0, 0, 1), (0, 0, 1), (0, 0, 1), (0, 0, 1), (0, 0, 1), (0, 0, 1), (0, 0, 1), (0, 0, 1), (0, 0, 1), (0, 0, 1), (0, 0, 1), (0, 0, 1), (0, 0, 1), (0, 0, 1), (0, 0, 1), (0, 0, 1), (0, 0, 1), (0, 0, 1), (0, 0, 1), (0, 0, 1), (0, 0, 1), (0, 0, 1), (0, 0, 1), (0, 0, 1), (0, 0, 1), (0, 0, 1), (0, 0, 1), (0, 0, 1), (0, 0, 1), (0, 0, 1), (0, 0, 1), (0, 0, 1), (0, 0, 1), (0, 0, 1), (0, 0, 1), (0, 0, 1), (0, 0, 1), (0, 0, 1), (0, 0, 1), (0, 0, 1), (0, 0, 1), (0, 0, 1), (0, 0, 1), (0, 0, 1), (0, 0, 1), (0, 0, 1), (0, 0, 1), (0, 0, 1), (0, 0, 1), (0, 0, 1), (0, 0, 1), (0, 0, 1), (0, 0, 1), (0, 0, 1), (0, 0, 1), (0, 0, 1), (0, 0, 1), (0, 0, 1), (0, 0, 1), (0, 0, 1), (0, 0, 1), (0, 0, 1), (0, 0, 1), (0, 0, 1), (0, 0, 1), (0, 0, 0.99999994), (0, 0, 0.99999994), (0, 0, 0.99999994), (0, 0, 1), (0, 0, 1), (0, 0, 1), (0, 0, 1), (0, 0, 1), (0, 0, 1), (0, 0, 1), (0, 0, 1), (0, 0, 1), (0, 0, 1), (0, 0, 1), (0, 0, 1), (0, 0, 1), (0, 0, 1), (0, 0, 1), (0, 0, 1), (0, 0, 1), (0, 0, 1), (0, 0, 1), (0, 0, 1), (0, 0, 1), (0, 0, 1), (0, 0, 1), (0, 0, 1), (0, 0, 1), (0, 0, 1), (0, 0, 1), (0, 0, 1), (0, 0, 1), (0, 0, 1), (0, 0, 1), (0, 0, 1), (0, 0, 1), (0, 0, 0.99999994), (0, 0, 0.99999994), (0, 0, 0.99999994), (0, 0, 1), (0, 0, 1), (0, 0, 1), (0, 0, 1), (0, 0, 1), (0, 0, 1), (0, 0, 1), (0, 0, 1), (0, 0, 1), (0, 0, 1), (0, 0, 1), (0, 0, 1), (0, 0, 1), (0, 0, 1), (0, 0, 1), (0, 0, 1), (0, 0, 1), (0, 0, 1), (0, 0, 1), (0, 0, 1), (0, 0, 1), (0, 0, 1), (0, 0, 1), (0, 0, 1), (0, 0, 0.99999994), (0, 0, 0.99999994), (0, 0, 0.99999994), (0, 0, 1), (0, 0, 1), (0, 0, 1), (0, 0, 1), (0, 0, 1), (0, 0, 1), (0, 0, 1), (0, 0, 1), (0, 0, 1), (0, 0, 1), (0, 0, 1), (0, 0, 1), (0, 0, 1), (0, 0, 1), (0, 0, 1), (0, 0, 1), (0, 0, 1), (0, 0, 1), (0, 0, 1), (0, 0, 1), (0, 0, 1), (0, 0, 1), (0, 0, 1), (0, 0, 1), (0, 0, 1), (0, 0, 1), (0, 0, 1), (0, 0, 1), (0, 0, 1), (0, 0, 1), (0, 0, 1), (0, 0, 1), (0, 0, 1), (0, 0, 1), (0, 0, 1), (0, 0, 1), (0, 0, 1), (0, 0, 1), (0, 0, 1)] (
                        interpolation = "faceVarying"
                    )
                    point3f[] points = [(0.0217496, 0.0021142003, 0), (0.0208103, 0.0021142003, 0), (0.0208103, 0.0010137002, 0), (0.021355126, 0.00097068754, 0), (0.021551201, 0.00064170005, 0), (0.021422163, 0.00037316256, 0), (0.0211141, 0.00026040003, 0), (0.020881988, 0.00029953753, 0), (0.020652201, 0.00041540002, 0), (0.020652201, 0.0001023, 0), (0.020907952, 0.0000023249959, 0), (0.0211637, -0.000027900003, 0), (0.021659313, 0.000163525, 0), (0.021855, 0.00064790004, 0), (0.021649625, 0.0011365376, 0), (0.021086201, 0.0013113001, 0), (0.021086201, 0.0018414002, 0), (0.0217496, 0.0018414002, 0), (0.0204042, 0.0010571001, 0), (0.02021665, 0.0018437251, 0), (0.0197222, 0.0021421001, 0), (0.01922775, 0.0018437251, 0), (0.0190402, 0.0010571001, 0), (0.01922775, 0.00027047505, 0), (0.0197222, -0.000027900003, 0), (0.02021665, 0.00027047502, 0), (0.020100402, 0.0010571001, 0), (0.019999651, 0.00047275005, 0), (0.0197222, 0.00026040003, 0), (0.01944475, 0.00047275005, 0), (0.019344, 0.0010571001, 0), (0.01944475, 0.0016414502, 0), (0.0197222, 0.0018538003, 0), (0.019999651, 0.0016414502, 0), (0.018854199, 0.0010571001, 0), (0.01866665, 0.0018437251, 0), (0.0181722, 0.0021421001, 0), (0.01767775, 0.0018437251, 0), (0.0174902, 0.0010571001, 0), (0.01767775, 0.00027047505, 0), (0.0181722, -0.000027900003, 0), (0.01866665, 0.00027047502, 0), (0.018550402, 0.0010571001, 0), (0.018449651, 0.00047275005, 0), (0.0181722, 0.00026040003, 0), (0.01789475, 0.00047275005, 0), (0.017794, 0.0010571001, 0), (0.01789475, 0.0016414502, 0), (0.0181722, 0.0018538003, 0), (0.018449651, 0.0016414502, 0), (0.0170996, 0.0021142003, 0), (0.0161603, 0.0021142003, 0), (0.0161603, 0.0010137002, 0), (0.016705126, 0.00097068754, 0), (0.0169012, 0.00064170005, 0), (0.016772162, 0.00037316256, 0), (0.0164641, 0.00026040003, 0), (0.016231988, 0.00029953753, 0), (0.0160022, 0.00041540002, 0), (0.0160022, 0.0001023, 0), (0.016257951, 0.0000023249959, 0), (0.016513702, -0.000027900003, 0), (0.017009314, 0.000163525, 0), (0.017205002, 0.00064790004, 0), (0.016999627, 0.0011365376, 0), (0.0164362, 0.0013113001, 0), (0.0164362, 0.0018414002, 0), (0.0170996, 0.0018414002, 0), (0.0157542, 0.0010571001, 0), (0.015566651, 0.0018437251, 0), (0.0150722, 0.0021421001, 0), (0.014577751, 0.0018437251, 0), (0.014390201, 0.0010571001, 0), (0.014577751, 0.00027047505, 0), (0.0150722, -0.000027900003, 0), (0.015566651, 0.00027047502, 0), (0.015450401, 0.0010571001, 0), (0.015349651, 0.00047275005, 0), (0.0150722, 0.00026040003, 0), (0.01479475, 0.00047275005, 0), (0.014694, 0.0010571001, 0), (0.01479475, 0.0016414502, 0), (0.0150722, 0.0018538003, 0), (0.015349651, 0.0016414502, 0), (0.014198001, 0.00057040004, 0), (0.014123987, 0.0008664501, 0), (0.0139035005, 0.0010788001, 0), (0.014102676, 0.0012884376, 0), (0.014167001, 0.0015283001, 0), (0.013989138, 0.0019665626, 0), (0.0135439, 0.0021421001, 0), (0.013081612, 0.0019685002, 0), (0.0128959995, 0.0015345002, 0), (0.012962262, 0.0012822376, 0), (0.013147101, 0.0010788001, 0), (0.012921188, 0.00086567504, 0), (0.012846401, 0.0005735, 0), (0.01304325, 0.00014608752, 0), (0.0135284, -0.000027900003, 0), (0.014005026, 0.0001445375, 0), (0.0138632, 0.0015345002, 0), (0.013765938, 0.0013124626, 0), (0.0135315, 0.0012183001, 0), (0.013298226, 0.0013144001, 0), (0.0131998, 0.0015407001, 0), (0.013293187, 0.0017681627, 0), (0.0135377, 0.0018538003, 0), (0.013771363, 0.0017627378, 0), (0.0138942, 0.00059520005, 0), (0.013800038, 0.00036153756, 0), (0.0135222, 0.00026040003, 0), (0.013254825, 0.00035456254, 0), (0.0131502, 0.00059520005, 0), (0.013253275, 0.00083699997, 0), (0.0135284, 0.00093000004, 0), (0.013791513, 0.00083467504, 0), (0.0109244, 0.00057040004, 0), (0.010850388, 0.0008664501, 0), (0.0106299, 0.0010788001, 0), (0.010829075, 0.0012884376, 0), (0.0108934, 0.0015283001, 0), (0.010715538, 0.0019665626, 0), (0.0102703, 0.0021421001, 0), (0.009808013, 0.0019685002, 0), (0.009622401, 0.0015345002, 0), (0.009688663, 0.0012822376, 0), (0.0098735, 0.0010788001, 0), (0.009647587, 0.00086567504, 0), (0.0095728, 0.0005735, 0), (0.00976965, 0.00014608752, 0), (0.0102548, -0.000027900003, 0), (0.010731425, 0.0001445375, 0), (0.0105896, 0.0015345002, 0), (0.010492338, 0.0013124626, 0), (0.010257901, 0.0012183001, 0), (0.010024625, 0.0013144001, 0), (0.0099262, 0.0015407001, 0), (0.010019587, 0.0017681627, 0), (0.0102641005, 0.0018538003, 0), (0.010497762, 0.0017627378, 0), (0.010620601, 0.00059520005, 0), (0.010526438, 0.00036153756, 0), (0.0102486005, 0.00026040003, 0), (0.009981225, 0.00035456254, 0), (0.0098766005, 0.00059520005, 0), (0.0099796755, 0.00083699997, 0), (0.0102548, 0.00093000004, 0), (0.010517913, 0.00083467504, 0), (0.0093806, 0.0010571001, 0), (0.009193051, 0.0018437251, 0), (0.0086986, 0.0021421001, 0), (0.00820415, 0.0018437251, 0), (0.0080166, 0.0010571001, 0), (0.00820415, 0.00027047505, 0), (0.0086986, -0.000027900003, 0), (0.009193051, 0.00027047502, 0), (0.0090768, 0.0010571001, 0), (0.00897605, 0.00047275005, 0), (0.0086986, 0.00026040003, 0), (0.00842115, 0.00047275005, 0), (0.0083204005, 0.0010571001, 0), (0.00842115, 0.0016414502, 0), (0.0086986, 0.0018538003, 0), (0.00897605, 0.0016414502, 0), (0.0073563, 0.0021421001, 0), (0.0067273877, 0.0014938125, 0), (0.0065099997, 0.0007223, 0), (0.0066987122, 0.00017979997, 0), (0.007192, -0.000027900003, 0), (0.0076302625, 0.0001592625, 0), (0.0078151, 0.00060450006, 0), (0.0076457625, 0.0010443126, 0), (0.007223, 0.0012214001, 0), (0.0070362254, 0.0011942751, 0), (0.0068913004, 0.0011346001, 0), (0.0071362, 0.0015674377, 0), (0.0075392, 0.0019096002, 0), (0.0068262, 0.0008215001, 0), (0.0069947625, 0.0009098501, 0), (0.007161, 0.0009331001, 0), (0.007411713, 0.0008401001, 0), (0.0075113005, 0.0006076, 0), (0.0074179126, 0.00035611252, 0), (0.007173401, 0.00026040003, 0), (0.0068870382, 0.00041075004, 0), (0.0062682005, 0.0002883, 0), (0.0054591005, 0.0002883, 0), (0.0059644002, 0.00096642505, 0), (0.0061163004, 0.0014818001, 0), (0.005936888, 0.0019584252, 0), (0.0054715, 0.0021421001, 0), (0.00522195, 0.0020925002, 0), (0.0049724, 0.0019406002, 0), (0.0049724, 0.0015593001, 0), (0.005218075, 0.0017832752, 0), (0.0054498003, 0.0018445002, 0), (0.0057090377, 0.0017332877, 0), (0.0058125, 0.0014477001, 0), (0.0057753003, 0.001219075, 0), (0.0056637004, 0.0009951, 0), (0.0053161127, 0.0004991, 0), (0.004929, 0.000021700002, 0), (0.004929, 0, 0), (0.0062682005, 0, 0), (0.003007, 0.0010571001, 0), (0.00281945, 0.0018437251, 0), (0.002325, 0.0021421001, 0), (0.00183055, 0.0018437251, 0), (0.0016429999, 0.0010571001, 0), (0.00183055, 0.00027047505, 0), (0.002325, -0.000027900003, 0), (0.00281945, 0.00027047502, 0), (0.0027032, 0.0010571001, 0), (0.00260245, 0.00047275005, 0), (0.002325, 0.00026040003, 0), (0.0020475502, 0.00047275005, 0), (0.0019468002, 0.0010571001, 0), (0.0020475502, 0.0016414502, 0), (0.002325, 0.0018538003, 0), (0.00260245, 0.0016414502, 0), (0.00093000004, 0.0021142003, 0), (0.00062620005, 0.0021142003, 0), (0.00062620005, 0, 0), (0.00093000004, 0, 0)]
                    texCoord2f[] primvars:st = [(0.11764706, 0), (0.9411765, 0), (0.05882353, 0), (0.9411765, 0), (0, 0), (0.05882353, 0), (0.9411765, 0), (1, 0), (0, 0), (0.11764706, 0), (0.88235295, 0), (0.9411765, 0), (0.11764706, 0), (0.8235294, 0), (0.88235295, 0), (0.11764706, 0), (0.1764706, 0), (0.8235294, 0), (0.1764706, 0), (0.7647059, 0), (0.8235294, 0), (0.23529412, 0), (0.7647059, 0), (0.1764706, 0), (0.23529412, 0), (0.7058824, 0), (0.7647059, 0), (0.29411766, 0), (0.7058824, 0), (0.23529412, 0), (0.5294118, 0), (0.4117647, 0), (0.47058824, 0), (0.3529412, 0), (0.7058824, 0), (0.29411766, 0), (0.5294118, 0), (0.3529412, 0), (0.4117647, 0), (0.5294118, 0), (0.7058824, 0), (0.3529412, 0), (0.5294118, 0), (0.64705884, 0), (0.7058824, 0), (0.5882353, 0), (0.64705884, 0), (0.5294118, 0), (0.2, 0), (0.93333334, 0), (0.13333334, 0), (0.93333334, 0), (0.06666667, 0), (0.13333334, 0), (0.2, 0), (0.8666667, 0), (0.93333334, 0), (1, 0), (0.06666667, 0), (0.93333334, 0), (0.26666668, 0), (0.8666667, 0), (0.2, 0), (1, 0), (0, 0), (0.06666667, 0), (0.26666668, 0), (0.8, 0), (0.8666667, 0), (0.53333336, 0), (0, 0), (1, 0), (0.33333334, 0), (0.8, 0), (0.26666668, 0), (0.33333334, 0), (0.73333335, 0), (0.8, 0), (0.6, 0), (0, 0), (0.53333336, 0), (0.6, 0), (0.46666667, 0), (0, 0), (0.33333334, 0), (0.6666667, 0), (0.73333335, 0), (0.6666667, 0), (0.46666667, 0), (0.6, 0), (0.4, 0), (0.6666667, 0), (0.33333334, 0), (0.6666667, 0), (0.4, 0), (0.46666667, 0), (0.2, 0), (0.93333334, 0), (0.13333334, 0), (0.93333334, 0), (0.06666667, 0), (0.13333334, 0), (0.2, 0), (0.8666667, 0), (0.93333334, 0), (1, 0), (0.06666667, 0), (0.93333334, 0), (0.26666668, 0), (0.8666667, 0), (0.2, 0), (1, 0), (0, 0), (0.06666667, 0), (0.26666668, 0), (0.8, 0), (0.8666667, 0), (0.53333336, 0), (0, 0), (1, 0), (0.33333334, 0), (0.8, 0), (0.26666668, 0), (0.33333334, 0), (0.73333335, 0), (0.8, 0), (0.6, 0), (0, 0), (0.53333336, 0), (0.6, 0), (0.46666667, 0), (0, 0), (0.33333334, 0), (0.6666667, 0), (0.73333335, 0), (0.6666667, 0), (0.46666667, 0), (0.6, 0), (0.4, 0), (0.6666667, 0), (0.33333334, 0), (0.6666667, 0), (0.4, 0), (0.46666667, 0), (0.11764706, 0), (0.9411765, 0), (0.05882353, 0), (0.9411765, 0), (0, 0), (0.05882353, 0), (0.9411765, 0), (1, 0), (0, 0), (0.11764706, 0), (0.88235295, 0), (0.9411765, 0), (0.11764706, 0), (0.8235294, 0), (0.88235295, 0), (0.11764706, 0), (0.1764706, 0), (0.8235294, 0), (0.1764706, 0), (0.7647059, 0), (0.8235294, 0), (0.23529412, 0), (0.7647059, 0), (0.1764706, 0), (0.23529412, 0), (0.7058824, 0), (0.7647059, 0), (0.29411766, 0), (0.7058824, 0), (0.23529412, 0), (0.5294118, 0), (0.4117647, 0), (0.47058824, 0), (0.3529412, 0), (0.7058824, 0), (0.29411766, 0), (0.5294118, 0), (0.3529412, 0), (0.4117647, 0), (0.5294118, 0), (0.7058824, 0), (0.3529412, 0), (0.5294118, 0), (0.64705884, 0), (0.7058824, 0), (0.5882353, 0), (0.64705884, 0), (0.5294118, 0), (0.2, 0), (0.93333334, 0), (0.13333334, 0), (0.93333334, 0), (0.06666667, 0), (0.13333334, 0), (0.2, 0), (0.8666667, 0), (0.93333334, 0), (1, 0), (0.06666667, 0), (0.93333334, 0), (0.26666668, 0), (0.8666667, 0), (0.2, 0), (1, 0), (0, 0), (0.06666667, 0), (0.26666668, 0), (0.8, 0), (0.8666667, 0), (0.53333336, 0), (0, 0), (1, 0), (0.33333334, 0), (0.8, 0), (0.26666668, 0), (0.33333334, 0), (0.73333335, 0), (0.8, 0), (0.6, 0), (0, 0), (0.53333336, 0), (0.6, 0), (0.46666667, 0), (0, 0), (0.33333334, 0), (0.6666667, 0), (0.73333335, 0), (0.6666667, 0), (0.46666667, 0), (0.6, 0), (0.4, 0), (0.6666667, 0), (0.33333334, 0), (0.6666667, 0), (0.4, 0), (0.46666667, 0), (0.22580644, 0), (0.16129032, 0), (0.19354838, 0), (0.2580645, 0), (0.67741936, 0), (0.22580644, 0), (0.67741936, 0), (0.7096774, 0), (0.22580644, 0), (0.7096774, 0), (0.16129032, 0), (0.22580644, 0), (0.7096774, 0), (0.7419355, 0), (0.16129032, 0), (0.7419355, 0), (0.12903225, 0), (0.16129032, 0), (0.2580645, 0), (0.6451613, 0), (0.67741936, 0), (0.516129, 0), (0.12903225, 0), (0.7419355, 0), (0.2580645, 0), (0.61290324, 0), (0.6451613, 0), (0.29032257, 0), (0.61290324, 0), (0.2580645, 0), (0.5483871, 0), (0.12903225, 0), (0.516129, 0), (0.5483871, 0), (0.09677419, 0), (0.12903225, 0), (0.29032257, 0), (0.58064514, 0), (0.61290324, 0), (0.58064514, 0), (0.09677419, 0), (0.5483871, 0), (0.58064514, 0), (0.06451613, 0), (0.09677419, 0), (0.32258064, 0), (0.58064514, 0), (0.29032257, 0), (0.32258064, 0), (0.06451613, 0), (0.58064514, 0), (0.3548387, 0), (0.06451613, 0), (0.32258064, 0), (0.3548387, 0), (0.9677419, 0), (0.06451613, 0), (0.9677419, 0), (0.032258064, 0), (0.06451613, 0), (0.3548387, 0), (0.9354839, 0), (0.9677419, 0), (1, 0), (0.032258064, 0), (0.9677419, 0), (1, 0), (0, 0), (0.032258064, 0), (0.38709676, 0), (0.9354839, 0), (0.3548387, 0), (0.38709676, 0), (0.9032258, 0), (0.9354839, 0), (0.7741935, 0), (0, 0), (1, 0), (0.38709676, 0), (0.87096775, 0), (0.9032258, 0), (0.8064516, 0), (0, 0), (0.7741935, 0), (0.41935483, 0), (0.87096775, 0), (0.38709676, 0), (0.8064516, 0), (0.48387095, 0), (0, 0), (0.83870965, 0), (0.48387095, 0), (0.8064516, 0), (0.41935483, 0), (0.83870965, 0), (0.87096775, 0), (0.41935483, 0), (0.48387095, 0), (0.83870965, 0), (0.4516129, 0), (0.48387095, 0), (0.41935483, 0), (0.22580644, 0), (0.16129032, 0), (0.19354838, 0), (0.2580645, 0), (0.67741936, 0), (0.22580644, 0), (0.67741936, 0), (0.7096774, 0), (0.22580644, 0), (0.7096774, 0), (0.16129032, 0), (0.22580644, 0), (0.7096774, 0), (0.7419355, 0), (0.16129032, 0), (0.7419355, 0), (0.12903225, 0), (0.16129032, 0), (0.2580645, 0), (0.6451613, 0), (0.67741936, 0), (0.516129, 0), (0.12903225, 0), (0.7419355, 0), (0.2580645, 0), (0.61290324, 0), (0.6451613, 0), (0.29032257, 0), (0.61290324, 0), (0.2580645, 0), (0.5483871, 0), (0.12903225, 0), (0.516129, 0), (0.5483871, 0), (0.09677419, 0), (0.12903225, 0), (0.29032257, 0), (0.58064514, 0), (0.61290324, 0), (0.58064514, 0), (0.09677419, 0), (0.5483871, 0), (0.58064514, 0), (0.06451613, 0), (0.09677419, 0), (0.32258064, 0), (0.58064514, 0), (0.29032257, 0), (0.32258064, 0), (0.06451613, 0), (0.58064514, 0), (0.3548387, 0), (0.06451613, 0), (0.32258064, 0), (0.3548387, 0), (0.9677419, 0), (0.06451613, 0), (0.9677419, 0), (0.032258064, 0), (0.06451613, 0), (0.3548387, 0), (0.9354839, 0), (0.9677419, 0), (1, 0), (0.032258064, 0), (0.9677419, 0), (1, 0), (0, 0), (0.032258064, 0), (0.38709676, 0), (0.9354839, 0), (0.3548387, 0), (0.38709676, 0), (0.9032258, 0), (0.9354839, 0), (0.7741935, 0), (0, 0), (1, 0), (0.38709676, 0), (0.87096775, 0), (0.9032258, 0), (0.8064516, 0), (0, 0), (0.7741935, 0), (0.41935483, 0), (0.87096775, 0), (0.38709676, 0), (0.8064516, 0), (0.48387095, 0), (0, 0), (0.83870965, 0), (0.48387095, 0), (0.8064516, 0), (0.41935483, 0), (0.83870965, 0), (0.87096775, 0), (0.41935483, 0), (0.48387095, 0), (0.83870965, 0), (0.4516129, 0), (0.48387095, 0), (0.41935483, 0), (0.2, 0), (0.93333334, 0), (0.13333334, 0), (0.93333334, 0), (0.06666667, 0), (0.13333334, 0), (0.2, 0), (0.8666667, 0), (0.93333334, 0), (1, 0), (0.06666667, 0), (0.93333334, 0), (0.26666668, 0), (0.8666667, 0), (0.2, 0), (1, 0), (0, 0), (0.06666667, 0), (0.26666668, 0), (0.8, 0), (0.8666667, 0), (0.53333336, 0), (0, 0), (1, 0), (0.33333334, 0), (0.8, 0), (0.26666668, 0), (0.33333334, 0), (0.73333335, 0), (0.8, 0), (0.6, 0), (0, 0), (0.53333336, 0), (0.6, 0), (0.46666667, 0), (0, 0), (0.33333334, 0), (0.6666667, 0), (0.73333335, 0), (0.6666667, 0), (0.46666667, 0), (0.6, 0), (0.4, 0), (0.6666667, 0), (0.33333334, 0), (0.6666667, 0), (0.4, 0), (0.46666667, 0), (0.05, 0), (0.6, 0), (0, 0), (0.05, 0), (0.55, 0), (0.6, 0), (0.05, 0), (0.5, 0), (0.55, 0), (0.1, 0), (0.5, 0), (0.05, 0), (0.45, 0), (0.35, 0), (0.4, 0), (0.5, 0), (0.35, 0), (0.45, 0), (0.1, 0), (0.7, 0), (0.5, 0), (0.7, 0), (0.35, 0), (0.5, 0), (0.7, 0), (0.75, 0), (0.35, 0), (0.75, 0), (0.8, 0), (0.35, 0), (0.8, 0), (0.3, 0), (0.35, 0), (0.1, 0), (0.65, 0), (0.7, 0), (0.85, 0), (0.3, 0), (0.8, 0), (0.1, 0), (1, 0), (0.65, 0), (0.15, 0), (1, 0), (0.1, 0), (0.9, 0), (0.3, 0), (0.85, 0), (0.9, 0), (0.25, 0), (0.3, 0), (0.15, 0), (0.95, 0), (1, 0), (0.95, 0), (0.25, 0), (0.9, 0), (0.15, 0), (0.25, 0), (0.95, 0), (0.2, 0), (0.25, 0), (0.15, 0), (0.33333334, 0), (0.22222222, 0), (0.2777778, 0), (0.3888889, 0), (0.22222222, 0), (0.33333334, 0), (0.3888889, 0), (0.5555556, 0), (0.22222222, 0), (0.5555556, 0), (0.6111111, 0), (0.22222222, 0), (0.6111111, 0), (0.16666667, 0), (0.22222222, 0), (0.44444445, 0), (0.5, 0), (0.3888889, 0), (0.5, 0), (0.5555556, 0), (0.3888889, 0), (0.6666667, 0), (0.16666667, 0), (0.6111111, 0), (0.6666667, 0), (0.11111111, 0), (0.16666667, 0), (0.7222222, 0), (0.11111111, 0), (0.6666667, 0), (0.7777778, 0), (0.11111111, 0), (0.7222222, 0), (0.8333333, 0), (0.11111111, 0), (0.7777778, 0), (0.8333333, 0), (0.055555556, 0), (0.11111111, 0), (0.8888889, 0), (0.055555556, 0), (0.8333333, 0), (0.8888889, 0), (0, 0), (0.055555556, 0), (0.8888889, 0), (1, 0), (0, 0), (0.9444444, 0), (1, 0), (0.8888889, 0), (0.2, 0), (0.93333334, 0), (0.13333334, 0), (0.93333334, 0), (0.06666667, 0), (0.13333334, 0), (0.2, 0), (0.8666667, 0), (0.93333334, 0), (1, 0), (0.06666667, 0), (0.93333334, 0), (0.26666668, 0), (0.8666667, 0), (0.2, 0), (1, 0), (0, 0), (0.06666667, 0), (0.26666668, 0), (0.8, 0), (0.8666667, 0), (0.53333336, 0), (0, 0), (1, 0), (0.33333334, 0), (0.8, 0), (0.26666668, 0), (0.33333334, 0), (0.73333335, 0), (0.8, 0), (0.6, 0), (0, 0), (0.53333336, 0), (0.6, 0), (0.46666667, 0), (0, 0), (0.33333334, 0), (0.6666667, 0), (0.73333335, 0), (0.6666667, 0), (0.46666667, 0), (0.6, 0), (0.4, 0), (0.6666667, 0), (0.33333334, 0), (0.6666667, 0), (0.4, 0), (0.46666667, 0), (0.6666667, 0), (0, 0), (0.33333334, 0), (0.6666667, 0), (1, 0), (0, 0)] (
                        interpolation = "faceVarying"
                    )
                    uniform token subdivisionScheme = "none"
                    custom string userProperties:blender:data_name = "Printing.027"
                }
            }

            def Xform "Barcode_line_104"
            {
                custom string userProperties:blender:object_name = "Barcode line.104"
                float3 xformOp:rotateXYZ = (0, -0, 4.2688688e-7)
                float3 xformOp:scale = (0.99999994, 0.99999994, 1)
                double3 xformOp:translate = (-0.025267019867897034, -0.003999999724328518, 0.0002500005066394806)
                uniform token[] xformOpOrder = ["xformOp:translate", "xformOp:rotateXYZ", "xformOp:scale"]

                def Mesh "Cube_158" (
                    active = true
                    prepend apiSchemas = ["MaterialBindingAPI"]
                )
                {
                    uniform bool doubleSided = 1
                    float3[] extent = [(-0.0011661702, -0.008, -0.000065), (0.0011661702, 0.008, 0.000065)]
                    int[] faceVertexCounts = [4, 4, 4, 4, 4, 4]
                    int[] faceVertexIndices = [0, 1, 3, 2, 2, 3, 7, 6, 6, 7, 5, 4, 4, 5, 1, 0, 2, 6, 4, 0, 7, 3, 1, 5]
                    rel material:binding = </Asset/_materials/Printed_dark_ink>
                    normal3f[] normals = [(-1, 0, 0), (-1, 0, 0), (-1, 0, 0), (-1, 0, 0), (0, 1, 0), (0, 1, 0), (0, 1, 0), (0, 1, 0), (1, 0, 0), (1, 0, 0), (1, 0, 0), (1, 0, 0), (0, -1, 0), (0, -1, 0), (0, -1, 0), (0, -1, 0), (0, 0, -1), (0, 0, -1), (0, 0, -1), (0, 0, -1), (0, 0, 1), (0, 0, 1), (0, 0, 1), (0, 0, 1)] (
                        interpolation = "faceVarying"
                    )
                    point3f[] points = [(-0.0011661702, -0.008, -0.000065), (-0.0011661702, -0.008, 0.000065), (-0.0011661702, 0.008, -0.000065), (-0.0011661702, 0.008, 0.000065), (0.0011661702, -0.008, -0.000065), (0.0011661702, -0.008, 0.000065), (0.0011661702, 0.008, -0.000065), (0.0011661702, 0.008, 0.000065)]
                    texCoord2f[] primvars:st = [(0.375, 0), (0.625, 0), (0.625, 0.25), (0.375, 0.25), (0.375, 0.25), (0.625, 0.25), (0.625, 0.5), (0.375, 0.5), (0.375, 0.5), (0.625, 0.5), (0.625, 0.75), (0.375, 0.75), (0.375, 0.75), (0.625, 0.75), (0.625, 1), (0.375, 1), (0.125, 0.5), (0.375, 0.5), (0.375, 0.75), (0.125, 0.75), (0.625, 0.5), (0.875, 0.5), (0.875, 0.75), (0.625, 0.75)] (
                        interpolation = "faceVarying"
                    )
                    uniform token subdivisionScheme = "none"
                    custom string userProperties:blender:data_name = "Cube.158"
                }
            }

            def Xform "Barcode_line_108"
            {
                custom string userProperties:blender:object_name = "Barcode line.108"
                float3 xformOp:rotateXYZ = (0, -0, 4.2688688e-7)
                float3 xformOp:scale = (0.99999994, 0.99999994, 1)
                double3 xformOp:translate = (-0.012050424702465534, -0.004000000189989805, 0.0002500005066394806)
                uniform token[] xformOpOrder = ["xformOp:translate", "xformOp:rotateXYZ", "xformOp:scale"]

                def Mesh "Cube_162" (
                    active = true
                    prepend apiSchemas = ["MaterialBindingAPI"]
                )
                {
                    uniform bool doubleSided = 1
                    float3[] extent = [(-0.0003887234, -0.008, -0.000065), (0.0003887234, 0.008, 0.000065)]
                    int[] faceVertexCounts = [4, 4, 4, 4, 4, 4]
                    int[] faceVertexIndices = [0, 1, 3, 2, 2, 3, 7, 6, 6, 7, 5, 4, 4, 5, 1, 0, 2, 6, 4, 0, 7, 3, 1, 5]
                    rel material:binding = </Asset/_materials/Printed_dark_ink>
                    normal3f[] normals = [(-1, 0, 0), (-1, 0, 0), (-1, 0, 0), (-1, 0, 0), (0, 1, 0), (0, 1, 0), (0, 1, 0), (0, 1, 0), (1, 0, 0), (1, 0, 0), (1, 0, 0), (1, 0, 0), (0, -1, 0), (0, -1, 0), (0, -1, 0), (0, -1, 0), (0, 0, -1), (0, 0, -1), (0, 0, -1), (0, 0, -1), (0, 0, 1), (0, 0, 1), (0, 0, 1), (0, 0, 1)] (
                        interpolation = "faceVarying"
                    )
                    point3f[] points = [(-0.0003887234, -0.008, -0.000065), (-0.0003887234, -0.008, 0.000065), (-0.0003887234, 0.008, -0.000065), (-0.0003887234, 0.008, 0.000065), (0.0003887234, -0.008, -0.000065), (0.0003887234, -0.008, 0.000065), (0.0003887234, 0.008, -0.000065), (0.0003887234, 0.008, 0.000065)]
                    texCoord2f[] primvars:st = [(0.375, 0), (0.625, 0), (0.625, 0.25), (0.375, 0.25), (0.375, 0.25), (0.625, 0.25), (0.625, 0.5), (0.375, 0.5), (0.375, 0.5), (0.625, 0.5), (0.625, 0.75), (0.375, 0.75), (0.375, 0.75), (0.625, 0.75), (0.625, 1), (0.375, 1), (0.125, 0.5), (0.375, 0.5), (0.375, 0.75), (0.125, 0.75), (0.625, 0.5), (0.875, 0.5), (0.875, 0.75), (0.625, 0.75)] (
                        interpolation = "faceVarying"
                    )
                    uniform token subdivisionScheme = "none"
                    custom string userProperties:blender:data_name = "Cube.162"
                }
            }

            def Xform "Barcode_line_121"
            {
                custom string userProperties:blender:object_name = "Barcode line.121"
                float3 xformOp:rotateXYZ = (0, -0, 4.2688688e-7)
                float3 xformOp:scale = (0.99999994, 0.99999994, 1)
                double3 xformOp:translate = (0.02487829700112343, -0.003999999724328518, 0.0002500005066394806)
                uniform token[] xformOpOrder = ["xformOp:translate", "xformOp:rotateXYZ", "xformOp:scale"]

                def Mesh "Cube_175" (
                    active = true
                    prepend apiSchemas = ["MaterialBindingAPI"]
                )
                {
                    uniform bool doubleSided = 1
                    float3[] extent = [(-0.0007774468, -0.008, -0.000065), (0.0007774468, 0.008, 0.000065)]
                    int[] faceVertexCounts = [4, 4, 4, 4, 4, 4]
                    int[] faceVertexIndices = [0, 1, 3, 2, 2, 3, 7, 6, 6, 7, 5, 4, 4, 5, 1, 0, 2, 6, 4, 0, 7, 3, 1, 5]
                    rel material:binding = </Asset/_materials/Printed_dark_ink>
                    normal3f[] normals = [(-1, 0, 0), (-1, 0, 0), (-1, 0, 0), (-1, 0, 0), (0, 1, 0), (0, 1, 0), (0, 1, 0), (0, 1, 0), (1, 0, 0), (1, 0, 0), (1, 0, 0), (1, 0, 0), (0, -1, 0), (0, -1, 0), (0, -1, 0), (0, -1, 0), (0, 0, -1), (0, 0, -1), (0, 0, -1), (0, 0, -1), (0, 0, 1), (0, 0, 1), (0, 0, 1), (0, 0, 1)] (
                        interpolation = "faceVarying"
                    )
                    point3f[] points = [(-0.0007774468, -0.008, -0.000065), (-0.0007774468, -0.008, 0.000065), (-0.0007774468, 0.008, -0.000065), (-0.0007774468, 0.008, 0.000065), (0.0007774468, -0.008, -0.000065), (0.0007774468, -0.008, 0.000065), (0.0007774468, 0.008, -0.000065), (0.0007774468, 0.008, 0.000065)]
                    texCoord2f[] primvars:st = [(0.375, 0), (0.625, 0), (0.625, 0.25), (0.375, 0.25), (0.375, 0.25), (0.625, 0.25), (0.625, 0.5), (0.375, 0.5), (0.375, 0.5), (0.625, 0.5), (0.625, 0.75), (0.375, 0.75), (0.375, 0.75), (0.625, 0.75), (0.625, 1), (0.375, 1), (0.125, 0.5), (0.375, 0.5), (0.375, 0.75), (0.125, 0.75), (0.625, 0.5), (0.875, 0.5), (0.875, 0.75), (0.625, 0.75)] (
                        interpolation = "faceVarying"
                    )
                    uniform token subdivisionScheme = "none"
                    custom string userProperties:blender:data_name = "Cube.175"
                }
            }

            def Xform "Barcode_line_115"
            {
                custom string userProperties:blender:object_name = "Barcode line.115"
                float3 xformOp:rotateXYZ = (0, -0, 4.2688688e-7)
                float3 xformOp:scale = (0.99999994, 0.99999994, 1)
                double3 xformOp:translate = (0.008940638042986393, -0.003999999724328518, 0.0002500005066394806)
                uniform token[] xformOpOrder = ["xformOp:translate", "xformOp:rotateXYZ", "xformOp:scale"]

                def Mesh "Cube_169" (
                    active = true
                    prepend apiSchemas = ["MaterialBindingAPI"]
                )
                {
                    uniform bool doubleSided = 1
                    float3[] extent = [(-0.0003887234, -0.008, -0.000065), (0.0003887234, 0.008, 0.000065)]
                    int[] faceVertexCounts = [4, 4, 4, 4, 4, 4]
                    int[] faceVertexIndices = [0, 1, 3, 2, 2, 3, 7, 6, 6, 7, 5, 4, 4, 5, 1, 0, 2, 6, 4, 0, 7, 3, 1, 5]
                    rel material:binding = </Asset/_materials/Printed_dark_ink>
                    normal3f[] normals = [(-1, 0, 0), (-1, 0, 0), (-1, 0, 0), (-1, 0, 0), (0, 1, 0), (0, 1, 0), (0, 1, 0), (0, 1, 0), (1, 0, 0), (1, 0, 0), (1, 0, 0), (1, 0, 0), (0, -1, 0), (0, -1, 0), (0, -1, 0), (0, -1, 0), (0, 0, -1), (0, 0, -1), (0, 0, -1), (0, 0, -1), (0, 0, 1), (0, 0, 1), (0, 0, 1), (0, 0, 1)] (
                        interpolation = "faceVarying"
                    )
                    point3f[] points = [(-0.0003887234, -0.008, -0.000065), (-0.0003887234, -0.008, 0.000065), (-0.0003887234, 0.008, -0.000065), (-0.0003887234, 0.008, 0.000065), (0.0003887234, -0.008, -0.000065), (0.0003887234, -0.008, 0.000065), (0.0003887234, 0.008, -0.000065), (0.0003887234, 0.008, 0.000065)]
                    texCoord2f[] primvars:st = [(0.375, 0), (0.625, 0), (0.625, 0.25), (0.375, 0.25), (0.375, 0.25), (0.625, 0.25), (0.625, 0.5), (0.375, 0.5), (0.375, 0.5), (0.625, 0.5), (0.625, 0.75), (0.375, 0.75), (0.375, 0.75), (0.625, 0.75), (0.625, 1), (0.375, 1), (0.125, 0.5), (0.375, 0.5), (0.375, 0.75), (0.125, 0.75), (0.625, 0.5), (0.875, 0.5), (0.875, 0.75), (0.625, 0.75)] (
                        interpolation = "faceVarying"
                    )
                    uniform token subdivisionScheme = "none"
                    custom string userProperties:blender:data_name = "Cube.169"
                }
            }

            def Xform "Barcode_line_107"
            {
                custom string userProperties:blender:object_name = "Barcode line.107"
                float3 xformOp:rotateXYZ = (0, -0, 4.2688688e-7)
                float3 xformOp:scale = (0.99999994, 0.99999994, 1)
                double3 xformOp:translate = (-0.01516021229326725, -0.003999999724328518, 0.0002500005066394806)
                uniform token[] xformOpOrder = ["xformOp:translate", "xformOp:rotateXYZ", "xformOp:scale"]

                def Mesh "Cube_161" (
                    active = true
                    prepend apiSchemas = ["MaterialBindingAPI"]
                )
                {
                    uniform bool doubleSided = 1
                    float3[] extent = [(-0.0003887234, -0.008, -0.000065), (0.0003887234, 0.008, 0.000065)]
                    int[] faceVertexCounts = [4, 4, 4, 4, 4, 4]
                    int[] faceVertexIndices = [0, 1, 3, 2, 2, 3, 7, 6, 6, 7, 5, 4, 4, 5, 1, 0, 2, 6, 4, 0, 7, 3, 1, 5]
                    rel material:binding = </Asset/_materials/Printed_dark_ink>
                    normal3f[] normals = [(-1, 0, 0), (-1, 0, 0), (-1, 0, 0), (-1, 0, 0), (0, 1, 0), (0, 1, 0), (0, 1, 0), (0, 1, 0), (1, 0, 0), (1, 0, 0), (1, 0, 0), (1, 0, 0), (0, -1, 0), (0, -1, 0), (0, -1, 0), (0, -1, 0), (0, 0, -1), (0, 0, -1), (0, 0, -1), (0, 0, -1), (0, 0, 1), (0, 0, 1), (0, 0, 1), (0, 0, 1)] (
                        interpolation = "faceVarying"
                    )
                    point3f[] points = [(-0.0003887234, -0.008, -0.000065), (-0.0003887234, -0.008, 0.000065), (-0.0003887234, 0.008, -0.000065), (-0.0003887234, 0.008, 0.000065), (0.0003887234, -0.008, -0.000065), (0.0003887234, -0.008, 0.000065), (0.0003887234, 0.008, -0.000065), (0.0003887234, 0.008, 0.000065)]
                    texCoord2f[] primvars:st = [(0.375, 0), (0.625, 0), (0.625, 0.25), (0.375, 0.25), (0.375, 0.25), (0.625, 0.25), (0.625, 0.5), (0.375, 0.5), (0.375, 0.5), (0.625, 0.5), (0.625, 0.75), (0.375, 0.75), (0.375, 0.75), (0.625, 0.75), (0.625, 1), (0.375, 1), (0.125, 0.5), (0.375, 0.5), (0.375, 0.75), (0.125, 0.75), (0.625, 0.5), (0.875, 0.5), (0.875, 0.75), (0.625, 0.75)] (
                        interpolation = "faceVarying"
                    )
                    uniform token subdivisionScheme = "none"
                    custom string userProperties:blender:data_name = "Cube.161"
                }
            }

            def Xform "Barcode_line_120"
            {
                custom string userProperties:blender:object_name = "Barcode line.120"
                float3 xformOp:rotateXYZ = (0, -0, 4.2688688e-7)
                float3 xformOp:scale = (0.99999994, 0.99999994, 1)
                double3 xformOp:translate = (0.022934680804610252, -0.003999999258667231, 0.0002500005066394806)
                uniform token[] xformOpOrder = ["xformOp:translate", "xformOp:rotateXYZ", "xformOp:scale"]

                def Mesh "Cube_174" (
                    active = true
                    prepend apiSchemas = ["MaterialBindingAPI"]
                )
                {
                    uniform bool doubleSided = 1
                    float3[] extent = [(-0.0003887234, -0.008, -0.000065), (0.0003887234, 0.008, 0.000065)]
                    int[] faceVertexCounts = [4, 4, 4, 4, 4, 4]
                    int[] faceVertexIndices = [0, 1, 3, 2, 2, 3, 7, 6, 6, 7, 5, 4, 4, 5, 1, 0, 2, 6, 4, 0, 7, 3, 1, 5]
                    rel material:binding = </Asset/_materials/Printed_dark_ink>
                    normal3f[] normals = [(-1, 0, 0), (-1, 0, 0), (-1, 0, 0), (-1, 0, 0), (0, 1, 0), (0, 1, 0), (0, 1, 0), (0, 1, 0), (1, 0, 0), (1, 0, 0), (1, 0, 0), (1, 0, 0), (0, -1, 0), (0, -1, 0), (0, -1, 0), (0, -1, 0), (0, 0, -1), (0, 0, -1), (0, 0, -1), (0, 0, -1), (0, 0, 1), (0, 0, 1), (0, 0, 1), (0, 0, 1)] (
                        interpolation = "faceVarying"
                    )
                    point3f[] points = [(-0.0003887234, -0.008, -0.000065), (-0.0003887234, -0.008, 0.000065), (-0.0003887234, 0.008, -0.000065), (-0.0003887234, 0.008, 0.000065), (0.0003887234, -0.008, -0.000065), (0.0003887234, -0.008, 0.000065), (0.0003887234, 0.008, -0.000065), (0.0003887234, 0.008, 0.000065)]
                    texCoord2f[] primvars:st = [(0.375, 0), (0.625, 0), (0.625, 0.25), (0.375, 0.25), (0.375, 0.25), (0.625, 0.25), (0.625, 0.5), (0.375, 0.5), (0.375, 0.5), (0.625, 0.5), (0.625, 0.75), (0.375, 0.75), (0.375, 0.75), (0.625, 0.75), (0.625, 1), (0.375, 1), (0.125, 0.5), (0.375, 0.5), (0.375, 0.75), (0.125, 0.75), (0.625, 0.5), (0.875, 0.5), (0.875, 0.75), (0.625, 0.75)] (
                        interpolation = "faceVarying"
                    )
                    uniform token subdivisionScheme = "none"
                    custom string userProperties:blender:data_name = "Cube.174"
                }
            }

            def Xform "Print_STANDARD___SORT_004"
            {
                custom string userProperties:blender:object_name = "Print_STANDARD___SORT.004"
                float3 xformOp:rotateXYZ = (0, -0, 4.2688688e-7)
                float3 xformOp:scale = (0.99999994, 0.99999994, 1)
                double3 xformOp:translate = (-0.03914999961853027, 0.007079999893903732, 0.00019999966025352478)
                uniform token[] xformOpOrder = ["xformOp:translate", "xformOp:rotateXYZ", "xformOp:scale"]

                def Mesh "Printing_026" (
                    active = true
                    prepend apiSchemas = ["MaterialBindingAPI"]
                )
                {
                    uniform bool doubleSided = 1
                    float3[] extent = [(0.00010800001, -0.000024300001, 0), (0.023184901, 0.0018657001, 0)]
                    int[] faceVertexCounts = [3, 3, 3, 3, 3, 3, 3, 3, 3, 3, 3, 3, 3, 3, 3, 3, 3, 3, 3, 3, 3, 3, 3, 3, 3, 3, 3, 3, 3, 3, 3, 3, 3, 3, 3, 3, 3, 3, 3, 3, 3, 3, 3, 3, 3, 3, 3, 3, 3, 3, 3, 3, 3, 3, 3, 3, 3, 3, 3, 3, 3, 3, 3, 3, 3, 3, 3, 3, 3, 3, 3, 3, 3, 3, 3, 3, 3, 3, 3, 3, 3, 3, 3, 3, 3, 3, 3, 3, 3, 3, 3, 3, 3, 3, 3, 3, 3, 3, 3, 3, 3, 3, 3, 3, 3, 3, 3, 3, 3, 3, 3, 3, 3, 3, 3, 3, 3, 3, 3, 3, 3, 3, 3, 3, 3, 3, 3, 3, 3, 3, 3, 3, 3, 3, 3, 3, 3, 3, 3, 3, 3, 3, 3, 3, 3, 3, 3, 3, 3, 3, 3, 3, 3, 3, 3, 3, 3, 3, 3, 3, 3, 3, 3, 3, 3, 3, 3, 3, 3, 3, 3, 3, 3, 3]
                    int[] faceVertexIndices = [2, 0, 1, 2, 7, 0, 3, 7, 2, 4, 6, 3, 6, 7, 3, 4, 5, 6, 9, 25, 8, 25, 24, 8, 25, 23, 24, 25, 26, 23, 26, 27, 23, 27, 22, 23, 9, 31, 25, 28, 22, 27, 29, 22, 28, 29, 21, 22, 30, 21, 29, 30, 20, 21, 9, 11, 31, 11, 30, 31, 11, 20, 30, 11, 12, 20, 12, 19, 20, 9, 10, 11, 13, 19, 12, 14, 19, 13, 14, 18, 19, 15, 18, 14, 15, 17, 18, 15, 16, 17, 39, 42, 38, 42, 37, 38, 39, 41, 42, 43, 37, 42, 43, 36, 37, 32, 41, 39, 32, 40, 41, 44, 36, 43, 33, 40, 32, 33, 47, 40, 45, 36, 44, 45, 35, 36, 33, 46, 47, 46, 35, 45, 46, 34, 35, 34, 46, 33, 51, 49, 50, 51, 48, 49, 51, 68, 48, 68, 69, 48, 52, 66, 51, 66, 67, 51, 67, 68, 51, 52, 65, 66, 52, 64, 65, 53, 64, 52, 53, 63, 64, 54, 63, 53, 59, 57, 58, 54, 62, 63, 55, 62, 54, 56, 62, 55, 59, 56, 57, 59, 62, 56, 60, 62, 59, 60, 61, 62, 70, 77, 76, 77, 75, 76, 77, 78, 75, 78, 74, 75, 70, 83, 77, 79, 74, 78, 79, 73, 74, 80, 73, 79, 81, 73, 80, 81, 72, 73, 82, 72, 81, 82, 71, 72, 70, 82, 83, 70, 71, 82, 85, 101, 84, 101, 100, 84, 101, 99, 100, 101, 102, 99, 102, 103, 99, 103, 98, 99, 85, 107, 101, 104, 98, 103, 105, 98, 104, 105, 97, 98, 106, 97, 105, 106, 96, 97, 85, 87, 107, 87, 106, 107, 87, 96, 106, 87, 88, 96, 88, 95, 96, 85, 86, 87, 89, 95, 88, 90, 95, 89, 90, 94, 95, 91, 94, 90, 91, 93, 94, 91, 92, 93, 110, 108, 109, 110, 116, 108, 116, 115, 108, 110, 118, 116, 117, 115, 116, 110, 112, 118, 112, 117, 118, 112, 113, 117, 113, 115, 117, 110, 111, 112, 114, 115, 113, 119, 126, 125, 126, 124, 125, 126, 127, 124, 127, 123, 124, 119, 132, 126, 128, 123, 127, 128, 122, 123, 129, 122, 128, 130, 122, 129, 130, 121, 122, 131, 121, 130, 131, 120, 121, 119, 131, 132, 119, 120, 131, 138, 136, 137, 138, 140, 136, 140, 135, 136, 135, 133, 134, 135, 142, 133, 138, 139, 140, 141, 135, 140, 141, 142, 135, 145, 143, 144, 145, 151, 143, 151, 150, 143, 145, 153, 151, 152, 150, 151, 145, 147, 153, 147, 152, 153, 147, 148, 152, 148, 150, 152, 145, 146, 147, 149, 150, 148, 156, 154, 155, 156, 161, 154, 157, 161, 156, 158, 160, 157, 160, 161, 157, 158, 159, 160, 165, 163, 164, 165, 162, 163, 165, 182, 162, 182, 183, 162, 166, 180, 165, 180, 181, 165, 181, 182, 165, 166, 179, 180, 166, 178, 179, 167, 178, 166, 167, 177, 178, 168, 177, 167, 173, 171, 172, 168, 176, 177, 169, 176, 168, 170, 176, 169, 173, 170, 171, 173, 176, 170, 174, 176, 173, 174, 175, 176]
                    rel material:binding = </Asset/_materials/Printed_dark_ink>
                    normal3f[] normals = [(0, 0, 1), (0, 0, 1), (0, 0, 1), (0, 0, 1), (0, 0, 1), (0, 0, 1), (0, 0, 1), (0, 0, 1), (0, 0, 1), (0, 0, 1), (0, 0, 1), (0, 0, 1), (0, 0, 1), (0, 0, 1), (0, 0, 1), (0, 0, 1), (0, 0, 1), (0, 0, 1), (0, 0, 1), (0, 0, 1), (0, 0, 1), (0, 0, 1), (0, 0, 1), (0, 0, 1), (0, 0, 1), (0, 0, 1), (0, 0, 1), (0, 0, 1), (0, 0, 1), (0, 0, 1), (0, 0, 0.99999994), (0, 0, 0.99999994), (0, 0, 0.99999994), (0, 0, 1), (0, 0, 1), (0, 0, 1), (0, 0, 1), (0, 0, 1), (0, 0, 1), (0, 0, 1), (0, 0, 1), (0, 0, 1), (0, 0, 0.99999994), (0, 0, 0.99999994), (0, 0, 0.99999994), (0, 0, 1), (0, 0, 1), (0, 0, 1), (0, 0, 0.99999994), (0, 0, 0.99999994), (0, 0, 0.99999994), (0, 0, 0.99999994), (0, 0, 0.99999994), (0, 0, 0.99999994), (0, 0, 1), (0, 0, 1), (0, 0, 1), (0, 0, 1), (0, 0, 1), (0, 0, 1), (0, 0, 1), (0, 0, 1), (0, 0, 1), (0, 0, 1), (0, 0, 1), (0, 0, 1), (0, 0, 1), (0, 0, 1), (0, 0, 1), (0, 0, 0.99999994), (0, 0, 0.99999994), (0, 0, 0.99999994), (0, 0, 0.99999994), (0, 0, 0.99999994), (0, 0, 0.99999994), (0, 0, 1), (0, 0, 1), (0, 0, 1), (0, 0, 1), (0, 0, 1), (0, 0, 1), (0, 0, 1), (0, 0, 1), (0, 0, 1), (0, 0, 1), (0, 0, 1), (0, 0, 1), (0, 0, 1), (0, 0, 1), (0, 0, 1), (0, 0, 1), (0, 0, 1), (0, 0, 1), (0, 0, 1), (0, 0, 1), (0, 0, 1), (0, 0, 1), (0, 0, 1), (0, 0, 1), (0, 0, 1), (0, 0, 1), (0, 0, 1), (0, 0, 1), (0, 0, 1), (0, 0, 1), (0, 0, 1), (0, 0, 1), (0, 0, 1), (0, 0, 1), (0, 0, 1), (0, 0, 1), (0, 0, 1), (0, 0, 1), (0, 0, 1), (0, 0, 1), (0, 0, 1), (0, 0, 1), (0, 0, 1), (0, 0, 1), (0, 0, 1), (0, 0, 1), (0, 0, 1), (0, 0, 1), (0, 0, 1), (0, 0, 1), (0, 0, 1), (0, 0, 1), (0, 0, 1), (0, 0, 1), (0, 0, 1), (0, 0, 1), (0, 0, 1), (0, 0, 1), (0, 0, 1), (0, 0, 1), (0, 0, 1), (0, 0, 1), (0, 0, 1), (0, 0, 0.99999994), (0, 0, 0.99999994), (0, 0, 0.99999994), (0, 0, 1), (0, 0, 1), (0, 0, 1), (0, 0, 1), (0, 0, 1), (0, 0, 1), (0, 0, 1), (0, 0, 1), (0, 0, 1), (0, 0, 1), (0, 0, 1), (0, 0, 1), (0, 0, 1), (0, 0, 1), (0, 0, 1), (0, 0, 1), (0, 0, 1), (0, 0, 1), (0, 0, 1), (0, 0, 1), (0, 0, 1), (0, 0, 0.99999994), (0, 0, 0.99999994), (0, 0, 0.99999994), (0, 0, 1), (0, 0, 1), (0, 0, 1), (0, 0, 1), (0, 0, 1), (0, 0, 1), (0, 0, 0.99999994), (0, 0, 0.99999994), (0, 0, 0.99999994), (0, 0, 1), (0, 0, 1), (0, 0, 1), (0, 0, 1), (0, 0, 1), (0, 0, 1), (0, 0, 1), (0, 0, 1), (0, 0, 1), (0, 0, 0.99999994), (0, 0, 0.99999994), (0, 0, 0.99999994), (0, 0, 0.99999994), (0, 0, 0.99999994), (0, 0, 0.99999994), (0, 0, 1), (0, 0, 1), (0, 0, 1), (0, 0, 1), (0, 0, 1), (0, 0, 1), (0, 0, 1), (0, 0, 1), (0, 0, 1), (0, 0, 1), (0, 0, 1), (0, 0, 1), (0, 0, 1), (0, 0, 1), (0, 0, 1), (0, 0, 1), (0, 0, 1), (0, 0, 1), (0, 0, 0.99999994), (0, 0, 0.99999994), (0, 0, 0.99999994), (0, 0, 0.99999994), (0, 0, 0.99999994), (0, 0, 0.99999994), (0, 0, 1), (0, 0, 1), (0, 0, 1), (0, 0, 0.99999994), (0, 0, 0.99999994), (0, 0, 0.99999994), (0, 0, 1), (0, 0, 1), (0, 0, 1), (0, 0, 1), (0, 0, 1), (0, 0, 1), (0, 0, 0.99999994), (0, 0, 0.99999994), (0, 0, 0.99999994), (0, 0, 0.99999994), (0, 0, 0.99999994), (0, 0, 0.99999994), (0, 0, 1), (0, 0, 1), (0, 0, 1), (0, 0, 0.99999994), (0, 0, 0.99999994), (0, 0, 0.99999994), (0, 0, 1), (0, 0, 1), (0, 0, 1), (0, 0, 1), (0, 0, 1), (0, 0, 1), (0, 0, 1), (0, 0, 1), (0, 0, 1), (0, 0, 1), (0, 0, 1), (0, 0, 1), (0, 0, 1), (0, 0, 1), (0, 0, 1), (0, 0, 0.99999994), (0, 0, 0.99999994), (0, 0, 0.99999994), (0, 0, 0.99999994), (0, 0, 0.99999994), (0, 0, 0.99999994), (0, 0, 1), (0, 0, 1), (0, 0, 1), (0, 0, 1), (0, 0, 1), (0, 0, 1), (0, 0, 1), (0, 0, 1), (0, 0, 1), (0, 0, 1), (0, 0, 1), (0, 0, 1), (0, 0, 1), (0, 0, 1), (0, 0, 1), (0, 0, 1), (0, 0, 1), (0, 0, 1), (0, 0, 1), (0, 0, 1), (0, 0, 1), (0, 0, 1), (0, 0, 1), (0, 0, 1), (0, 0, 0.99999994), (0, 0, 0.99999994), (0, 0, 0.99999994), (0, 0, 1), (0, 0, 1), (0, 0, 1), (0, 0, 1), (0, 0, 1), (0, 0, 1), (0, 0, 1), (0, 0, 1), (0, 0, 1), (0, 0, 1), (0, 0, 1), (0, 0, 1), (0, 0, 1), (0, 0, 1), (0, 0, 1), (0, 0, 1), (0, 0, 1), (0, 0, 1), (0, 0, 1), (0, 0, 1), (0, 0, 1), (0, 0, 1), (0, 0, 1), (0, 0, 1), (0, 0, 1), (0, 0, 1), (0, 0, 1), (0, 0, 1), (0, 0, 1), (0, 0, 1), (0, 0, 0.99999994), (0, 0, 0.99999994), (0, 0, 0.99999994), (0, 0, 1), (0, 0, 1), (0, 0, 1), (0, 0, 1), (0, 0, 1), (0, 0, 1), (0, 0, 1), (0, 0, 1), (0, 0, 1), (0, 0, 1), (0, 0, 1), (0, 0, 1), (0, 0, 1), (0, 0, 1), (0, 0, 1), (0, 0, 1), (0, 0, 1), (0, 0, 1), (0, 0, 1), (0, 0, 1), (0, 0, 1), (0, 0, 1), (0, 0, 1), (0, 0, 1), (0, 0, 0.99999994), (0, 0, 0.99999994), (0, 0, 0.99999994), (0, 0, 1), (0, 0, 1), (0, 0, 1), (0, 0, 1), (0, 0, 1), (0, 0, 1), (0, 0, 1), (0, 0, 1), (0, 0, 1), (0, 0, 1), (0, 0, 1), (0, 0, 1), (0, 0, 1), (0, 0, 1), (0, 0, 1), (0, 0, 1), (0, 0, 1), (0, 0, 1), (0, 0, 0.99999994), (0, 0, 0.99999994), (0, 0, 0.99999994), (0, 0, 1), (0, 0, 1), (0, 0, 1), (0, 0, 1), (0, 0, 1), (0, 0, 1), (0, 0, 1), (0, 0, 1), (0, 0, 1), (0, 0, 1), (0, 0, 1), (0, 0, 1), (0, 0, 1), (0, 0, 1), (0, 0, 1), (0, 0, 0.99999994), (0, 0, 0.99999994), (0, 0, 0.99999994), (0, 0, 1), (0, 0, 1), (0, 0, 1), (0, 0, 1), (0, 0, 1), (0, 0, 1), (0, 0, 0.99999994), (0, 0, 0.99999994), (0, 0, 0.99999994), (0, 0, 1), (0, 0, 1), (0, 0, 1), (0, 0, 1), (0, 0, 1), (0, 0, 1), (0, 0, 0.99999994), (0, 0, 0.99999994), (0, 0, 0.99999994), (0, 0, 1), (0, 0, 1), (0, 0, 1), (0, 0, 1), (0, 0, 1), (0, 0, 1), (0, 0, 1), (0, 0, 1), (0, 0, 1), (0, 0, 1), (0, 0, 1), (0, 0, 1), (0, 0, 1), (0, 0, 1), (0, 0, 1), (0, 0, 1), (0, 0, 1), (0, 0, 1), (0, 0, 1), (0, 0, 1), (0, 0, 1), (0, 0, 1), (0, 0, 1), (0, 0, 1), (0, 0, 1), (0, 0, 1), (0, 0, 1), (0, 0, 1), (0, 0, 1), (0, 0, 1), (0, 0, 1), (0, 0, 1), (0, 0, 1), (0, 0, 1), (0, 0, 1), (0, 0, 1), (0, 0, 1), (0, 0, 1), (0, 0, 1), (0, 0, 1), (0, 0, 1), (0, 0, 1), (0, 0, 1), (0, 0, 1), (0, 0, 1), (0, 0, 1), (0, 0, 1), (0, 0, 1), (0, 0, 1), (0, 0, 1), (0, 0, 1), (0, 0, 1), (0, 0, 1), (0, 0, 1), (0, 0, 1), (0, 0, 1), (0, 0, 1), (0, 0, 1), (0, 0, 1), (0, 0, 1), (0, 0, 1), (0, 0, 1), (0, 0, 1), (0, 0, 1), (0, 0, 1), (0, 0, 1), (0, 0, 1), (0, 0, 1), (0, 0, 1), (0, 0, 1), (0, 0, 1), (0, 0, 1), (0, 0, 1), (0, 0, 1), (0, 0, 1), (0, 0, 1), (0, 0, 1), (0, 0, 1), (0, 0, 1), (0, 0, 1), (0, 0, 1), (0, 0, 1), (0, 0, 1), (0, 0, 1), (0, 0, 0.99999994), (0, 0, 0.99999994), (0, 0, 0.99999994), (0, 0, 1), (0, 0, 1), (0, 0, 1), (0, 0, 1), (0, 0, 1), (0, 0, 1), (0, 0, 0.99999994), (0, 0, 0.99999994), (0, 0, 0.99999994), (0, 0, 1), (0, 0, 1), (0, 0, 1), (0, 0, 1), (0, 0, 1), (0, 0, 1), (0, 0, 1), (0, 0, 1), (0, 0, 1), (0, 0, 1), (0, 0, 1), (0, 0, 1), (0, 0, 1), (0, 0, 1), (0, 0, 1), (0, 0, 1), (0, 0, 1), (0, 0, 1), (0, 0, 0.99999994), (0, 0, 0.99999994), (0, 0, 0.99999994), (0, 0, 1), (0, 0, 1), (0, 0, 1)] (
                        interpolation = "faceVarying"
                    )
                    point3f[] points = [(0.023184901, 0.0018414002, 0), (0.021645902, 0.0018414002, 0), (0.021645902, 0.0016038001, 0), (0.022283101, 0.0016038001, 0), (0.022283101, 0, 0), (0.0225477, 0, 0), (0.0225477, 0.0016038001, 0), (0.023184901, 0.0016038001, 0), (0.0201771, 0.0018414002, 0), (0.0201771, 0, 0), (0.020441702, 0, 0), (0.020441702, 0.00079920003, 0), (0.0205524, 0.00079920003, 0), (0.02075625, 0.00073035003, 0), (0.021041099, 0.000378, 0), (0.0212841, 0, 0), (0.0216, 0, 0), (0.021456227, 0.00020047501, 0), (0.021348901, 0.0003645, 0), (0.021153826, 0.00066420005, 0), (0.0209385, 0.0008748, 0), (0.021166313, 0.0010496251, 0), (0.021246301, 0.0013257001, 0), (0.021083625, 0.0017030251, 0), (0.0206415, 0.0018414002, 0), (0.020441702, 0.0016146002, 0), (0.0206118, 0.0016146002, 0), (0.020887876, 0.0015403501, 0), (0.0209736, 0.0013365002, 0), (0.020900026, 0.0011289376, 0), (0.0206118, 0.0010368, 0), (0.020441702, 0.0010368, 0), (0.0178686, 0.0009207001, 0), (0.018134212, 0.00026088755, 0), (0.0188514, -0.000024300001, 0), (0.019583438, 0.00026190002, 0), (0.0198477, 0.0009207001, 0), (0.019580062, 0.0015855752, 0), (0.018856801, 0.0018657001, 0), (0.018138938, 0.0015845626, 0), (0.0181413, 0.0009207001, 0), (0.018345151, 0.001423575, 0), (0.018856801, 0.0016227, 0), (0.019370813, 0.001423575, 0), (0.019575, 0.0009207001, 0), (0.019370813, 0.00041883753, 0), (0.018856801, 0.0002187, 0), (0.018345151, 0.00041883753, 0), (0.0175878, 0.0017361001, 0), (0.017386649, 0.0018333001, 0), (0.017177401, 0.0018657001, 0), (0.016771387, 0.0017323876, 0), (0.0166185, 0.0013743, 0), (0.01701675, 0.000863325, 0), (0.017415, 0.00044550002, 0), (0.0173421, 0.00029092503, 0), (0.0171153, 0.00021330001, 0), (0.016855087, 0.00028215, 0), (0.016629301, 0.00048060002, 0), (0.016629301, 0.0001458, 0), (0.016869938, 0.0000172125, 0), (0.017145, -0.000024300001, 0), (0.017514225, 0.00011711251, 0), (0.0176607, 0.00047520004, 0), (0.01726245, 0.0010293751, 0), (0.0168642, 0.0014094, 0), (0.016946211, 0.0015673501, 0), (0.0171558, 0.0016281002, 0), (0.01735965, 0.0015879376, 0), (0.0175878, 0.0014364, 0), (0.012438902, 0, 0), (0.0131571, 0, 0), (0.013873613, 0.00028316252, 0), (0.014134501, 0.0009207001, 0), (0.013899601, 0.0015440627, 0), (0.0131544005, 0.0018414002, 0), (0.012438902, 0.0018414002, 0), (0.0127035, 0.0016038001, 0), (0.0131112, 0.0016038001, 0), (0.013679888, 0.0014009626, 0), (0.0138618015, 0.0009207001, 0), (0.013718026, 0.00049410004, 0), (0.013124701, 0.00023760002, 0), (0.0127035, 0.00023760002, 0), (0.010810801, 0.0018414002, 0), (0.010810801, 0, 0), (0.011075401, 0, 0), (0.011075401, 0.00079920003, 0), (0.011186101, 0.00079920003, 0), (0.011389951, 0.00073035003, 0), (0.011674801, 0.000378, 0), (0.011917802, 0, 0), (0.012233701, 0, 0), (0.012089926, 0.00020047501, 0), (0.011982601, 0.0003645, 0), (0.011787526, 0.00066420005, 0), (0.011572201, 0.0008748, 0), (0.0118000135, 0.0010496251, 0), (0.01188, 0.0013257001, 0), (0.011717325, 0.0017030251, 0), (0.0112752, 0.0018414002, 0), (0.011075401, 0.0016146002, 0), (0.011245501, 0.0016146002, 0), (0.011521576, 0.0015403501, 0), (0.011607301, 0.0013365002, 0), (0.011533726, 0.0011289376, 0), (0.011245501, 0.0010368, 0), (0.011075401, 0.0010368, 0), (0.009779401, 0.0018522001, 0), (0.009593101, 0.0018522001, 0), (0.008802, 0, 0), (0.009072, 0, 0), (0.009304201, 0.0005427, 0), (0.010087201, 0.0005427, 0), (0.010332901, 0, 0), (0.010602901, 0, 0), (0.009682201, 0.0014472001, 0), (0.0099792015, 0.0007803, 0), (0.0094068, 0.0007803, 0), (0.006982201, 0, 0), (0.007700401, 0, 0), (0.0084169125, 0.00028316252, 0), (0.008677801, 0.0009207001, 0), (0.008442901, 0.0015440627, 0), (0.007697701, 0.0018414002, 0), (0.006982201, 0.0018414002, 0), (0.0072468007, 0.0016038001, 0), (0.007654501, 0.0016038001, 0), (0.008223189, 0.0014009626, 0), (0.0084051015, 0.0009207001, 0), (0.008261326, 0.00049410004, 0), (0.0076680006, 0.00023760002, 0), (0.0072468007, 0.00023760002, 0), (0.006574501, 0.0018414002, 0), (0.006326101, 0.0018414002, 0), (0.006326101, 0.00041580005, 0), (0.0050787004, 0.0018414002, 0), (0.0048681004, 0.0018414002, 0), (0.0048681004, 0, 0), (0.0051165004, 0, 0), (0.0051165004, 0.0014175001, 0), (0.0063477005, 0, 0), (0.006574501, 0, 0), (0.0038448002, 0.0018522001, 0), (0.0036585, 0.0018522001, 0), (0.0028674002, 0, 0), (0.0031374001, 0, 0), (0.0033696, 0.0005427, 0), (0.0041526, 0.0005427, 0), (0.0043983003, 0, 0), (0.0046683005, 0, 0), (0.0037476001, 0.0014472001, 0), (0.0040446003, 0.0007803, 0), (0.0034722001, 0.0007803, 0), (0.0028215002, 0.0018414002, 0), (0.0012825001, 0.0018414002, 0), (0.0012825001, 0.0016038001, 0), (0.0019197003, 0.0016038001, 0), (0.0019197003, 0, 0), (0.0021843, 0, 0), (0.0021843, 0.0016038001, 0), (0.0028215002, 0.0016038001, 0), (0.0010773, 0.0017361001, 0), (0.0008761501, 0.0018333001, 0), (0.0006669, 0.0018657001, 0), (0.00026088752, 0.0017323876, 0), (0.00010800001, 0.0013743, 0), (0.00050625, 0.000863325, 0), (0.0009045, 0.00044550002, 0), (0.00083160005, 0.00029092503, 0), (0.0006048, 0.00021330001, 0), (0.00034458752, 0.00028215, 0), (0.00011880001, 0.00048060002, 0), (0.00011880001, 0.0001458, 0), (0.00035943752, 0.0000172125, 0), (0.00063450006, -0.000024300001, 0), (0.0010037251, 0.00011711251, 0), (0.0011502001, 0.00047520004, 0), (0.0007519501, 0.0010293751, 0), (0.00035370004, 0.0014094, 0), (0.00043571254, 0.0015673501, 0), (0.0006453, 0.0016281002, 0), (0.00084915006, 0.0015879376, 0), (0.0010773, 0.0014364, 0)]
                    texCoord2f[] primvars:st = [(0.2857143, 0), (0, 0), (0.14285715, 0), (0.2857143, 0), (1, 0), (0, 0), (0.42857143, 0), (1, 0), (0.2857143, 0), (0.5714286, 0), (0.85714287, 0), (0.42857143, 0), (0.85714287, 0), (1, 0), (0.42857143, 0), (0.5714286, 0), (0.71428573, 0), (0.85714287, 0), (0.04347826, 0), (0.73913044, 0), (0, 0), (0.73913044, 0), (0.6956522, 0), (0, 0), (0.73913044, 0), (0.65217394, 0), (0.6956522, 0), (0.73913044, 0), (0.7826087, 0), (0.65217394, 0), (0.7826087, 0), (0.82608694, 0), (0.65217394, 0), (0.82608694, 0), (0.6086956, 0), (0.65217394, 0), (0.04347826, 0), (1, 0), (0.73913044, 0), (0.8695652, 0), (0.6086956, 0), (0.82608694, 0), (0.9130435, 0), (0.6086956, 0), (0.8695652, 0), (0.9130435, 0), (0.5652174, 0), (0.6086956, 0), (0.95652175, 0), (0.5652174, 0), (0.9130435, 0), (0.95652175, 0), (0.5217391, 0), (0.5652174, 0), (0.04347826, 0), (0.13043478, 0), (1, 0), (0.13043478, 0), (0.95652175, 0), (1, 0), (0.13043478, 0), (0.5217391, 0), (0.95652175, 0), (0.13043478, 0), (0.17391305, 0), (0.5217391, 0), (0.17391305, 0), (0.47826087, 0), (0.5217391, 0), (0.04347826, 0), (0.08695652, 0), (0.13043478, 0), (0.2173913, 0), (0.47826087, 0), (0.17391305, 0), (0.26086956, 0), (0.47826087, 0), (0.2173913, 0), (0.26086956, 0), (0.4347826, 0), (0.47826087, 0), (0.3043478, 0), (0.4347826, 0), (0.26086956, 0), (0.3043478, 0), (0.39130434, 0), (0.4347826, 0), (0.3043478, 0), (0.3478261, 0), (0.39130434, 0), (0.46666667, 0), (0.6666667, 0), (0.4, 0), (0.6666667, 0), (0.33333334, 0), (0.4, 0), (0.46666667, 0), (0.6, 0), (0.6666667, 0), (0.73333335, 0), (0.33333334, 0), (0.6666667, 0), (0.73333335, 0), (0.26666668, 0), (0.33333334, 0), (0, 0), (0.6, 0), (0.46666667, 0), (0, 0), (0.53333336, 0), (0.6, 0), (0.8, 0), (0.26666668, 0), (0.73333335, 0), (0.06666667, 0), (0.53333336, 0), (0, 0), (0.06666667, 0), (1, 0), (0.53333336, 0), (0.8666667, 0), (0.26666668, 0), (0.8, 0), (0.8666667, 0), (0.2, 0), (0.26666668, 0), (0.06666667, 0), (0.93333334, 0), (1, 0), (0.93333334, 0), (0.2, 0), (0.8666667, 0), (0.93333334, 0), (0.13333334, 0), (0.2, 0), (0.13333334, 0), (0.93333334, 0), (0.06666667, 0), (0.14285715, 0), (0.04761905, 0), (0.0952381, 0), (0.14285715, 0), (0, 0), (0.04761905, 0), (0.14285715, 0), (0.95238096, 0), (0, 0), (0.95238096, 0), (1, 0), (0, 0), (0.1904762, 0), (0.85714287, 0), (0.14285715, 0), (0.85714287, 0), (0.9047619, 0), (0.14285715, 0), (0.9047619, 0), (0.95238096, 0), (0.14285715, 0), (0.1904762, 0), (0.8095238, 0), (0.85714287, 0), (0.1904762, 0), (0.7619048, 0), (0.8095238, 0), (0.23809524, 0), (0.7619048, 0), (0.1904762, 0), (0.23809524, 0), (0.71428573, 0), (0.7619048, 0), (0.2857143, 0), (0.71428573, 0), (0.23809524, 0), (0.52380955, 0), (0.42857143, 0), (0.47619048, 0), (0.2857143, 0), (0.6666667, 0), (0.71428573, 0), (0.33333334, 0), (0.6666667, 0), (0.2857143, 0), (0.3809524, 0), (0.6666667, 0), (0.33333334, 0), (0.52380955, 0), (0.3809524, 0), (0.42857143, 0), (0.52380955, 0), (0.6666667, 0), (0.3809524, 0), (0.5714286, 0), (0.6666667, 0), (0.52380955, 0), (0.5714286, 0), (0.61904764, 0), (0.6666667, 0), (0, 0), (0.53846157, 0), (0.46153846, 0), (0.53846157, 0), (0.3846154, 0), (0.46153846, 0), (0.53846157, 0), (0.61538464, 0), (0.3846154, 0), (0.61538464, 0), (0.30769232, 0), (0.3846154, 0), (0, 0), (1, 0), (0.53846157, 0), (0.6923077, 0), (0.30769232, 0), (0.61538464, 0), (0.6923077, 0), (0.23076923, 0), (0.30769232, 0), (0.7692308, 0), (0.23076923, 0), (0.6923077, 0), (0.84615386, 0), (0.23076923, 0), (0.7692308, 0), (0.84615386, 0), (0.15384616, 0), (0.23076923, 0), (0.9230769, 0), (0.15384616, 0), (0.84615386, 0), (0.9230769, 0), (0.07692308, 0), (0.15384616, 0), (0, 0), (0.9230769, 0), (1, 0), (0, 0), (0.07692308, 0), (0.9230769, 0), (0.04347826, 0), (0.73913044, 0), (0, 0), (0.73913044, 0), (0.6956522, 0), (0, 0), (0.73913044, 0), (0.65217394, 0), (0.6956522, 0), (0.73913044, 0), (0.7826087, 0), (0.65217394, 0), (0.7826087, 0), (0.82608694, 0), (0.65217394, 0), (0.82608694, 0), (0.6086956, 0), (0.65217394, 0), (0.04347826, 0), (1, 0), (0.73913044, 0), (0.8695652, 0), (0.6086956, 0), (0.82608694, 0), (0.9130435, 0), (0.6086956, 0), (0.8695652, 0), (0.9130435, 0), (0.5652174, 0), (0.6086956, 0), (0.95652175, 0), (0.5652174, 0), (0.9130435, 0), (0.95652175, 0), (0.5217391, 0), (0.5652174, 0), (0.04347826, 0), (0.13043478, 0), (1, 0), (0.13043478, 0), (0.95652175, 0), (1, 0), (0.13043478, 0), (0.5217391, 0), (0.95652175, 0), (0.13043478, 0), (0.17391305, 0), (0.5217391, 0), (0.17391305, 0), (0.47826087, 0), (0.5217391, 0), (0.04347826, 0), (0.08695652, 0), (0.13043478, 0), (0.2173913, 0), (0.47826087, 0), (0.17391305, 0), (0.26086956, 0), (0.47826087, 0), (0.2173913, 0), (0.26086956, 0), (0.4347826, 0), (0.47826087, 0), (0.3043478, 0), (0.4347826, 0), (0.26086956, 0), (0.3043478, 0), (0.39130434, 0), (0.4347826, 0), (0.3043478, 0), (0.3478261, 0), (0.39130434, 0), (0.2, 0), (0, 0), (0.1, 0), (0.2, 0), (0.8, 0), (0, 0), (0.8, 0), (0.7, 0), (0, 0), (0.2, 0), (1, 0), (0.8, 0), (0.9, 0), (0.7, 0), (0.8, 0), (0.2, 0), (0.4, 0), (1, 0), (0.4, 0), (0.9, 0), (1, 0), (0.4, 0), (0.5, 0), (0.9, 0), (0.5, 0), (0.7, 0), (0.9, 0), (0.2, 0), (0.3, 0), (0.4, 0), (0.6, 0), (0.7, 0), (0.5, 0), (0, 0), (0.53846157, 0), (0.46153846, 0), (0.53846157, 0), (0.3846154, 0), (0.46153846, 0), (0.53846157, 0), (0.61538464, 0), (0.3846154, 0), (0.61538464, 0), (0.30769232, 0), (0.3846154, 0), (0, 0), (1, 0), (0.53846157, 0), (0.6923077, 0), (0.30769232, 0), (0.61538464, 0), (0.6923077, 0), (0.23076923, 0), (0.30769232, 0), (0.7692308, 0), (0.23076923, 0), (0.6923077, 0), (0.84615386, 0), (0.23076923, 0), (0.7692308, 0), (0.84615386, 0), (0.15384616, 0), (0.23076923, 0), (0.9230769, 0), (0.15384616, 0), (0.84615386, 0), (0.9230769, 0), (0.07692308, 0), (0.15384616, 0), (0, 0), (0.9230769, 0), (1, 0), (0, 0), (0.07692308, 0), (0.9230769, 0), (0.5555556, 0), (0.33333334, 0), (0.44444445, 0), (0.5555556, 0), (0.7777778, 0), (0.33333334, 0), (0.7777778, 0), (0.22222222, 0), (0.33333334, 0), (0.22222222, 0), (0, 0), (0.11111111, 0), (0.22222222, 0), (1, 0), (0, 0), (0.5555556, 0), (0.6666667, 0), (0.7777778, 0), (0.8888889, 0), (0.22222222, 0), (0.7777778, 0), (0.8888889, 0), (1, 0), (0.22222222, 0), (0.2, 0), (0, 0), (0.1, 0), (0.2, 0), (0.8, 0), (0, 0), (0.8, 0), (0.7, 0), (0, 0), (0.2, 0), (1, 0), (0.8, 0), (0.9, 0), (0.7, 0), (0.8, 0), (0.2, 0), (0.4, 0), (1, 0), (0.4, 0), (0.9, 0), (1, 0), (0.4, 0), (0.5, 0), (0.9, 0), (0.5, 0), (0.7, 0), (0.9, 0), (0.2, 0), (0.3, 0), (0.4, 0), (0.6, 0), (0.7, 0), (0.5, 0), (0.2857143, 0), (0, 0), (0.14285715, 0), (0.2857143, 0), (1, 0), (0, 0), (0.42857143, 0), (1, 0), (0.2857143, 0), (0.5714286, 0), (0.85714287, 0), (0.42857143, 0), (0.85714287, 0), (1, 0), (0.42857143, 0), (0.5714286, 0), (0.71428573, 0), (0.85714287, 0), (0.14285715, 0), (0.04761905, 0), (0.0952381, 0), (0.14285715, 0), (0, 0), (0.04761905, 0), (0.14285715, 0), (0.95238096, 0), (0, 0), (0.95238096, 0), (1, 0), (0, 0), (0.1904762, 0), (0.85714287, 0), (0.14285715, 0), (0.85714287, 0), (0.9047619, 0), (0.14285715, 0), (0.9047619, 0), (0.95238096, 0), (0.14285715, 0), (0.1904762, 0), (0.8095238, 0), (0.85714287, 0), (0.1904762, 0), (0.7619048, 0), (0.8095238, 0), (0.23809524, 0), (0.7619048, 0), (0.1904762, 0), (0.23809524, 0), (0.71428573, 0), (0.7619048, 0), (0.2857143, 0), (0.71428573, 0), (0.23809524, 0), (0.52380955, 0), (0.42857143, 0), (0.47619048, 0), (0.2857143, 0), (0.6666667, 0), (0.71428573, 0), (0.33333334, 0), (0.6666667, 0), (0.2857143, 0), (0.3809524, 0), (0.6666667, 0), (0.33333334, 0), (0.52380955, 0), (0.3809524, 0), (0.42857143, 0), (0.52380955, 0), (0.6666667, 0), (0.3809524, 0), (0.5714286, 0), (0.6666667, 0), (0.52380955, 0), (0.5714286, 0), (0.61904764, 0), (0.6666667, 0)] (
                        interpolation = "faceVarying"
                    )
                    uniform token subdivisionScheme = "none"
                    custom string userProperties:blender:data_name = "Printing.026"
                }
            }

            def Xform "Barcode_line_102"
            {
                custom string userProperties:blender:object_name = "Barcode line.102"
                float3 xformOp:rotateXYZ = (0, -0, 4.2688688e-7)
                float3 xformOp:scale = (0.99999994, 0.99999994, 1)
                double3 xformOp:translate = (-0.030709147453308105, -0.004000000189989805, 0.0002500005066394806)
                uniform token[] xformOpOrder = ["xformOp:translate", "xformOp:rotateXYZ", "xformOp:scale"]

                def Mesh "Cube_156" (
                    active = true
                    prepend apiSchemas = ["MaterialBindingAPI"]
                )
                {
                    uniform bool doubleSided = 1
                    float3[] extent = [(-0.0003887234, -0.008, -0.000065), (0.0003887234, 0.008, 0.000065)]
                    int[] faceVertexCounts = [4, 4, 4, 4, 4, 4]
                    int[] faceVertexIndices = [0, 1, 3, 2, 2, 3, 7, 6, 6, 7, 5, 4, 4, 5, 1, 0, 2, 6, 4, 0, 7, 3, 1, 5]
                    rel material:binding = </Asset/_materials/Printed_dark_ink>
                    normal3f[] normals = [(-1, 0, 0), (-1, 0, 0), (-1, 0, 0), (-1, 0, 0), (0, 1, 0), (0, 1, 0), (0, 1, 0), (0, 1, 0), (1, 0, 0), (1, 0, 0), (1, 0, 0), (1, 0, 0), (0, -1, 0), (0, -1, 0), (0, -1, 0), (0, -1, 0), (0, 0, -1), (0, 0, -1), (0, 0, -1), (0, 0, -1), (0, 0, 1), (0, 0, 1), (0, 0, 1), (0, 0, 1)] (
                        interpolation = "faceVarying"
                    )
                    point3f[] points = [(-0.0003887234, -0.008, -0.000065), (-0.0003887234, -0.008, 0.000065), (-0.0003887234, 0.008, -0.000065), (-0.0003887234, 0.008, 0.000065), (0.0003887234, -0.008, -0.000065), (0.0003887234, -0.008, 0.000065), (0.0003887234, 0.008, -0.000065), (0.0003887234, 0.008, 0.000065)]
                    texCoord2f[] primvars:st = [(0.375, 0), (0.625, 0), (0.625, 0.25), (0.375, 0.25), (0.375, 0.25), (0.625, 0.25), (0.625, 0.5), (0.375, 0.5), (0.375, 0.5), (0.625, 0.5), (0.625, 0.75), (0.375, 0.75), (0.375, 0.75), (0.625, 0.75), (0.625, 1), (0.375, 1), (0.125, 0.5), (0.375, 0.5), (0.375, 0.75), (0.125, 0.75), (0.625, 0.5), (0.875, 0.5), (0.875, 0.75), (0.625, 0.75)] (
                        interpolation = "faceVarying"
                    )
                    uniform token subdivisionScheme = "none"
                    custom string userProperties:blender:data_name = "Cube.156"
                }
            }

            def Xform "Barcode_line_119"
            {
                custom string userProperties:blender:object_name = "Barcode line.119"
                float3 xformOp:rotateXYZ = (0, -0, 4.2688688e-7)
                float3 xformOp:scale = (0.99999994, 0.99999994, 1)
                double3 xformOp:translate = (0.01982489414513111, -0.003999999724328518, 0.0002500005066394806)
                uniform token[] xformOpOrder = ["xformOp:translate", "xformOp:rotateXYZ", "xformOp:scale"]

                def Mesh "Cube_173" (
                    active = true
                    prepend apiSchemas = ["MaterialBindingAPI"]
                )
                {
                    uniform bool doubleSided = 1
                    float3[] extent = [(-0.0011661702, -0.008, -0.000065), (0.0011661702, 0.008, 0.000065)]
                    int[] faceVertexCounts = [4, 4, 4, 4, 4, 4]
                    int[] faceVertexIndices = [0, 1, 3, 2, 2, 3, 7, 6, 6, 7, 5, 4, 4, 5, 1, 0, 2, 6, 4, 0, 7, 3, 1, 5]
                    rel material:binding = </Asset/_materials/Printed_dark_ink>
                    normal3f[] normals = [(-1, 0, 0), (-1, 0, 0), (-1, 0, 0), (-1, 0, 0), (0, 1, 0), (0, 1, 0), (0, 1, 0), (0, 1, 0), (1, 0, 0), (1, 0, 0), (1, 0, 0), (1, 0, 0), (0, -1, 0), (0, -1, 0), (0, -1, 0), (0, -1, 0), (0, 0, -1), (0, 0, -1), (0, 0, -1), (0, 0, -1), (0, 0, 1), (0, 0, 1), (0, 0, 1), (0, 0, 1)] (
                        interpolation = "faceVarying"
                    )
                    point3f[] points = [(-0.0011661702, -0.008, -0.000065), (-0.0011661702, -0.008, 0.000065), (-0.0011661702, 0.008, -0.000065), (-0.0011661702, 0.008, 0.000065), (0.0011661702, -0.008, -0.000065), (0.0011661702, -0.008, 0.000065), (0.0011661702, 0.008, -0.000065), (0.0011661702, 0.008, 0.000065)]
                    texCoord2f[] primvars:st = [(0.375, 0), (0.625, 0), (0.625, 0.25), (0.375, 0.25), (0.375, 0.25), (0.625, 0.25), (0.625, 0.5), (0.375, 0.5), (0.375, 0.5), (0.625, 0.5), (0.625, 0.75), (0.375, 0.75), (0.375, 0.75), (0.625, 0.75), (0.625, 1), (0.375, 1), (0.125, 0.5), (0.375, 0.5), (0.375, 0.75), (0.125, 0.75), (0.625, 0.5), (0.875, 0.5), (0.875, 0.75), (0.625, 0.75)] (
                        interpolation = "faceVarying"
                    )
                    uniform token subdivisionScheme = "none"
                    custom string userProperties:blender:data_name = "Cube.173"
                }
            }

            def Xform "Barcode_line_114"
            {
                custom string userProperties:blender:object_name = "Barcode line.114"
                float3 xformOp:rotateXYZ = (0, -0, 4.2688688e-7)
                float3 xformOp:scale = (0.99999994, 0.99999994, 1)
                double3 xformOp:translate = (0.005053403787314892, -0.003999999724328518, 0.0002500005066394806)
                uniform token[] xformOpOrder = ["xformOp:translate", "xformOp:rotateXYZ", "xformOp:scale"]

                def Mesh "Cube_168" (
                    active = true
                    prepend apiSchemas = ["MaterialBindingAPI"]
                )
                {
                    uniform bool doubleSided = 1
                    float3[] extent = [(-0.0011661702, -0.008, -0.000065), (0.0011661702, 0.008, 0.000065)]
                    int[] faceVertexCounts = [4, 4, 4, 4, 4, 4]
                    int[] faceVertexIndices = [0, 1, 3, 2, 2, 3, 7, 6, 6, 7, 5, 4, 4, 5, 1, 0, 2, 6, 4, 0, 7, 3, 1, 5]
                    rel material:binding = </Asset/_materials/Printed_dark_ink>
                    normal3f[] normals = [(-1, 0, 0), (-1, 0, 0), (-1, 0, 0), (-1, 0, 0), (0, 1, 0), (0, 1, 0), (0, 1, 0), (0, 1, 0), (1, 0, 0), (1, 0, 0), (1, 0, 0), (1, 0, 0), (0, -1, 0), (0, -1, 0), (0, -1, 0), (0, -1, 0), (0, 0, -1), (0, 0, -1), (0, 0, -1), (0, 0, -1), (0, 0, 1), (0, 0, 1), (0, 0, 1), (0, 0, 1)] (
                        interpolation = "faceVarying"
                    )
                    point3f[] points = [(-0.0011661702, -0.008, -0.000065), (-0.0011661702, -0.008, 0.000065), (-0.0011661702, 0.008, -0.000065), (-0.0011661702, 0.008, 0.000065), (0.0011661702, -0.008, -0.000065), (0.0011661702, -0.008, 0.000065), (0.0011661702, 0.008, -0.000065), (0.0011661702, 0.008, 0.000065)]
                    texCoord2f[] primvars:st = [(0.375, 0), (0.625, 0), (0.625, 0.25), (0.375, 0.25), (0.375, 0.25), (0.625, 0.25), (0.625, 0.5), (0.375, 0.5), (0.375, 0.5), (0.625, 0.5), (0.625, 0.75), (0.375, 0.75), (0.375, 0.75), (0.625, 0.75), (0.625, 1), (0.375, 1), (0.125, 0.5), (0.375, 0.5), (0.375, 0.75), (0.125, 0.75), (0.625, 0.5), (0.875, 0.5), (0.875, 0.75), (0.625, 0.75)] (
                        interpolation = "faceVarying"
                    )
                    uniform token subdivisionScheme = "none"
                    custom string userProperties:blender:data_name = "Cube.168"
                }
            }

            def Xform "Barcode_line_105"
            {
                custom string userProperties:blender:object_name = "Barcode line.105"
                float3 xformOp:rotateXYZ = (0, -0, 4.2688688e-7)
                float3 xformOp:scale = (0.99999994, 0.99999994, 1)
                double3 xformOp:translate = (-0.021379787474870682, -0.003999999724328518, 0.0002500005066394806)
                uniform token[] xformOpOrder = ["xformOp:translate", "xformOp:rotateXYZ", "xformOp:scale"]

                def Mesh "Cube_159" (
                    active = true
                    prepend apiSchemas = ["MaterialBindingAPI"]
                )
                {
                    uniform bool doubleSided = 1
                    float3[] extent = [(-0.0011661702, -0.008, -0.000065), (0.0011661702, 0.008, 0.000065)]
                    int[] faceVertexCounts = [4, 4, 4, 4, 4, 4]
                    int[] faceVertexIndices = [0, 1, 3, 2, 2, 3, 7, 6, 6, 7, 5, 4, 4, 5, 1, 0, 2, 6, 4, 0, 7, 3, 1, 5]
                    rel material:binding = </Asset/_materials/Printed_dark_ink>
                    normal3f[] normals = [(-1, 0, 0), (-1, 0, 0), (-1, 0, 0), (-1, 0, 0), (0, 1, 0), (0, 1, 0), (0, 1, 0), (0, 1, 0), (1, 0, 0), (1, 0, 0), (1, 0, 0), (1, 0, 0), (0, -1, 0), (0, -1, 0), (0, -1, 0), (0, -1, 0), (0, 0, -1), (0, 0, -1), (0, 0, -1), (0, 0, -1), (0, 0, 1), (0, 0, 1), (0, 0, 1), (0, 0, 1)] (
                        interpolation = "faceVarying"
                    )
                    point3f[] points = [(-0.0011661702, -0.008, -0.000065), (-0.0011661702, -0.008, 0.000065), (-0.0011661702, 0.008, -0.000065), (-0.0011661702, 0.008, 0.000065), (0.0011661702, -0.008, -0.000065), (0.0011661702, -0.008, 0.000065), (0.0011661702, 0.008, -0.000065), (0.0011661702, 0.008, 0.000065)]
                    texCoord2f[] primvars:st = [(0.375, 0), (0.625, 0), (0.625, 0.25), (0.375, 0.25), (0.375, 0.25), (0.625, 0.25), (0.625, 0.5), (0.375, 0.5), (0.375, 0.5), (0.625, 0.5), (0.625, 0.75), (0.375, 0.75), (0.375, 0.75), (0.625, 0.75), (0.625, 1), (0.375, 1), (0.125, 0.5), (0.375, 0.5), (0.375, 0.75), (0.125, 0.75), (0.625, 0.5), (0.875, 0.5), (0.875, 0.75), (0.625, 0.75)] (
                        interpolation = "faceVarying"
                    )
                    uniform token subdivisionScheme = "none"
                    custom string userProperties:blender:data_name = "Cube.159"
                }
            }
        }

        def Xform "Wrinkled_mailer_002"
        {
            custom string userProperties:blender:object_name = "Wrinkled mailer.002"

            def Mesh "Wrinkled_mailer_002" (
                active = true
                prepend apiSchemas = ["MaterialBindingAPI"]
            )
            {
                uniform bool doubleSided = 1
                float3[] extent = [(-0.12, -0.0925, -0.023363005), (0.12, 0.0925, 0.023363005)]
                int[] faceVertexCounts = [4, 4, 4, 4, 4, 4, 4, 4, 4, 4, 4, 4, 4, 4, 4, 4, 4, 4, 4, 4, 4, 4, 4, 4, 4, 4, 4, 4, 4, 4, 4, 4, 4, 4, 4, 4, 4, 4, 4, 4, 4, 4, 4, 4, 4, 4, 4, 4, 4, 4, 4, 4, 4, 4, 4, 4, 4, 4, 4, 4, 4, 4, 4, 4, 4, 4, 4, 4, 4, 4, 4, 4, 4, 4, 4, 4, 4, 4, 4, 4, 4, 4, 4, 4, 4, 4, 4, 4, 4, 4, 4, 4, 4, 4, 4, 4, 4, 4, 4, 4, 4, 4, 4, 4, 4, 4, 4, 4, 4, 4, 4, 4, 4, 4, 4, 4, 4, 4, 4, 4, 4, 4, 4, 4, 4, 4, 4, 4, 4, 4, 4, 4, 4, 4, 4, 4, 4, 4, 4, 4, 4, 4, 4, 4, 4, 4, 4, 4, 4, 4, 4, 4, 4, 4, 4, 4, 4, 4, 4, 4, 4, 4, 4, 4, 4, 4, 4, 4, 4, 4, 4, 4, 4, 4, 4, 4, 4, 4, 4, 4, 4, 4, 4, 4, 4, 4, 4, 4, 4, 4, 4, 4, 4, 4, 4, 4, 4, 4, 4, 4, 4, 4, 4, 4, 4, 4, 4, 4, 4, 4, 4, 4, 4, 4, 4, 4, 4, 4, 4, 4, 4, 4, 4, 4, 4, 4, 4, 4, 4, 4, 4, 4, 4, 4, 4, 4, 4, 4, 4, 4, 4, 4, 4, 4, 4, 4, 4, 4, 4, 4, 4, 4, 4, 4, 4, 4, 4, 4, 4, 4, 4, 4, 4, 4, 4, 4, 4, 4, 4, 4, 4, 4, 4, 4, 4, 4, 4, 4, 4, 4, 4, 4, 4, 4, 4, 4, 4, 4, 4, 4, 4, 4, 4, 4, 4, 4, 4, 4, 4, 4, 4, 4, 4, 4, 4, 4, 4, 4, 4, 4, 4, 4, 4, 4, 4, 4, 4, 4, 4, 4, 4, 4, 4, 4, 4, 4, 4, 4, 4, 4, 4, 4, 4, 4, 4, 4, 4, 4, 4, 4, 4, 4, 4, 4, 4, 4, 4, 4, 4, 4, 4, 4, 4, 4, 4, 4, 4, 4, 4, 4, 4, 4, 4, 4, 4, 4, 4, 4, 4, 4, 4, 4, 4, 4, 4, 4, 4, 4, 4, 4, 4, 4, 4, 4, 4, 4, 4, 4, 4, 4, 4, 4, 4, 4, 4, 4, 4, 4, 4, 4, 4, 4, 4, 4, 4, 4, 4, 4, 4, 4, 4, 4, 4, 4, 4, 4, 4, 4, 4, 4, 4, 4, 4, 4, 4, 4, 4, 4, 4, 4, 4, 4, 4, 4, 4, 4, 4, 4, 4, 4, 4, 4, 4, 4, 4, 4, 4, 4, 4, 4, 4, 4, 4, 4, 4, 4, 4, 4, 4, 4, 4, 4, 4, 4, 4, 4, 4, 4, 4, 4, 4, 4, 4, 4, 4, 4, 4, 4, 4, 4, 4, 4, 4, 4, 4, 4, 4, 4, 4, 4, 4, 4, 4, 4, 4, 4, 4, 4, 4, 4, 4, 4, 4, 4, 4, 4, 4, 4, 4, 4, 4, 4, 4, 4, 4, 4, 4, 4, 4, 4, 4, 4, 4, 4, 4, 4, 4, 4, 4, 4, 4, 4, 4, 4, 4, 4, 4, 4, 4, 4, 4, 4, 4, 4, 4, 4, 4, 4, 4, 4, 4, 4, 4, 4, 4, 4, 4, 4, 4, 4, 4, 4, 4, 4, 4, 4, 4, 4, 4, 4, 4, 4, 4, 4, 4, 4, 4, 4, 4, 4, 4, 4, 4, 4, 4, 4, 4, 4, 4, 4, 4, 4, 4, 4, 4, 4, 4, 4, 4, 4, 4, 4, 4, 4, 4, 4, 4, 4, 4, 4, 4, 4, 4, 4, 4, 4, 4, 4, 4, 4, 4, 4, 4, 4, 4, 4, 4, 4, 4, 4, 4, 4, 4, 4, 4, 4, 4, 4, 4, 4, 4, 4, 4, 4, 4, 4, 4, 4, 4, 4, 4, 4, 4, 4, 4, 4, 4, 4, 4, 4, 4, 4, 4, 4, 4, 4, 4, 4, 4, 4, 4, 4, 4, 4, 4, 4, 4, 4, 4, 4, 4, 4, 4, 4, 4, 4, 4, 4, 4, 4, 4, 4, 4, 4, 4, 4, 4, 4, 4, 4, 4, 4, 4, 4, 4, 4, 4, 4, 4, 4, 4, 4, 4, 4, 4, 4, 4, 4, 4, 4, 4, 4, 4, 4, 4, 4, 4, 4, 4, 4, 4, 4, 4, 4, 4, 4, 4, 4, 4, 4, 4, 4, 4, 4, 4, 4, 4, 4, 4, 4, 4, 4, 4, 4, 4, 4, 4, 4, 4, 4, 4, 4, 4, 4, 4, 4, 4, 4, 4, 4, 4, 4, 4, 4, 4, 4, 4, 4, 4, 4, 4, 4, 4, 4, 4, 4, 4, 4, 4, 4, 4, 4, 4, 4, 4, 4, 4, 4, 4, 4, 4, 4, 4, 4, 4, 4, 4, 4, 4, 4, 4, 4, 4, 4, 4, 4, 4, 4, 4, 4, 4, 4, 4, 4, 4, 4, 4, 4, 4, 4, 4, 4, 4, 4, 4, 4, 4, 4, 4, 4, 4, 4, 4, 4, 4, 4, 4, 4, 4, 4, 4, 4, 4, 4, 4, 4, 4, 4, 4, 4, 4, 4, 4, 4, 4, 4, 4, 4, 4, 4, 4, 4, 4, 4, 4, 4, 4, 4, 4, 4, 4, 4, 4, 4, 4, 4, 4, 4, 4, 4, 4, 4, 4, 4, 4, 4, 4, 4, 4, 4, 4, 4, 4, 4, 4, 4, 4, 4, 4, 4, 4, 4, 4, 4, 4, 4, 4, 4, 4, 4, 4, 4, 4, 4, 4, 4, 4, 4, 4, 4, 4, 4, 4, 4, 4, 4, 4, 4, 4, 4, 4, 4, 4, 4, 4, 4, 4, 4, 4, 4, 4, 4, 4, 4, 4, 4, 4, 4, 4, 4, 4, 4, 4, 4, 4, 4, 4, 4, 4, 4, 4, 4, 4, 4, 4, 4, 4, 4, 4, 4, 4, 4, 4, 4, 4, 4, 4, 4, 4, 4, 4, 4, 4, 4, 4, 4, 4, 4, 4, 4, 4, 4, 4, 4, 4, 4, 4, 4, 4, 4, 4, 4, 4, 4, 4, 4, 4, 4, 4, 4, 4, 4, 4, 4, 4, 4, 4, 4, 4, 4, 4, 4, 4, 4, 4, 4, 4, 4, 4, 4, 4, 4, 4, 4, 4, 4, 4, 4, 4, 4, 4, 4, 4, 4, 4, 4, 4, 4, 4, 4, 4, 4, 4, 4, 4, 4, 4, 4, 4, 4, 4, 4, 4, 4, 4, 4, 4, 4, 4, 4, 4, 4, 4, 4, 4, 4, 4, 4, 4, 4, 4, 4, 4, 4, 4, 4, 4, 4, 4, 4, 4, 4, 4, 4, 4, 4, 4, 4, 4, 4, 4, 4, 4, 4, 4, 4, 4, 4, 4, 4, 4, 4, 4, 4, 4, 4, 4, 4, 4, 4, 4, 4, 4, 4, 4, 4, 4, 4, 4, 4, 4, 4, 4, 4, 4, 4, 4, 4, 4, 4, 4, 4, 4, 4, 4, 4, 4, 4, 4, 4, 4, 4, 4, 4, 4, 4, 4, 4, 4, 4, 4, 4, 4, 4, 4, 4, 4, 4, 4, 4, 4, 4, 4, 4, 4, 4, 4, 4, 4, 4, 4, 4, 4, 4, 4, 4, 4, 4, 4, 4, 4, 4, 4, 4, 4, 4, 4, 4, 4, 4, 4, 4, 4, 4, 4, 4, 4, 4, 4, 4, 4, 4, 4, 4, 4, 4, 4, 4, 4, 4, 4, 4, 4, 4, 4, 4, 4, 4, 4, 4, 4, 4, 4, 4, 4, 4, 4, 4, 4, 4, 4, 4, 4, 4, 4, 4, 4, 4, 4, 4, 4, 4, 4, 4, 4, 4, 4, 4, 4, 4, 4, 4, 4, 4, 4, 4, 4, 4, 4, 4, 4, 4, 4, 4, 4, 4, 4, 4, 4, 4, 4, 4, 4, 4, 4, 4, 4, 4, 4, 4, 4, 4, 4, 4, 4, 4, 4, 4, 4, 4, 4, 4, 4, 4, 4, 4, 4, 4, 4, 4, 4, 4, 4, 4, 4, 4, 4, 4, 4, 4, 4, 4, 4, 4, 4, 4, 4, 4, 4, 4, 4, 4, 4, 4, 4, 4, 4, 4, 4, 4, 4, 4, 4, 4, 4, 4, 4, 4, 4, 4, 4, 4, 4, 4, 4, 4, 4, 4, 4, 4, 4, 4, 4, 4, 4, 4, 4, 4, 4, 4, 4, 4, 4, 4, 4, 4, 4, 4, 4, 4, 4, 4, 4, 4, 4, 4, 4, 4, 4, 4, 4, 4, 4, 4, 4, 4, 4, 4, 4, 4, 4, 4, 4, 4, 4, 4, 4, 4, 4, 4, 4, 4, 4, 4, 4, 4, 4, 4, 4, 4, 4, 4, 4, 4, 4, 4, 4, 4, 4, 4, 4, 4, 4, 4, 4, 4, 4, 4, 4, 4, 4, 4, 4, 4, 4, 4, 4, 4, 4, 4, 4, 4, 4, 4, 4, 4, 4, 4, 4, 4, 4, 4, 4, 4, 4, 4, 4, 4, 4, 4, 4, 4, 4, 4, 4, 4, 4, 4, 4, 4, 4, 4, 4, 4, 4, 4, 4, 4, 4, 4, 4, 4, 4, 4, 4, 4, 4, 4, 4, 4, 4, 4, 4, 4, 4, 4, 4, 4, 4, 4, 4, 4, 4, 4, 4, 4, 4, 4, 4, 4, 4, 4, 4, 4, 4, 4, 4, 4, 4, 4, 4, 4, 4, 4, 4, 4, 4, 4, 4, 4, 4, 4, 4, 4, 4, 4, 4, 4, 4, 4, 4, 4, 4, 4, 4, 4, 4, 4, 4, 4, 4, 4, 4, 4, 4, 4, 4, 4, 4, 4, 4, 4, 4, 4, 4, 4, 4, 4, 4, 4, 4, 4, 4, 4, 4, 4, 4, 4, 4, 4, 4, 4, 4, 4, 4, 4, 4, 4, 4, 4, 4, 4, 4, 4, 4, 4, 4, 4, 4, 4, 4, 4, 4, 4, 4, 4, 4, 4, 4, 4, 4, 4, 4, 4, 4, 4, 4, 4, 4, 4, 4, 4, 4, 4, 4, 4, 4, 4, 4, 4, 4, 4, 4, 4, 4, 4, 4, 4, 4, 4, 4, 4, 4, 4, 4, 4, 4, 4, 4, 4, 4, 4, 4, 4, 4, 4, 4, 4, 4, 4, 4, 4, 4, 4, 4, 4, 4, 4, 4, 4, 4, 4, 4, 4, 4, 4, 4, 4, 4, 4, 4, 4, 4, 4, 4, 4, 4, 4, 4, 4, 4, 4, 4, 4, 4, 4, 4, 4, 4, 4, 4, 4, 4, 4, 4, 4, 4, 4, 4, 4, 4, 4, 4, 4, 4, 4, 4, 4, 4, 4, 4, 4, 4, 4, 4, 4, 4, 4, 4, 4, 4, 4, 4, 4, 4, 4, 4, 4, 4, 4, 4, 4, 4, 4, 4, 4, 4, 4, 4, 4, 4, 4, 4, 4, 4, 4, 4, 4, 4, 4, 4, 4, 4, 4, 4, 4, 4, 4, 4, 4, 4, 4, 4, 4, 4, 4, 4, 4, 4, 4, 4, 4, 4, 4, 4, 4, 4, 4, 4, 4, 4, 4, 4, 4, 4, 4, 4, 4, 4, 4, 4, 4, 4, 4, 4, 4, 4, 4, 4, 4, 4, 4, 4, 4, 4, 4, 4, 4, 4, 4, 4, 4, 4, 4, 4, 4, 4, 4, 4, 4, 4, 4, 4, 4, 4, 4, 4, 4, 4, 4, 4, 4, 4, 4, 4, 4, 4, 4, 4, 4, 4, 4, 4, 4, 4, 4, 4, 4, 4, 4, 4, 4, 4, 4, 4, 4, 4, 4, 4, 4, 4, 4, 4, 4, 4, 4, 4, 4, 4, 4, 4, 4, 4, 4, 4, 4, 4, 4, 4, 4, 4, 4, 4, 4, 4, 4, 4, 4, 4, 4, 4, 4, 4, 4, 4, 4, 4, 4, 4, 4, 4, 4, 4, 4, 4, 4, 4, 4, 4, 4, 4, 4, 4, 4, 4, 4, 4, 4, 4, 4, 4, 4, 4, 4, 4, 4, 4, 4, 4, 4, 4, 4, 4, 4, 4, 4, 4, 4, 4, 4, 4, 4, 4, 4, 4, 4, 4, 4, 4, 4, 4, 4, 4, 4, 4, 4, 4, 4, 4, 4, 4, 4, 4, 4, 4, 4, 4, 4, 4, 4, 4, 4, 4, 4, 4, 4, 4, 4, 4, 4, 4, 4, 4, 4, 4, 4, 4, 4, 4, 4, 4, 4, 4, 4, 4, 4, 4, 4, 4, 4, 4, 4, 4, 4, 4, 4, 4, 4, 4, 4, 4, 4, 4, 4, 4, 4, 4, 4, 4, 4, 4, 4, 4, 4, 4, 4, 4, 4, 4, 4, 4, 4, 4, 4, 4, 4, 4, 4, 4, 4, 4, 4, 4, 4, 4, 4, 4, 4, 4, 4, 4, 4, 4, 4, 4, 4, 4, 4, 4, 4, 4, 4, 4, 4, 4, 4, 4, 4, 4, 4, 4, 4, 4, 4, 4, 4, 4, 4, 4, 4, 4, 4, 4, 4, 4, 4, 4, 4, 4, 4, 4, 4, 4, 4, 4, 4, 4, 4, 4, 4, 4, 4, 4, 4, 4, 4, 4, 4, 4, 4, 4, 4, 4, 4, 4, 4, 4, 4, 4, 4, 4, 4, 4, 4, 4, 4, 4, 4, 4, 4, 4, 4, 4, 4, 4, 4, 4, 4, 4, 4, 4, 4, 4, 4, 4, 4, 4, 4, 4, 4, 4, 4, 4, 4, 4, 4, 4, 4, 4, 4, 4, 4, 4, 4, 4, 4, 4, 4, 4, 4, 4, 4, 4, 4, 4, 4, 4, 4, 4, 4, 4, 4, 4, 4, 4, 4, 4, 4, 4, 4, 4, 4, 4, 4, 4, 4, 4, 4, 4, 4, 4, 4, 4, 4, 4, 4, 4, 4, 4, 4, 4, 4, 4, 4, 4, 4, 4, 4, 4, 4, 4, 4, 4, 4, 4, 4, 4, 4, 4, 4, 4, 4, 4, 4, 4, 4, 4, 4, 4, 4, 4, 4, 4, 4, 4, 4, 4, 4, 4, 4, 4, 4, 4, 4, 4, 4, 4, 4, 4, 4, 4, 4, 4, 4, 4, 4, 4, 4, 4, 4, 4, 4, 4, 4, 4, 4, 4, 4, 4, 4, 4, 4, 4, 4, 4, 4, 4, 4, 4, 4, 4, 4, 4, 4, 4, 4, 4, 4, 4, 4, 4, 4, 4, 4, 4, 4, 4, 4, 4, 4, 4, 4, 4, 4, 4, 4, 4, 4, 4, 4, 4, 4, 4, 4, 4, 4, 4, 4, 4, 4, 4, 4, 4, 4, 4, 4, 4, 4, 4, 4, 4, 4, 4, 4, 4, 4, 4, 4, 4, 4, 4, 4, 4, 4, 4, 4, 4, 4, 4, 4, 4, 4, 4, 4, 4, 4, 4, 4, 4, 4, 4, 4, 4, 4, 4, 4, 4, 4, 4, 4, 4, 4, 4, 4, 4, 4, 4, 4, 4, 4, 4, 4, 4, 4, 4, 4, 4, 4, 4, 4, 4, 4, 4, 4, 4, 4, 4, 4, 4, 4, 4, 4, 4, 4, 4, 4, 4, 4, 4, 4, 4, 4, 4, 4, 4, 4, 4, 4, 4, 4, 4, 4, 4, 4, 4, 4, 4, 4, 4, 4, 4, 4, 4, 4, 4, 4, 4, 4, 4, 4, 4, 4, 4, 4, 4, 4, 4, 4, 4, 4, 4, 4, 4, 4, 4, 4, 4, 4, 4, 4, 4, 4, 4, 4, 4, 4, 4, 4, 4, 4, 4, 4, 4, 4, 4, 4, 4, 4, 4, 4, 4, 4, 4, 4, 4, 4, 4, 4, 4, 4, 4, 4, 4, 4, 4, 4, 4, 4, 4, 4]
                int[] faceVertexIndices = [0, 1, 42, 41, 1, 2, 43, 42, 2, 3, 44, 43, 3, 4, 45, 44, 4, 5, 46, 45, 5, 6, 47, 46, 6, 7, 48, 47, 7, 8, 49, 48, 8, 9, 50, 49, 9, 10, 51, 50, 10, 11, 52, 51, 11, 12, 53, 52, 12, 13, 54, 53, 13, 14, 55, 54, 14, 15, 56, 55, 15, 16, 57, 56, 16, 17, 58, 57, 17, 18, 59, 58, 18, 19, 60, 59, 19, 20, 61, 60, 20, 21, 62, 61, 21, 22, 63, 62, 22, 23, 64, 63, 23, 24, 65, 64, 24, 25, 66, 65, 25, 26, 67, 66, 26, 27, 68, 67, 27, 28, 69, 68, 28, 29, 70, 69, 29, 30, 71, 70, 30, 31, 72, 71, 31, 32, 73, 72, 32, 33, 74, 73, 33, 34, 75, 74, 34, 35, 76, 75, 35, 36, 77, 76, 36, 37, 78, 77, 37, 38, 79, 78, 38, 39, 80, 79, 39, 40, 81, 80, 41, 42, 83, 82, 42, 43, 84, 83, 43, 44, 85, 84, 44, 45, 86, 85, 45, 46, 87, 86, 46, 47, 88, 87, 47, 48, 89, 88, 48, 49, 90, 89, 49, 50, 91, 90, 50, 51, 92, 91, 51, 52, 93, 92, 52, 53, 94, 93, 53, 54, 95, 94, 54, 55, 96, 95, 55, 56, 97, 96, 56, 57, 98, 97, 57, 58, 99, 98, 58, 59, 100, 99, 59, 60, 101, 100, 60, 61, 102, 101, 61, 62, 103, 102, 62, 63, 104, 103, 63, 64, 105, 104, 64, 65, 106, 105, 65, 66, 107, 106, 66, 67, 108, 107, 67, 68, 109, 108, 68, 69, 110, 109, 69, 70, 111, 110, 70, 71, 112, 111, 71, 72, 113, 112, 72, 73, 114, 113, 73, 74, 115, 114, 74, 75, 116, 115, 75, 76, 117, 116, 76, 77, 118, 117, 77, 78, 119, 118, 78, 79, 120, 119, 79, 80, 121, 120, 80, 81, 122, 121, 82, 83, 124, 123, 83, 84, 125, 124, 84, 85, 126, 125, 85, 86, 127, 126, 86, 87, 128, 127, 87, 88, 129, 128, 88, 89, 130, 129, 89, 90, 131, 130, 90, 91, 132, 131, 91, 92, 133, 132, 92, 93, 134, 133, 93, 94, 135, 134, 94, 95, 136, 135, 95, 96, 137, 136, 96, 97, 138, 137, 97, 98, 139, 138, 98, 99, 140, 139, 99, 100, 141, 140, 100, 101, 142, 141, 101, 102, 143, 142, 102, 103, 144, 143, 103, 104, 145, 144, 104, 105, 146, 145, 105, 106, 147, 146, 106, 107, 148, 147, 107, 108, 149, 148, 108, 109, 150, 149, 109, 110, 151, 150, 110, 111, 152, 151, 111, 112, 153, 152, 112, 113, 154, 153, 113, 114, 155, 154, 114, 115, 156, 155, 115, 116, 157, 156, 116, 117, 158, 157, 117, 118, 159, 158, 118, 119, 160, 159, 119, 120, 161, 160, 120, 121, 162, 161, 121, 122, 163, 162, 123, 124, 165, 164, 124, 125, 166, 165, 125, 126, 167, 166, 126, 127, 168, 167, 127, 128, 169, 168, 128, 129, 170, 169, 129, 130, 171, 170, 130, 131, 172, 171, 131, 132, 173, 172, 132, 133, 174, 173, 133, 134, 175, 174, 134, 135, 176, 175, 135, 136, 177, 176, 136, 137, 178, 177, 137, 138, 179, 178, 138, 139, 180, 179, 139, 140, 181, 180, 140, 141, 182, 181, 141, 142, 183, 182, 142, 143, 184, 183, 143, 144, 185, 184, 144, 145, 186, 185, 145, 146, 187, 186, 146, 147, 188, 187, 147, 148, 189, 188, 148, 149, 190, 189, 149, 150, 191, 190, 150, 151, 192, 191, 151, 152, 193, 192, 152, 153, 194, 193, 153, 154, 195, 194, 154, 155, 196, 195, 155, 156, 197, 196, 156, 157, 198, 197, 157, 158, 199, 198, 158, 159, 200, 199, 159, 160, 201, 200, 160, 161, 202, 201, 161, 162, 203, 202, 162, 163, 204, 203, 164, 165, 206, 205, 165, 166, 207, 206, 166, 167, 208, 207, 167, 168, 209, 208, 168, 169, 210, 209, 169, 170, 211, 210, 170, 171, 212, 211, 171, 172, 213, 212, 172, 173, 214, 213, 173, 174, 215, 214, 174, 175, 216, 215, 175, 176, 217, 216, 176, 177, 218, 217, 177, 178, 219, 218, 178, 179, 220, 219, 179, 180, 221, 220, 180, 181, 222, 221, 181, 182, 223, 222, 182, 183, 224, 223, 183, 184, 225, 224, 184, 185, 226, 225, 185, 186, 227, 226, 186, 187, 228, 227, 187, 188, 229, 228, 188, 189, 230, 229, 189, 190, 231, 230, 190, 191, 232, 231, 191, 192, 233, 232, 192, 193, 234, 233, 193, 194, 235, 234, 194, 195, 236, 235, 195, 196, 237, 236, 196, 197, 238, 237, 197, 198, 239, 238, 198, 199, 240, 239, 199, 200, 241, 240, 200, 201, 242, 241, 201, 202, 243, 242, 202, 203, 244, 243, 203, 204, 245, 244, 205, 206, 247, 246, 206, 207, 248, 247, 207, 208, 249, 248, 208, 209, 250, 249, 209, 210, 251, 250, 210, 211, 252, 251, 211, 212, 253, 252, 212, 213, 254, 253, 213, 214, 255, 254, 214, 215, 256, 255, 215, 216, 257, 256, 216, 217, 258, 257, 217, 218, 259, 258, 218, 219, 260, 259, 219, 220, 261, 260, 220, 221, 262, 261, 221, 222, 263, 262, 222, 223, 264, 263, 223, 224, 265, 264, 224, 225, 266, 265, 225, 226, 267, 266, 226, 227, 268, 267, 227, 228, 269, 268, 228, 229, 270, 269, 229, 230, 271, 270, 230, 231, 272, 271, 231, 232, 273, 272, 232, 233, 274, 273, 233, 234, 275, 274, 234, 235, 276, 275, 235, 236, 277, 276, 236, 237, 278, 277, 237, 238, 279, 278, 238, 239, 280, 279, 239, 240, 281, 280, 240, 241, 282, 281, 241, 242, 283, 282, 242, 243, 284, 283, 243, 244, 285, 284, 244, 245, 286, 285, 246, 247, 288, 287, 247, 248, 289, 288, 248, 249, 290, 289, 249, 250, 291, 290, 250, 251, 292, 291, 251, 252, 293, 292, 252, 253, 294, 293, 253, 254, 295, 294, 254, 255, 296, 295, 255, 256, 297, 296, 256, 257, 298, 297, 257, 258, 299, 298, 258, 259, 300, 299, 259, 260, 301, 300, 260, 261, 302, 301, 261, 262, 303, 302, 262, 263, 304, 303, 263, 264, 305, 304, 264, 265, 306, 305, 265, 266, 307, 306, 266, 267, 308, 307, 267, 268, 309, 308, 268, 269, 310, 309, 269, 270, 311, 310, 270, 271, 312, 311, 271, 272, 313, 312, 272, 273, 314, 313, 273, 274, 315, 314, 274, 275, 316, 315, 275, 276, 317, 316, 276, 277, 318, 317, 277, 278, 319, 318, 278, 279, 320, 319, 279, 280, 321, 320, 280, 281, 322, 321, 281, 282, 323, 322, 282, 283, 324, 323, 283, 284, 325, 324, 284, 285, 326, 325, 285, 286, 327, 326, 287, 288, 329, 328, 288, 289, 330, 329, 289, 290, 331, 330, 290, 291, 332, 331, 291, 292, 333, 332, 292, 293, 334, 333, 293, 294, 335, 334, 294, 295, 336, 335, 295, 296, 337, 336, 296, 297, 338, 337, 297, 298, 339, 338, 298, 299, 340, 339, 299, 300, 341, 340, 300, 301, 342, 341, 301, 302, 343, 342, 302, 303, 344, 343, 303, 304, 345, 344, 304, 305, 346, 345, 305, 306, 347, 346, 306, 307, 348, 347, 307, 308, 349, 348, 308, 309, 350, 349, 309, 310, 351, 350, 310, 311, 352, 351, 311, 312, 353, 352, 312, 313, 354, 353, 313, 314, 355, 354, 314, 315, 356, 355, 315, 316, 357, 356, 316, 317, 358, 357, 317, 318, 359, 358, 318, 319, 360, 359, 319, 320, 361, 360, 320, 321, 362, 361, 321, 322, 363, 362, 322, 323, 364, 363, 323, 324, 365, 364, 324, 325, 366, 365, 325, 326, 367, 366, 326, 327, 368, 367, 328, 329, 370, 369, 329, 330, 371, 370, 330, 331, 372, 371, 331, 332, 373, 372, 332, 333, 374, 373, 333, 334, 375, 374, 334, 335, 376, 375, 335, 336, 377, 376, 336, 337, 378, 377, 337, 338, 379, 378, 338, 339, 380, 379, 339, 340, 381, 380, 340, 341, 382, 381, 341, 342, 383, 382, 342, 343, 384, 383, 343, 344, 385, 384, 344, 345, 386, 385, 345, 346, 387, 386, 346, 347, 388, 387, 347, 348, 389, 388, 348, 349, 390, 389, 349, 350, 391, 390, 350, 351, 392, 391, 351, 352, 393, 392, 352, 353, 394, 393, 353, 354, 395, 394, 354, 355, 396, 395, 355, 356, 397, 396, 356, 357, 398, 397, 357, 358, 399, 398, 358, 359, 400, 399, 359, 360, 401, 400, 360, 361, 402, 401, 361, 362, 403, 402, 362, 363, 404, 403, 363, 364, 405, 404, 364, 365, 406, 405, 365, 366, 407, 406, 366, 367, 408, 407, 367, 368, 409, 408, 369, 370, 411, 410, 370, 371, 412, 411, 371, 372, 413, 412, 372, 373, 414, 413, 373, 374, 415, 414, 374, 375, 416, 415, 375, 376, 417, 416, 376, 377, 418, 417, 377, 378, 419, 418, 378, 379, 420, 419, 379, 380, 421, 420, 380, 381, 422, 421, 381, 382, 423, 422, 382, 383, 424, 423, 383, 384, 425, 424, 384, 385, 426, 425, 385, 386, 427, 426, 386, 387, 428, 427, 387, 388, 429, 428, 388, 389, 430, 429, 389, 390, 431, 430, 390, 391, 432, 431, 391, 392, 433, 432, 392, 393, 434, 433, 393, 394, 435, 434, 394, 395, 436, 435, 395, 396, 437, 436, 396, 397, 438, 437, 397, 398, 439, 438, 398, 399, 440, 439, 399, 400, 441, 440, 400, 401, 442, 441, 401, 402, 443, 442, 402, 403, 444, 443, 403, 404, 445, 444, 404, 405, 446, 445, 405, 406, 447, 446, 406, 407, 448, 447, 407, 408, 449, 448, 408, 409, 450, 449, 410, 411, 452, 451, 411, 412, 453, 452, 412, 413, 454, 453, 413, 414, 455, 454, 414, 415, 456, 455, 415, 416, 457, 456, 416, 417, 458, 457, 417, 418, 459, 458, 418, 419, 460, 459, 419, 420, 461, 460, 420, 421, 462, 461, 421, 422, 463, 462, 422, 423, 464, 463, 423, 424, 465, 464, 424, 425, 466, 465, 425, 426, 467, 466, 426, 427, 468, 467, 427, 428, 469, 468, 428, 429, 470, 469, 429, 430, 471, 470, 430, 431, 472, 471, 431, 432, 473, 472, 432, 433, 474, 473, 433, 434, 475, 474, 434, 435, 476, 475, 435, 436, 477, 476, 436, 437, 478, 477, 437, 438, 479, 478, 438, 439, 480, 479, 439, 440, 481, 480, 440, 441, 482, 481, 441, 442, 483, 482, 442, 443, 484, 483, 443, 444, 485, 484, 444, 445, 486, 485, 445, 446, 487, 486, 446, 447, 488, 487, 447, 448, 489, 488, 448, 449, 490, 489, 449, 450, 491, 490, 451, 452, 493, 492, 452, 453, 494, 493, 453, 454, 495, 494, 454, 455, 496, 495, 455, 456, 497, 496, 456, 457, 498, 497, 457, 458, 499, 498, 458, 459, 500, 499, 459, 460, 501, 500, 460, 461, 502, 501, 461, 462, 503, 502, 462, 463, 504, 503, 463, 464, 505, 504, 464, 465, 506, 505, 465, 466, 507, 506, 466, 467, 508, 507, 467, 468, 509, 508, 468, 469, 510, 509, 469, 470, 511, 510, 470, 471, 512, 511, 471, 472, 513, 512, 472, 473, 514, 513, 473, 474, 515, 514, 474, 475, 516, 515, 475, 476, 517, 516, 476, 477, 518, 517, 477, 478, 519, 518, 478, 479, 520, 519, 479, 480, 521, 520, 480, 481, 522, 521, 481, 482, 523, 522, 482, 483, 524, 523, 483, 484, 525, 524, 484, 485, 526, 525, 485, 486, 527, 526, 486, 487, 528, 527, 487, 488, 529, 528, 488, 489, 530, 529, 489, 490, 531, 530, 490, 491, 532, 531, 492, 493, 534, 533, 493, 494, 535, 534, 494, 495, 536, 535, 495, 496, 537, 536, 496, 497, 538, 537, 497, 498, 539, 538, 498, 499, 540, 539, 499, 500, 541, 540, 500, 501, 542, 541, 501, 502, 543, 542, 502, 503, 544, 543, 503, 504, 545, 544, 504, 505, 546, 545, 505, 506, 547, 546, 506, 507, 548, 547, 507, 508, 549, 548, 508, 509, 550, 549, 509, 510, 551, 550, 510, 511, 552, 551, 511, 512, 553, 552, 512, 513, 554, 553, 513, 514, 555, 554, 514, 515, 556, 555, 515, 516, 557, 556, 516, 517, 558, 557, 517, 518, 559, 558, 518, 519, 560, 559, 519, 520, 561, 560, 520, 521, 562, 561, 521, 522, 563, 562, 522, 523, 564, 563, 523, 524, 565, 564, 524, 525, 566, 565, 525, 526, 567, 566, 526, 527, 568, 567, 527, 528, 569, 568, 528, 529, 570, 569, 529, 530, 571, 570, 530, 531, 572, 571, 531, 532, 573, 572, 533, 534, 575, 574, 534, 535, 576, 575, 535, 536, 577, 576, 536, 537, 578, 577, 537, 538, 579, 578, 538, 539, 580, 579, 539, 540, 581, 580, 540, 541, 582, 581, 541, 542, 583, 582, 542, 543, 584, 583, 543, 544, 585, 584, 544, 545, 586, 585, 545, 546, 587, 586, 546, 547, 588, 587, 547, 548, 589, 588, 548, 549, 590, 589, 549, 550, 591, 590, 550, 551, 592, 591, 551, 552, 593, 592, 552, 553, 594, 593, 553, 554, 595, 594, 554, 555, 596, 595, 555, 556, 597, 596, 556, 557, 598, 597, 557, 558, 599, 598, 558, 559, 600, 599, 559, 560, 601, 600, 560, 561, 602, 601, 561, 562, 603, 602, 562, 563, 604, 603, 563, 564, 605, 604, 564, 565, 606, 605, 565, 566, 607, 606, 566, 567, 608, 607, 567, 568, 609, 608, 568, 569, 610, 609, 569, 570, 611, 610, 570, 571, 612, 611, 571, 572, 613, 612, 572, 573, 614, 613, 574, 575, 616, 615, 575, 576, 617, 616, 576, 577, 618, 617, 577, 578, 619, 618, 578, 579, 620, 619, 579, 580, 621, 620, 580, 581, 622, 621, 581, 582, 623, 622, 582, 583, 624, 623, 583, 584, 625, 624, 584, 585, 626, 625, 585, 586, 627, 626, 586, 587, 628, 627, 587, 588, 629, 628, 588, 589, 630, 629, 589, 590, 631, 630, 590, 591, 632, 631, 591, 592, 633, 632, 592, 593, 634, 633, 593, 594, 635, 634, 594, 595, 636, 635, 595, 596, 637, 636, 596, 597, 638, 637, 597, 598, 639, 638, 598, 599, 640, 639, 599, 600, 641, 640, 600, 601, 642, 641, 601, 602, 643, 642, 602, 603, 644, 643, 603, 604, 645, 644, 604, 605, 646, 645, 605, 606, 647, 646, 606, 607, 648, 647, 607, 608, 649, 648, 608, 609, 650, 649, 609, 610, 651, 650, 610, 611, 652, 651, 611, 612, 653, 652, 612, 613, 654, 653, 613, 614, 655, 654, 615, 616, 657, 656, 616, 617, 658, 657, 617, 618, 659, 658, 618, 619, 660, 659, 619, 620, 661, 660, 620, 621, 662, 661, 621, 622, 663, 662, 622, 623, 664, 663, 623, 624, 665, 664, 624, 625, 666, 665, 625, 626, 667, 666, 626, 627, 668, 667, 627, 628, 669, 668, 628, 629, 670, 669, 629, 630, 671, 670, 630, 631, 672, 671, 631, 632, 673, 672, 632, 633, 674, 673, 633, 634, 675, 674, 634, 635, 676, 675, 635, 636, 677, 676, 636, 637, 678, 677, 637, 638, 679, 678, 638, 639, 680, 679, 639, 640, 681, 680, 640, 641, 682, 681, 641, 642, 683, 682, 642, 643, 684, 683, 643, 644, 685, 684, 644, 645, 686, 685, 645, 646, 687, 686, 646, 647, 688, 687, 647, 648, 689, 688, 648, 649, 690, 689, 649, 650, 691, 690, 650, 651, 692, 691, 651, 652, 693, 692, 652, 653, 694, 693, 653, 654, 695, 694, 654, 655, 696, 695, 656, 657, 698, 697, 657, 658, 699, 698, 658, 659, 700, 699, 659, 660, 701, 700, 660, 661, 702, 701, 661, 662, 703, 702, 662, 663, 704, 703, 663, 664, 705, 704, 664, 665, 706, 705, 665, 666, 707, 706, 666, 667, 708, 707, 667, 668, 709, 708, 668, 669, 710, 709, 669, 670, 711, 710, 670, 671, 712, 711, 671, 672, 713, 712, 672, 673, 714, 713, 673, 674, 715, 714, 674, 675, 716, 715, 675, 676, 717, 716, 676, 677, 718, 717, 677, 678, 719, 718, 678, 679, 720, 719, 679, 680, 721, 720, 680, 681, 722, 721, 681, 682, 723, 722, 682, 683, 724, 723, 683, 684, 725, 724, 684, 685, 726, 725, 685, 686, 727, 726, 686, 687, 728, 727, 687, 688, 729, 728, 688, 689, 730, 729, 689, 690, 731, 730, 690, 691, 732, 731, 691, 692, 733, 732, 692, 693, 734, 733, 693, 694, 735, 734, 694, 695, 736, 735, 695, 696, 737, 736, 697, 698, 739, 738, 698, 699, 740, 739, 699, 700, 741, 740, 700, 701, 742, 741, 701, 702, 743, 742, 702, 703, 744, 743, 703, 704, 745, 744, 704, 705, 746, 745, 705, 706, 747, 746, 706, 707, 748, 747, 707, 708, 749, 748, 708, 709, 750, 749, 709, 710, 751, 750, 710, 711, 752, 751, 711, 712, 753, 752, 712, 713, 754, 753, 713, 714, 755, 754, 714, 715, 756, 755, 715, 716, 757, 756, 716, 717, 758, 757, 717, 718, 759, 758, 718, 719, 760, 759, 719, 720, 761, 760, 720, 721, 762, 761, 721, 722, 763, 762, 722, 723, 764, 763, 723, 724, 765, 764, 724, 725, 766, 765, 725, 726, 767, 766, 726, 727, 768, 767, 727, 728, 769, 768, 728, 729, 770, 769, 729, 730, 771, 770, 730, 731, 772, 771, 731, 732, 773, 772, 732, 733, 774, 773, 733, 734, 775, 774, 734, 735, 776, 775, 735, 736, 777, 776, 736, 737, 778, 777, 738, 739, 780, 779, 739, 740, 781, 780, 740, 741, 782, 781, 741, 742, 783, 782, 742, 743, 784, 783, 743, 744, 785, 784, 744, 745, 786, 785, 745, 746, 787, 786, 746, 747, 788, 787, 747, 748, 789, 788, 748, 749, 790, 789, 749, 750, 791, 790, 750, 751, 792, 791, 751, 752, 793, 792, 752, 753, 794, 793, 753, 754, 795, 794, 754, 755, 796, 795, 755, 756, 797, 796, 756, 757, 798, 797, 757, 758, 799, 798, 758, 759, 800, 799, 759, 760, 801, 800, 760, 761, 802, 801, 761, 762, 803, 802, 762, 763, 804, 803, 763, 764, 805, 804, 764, 765, 806, 805, 765, 766, 807, 806, 766, 767, 808, 807, 767, 768, 809, 808, 768, 769, 810, 809, 769, 770, 811, 810, 770, 771, 812, 811, 771, 772, 813, 812, 772, 773, 814, 813, 773, 774, 815, 814, 774, 775, 816, 815, 775, 776, 817, 816, 776, 777, 818, 817, 777, 778, 819, 818, 779, 780, 821, 820, 780, 781, 822, 821, 781, 782, 823, 822, 782, 783, 824, 823, 783, 784, 825, 824, 784, 785, 826, 825, 785, 786, 827, 826, 786, 787, 828, 827, 787, 788, 829, 828, 788, 789, 830, 829, 789, 790, 831, 830, 790, 791, 832, 831, 791, 792, 833, 832, 792, 793, 834, 833, 793, 794, 835, 834, 794, 795, 836, 835, 795, 796, 837, 836, 796, 797, 838, 837, 797, 798, 839, 838, 798, 799, 840, 839, 799, 800, 841, 840, 800, 801, 842, 841, 801, 802, 843, 842, 802, 803, 844, 843, 803, 804, 845, 844, 804, 805, 846, 845, 805, 806, 847, 846, 806, 807, 848, 847, 807, 808, 849, 848, 808, 809, 850, 849, 809, 810, 851, 850, 810, 811, 852, 851, 811, 812, 853, 852, 812, 813, 854, 853, 813, 814, 855, 854, 814, 815, 856, 855, 815, 816, 857, 856, 816, 817, 858, 857, 817, 818, 859, 858, 818, 819, 860, 859, 820, 821, 862, 861, 821, 822, 863, 862, 822, 823, 864, 863, 823, 824, 865, 864, 824, 825, 866, 865, 825, 826, 867, 866, 826, 827, 868, 867, 827, 828, 869, 868, 828, 829, 870, 869, 829, 830, 871, 870, 830, 831, 872, 871, 831, 832, 873, 872, 832, 833, 874, 873, 833, 834, 875, 874, 834, 835, 876, 875, 835, 836, 877, 876, 836, 837, 878, 877, 837, 838, 879, 878, 838, 839, 880, 879, 839, 840, 881, 880, 840, 841, 882, 881, 841, 842, 883, 882, 842, 843, 884, 883, 843, 844, 885, 884, 844, 845, 886, 885, 845, 846, 887, 886, 846, 847, 888, 887, 847, 848, 889, 888, 848, 849, 890, 889, 849, 850, 891, 890, 850, 851, 892, 891, 851, 852, 893, 892, 852, 853, 894, 893, 853, 854, 895, 894, 854, 855, 896, 895, 855, 856, 897, 896, 856, 857, 898, 897, 857, 858, 899, 898, 858, 859, 900, 899, 859, 860, 901, 900, 861, 862, 903, 902, 862, 863, 904, 903, 863, 864, 905, 904, 864, 865, 906, 905, 865, 866, 907, 906, 866, 867, 908, 907, 867, 868, 909, 908, 868, 869, 910, 909, 869, 870, 911, 910, 870, 871, 912, 911, 871, 872, 913, 912, 872, 873, 914, 913, 873, 874, 915, 914, 874, 875, 916, 915, 875, 876, 917, 916, 876, 877, 918, 917, 877, 878, 919, 918, 878, 879, 920, 919, 879, 880, 921, 920, 880, 881, 922, 921, 881, 882, 923, 922, 882, 883, 924, 923, 883, 884, 925, 924, 884, 885, 926, 925, 885, 886, 927, 926, 886, 887, 928, 927, 887, 888, 929, 928, 888, 889, 930, 929, 889, 890, 931, 930, 890, 891, 932, 931, 891, 892, 933, 932, 892, 893, 934, 933, 893, 894, 935, 934, 894, 895, 936, 935, 895, 896, 937, 936, 896, 897, 938, 937, 897, 898, 939, 938, 898, 899, 940, 939, 899, 900, 941, 940, 900, 901, 942, 941, 902, 903, 944, 943, 903, 904, 945, 944, 904, 905, 946, 945, 905, 906, 947, 946, 906, 907, 948, 947, 907, 908, 949, 948, 908, 909, 950, 949, 909, 910, 951, 950, 910, 911, 952, 951, 911, 912, 953, 952, 912, 913, 954, 953, 913, 914, 955, 954, 914, 915, 956, 955, 915, 916, 957, 956, 916, 917, 958, 957, 917, 918, 959, 958, 918, 919, 960, 959, 919, 920, 961, 960, 920, 921, 962, 961, 921, 922, 963, 962, 922, 923, 964, 963, 923, 924, 965, 964, 924, 925, 966, 965, 925, 926, 967, 966, 926, 927, 968, 967, 927, 928, 969, 968, 928, 929, 970, 969, 929, 930, 971, 970, 930, 931, 972, 971, 931, 932, 973, 972, 932, 933, 974, 973, 933, 934, 975, 974, 934, 935, 976, 975, 935, 936, 977, 976, 936, 937, 978, 977, 937, 938, 979, 978, 938, 939, 980, 979, 939, 940, 981, 980, 940, 941, 982, 981, 941, 942, 983, 982, 943, 944, 985, 984, 944, 945, 986, 985, 945, 946, 987, 986, 946, 947, 988, 987, 947, 948, 989, 988, 948, 949, 990, 989, 949, 950, 991, 990, 950, 951, 992, 991, 951, 952, 993, 992, 952, 953, 994, 993, 953, 954, 995, 994, 954, 955, 996, 995, 955, 956, 997, 996, 956, 957, 998, 997, 957, 958, 999, 998, 958, 959, 1000, 999, 959, 960, 1001, 1000, 960, 961, 1002, 1001, 961, 962, 1003, 1002, 962, 963, 1004, 1003, 963, 964, 1005, 1004, 964, 965, 1006, 1005, 965, 966, 1007, 1006, 966, 967, 1008, 1007, 967, 968, 1009, 1008, 968, 969, 1010, 1009, 969, 970, 1011, 1010, 970, 971, 1012, 1011, 971, 972, 1013, 1012, 972, 973, 1014, 1013, 973, 974, 1015, 1014, 974, 975, 1016, 1015, 975, 976, 1017, 1016, 976, 977, 1018, 1017, 977, 978, 1019, 1018, 978, 979, 1020, 1019, 979, 980, 1021, 1020, 980, 981, 1022, 1021, 981, 982, 1023, 1022, 982, 983, 1024, 1023, 984, 985, 1026, 1025, 985, 986, 1027, 1026, 986, 987, 1028, 1027, 987, 988, 1029, 1028, 988, 989, 1030, 1029, 989, 990, 1031, 1030, 990, 991, 1032, 1031, 991, 992, 1033, 1032, 992, 993, 1034, 1033, 993, 994, 1035, 1034, 994, 995, 1036, 1035, 995, 996, 1037, 1036, 996, 997, 1038, 1037, 997, 998, 1039, 1038, 998, 999, 1040, 1039, 999, 1000, 1041, 1040, 1000, 1001, 1042, 1041, 1001, 1002, 1043, 1042, 1002, 1003, 1044, 1043, 1003, 1004, 1045, 1044, 1004, 1005, 1046, 1045, 1005, 1006, 1047, 1046, 1006, 1007, 1048, 1047, 1007, 1008, 1049, 1048, 1008, 1009, 1050, 1049, 1009, 1010, 1051, 1050, 1010, 1011, 1052, 1051, 1011, 1012, 1053, 1052, 1012, 1013, 1054, 1053, 1013, 1014, 1055, 1054, 1014, 1015, 1056, 1055, 1015, 1016, 1057, 1056, 1016, 1017, 1058, 1057, 1017, 1018, 1059, 1058, 1018, 1019, 1060, 1059, 1019, 1020, 1061, 1060, 1020, 1021, 1062, 1061, 1021, 1022, 1063, 1062, 1022, 1023, 1064, 1063, 1023, 1024, 1065, 1064, 1025, 1026, 1067, 1066, 1026, 1027, 1068, 1067, 1027, 1028, 1069, 1068, 1028, 1029, 1070, 1069, 1029, 1030, 1071, 1070, 1030, 1031, 1072, 1071, 1031, 1032, 1073, 1072, 1032, 1033, 1074, 1073, 1033, 1034, 1075, 1074, 1034, 1035, 1076, 1075, 1035, 1036, 1077, 1076, 1036, 1037, 1078, 1077, 1037, 1038, 1079, 1078, 1038, 1039, 1080, 1079, 1039, 1040, 1081, 1080, 1040, 1041, 1082, 1081, 1041, 1042, 1083, 1082, 1042, 1043, 1084, 1083, 1043, 1044, 1085, 1084, 1044, 1045, 1086, 1085, 1045, 1046, 1087, 1086, 1046, 1047, 1088, 1087, 1047, 1048, 1089, 1088, 1048, 1049, 1090, 1089, 1049, 1050, 1091, 1090, 1050, 1051, 1092, 1091, 1051, 1052, 1093, 1092, 1052, 1053, 1094, 1093, 1053, 1054, 1095, 1094, 1054, 1055, 1096, 1095, 1055, 1056, 1097, 1096, 1056, 1057, 1098, 1097, 1057, 1058, 1099, 1098, 1058, 1059, 1100, 1099, 1059, 1060, 1101, 1100, 1060, 1061, 1102, 1101, 1061, 1062, 1103, 1102, 1062, 1063, 1104, 1103, 1063, 1064, 1105, 1104, 1064, 1065, 1106, 1105, 1066, 1067, 1108, 1107, 1067, 1068, 1109, 1108, 1068, 1069, 1110, 1109, 1069, 1070, 1111, 1110, 1070, 1071, 1112, 1111, 1071, 1072, 1113, 1112, 1072, 1073, 1114, 1113, 1073, 1074, 1115, 1114, 1074, 1075, 1116, 1115, 1075, 1076, 1117, 1116, 1076, 1077, 1118, 1117, 1077, 1078, 1119, 1118, 1078, 1079, 1120, 1119, 1079, 1080, 1121, 1120, 1080, 1081, 1122, 1121, 1081, 1082, 1123, 1122, 1082, 1083, 1124, 1123, 1083, 1084, 1125, 1124, 1084, 1085, 1126, 1125, 1085, 1086, 1127, 1126, 1086, 1087, 1128, 1127, 1087, 1088, 1129, 1128, 1088, 1089, 1130, 1129, 1089, 1090, 1131, 1130, 1090, 1091, 1132, 1131, 1091, 1092, 1133, 1132, 1092, 1093, 1134, 1133, 1093, 1094, 1135, 1134, 1094, 1095, 1136, 1135, 1095, 1096, 1137, 1136, 1096, 1097, 1138, 1137, 1097, 1098, 1139, 1138, 1098, 1099, 1140, 1139, 1099, 1100, 1141, 1140, 1100, 1101, 1142, 1141, 1101, 1102, 1143, 1142, 1102, 1103, 1144, 1143, 1103, 1104, 1145, 1144, 1104, 1105, 1146, 1145, 1105, 1106, 1147, 1146, 1107, 1108, 1149, 1148, 1108, 1109, 1150, 1149, 1109, 1110, 1151, 1150, 1110, 1111, 1152, 1151, 1111, 1112, 1153, 1152, 1112, 1113, 1154, 1153, 1113, 1114, 1155, 1154, 1114, 1115, 1156, 1155, 1115, 1116, 1157, 1156, 1116, 1117, 1158, 1157, 1117, 1118, 1159, 1158, 1118, 1119, 1160, 1159, 1119, 1120, 1161, 1160, 1120, 1121, 1162, 1161, 1121, 1122, 1163, 1162, 1122, 1123, 1164, 1163, 1123, 1124, 1165, 1164, 1124, 1125, 1166, 1165, 1125, 1126, 1167, 1166, 1126, 1127, 1168, 1167, 1127, 1128, 1169, 1168, 1128, 1129, 1170, 1169, 1129, 1130, 1171, 1170, 1130, 1131, 1172, 1171, 1131, 1132, 1173, 1172, 1132, 1133, 1174, 1173, 1133, 1134, 1175, 1174, 1134, 1135, 1176, 1175, 1135, 1136, 1177, 1176, 1136, 1137, 1178, 1177, 1137, 1138, 1179, 1178, 1138, 1139, 1180, 1179, 1139, 1140, 1181, 1180, 1140, 1141, 1182, 1181, 1141, 1142, 1183, 1182, 1142, 1143, 1184, 1183, 1143, 1144, 1185, 1184, 1144, 1145, 1186, 1185, 1145, 1146, 1187, 1186, 1146, 1147, 1188, 1187, 1148, 1149, 1190, 1189, 1149, 1150, 1191, 1190, 1150, 1151, 1192, 1191, 1151, 1152, 1193, 1192, 1152, 1153, 1194, 1193, 1153, 1154, 1195, 1194, 1154, 1155, 1196, 1195, 1155, 1156, 1197, 1196, 1156, 1157, 1198, 1197, 1157, 1158, 1199, 1198, 1158, 1159, 1200, 1199, 1159, 1160, 1201, 1200, 1160, 1161, 1202, 1201, 1161, 1162, 1203, 1202, 1162, 1163, 1204, 1203, 1163, 1164, 1205, 1204, 1164, 1165, 1206, 1205, 1165, 1166, 1207, 1206, 1166, 1167, 1208, 1207, 1167, 1168, 1209, 1208, 1168, 1169, 1210, 1209, 1169, 1170, 1211, 1210, 1170, 1171, 1212, 1211, 1171, 1172, 1213, 1212, 1172, 1173, 1214, 1213, 1173, 1174, 1215, 1214, 1174, 1175, 1216, 1215, 1175, 1176, 1217, 1216, 1176, 1177, 1218, 1217, 1177, 1178, 1219, 1218, 1178, 1179, 1220, 1219, 1179, 1180, 1221, 1220, 1180, 1181, 1222, 1221, 1181, 1182, 1223, 1222, 1182, 1183, 1224, 1223, 1183, 1184, 1225, 1224, 1184, 1185, 1226, 1225, 1185, 1186, 1227, 1226, 1186, 1187, 1228, 1227, 1187, 1188, 1229, 1228, 1189, 1190, 1231, 1230, 1190, 1191, 1232, 1231, 1191, 1192, 1233, 1232, 1192, 1193, 1234, 1233, 1193, 1194, 1235, 1234, 1194, 1195, 1236, 1235, 1195, 1196, 1237, 1236, 1196, 1197, 1238, 1237, 1197, 1198, 1239, 1238, 1198, 1199, 1240, 1239, 1199, 1200, 1241, 1240, 1200, 1201, 1242, 1241, 1201, 1202, 1243, 1242, 1202, 1203, 1244, 1243, 1203, 1204, 1245, 1244, 1204, 1205, 1246, 1245, 1205, 1206, 1247, 1246, 1206, 1207, 1248, 1247, 1207, 1208, 1249, 1248, 1208, 1209, 1250, 1249, 1209, 1210, 1251, 1250, 1210, 1211, 1252, 1251, 1211, 1212, 1253, 1252, 1212, 1213, 1254, 1253, 1213, 1214, 1255, 1254, 1214, 1215, 1256, 1255, 1215, 1216, 1257, 1256, 1216, 1217, 1258, 1257, 1217, 1218, 1259, 1258, 1218, 1219, 1260, 1259, 1219, 1220, 1261, 1260, 1220, 1221, 1262, 1261, 1221, 1222, 1263, 1262, 1222, 1223, 1264, 1263, 1223, 1224, 1265, 1264, 1224, 1225, 1266, 1265, 1225, 1226, 1267, 1266, 1226, 1227, 1268, 1267, 1227, 1228, 1269, 1268, 1228, 1229, 1270, 1269, 1312, 1313, 1272, 1271, 1313, 1314, 1273, 1272, 1314, 1315, 1274, 1273, 1315, 1316, 1275, 1274, 1316, 1317, 1276, 1275, 1317, 1318, 1277, 1276, 1318, 1319, 1278, 1277, 1319, 1320, 1279, 1278, 1320, 1321, 1280, 1279, 1321, 1322, 1281, 1280, 1322, 1323, 1282, 1281, 1323, 1324, 1283, 1282, 1324, 1325, 1284, 1283, 1325, 1326, 1285, 1284, 1326, 1327, 1286, 1285, 1327, 1328, 1287, 1286, 1328, 1329, 1288, 1287, 1329, 1330, 1289, 1288, 1330, 1331, 1290, 1289, 1331, 1332, 1291, 1290, 1332, 1333, 1292, 1291, 1333, 1334, 1293, 1292, 1334, 1335, 1294, 1293, 1335, 1336, 1295, 1294, 1336, 1337, 1296, 1295, 1337, 1338, 1297, 1296, 1338, 1339, 1298, 1297, 1339, 1340, 1299, 1298, 1340, 1341, 1300, 1299, 1341, 1342, 1301, 1300, 1342, 1343, 1302, 1301, 1343, 1344, 1303, 1302, 1344, 1345, 1304, 1303, 1345, 1346, 1305, 1304, 1346, 1347, 1306, 1305, 1347, 1348, 1307, 1306, 1348, 1349, 1308, 1307, 1349, 1350, 1309, 1308, 1350, 1351, 1310, 1309, 1351, 1352, 1311, 1310, 1353, 1354, 1313, 1312, 1354, 1355, 1314, 1313, 1355, 1356, 1315, 1314, 1356, 1357, 1316, 1315, 1357, 1358, 1317, 1316, 1358, 1359, 1318, 1317, 1359, 1360, 1319, 1318, 1360, 1361, 1320, 1319, 1361, 1362, 1321, 1320, 1362, 1363, 1322, 1321, 1363, 1364, 1323, 1322, 1364, 1365, 1324, 1323, 1365, 1366, 1325, 1324, 1366, 1367, 1326, 1325, 1367, 1368, 1327, 1326, 1368, 1369, 1328, 1327, 1369, 1370, 1329, 1328, 1370, 1371, 1330, 1329, 1371, 1372, 1331, 1330, 1372, 1373, 1332, 1331, 1373, 1374, 1333, 1332, 1374, 1375, 1334, 1333, 1375, 1376, 1335, 1334, 1376, 1377, 1336, 1335, 1377, 1378, 1337, 1336, 1378, 1379, 1338, 1337, 1379, 1380, 1339, 1338, 1380, 1381, 1340, 1339, 1381, 1382, 1341, 1340, 1382, 1383, 1342, 1341, 1383, 1384, 1343, 1342, 1384, 1385, 1344, 1343, 1385, 1386, 1345, 1344, 1386, 1387, 1346, 1345, 1387, 1388, 1347, 1346, 1388, 1389, 1348, 1347, 1389, 1390, 1349, 1348, 1390, 1391, 1350, 1349, 1391, 1392, 1351, 1350, 1392, 1393, 1352, 1351, 1394, 1395, 1354, 1353, 1395, 1396, 1355, 1354, 1396, 1397, 1356, 1355, 1397, 1398, 1357, 1356, 1398, 1399, 1358, 1357, 1399, 1400, 1359, 1358, 1400, 1401, 1360, 1359, 1401, 1402, 1361, 1360, 1402, 1403, 1362, 1361, 1403, 1404, 1363, 1362, 1404, 1405, 1364, 1363, 1405, 1406, 1365, 1364, 1406, 1407, 1366, 1365, 1407, 1408, 1367, 1366, 1408, 1409, 1368, 1367, 1409, 1410, 1369, 1368, 1410, 1411, 1370, 1369, 1411, 1412, 1371, 1370, 1412, 1413, 1372, 1371, 1413, 1414, 1373, 1372, 1414, 1415, 1374, 1373, 1415, 1416, 1375, 1374, 1416, 1417, 1376, 1375, 1417, 1418, 1377, 1376, 1418, 1419, 1378, 1377, 1419, 1420, 1379, 1378, 1420, 1421, 1380, 1379, 1421, 1422, 1381, 1380, 1422, 1423, 1382, 1381, 1423, 1424, 1383, 1382, 1424, 1425, 1384, 1383, 1425, 1426, 1385, 1384, 1426, 1427, 1386, 1385, 1427, 1428, 1387, 1386, 1428, 1429, 1388, 1387, 1429, 1430, 1389, 1388, 1430, 1431, 1390, 1389, 1431, 1432, 1391, 1390, 1432, 1433, 1392, 1391, 1433, 1434, 1393, 1392, 1435, 1436, 1395, 1394, 1436, 1437, 1396, 1395, 1437, 1438, 1397, 1396, 1438, 1439, 1398, 1397, 1439, 1440, 1399, 1398, 1440, 1441, 1400, 1399, 1441, 1442, 1401, 1400, 1442, 1443, 1402, 1401, 1443, 1444, 1403, 1402, 1444, 1445, 1404, 1403, 1445, 1446, 1405, 1404, 1446, 1447, 1406, 1405, 1447, 1448, 1407, 1406, 1448, 1449, 1408, 1407, 1449, 1450, 1409, 1408, 1450, 1451, 1410, 1409, 1451, 1452, 1411, 1410, 1452, 1453, 1412, 1411, 1453, 1454, 1413, 1412, 1454, 1455, 1414, 1413, 1455, 1456, 1415, 1414, 1456, 1457, 1416, 1415, 1457, 1458, 1417, 1416, 1458, 1459, 1418, 1417, 1459, 1460, 1419, 1418, 1460, 1461, 1420, 1419, 1461, 1462, 1421, 1420, 1462, 1463, 1422, 1421, 1463, 1464, 1423, 1422, 1464, 1465, 1424, 1423, 1465, 1466, 1425, 1424, 1466, 1467, 1426, 1425, 1467, 1468, 1427, 1426, 1468, 1469, 1428, 1427, 1469, 1470, 1429, 1428, 1470, 1471, 1430, 1429, 1471, 1472, 1431, 1430, 1472, 1473, 1432, 1431, 1473, 1474, 1433, 1432, 1474, 1475, 1434, 1433, 1476, 1477, 1436, 1435, 1477, 1478, 1437, 1436, 1478, 1479, 1438, 1437, 1479, 1480, 1439, 1438, 1480, 1481, 1440, 1439, 1481, 1482, 1441, 1440, 1482, 1483, 1442, 1441, 1483, 1484, 1443, 1442, 1484, 1485, 1444, 1443, 1485, 1486, 1445, 1444, 1486, 1487, 1446, 1445, 1487, 1488, 1447, 1446, 1488, 1489, 1448, 1447, 1489, 1490, 1449, 1448, 1490, 1491, 1450, 1449, 1491, 1492, 1451, 1450, 1492, 1493, 1452, 1451, 1493, 1494, 1453, 1452, 1494, 1495, 1454, 1453, 1495, 1496, 1455, 1454, 1496, 1497, 1456, 1455, 1497, 1498, 1457, 1456, 1498, 1499, 1458, 1457, 1499, 1500, 1459, 1458, 1500, 1501, 1460, 1459, 1501, 1502, 1461, 1460, 1502, 1503, 1462, 1461, 1503, 1504, 1463, 1462, 1504, 1505, 1464, 1463, 1505, 1506, 1465, 1464, 1506, 1507, 1466, 1465, 1507, 1508, 1467, 1466, 1508, 1509, 1468, 1467, 1509, 1510, 1469, 1468, 1510, 1511, 1470, 1469, 1511, 1512, 1471, 1470, 1512, 1513, 1472, 1471, 1513, 1514, 1473, 1472, 1514, 1515, 1474, 1473, 1515, 1516, 1475, 1474, 1517, 1518, 1477, 1476, 1518, 1519, 1478, 1477, 1519, 1520, 1479, 1478, 1520, 1521, 1480, 1479, 1521, 1522, 1481, 1480, 1522, 1523, 1482, 1481, 1523, 1524, 1483, 1482, 1524, 1525, 1484, 1483, 1525, 1526, 1485, 1484, 1526, 1527, 1486, 1485, 1527, 1528, 1487, 1486, 1528, 1529, 1488, 1487, 1529, 1530, 1489, 1488, 1530, 1531, 1490, 1489, 1531, 1532, 1491, 1490, 1532, 1533, 1492, 1491, 1533, 1534, 1493, 1492, 1534, 1535, 1494, 1493, 1535, 1536, 1495, 1494, 1536, 1537, 1496, 1495, 1537, 1538, 1497, 1496, 1538, 1539, 1498, 1497, 1539, 1540, 1499, 1498, 1540, 1541, 1500, 1499, 1541, 1542, 1501, 1500, 1542, 1543, 1502, 1501, 1543, 1544, 1503, 1502, 1544, 1545, 1504, 1503, 1545, 1546, 1505, 1504, 1546, 1547, 1506, 1505, 1547, 1548, 1507, 1506, 1548, 1549, 1508, 1507, 1549, 1550, 1509, 1508, 1550, 1551, 1510, 1509, 1551, 1552, 1511, 1510, 1552, 1553, 1512, 1511, 1553, 1554, 1513, 1512, 1554, 1555, 1514, 1513, 1555, 1556, 1515, 1514, 1556, 1557, 1516, 1515, 1558, 1559, 1518, 1517, 1559, 1560, 1519, 1518, 1560, 1561, 1520, 1519, 1561, 1562, 1521, 1520, 1562, 1563, 1522, 1521, 1563, 1564, 1523, 1522, 1564, 1565, 1524, 1523, 1565, 1566, 1525, 1524, 1566, 1567, 1526, 1525, 1567, 1568, 1527, 1526, 1568, 1569, 1528, 1527, 1569, 1570, 1529, 1528, 1570, 1571, 1530, 1529, 1571, 1572, 1531, 1530, 1572, 1573, 1532, 1531, 1573, 1574, 1533, 1532, 1574, 1575, 1534, 1533, 1575, 1576, 1535, 1534, 1576, 1577, 1536, 1535, 1577, 1578, 1537, 1536, 1578, 1579, 1538, 1537, 1579, 1580, 1539, 1538, 1580, 1581, 1540, 1539, 1581, 1582, 1541, 1540, 1582, 1583, 1542, 1541, 1583, 1584, 1543, 1542, 1584, 1585, 1544, 1543, 1585, 1586, 1545, 1544, 1586, 1587, 1546, 1545, 1587, 1588, 1547, 1546, 1588, 1589, 1548, 1547, 1589, 1590, 1549, 1548, 1590, 1591, 1550, 1549, 1591, 1592, 1551, 1550, 1592, 1593, 1552, 1551, 1593, 1594, 1553, 1552, 1594, 1595, 1554, 1553, 1595, 1596, 1555, 1554, 1596, 1597, 1556, 1555, 1597, 1598, 1557, 1556, 1599, 1600, 1559, 1558, 1600, 1601, 1560, 1559, 1601, 1602, 1561, 1560, 1602, 1603, 1562, 1561, 1603, 1604, 1563, 1562, 1604, 1605, 1564, 1563, 1605, 1606, 1565, 1564, 1606, 1607, 1566, 1565, 1607, 1608, 1567, 1566, 1608, 1609, 1568, 1567, 1609, 1610, 1569, 1568, 1610, 1611, 1570, 1569, 1611, 1612, 1571, 1570, 1612, 1613, 1572, 1571, 1613, 1614, 1573, 1572, 1614, 1615, 1574, 1573, 1615, 1616, 1575, 1574, 1616, 1617, 1576, 1575, 1617, 1618, 1577, 1576, 1618, 1619, 1578, 1577, 1619, 1620, 1579, 1578, 1620, 1621, 1580, 1579, 1621, 1622, 1581, 1580, 1622, 1623, 1582, 1581, 1623, 1624, 1583, 1582, 1624, 1625, 1584, 1583, 1625, 1626, 1585, 1584, 1626, 1627, 1586, 1585, 1627, 1628, 1587, 1586, 1628, 1629, 1588, 1587, 1629, 1630, 1589, 1588, 1630, 1631, 1590, 1589, 1631, 1632, 1591, 1590, 1632, 1633, 1592, 1591, 1633, 1634, 1593, 1592, 1634, 1635, 1594, 1593, 1635, 1636, 1595, 1594, 1636, 1637, 1596, 1595, 1637, 1638, 1597, 1596, 1638, 1639, 1598, 1597, 1640, 1641, 1600, 1599, 1641, 1642, 1601, 1600, 1642, 1643, 1602, 1601, 1643, 1644, 1603, 1602, 1644, 1645, 1604, 1603, 1645, 1646, 1605, 1604, 1646, 1647, 1606, 1605, 1647, 1648, 1607, 1606, 1648, 1649, 1608, 1607, 1649, 1650, 1609, 1608, 1650, 1651, 1610, 1609, 1651, 1652, 1611, 1610, 1652, 1653, 1612, 1611, 1653, 1654, 1613, 1612, 1654, 1655, 1614, 1613, 1655, 1656, 1615, 1614, 1656, 1657, 1616, 1615, 1657, 1658, 1617, 1616, 1658, 1659, 1618, 1617, 1659, 1660, 1619, 1618, 1660, 1661, 1620, 1619, 1661, 1662, 1621, 1620, 1662, 1663, 1622, 1621, 1663, 1664, 1623, 1622, 1664, 1665, 1624, 1623, 1665, 1666, 1625, 1624, 1666, 1667, 1626, 1625, 1667, 1668, 1627, 1626, 1668, 1669, 1628, 1627, 1669, 1670, 1629, 1628, 1670, 1671, 1630, 1629, 1671, 1672, 1631, 1630, 1672, 1673, 1632, 1631, 1673, 1674, 1633, 1632, 1674, 1675, 1634, 1633, 1675, 1676, 1635, 1634, 1676, 1677, 1636, 1635, 1677, 1678, 1637, 1636, 1678, 1679, 1638, 1637, 1679, 1680, 1639, 1638, 1681, 1682, 1641, 1640, 1682, 1683, 1642, 1641, 1683, 1684, 1643, 1642, 1684, 1685, 1644, 1643, 1685, 1686, 1645, 1644, 1686, 1687, 1646, 1645, 1687, 1688, 1647, 1646, 1688, 1689, 1648, 1647, 1689, 1690, 1649, 1648, 1690, 1691, 1650, 1649, 1691, 1692, 1651, 1650, 1692, 1693, 1652, 1651, 1693, 1694, 1653, 1652, 1694, 1695, 1654, 1653, 1695, 1696, 1655, 1654, 1696, 1697, 1656, 1655, 1697, 1698, 1657, 1656, 1698, 1699, 1658, 1657, 1699, 1700, 1659, 1658, 1700, 1701, 1660, 1659, 1701, 1702, 1661, 1660, 1702, 1703, 1662, 1661, 1703, 1704, 1663, 1662, 1704, 1705, 1664, 1663, 1705, 1706, 1665, 1664, 1706, 1707, 1666, 1665, 1707, 1708, 1667, 1666, 1708, 1709, 1668, 1667, 1709, 1710, 1669, 1668, 1710, 1711, 1670, 1669, 1711, 1712, 1671, 1670, 1712, 1713, 1672, 1671, 1713, 1714, 1673, 1672, 1714, 1715, 1674, 1673, 1715, 1716, 1675, 1674, 1716, 1717, 1676, 1675, 1717, 1718, 1677, 1676, 1718, 1719, 1678, 1677, 1719, 1720, 1679, 1678, 1720, 1721, 1680, 1679, 1722, 1723, 1682, 1681, 1723, 1724, 1683, 1682, 1724, 1725, 1684, 1683, 1725, 1726, 1685, 1684, 1726, 1727, 1686, 1685, 1727, 1728, 1687, 1686, 1728, 1729, 1688, 1687, 1729, 1730, 1689, 1688, 1730, 1731, 1690, 1689, 1731, 1732, 1691, 1690, 1732, 1733, 1692, 1691, 1733, 1734, 1693, 1692, 1734, 1735, 1694, 1693, 1735, 1736, 1695, 1694, 1736, 1737, 1696, 1695, 1737, 1738, 1697, 1696, 1738, 1739, 1698, 1697, 1739, 1740, 1699, 1698, 1740, 1741, 1700, 1699, 1741, 1742, 1701, 1700, 1742, 1743, 1702, 1701, 1743, 1744, 1703, 1702, 1744, 1745, 1704, 1703, 1745, 1746, 1705, 1704, 1746, 1747, 1706, 1705, 1747, 1748, 1707, 1706, 1748, 1749, 1708, 1707, 1749, 1750, 1709, 1708, 1750, 1751, 1710, 1709, 1751, 1752, 1711, 1710, 1752, 1753, 1712, 1711, 1753, 1754, 1713, 1712, 1754, 1755, 1714, 1713, 1755, 1756, 1715, 1714, 1756, 1757, 1716, 1715, 1757, 1758, 1717, 1716, 1758, 1759, 1718, 1717, 1759, 1760, 1719, 1718, 1760, 1761, 1720, 1719, 1761, 1762, 1721, 1720, 1763, 1764, 1723, 1722, 1764, 1765, 1724, 1723, 1765, 1766, 1725, 1724, 1766, 1767, 1726, 1725, 1767, 1768, 1727, 1726, 1768, 1769, 1728, 1727, 1769, 1770, 1729, 1728, 1770, 1771, 1730, 1729, 1771, 1772, 1731, 1730, 1772, 1773, 1732, 1731, 1773, 1774, 1733, 1732, 1774, 1775, 1734, 1733, 1775, 1776, 1735, 1734, 1776, 1777, 1736, 1735, 1777, 1778, 1737, 1736, 1778, 1779, 1738, 1737, 1779, 1780, 1739, 1738, 1780, 1781, 1740, 1739, 1781, 1782, 1741, 1740, 1782, 1783, 1742, 1741, 1783, 1784, 1743, 1742, 1784, 1785, 1744, 1743, 1785, 1786, 1745, 1744, 1786, 1787, 1746, 1745, 1787, 1788, 1747, 1746, 1788, 1789, 1748, 1747, 1789, 1790, 1749, 1748, 1790, 1791, 1750, 1749, 1791, 1792, 1751, 1750, 1792, 1793, 1752, 1751, 1793, 1794, 1753, 1752, 1794, 1795, 1754, 1753, 1795, 1796, 1755, 1754, 1796, 1797, 1756, 1755, 1797, 1798, 1757, 1756, 1798, 1799, 1758, 1757, 1799, 1800, 1759, 1758, 1800, 1801, 1760, 1759, 1801, 1802, 1761, 1760, 1802, 1803, 1762, 1761, 1804, 1805, 1764, 1763, 1805, 1806, 1765, 1764, 1806, 1807, 1766, 1765, 1807, 1808, 1767, 1766, 1808, 1809, 1768, 1767, 1809, 1810, 1769, 1768, 1810, 1811, 1770, 1769, 1811, 1812, 1771, 1770, 1812, 1813, 1772, 1771, 1813, 1814, 1773, 1772, 1814, 1815, 1774, 1773, 1815, 1816, 1775, 1774, 1816, 1817, 1776, 1775, 1817, 1818, 1777, 1776, 1818, 1819, 1778, 1777, 1819, 1820, 1779, 1778, 1820, 1821, 1780, 1779, 1821, 1822, 1781, 1780, 1822, 1823, 1782, 1781, 1823, 1824, 1783, 1782, 1824, 1825, 1784, 1783, 1825, 1826, 1785, 1784, 1826, 1827, 1786, 1785, 1827, 1828, 1787, 1786, 1828, 1829, 1788, 1787, 1829, 1830, 1789, 1788, 1830, 1831, 1790, 1789, 1831, 1832, 1791, 1790, 1832, 1833, 1792, 1791, 1833, 1834, 1793, 1792, 1834, 1835, 1794, 1793, 1835, 1836, 1795, 1794, 1836, 1837, 1796, 1795, 1837, 1838, 1797, 1796, 1838, 1839, 1798, 1797, 1839, 1840, 1799, 1798, 1840, 1841, 1800, 1799, 1841, 1842, 1801, 1800, 1842, 1843, 1802, 1801, 1843, 1844, 1803, 1802, 1845, 1846, 1805, 1804, 1846, 1847, 1806, 1805, 1847, 1848, 1807, 1806, 1848, 1849, 1808, 1807, 1849, 1850, 1809, 1808, 1850, 1851, 1810, 1809, 1851, 1852, 1811, 1810, 1852, 1853, 1812, 1811, 1853, 1854, 1813, 1812, 1854, 1855, 1814, 1813, 1855, 1856, 1815, 1814, 1856, 1857, 1816, 1815, 1857, 1858, 1817, 1816, 1858, 1859, 1818, 1817, 1859, 1860, 1819, 1818, 1860, 1861, 1820, 1819, 1861, 1862, 1821, 1820, 1862, 1863, 1822, 1821, 1863, 1864, 1823, 1822, 1864, 1865, 1824, 1823, 1865, 1866, 1825, 1824, 1866, 1867, 1826, 1825, 1867, 1868, 1827, 1826, 1868, 1869, 1828, 1827, 1869, 1870, 1829, 1828, 1870, 1871, 1830, 1829, 1871, 1872, 1831, 1830, 1872, 1873, 1832, 1831, 1873, 1874, 1833, 1832, 1874, 1875, 1834, 1833, 1875, 1876, 1835, 1834, 1876, 1877, 1836, 1835, 1877, 1878, 1837, 1836, 1878, 1879, 1838, 1837, 1879, 1880, 1839, 1838, 1880, 1881, 1840, 1839, 1881, 1882, 1841, 1840, 1882, 1883, 1842, 1841, 1883, 1884, 1843, 1842, 1884, 1885, 1844, 1843, 1886, 1887, 1846, 1845, 1887, 1888, 1847, 1846, 1888, 1889, 1848, 1847, 1889, 1890, 1849, 1848, 1890, 1891, 1850, 1849, 1891, 1892, 1851, 1850, 1892, 1893, 1852, 1851, 1893, 1894, 1853, 1852, 1894, 1895, 1854, 1853, 1895, 1896, 1855, 1854, 1896, 1897, 1856, 1855, 1897, 1898, 1857, 1856, 1898, 1899, 1858, 1857, 1899, 1900, 1859, 1858, 1900, 1901, 1860, 1859, 1901, 1902, 1861, 1860, 1902, 1903, 1862, 1861, 1903, 1904, 1863, 1862, 1904, 1905, 1864, 1863, 1905, 1906, 1865, 1864, 1906, 1907, 1866, 1865, 1907, 1908, 1867, 1866, 1908, 1909, 1868, 1867, 1909, 1910, 1869, 1868, 1910, 1911, 1870, 1869, 1911, 1912, 1871, 1870, 1912, 1913, 1872, 1871, 1913, 1914, 1873, 1872, 1914, 1915, 1874, 1873, 1915, 1916, 1875, 1874, 1916, 1917, 1876, 1875, 1917, 1918, 1877, 1876, 1918, 1919, 1878, 1877, 1919, 1920, 1879, 1878, 1920, 1921, 1880, 1879, 1921, 1922, 1881, 1880, 1922, 1923, 1882, 1881, 1923, 1924, 1883, 1882, 1924, 1925, 1884, 1883, 1925, 1926, 1885, 1884, 1927, 1928, 1887, 1886, 1928, 1929, 1888, 1887, 1929, 1930, 1889, 1888, 1930, 1931, 1890, 1889, 1931, 1932, 1891, 1890, 1932, 1933, 1892, 1891, 1933, 1934, 1893, 1892, 1934, 1935, 1894, 1893, 1935, 1936, 1895, 1894, 1936, 1937, 1896, 1895, 1937, 1938, 1897, 1896, 1938, 1939, 1898, 1897, 1939, 1940, 1899, 1898, 1940, 1941, 1900, 1899, 1941, 1942, 1901, 1900, 1942, 1943, 1902, 1901, 1943, 1944, 1903, 1902, 1944, 1945, 1904, 1903, 1945, 1946, 1905, 1904, 1946, 1947, 1906, 1905, 1947, 1948, 1907, 1906, 1948, 1949, 1908, 1907, 1949, 1950, 1909, 1908, 1950, 1951, 1910, 1909, 1951, 1952, 1911, 1910, 1952, 1953, 1912, 1911, 1953, 1954, 1913, 1912, 1954, 1955, 1914, 1913, 1955, 1956, 1915, 1914, 1956, 1957, 1916, 1915, 1957, 1958, 1917, 1916, 1958, 1959, 1918, 1917, 1959, 1960, 1919, 1918, 1960, 1961, 1920, 1919, 1961, 1962, 1921, 1920, 1962, 1963, 1922, 1921, 1963, 1964, 1923, 1922, 1964, 1965, 1924, 1923, 1965, 1966, 1925, 1924, 1966, 1967, 1926, 1925, 1968, 1969, 1928, 1927, 1969, 1970, 1929, 1928, 1970, 1971, 1930, 1929, 1971, 1972, 1931, 1930, 1972, 1973, 1932, 1931, 1973, 1974, 1933, 1932, 1974, 1975, 1934, 1933, 1975, 1976, 1935, 1934, 1976, 1977, 1936, 1935, 1977, 1978, 1937, 1936, 1978, 1979, 1938, 1937, 1979, 1980, 1939, 1938, 1980, 1981, 1940, 1939, 1981, 1982, 1941, 1940, 1982, 1983, 1942, 1941, 1983, 1984, 1943, 1942, 1984, 1985, 1944, 1943, 1985, 1986, 1945, 1944, 1986, 1987, 1946, 1945, 1987, 1988, 1947, 1946, 1988, 1989, 1948, 1947, 1989, 1990, 1949, 1948, 1990, 1991, 1950, 1949, 1991, 1992, 1951, 1950, 1992, 1993, 1952, 1951, 1993, 1994, 1953, 1952, 1994, 1995, 1954, 1953, 1995, 1996, 1955, 1954, 1996, 1997, 1956, 1955, 1997, 1998, 1957, 1956, 1998, 1999, 1958, 1957, 1999, 2000, 1959, 1958, 2000, 2001, 1960, 1959, 2001, 2002, 1961, 1960, 2002, 2003, 1962, 1961, 2003, 2004, 1963, 1962, 2004, 2005, 1964, 1963, 2005, 2006, 1965, 1964, 2006, 2007, 1966, 1965, 2007, 2008, 1967, 1966, 2009, 2010, 1969, 1968, 2010, 2011, 1970, 1969, 2011, 2012, 1971, 1970, 2012, 2013, 1972, 1971, 2013, 2014, 1973, 1972, 2014, 2015, 1974, 1973, 2015, 2016, 1975, 1974, 2016, 2017, 1976, 1975, 2017, 2018, 1977, 1976, 2018, 2019, 1978, 1977, 2019, 2020, 1979, 1978, 2020, 2021, 1980, 1979, 2021, 2022, 1981, 1980, 2022, 2023, 1982, 1981, 2023, 2024, 1983, 1982, 2024, 2025, 1984, 1983, 2025, 2026, 1985, 1984, 2026, 2027, 1986, 1985, 2027, 2028, 1987, 1986, 2028, 2029, 1988, 1987, 2029, 2030, 1989, 1988, 2030, 2031, 1990, 1989, 2031, 2032, 1991, 1990, 2032, 2033, 1992, 1991, 2033, 2034, 1993, 1992, 2034, 2035, 1994, 1993, 2035, 2036, 1995, 1994, 2036, 2037, 1996, 1995, 2037, 2038, 1997, 1996, 2038, 2039, 1998, 1997, 2039, 2040, 1999, 1998, 2040, 2041, 2000, 1999, 2041, 2042, 2001, 2000, 2042, 2043, 2002, 2001, 2043, 2044, 2003, 2002, 2044, 2045, 2004, 2003, 2045, 2046, 2005, 2004, 2046, 2047, 2006, 2005, 2047, 2048, 2007, 2006, 2048, 2049, 2008, 2007, 2050, 2051, 2010, 2009, 2051, 2052, 2011, 2010, 2052, 2053, 2012, 2011, 2053, 2054, 2013, 2012, 2054, 2055, 2014, 2013, 2055, 2056, 2015, 2014, 2056, 2057, 2016, 2015, 2057, 2058, 2017, 2016, 2058, 2059, 2018, 2017, 2059, 2060, 2019, 2018, 2060, 2061, 2020, 2019, 2061, 2062, 2021, 2020, 2062, 2063, 2022, 2021, 2063, 2064, 2023, 2022, 2064, 2065, 2024, 2023, 2065, 2066, 2025, 2024, 2066, 2067, 2026, 2025, 2067, 2068, 2027, 2026, 2068, 2069, 2028, 2027, 2069, 2070, 2029, 2028, 2070, 2071, 2030, 2029, 2071, 2072, 2031, 2030, 2072, 2073, 2032, 2031, 2073, 2074, 2033, 2032, 2074, 2075, 2034, 2033, 2075, 2076, 2035, 2034, 2076, 2077, 2036, 2035, 2077, 2078, 2037, 2036, 2078, 2079, 2038, 2037, 2079, 2080, 2039, 2038, 2080, 2081, 2040, 2039, 2081, 2082, 2041, 2040, 2082, 2083, 2042, 2041, 2083, 2084, 2043, 2042, 2084, 2085, 2044, 2043, 2085, 2086, 2045, 2044, 2086, 2087, 2046, 2045, 2087, 2088, 2047, 2046, 2088, 2089, 2048, 2047, 2089, 2090, 2049, 2048, 2091, 2092, 2051, 2050, 2092, 2093, 2052, 2051, 2093, 2094, 2053, 2052, 2094, 2095, 2054, 2053, 2095, 2096, 2055, 2054, 2096, 2097, 2056, 2055, 2097, 2098, 2057, 2056, 2098, 2099, 2058, 2057, 2099, 2100, 2059, 2058, 2100, 2101, 2060, 2059, 2101, 2102, 2061, 2060, 2102, 2103, 2062, 2061, 2103, 2104, 2063, 2062, 2104, 2105, 2064, 2063, 2105, 2106, 2065, 2064, 2106, 2107, 2066, 2065, 2107, 2108, 2067, 2066, 2108, 2109, 2068, 2067, 2109, 2110, 2069, 2068, 2110, 2111, 2070, 2069, 2111, 2112, 2071, 2070, 2112, 2113, 2072, 2071, 2113, 2114, 2073, 2072, 2114, 2115, 2074, 2073, 2115, 2116, 2075, 2074, 2116, 2117, 2076, 2075, 2117, 2118, 2077, 2076, 2118, 2119, 2078, 2077, 2119, 2120, 2079, 2078, 2120, 2121, 2080, 2079, 2121, 2122, 2081, 2080, 2122, 2123, 2082, 2081, 2123, 2124, 2083, 2082, 2124, 2125, 2084, 2083, 2125, 2126, 2085, 2084, 2126, 2127, 2086, 2085, 2127, 2128, 2087, 2086, 2128, 2129, 2088, 2087, 2129, 2130, 2089, 2088, 2130, 2131, 2090, 2089, 2132, 2133, 2092, 2091, 2133, 2134, 2093, 2092, 2134, 2135, 2094, 2093, 2135, 2136, 2095, 2094, 2136, 2137, 2096, 2095, 2137, 2138, 2097, 2096, 2138, 2139, 2098, 2097, 2139, 2140, 2099, 2098, 2140, 2141, 2100, 2099, 2141, 2142, 2101, 2100, 2142, 2143, 2102, 2101, 2143, 2144, 2103, 2102, 2144, 2145, 2104, 2103, 2145, 2146, 2105, 2104, 2146, 2147, 2106, 2105, 2147, 2148, 2107, 2106, 2148, 2149, 2108, 2107, 2149, 2150, 2109, 2108, 2150, 2151, 2110, 2109, 2151, 2152, 2111, 2110, 2152, 2153, 2112, 2111, 2153, 2154, 2113, 2112, 2154, 2155, 2114, 2113, 2155, 2156, 2115, 2114, 2156, 2157, 2116, 2115, 2157, 2158, 2117, 2116, 2158, 2159, 2118, 2117, 2159, 2160, 2119, 2118, 2160, 2161, 2120, 2119, 2161, 2162, 2121, 2120, 2162, 2163, 2122, 2121, 2163, 2164, 2123, 2122, 2164, 2165, 2124, 2123, 2165, 2166, 2125, 2124, 2166, 2167, 2126, 2125, 2167, 2168, 2127, 2126, 2168, 2169, 2128, 2127, 2169, 2170, 2129, 2128, 2170, 2171, 2130, 2129, 2171, 2172, 2131, 2130, 2173, 2174, 2133, 2132, 2174, 2175, 2134, 2133, 2175, 2176, 2135, 2134, 2176, 2177, 2136, 2135, 2177, 2178, 2137, 2136, 2178, 2179, 2138, 2137, 2179, 2180, 2139, 2138, 2180, 2181, 2140, 2139, 2181, 2182, 2141, 2140, 2182, 2183, 2142, 2141, 2183, 2184, 2143, 2142, 2184, 2185, 2144, 2143, 2185, 2186, 2145, 2144, 2186, 2187, 2146, 2145, 2187, 2188, 2147, 2146, 2188, 2189, 2148, 2147, 2189, 2190, 2149, 2148, 2190, 2191, 2150, 2149, 2191, 2192, 2151, 2150, 2192, 2193, 2152, 2151, 2193, 2194, 2153, 2152, 2194, 2195, 2154, 2153, 2195, 2196, 2155, 2154, 2196, 2197, 2156, 2155, 2197, 2198, 2157, 2156, 2198, 2199, 2158, 2157, 2199, 2200, 2159, 2158, 2200, 2201, 2160, 2159, 2201, 2202, 2161, 2160, 2202, 2203, 2162, 2161, 2203, 2204, 2163, 2162, 2204, 2205, 2164, 2163, 2205, 2206, 2165, 2164, 2206, 2207, 2166, 2165, 2207, 2208, 2167, 2166, 2208, 2209, 2168, 2167, 2209, 2210, 2169, 2168, 2210, 2211, 2170, 2169, 2211, 2212, 2171, 2170, 2212, 2213, 2172, 2171, 2214, 2215, 2174, 2173, 2215, 2216, 2175, 2174, 2216, 2217, 2176, 2175, 2217, 2218, 2177, 2176, 2218, 2219, 2178, 2177, 2219, 2220, 2179, 2178, 2220, 2221, 2180, 2179, 2221, 2222, 2181, 2180, 2222, 2223, 2182, 2181, 2223, 2224, 2183, 2182, 2224, 2225, 2184, 2183, 2225, 2226, 2185, 2184, 2226, 2227, 2186, 2185, 2227, 2228, 2187, 2186, 2228, 2229, 2188, 2187, 2229, 2230, 2189, 2188, 2230, 2231, 2190, 2189, 2231, 2232, 2191, 2190, 2232, 2233, 2192, 2191, 2233, 2234, 2193, 2192, 2234, 2235, 2194, 2193, 2235, 2236, 2195, 2194, 2236, 2237, 2196, 2195, 2237, 2238, 2197, 2196, 2238, 2239, 2198, 2197, 2239, 2240, 2199, 2198, 2240, 2241, 2200, 2199, 2241, 2242, 2201, 2200, 2242, 2243, 2202, 2201, 2243, 2244, 2203, 2202, 2244, 2245, 2204, 2203, 2245, 2246, 2205, 2204, 2246, 2247, 2206, 2205, 2247, 2248, 2207, 2206, 2248, 2249, 2208, 2207, 2249, 2250, 2209, 2208, 2250, 2251, 2210, 2209, 2251, 2252, 2211, 2210, 2252, 2253, 2212, 2211, 2253, 2254, 2213, 2212, 2255, 2256, 2215, 2214, 2256, 2257, 2216, 2215, 2257, 2258, 2217, 2216, 2258, 2259, 2218, 2217, 2259, 2260, 2219, 2218, 2260, 2261, 2220, 2219, 2261, 2262, 2221, 2220, 2262, 2263, 2222, 2221, 2263, 2264, 2223, 2222, 2264, 2265, 2224, 2223, 2265, 2266, 2225, 2224, 2266, 2267, 2226, 2225, 2267, 2268, 2227, 2226, 2268, 2269, 2228, 2227, 2269, 2270, 2229, 2228, 2270, 2271, 2230, 2229, 2271, 2272, 2231, 2230, 2272, 2273, 2232, 2231, 2273, 2274, 2233, 2232, 2274, 2275, 2234, 2233, 2275, 2276, 2235, 2234, 2276, 2277, 2236, 2235, 2277, 2278, 2237, 2236, 2278, 2279, 2238, 2237, 2279, 2280, 2239, 2238, 2280, 2281, 2240, 2239, 2281, 2282, 2241, 2240, 2282, 2283, 2242, 2241, 2283, 2284, 2243, 2242, 2284, 2285, 2244, 2243, 2285, 2286, 2245, 2244, 2286, 2287, 2246, 2245, 2287, 2288, 2247, 2246, 2288, 2289, 2248, 2247, 2289, 2290, 2249, 2248, 2290, 2291, 2250, 2249, 2291, 2292, 2251, 2250, 2292, 2293, 2252, 2251, 2293, 2294, 2253, 2252, 2294, 2295, 2254, 2253, 2296, 2297, 2256, 2255, 2297, 2298, 2257, 2256, 2298, 2299, 2258, 2257, 2299, 2300, 2259, 2258, 2300, 2301, 2260, 2259, 2301, 2302, 2261, 2260, 2302, 2303, 2262, 2261, 2303, 2304, 2263, 2262, 2304, 2305, 2264, 2263, 2305, 2306, 2265, 2264, 2306, 2307, 2266, 2265, 2307, 2308, 2267, 2266, 2308, 2309, 2268, 2267, 2309, 2310, 2269, 2268, 2310, 2311, 2270, 2269, 2311, 2312, 2271, 2270, 2312, 2313, 2272, 2271, 2313, 2314, 2273, 2272, 2314, 2315, 2274, 2273, 2315, 2316, 2275, 2274, 2316, 2317, 2276, 2275, 2317, 2318, 2277, 2276, 2318, 2319, 2278, 2277, 2319, 2320, 2279, 2278, 2320, 2321, 2280, 2279, 2321, 2322, 2281, 2280, 2322, 2323, 2282, 2281, 2323, 2324, 2283, 2282, 2324, 2325, 2284, 2283, 2325, 2326, 2285, 2284, 2326, 2327, 2286, 2285, 2327, 2328, 2287, 2286, 2328, 2329, 2288, 2287, 2329, 2330, 2289, 2288, 2330, 2331, 2290, 2289, 2331, 2332, 2291, 2290, 2332, 2333, 2292, 2291, 2333, 2334, 2293, 2292, 2334, 2335, 2294, 2293, 2335, 2336, 2295, 2294, 2337, 2338, 2297, 2296, 2338, 2339, 2298, 2297, 2339, 2340, 2299, 2298, 2340, 2341, 2300, 2299, 2341, 2342, 2301, 2300, 2342, 2343, 2302, 2301, 2343, 2344, 2303, 2302, 2344, 2345, 2304, 2303, 2345, 2346, 2305, 2304, 2346, 2347, 2306, 2305, 2347, 2348, 2307, 2306, 2348, 2349, 2308, 2307, 2349, 2350, 2309, 2308, 2350, 2351, 2310, 2309, 2351, 2352, 2311, 2310, 2352, 2353, 2312, 2311, 2353, 2354, 2313, 2312, 2354, 2355, 2314, 2313, 2355, 2356, 2315, 2314, 2356, 2357, 2316, 2315, 2357, 2358, 2317, 2316, 2358, 2359, 2318, 2317, 2359, 2360, 2319, 2318, 2360, 2361, 2320, 2319, 2361, 2362, 2321, 2320, 2362, 2363, 2322, 2321, 2363, 2364, 2323, 2322, 2364, 2365, 2324, 2323, 2365, 2366, 2325, 2324, 2366, 2367, 2326, 2325, 2367, 2368, 2327, 2326, 2368, 2369, 2328, 2327, 2369, 2370, 2329, 2328, 2370, 2371, 2330, 2329, 2371, 2372, 2331, 2330, 2372, 2373, 2332, 2331, 2373, 2374, 2333, 2332, 2374, 2375, 2334, 2333, 2375, 2376, 2335, 2334, 2376, 2377, 2336, 2335, 2378, 2379, 2338, 2337, 2379, 2380, 2339, 2338, 2380, 2381, 2340, 2339, 2381, 2382, 2341, 2340, 2382, 2383, 2342, 2341, 2383, 2384, 2343, 2342, 2384, 2385, 2344, 2343, 2385, 2386, 2345, 2344, 2386, 2387, 2346, 2345, 2387, 2388, 2347, 2346, 2388, 2389, 2348, 2347, 2389, 2390, 2349, 2348, 2390, 2391, 2350, 2349, 2391, 2392, 2351, 2350, 2392, 2393, 2352, 2351, 2393, 2394, 2353, 2352, 2394, 2395, 2354, 2353, 2395, 2396, 2355, 2354, 2396, 2397, 2356, 2355, 2397, 2398, 2357, 2356, 2398, 2399, 2358, 2357, 2399, 2400, 2359, 2358, 2400, 2401, 2360, 2359, 2401, 2402, 2361, 2360, 2402, 2403, 2362, 2361, 2403, 2404, 2363, 2362, 2404, 2405, 2364, 2363, 2405, 2406, 2365, 2364, 2406, 2407, 2366, 2365, 2407, 2408, 2367, 2366, 2408, 2409, 2368, 2367, 2409, 2410, 2369, 2368, 2410, 2411, 2370, 2369, 2411, 2412, 2371, 2370, 2412, 2413, 2372, 2371, 2413, 2414, 2373, 2372, 2414, 2415, 2374, 2373, 2415, 2416, 2375, 2374, 2416, 2417, 2376, 2375, 2417, 2418, 2377, 2376, 2419, 2420, 2379, 2378, 2420, 2421, 2380, 2379, 2421, 2422, 2381, 2380, 2422, 2423, 2382, 2381, 2423, 2424, 2383, 2382, 2424, 2425, 2384, 2383, 2425, 2426, 2385, 2384, 2426, 2427, 2386, 2385, 2427, 2428, 2387, 2386, 2428, 2429, 2388, 2387, 2429, 2430, 2389, 2388, 2430, 2431, 2390, 2389, 2431, 2432, 2391, 2390, 2432, 2433, 2392, 2391, 2433, 2434, 2393, 2392, 2434, 2435, 2394, 2393, 2435, 2436, 2395, 2394, 2436, 2437, 2396, 2395, 2437, 2438, 2397, 2396, 2438, 2439, 2398, 2397, 2439, 2440, 2399, 2398, 2440, 2441, 2400, 2399, 2441, 2442, 2401, 2400, 2442, 2443, 2402, 2401, 2443, 2444, 2403, 2402, 2444, 2445, 2404, 2403, 2445, 2446, 2405, 2404, 2446, 2447, 2406, 2405, 2447, 2448, 2407, 2406, 2448, 2449, 2408, 2407, 2449, 2450, 2409, 2408, 2450, 2451, 2410, 2409, 2451, 2452, 2411, 2410, 2452, 2453, 2412, 2411, 2453, 2454, 2413, 2412, 2454, 2455, 2414, 2413, 2455, 2456, 2415, 2414, 2456, 2457, 2416, 2415, 2457, 2458, 2417, 2416, 2458, 2459, 2418, 2417, 2460, 2461, 2420, 2419, 2461, 2462, 2421, 2420, 2462, 2463, 2422, 2421, 2463, 2464, 2423, 2422, 2464, 2465, 2424, 2423, 2465, 2466, 2425, 2424, 2466, 2467, 2426, 2425, 2467, 2468, 2427, 2426, 2468, 2469, 2428, 2427, 2469, 2470, 2429, 2428, 2470, 2471, 2430, 2429, 2471, 2472, 2431, 2430, 2472, 2473, 2432, 2431, 2473, 2474, 2433, 2432, 2474, 2475, 2434, 2433, 2475, 2476, 2435, 2434, 2476, 2477, 2436, 2435, 2477, 2478, 2437, 2436, 2478, 2479, 2438, 2437, 2479, 2480, 2439, 2438, 2480, 2481, 2440, 2439, 2481, 2482, 2441, 2440, 2482, 2483, 2442, 2441, 2483, 2484, 2443, 2442, 2484, 2485, 2444, 2443, 2485, 2486, 2445, 2444, 2486, 2487, 2446, 2445, 2487, 2488, 2447, 2446, 2488, 2489, 2448, 2447, 2489, 2490, 2449, 2448, 2490, 2491, 2450, 2449, 2491, 2492, 2451, 2450, 2492, 2493, 2452, 2451, 2493, 2494, 2453, 2452, 2494, 2495, 2454, 2453, 2495, 2496, 2455, 2454, 2496, 2497, 2456, 2455, 2497, 2498, 2457, 2456, 2498, 2499, 2458, 2457, 2499, 2500, 2459, 2458, 2501, 2502, 2461, 2460, 2502, 2503, 2462, 2461, 2503, 2504, 2463, 2462, 2504, 2505, 2464, 2463, 2505, 2506, 2465, 2464, 2506, 2507, 2466, 2465, 2507, 2508, 2467, 2466, 2508, 2509, 2468, 2467, 2509, 2510, 2469, 2468, 2510, 2511, 2470, 2469, 2511, 2512, 2471, 2470, 2512, 2513, 2472, 2471, 2513, 2514, 2473, 2472, 2514, 2515, 2474, 2473, 2515, 2516, 2475, 2474, 2516, 2517, 2476, 2475, 2517, 2518, 2477, 2476, 2518, 2519, 2478, 2477, 2519, 2520, 2479, 2478, 2520, 2521, 2480, 2479, 2521, 2522, 2481, 2480, 2522, 2523, 2482, 2481, 2523, 2524, 2483, 2482, 2524, 2525, 2484, 2483, 2525, 2526, 2485, 2484, 2526, 2527, 2486, 2485, 2527, 2528, 2487, 2486, 2528, 2529, 2488, 2487, 2529, 2530, 2489, 2488, 2530, 2531, 2490, 2489, 2531, 2532, 2491, 2490, 2532, 2533, 2492, 2491, 2533, 2534, 2493, 2492, 2534, 2535, 2494, 2493, 2535, 2536, 2495, 2494, 2536, 2537, 2496, 2495, 2537, 2538, 2497, 2496, 2538, 2539, 2498, 2497, 2539, 2540, 2499, 2498, 2540, 2541, 2500, 2499, 1, 0, 1271, 1272, 2, 1, 1272, 1273, 3, 2, 1273, 1274, 4, 3, 1274, 1275, 5, 4, 1275, 1276, 6, 5, 1276, 1277, 7, 6, 1277, 1278, 8, 7, 1278, 1279, 9, 8, 1279, 1280, 10, 9, 1280, 1281, 11, 10, 1281, 1282, 12, 11, 1282, 1283, 13, 12, 1283, 1284, 14, 13, 1284, 1285, 15, 14, 1285, 1286, 16, 15, 1286, 1287, 17, 16, 1287, 1288, 18, 17, 1288, 1289, 19, 18, 1289, 1290, 20, 19, 1290, 1291, 21, 20, 1291, 1292, 22, 21, 1292, 1293, 23, 22, 1293, 1294, 24, 23, 1294, 1295, 25, 24, 1295, 1296, 26, 25, 1296, 1297, 27, 26, 1297, 1298, 28, 27, 1298, 1299, 29, 28, 1299, 1300, 30, 29, 1300, 1301, 31, 30, 1301, 1302, 32, 31, 1302, 1303, 33, 32, 1303, 1304, 34, 33, 1304, 1305, 35, 34, 1305, 1306, 36, 35, 1306, 1307, 37, 36, 1307, 1308, 38, 37, 1308, 1309, 39, 38, 1309, 1310, 40, 39, 1310, 1311, 81, 40, 1311, 1352, 122, 81, 1352, 1393, 163, 122, 1393, 1434, 204, 163, 1434, 1475, 245, 204, 1475, 1516, 286, 245, 1516, 1557, 327, 286, 1557, 1598, 368, 327, 1598, 1639, 409, 368, 1639, 1680, 450, 409, 1680, 1721, 491, 450, 1721, 1762, 532, 491, 1762, 1803, 573, 532, 1803, 1844, 614, 573, 1844, 1885, 655, 614, 1885, 1926, 696, 655, 1926, 1967, 737, 696, 1967, 2008, 778, 737, 2008, 2049, 819, 778, 2049, 2090, 860, 819, 2090, 2131, 901, 860, 2131, 2172, 942, 901, 2172, 2213, 983, 942, 2213, 2254, 1024, 983, 2254, 2295, 1065, 1024, 2295, 2336, 1106, 1065, 2336, 2377, 1147, 1106, 2377, 2418, 1188, 1147, 2418, 2459, 1229, 1188, 2459, 2500, 1270, 1229, 2500, 2541, 1269, 1270, 2541, 2540, 1268, 1269, 2540, 2539, 1267, 1268, 2539, 2538, 1266, 1267, 2538, 2537, 1265, 1266, 2537, 2536, 1264, 1265, 2536, 2535, 1263, 1264, 2535, 2534, 1262, 1263, 2534, 2533, 1261, 1262, 2533, 2532, 1260, 1261, 2532, 2531, 1259, 1260, 2531, 2530, 1258, 1259, 2530, 2529, 1257, 1258, 2529, 2528, 1256, 1257, 2528, 2527, 1255, 1256, 2527, 2526, 1254, 1255, 2526, 2525, 1253, 1254, 2525, 2524, 1252, 1253, 2524, 2523, 1251, 1252, 2523, 2522, 1250, 1251, 2522, 2521, 1249, 1250, 2521, 2520, 1248, 1249, 2520, 2519, 1247, 1248, 2519, 2518, 1246, 1247, 2518, 2517, 1245, 1246, 2517, 2516, 1244, 1245, 2516, 2515, 1243, 1244, 2515, 2514, 1242, 1243, 2514, 2513, 1241, 1242, 2513, 2512, 1240, 1241, 2512, 2511, 1239, 1240, 2511, 2510, 1238, 1239, 2510, 2509, 1237, 1238, 2509, 2508, 1236, 1237, 2508, 2507, 1235, 1236, 2507, 2506, 1234, 1235, 2506, 2505, 1233, 1234, 2505, 2504, 1232, 1233, 2504, 2503, 1231, 1232, 2503, 2502, 1230, 1231, 2502, 2501, 1189, 1230, 2501, 2460, 1148, 1189, 2460, 2419, 1107, 1148, 2419, 2378, 1066, 1107, 2378, 2337, 1025, 1066, 2337, 2296, 984, 1025, 2296, 2255, 943, 984, 2255, 2214, 902, 943, 2214, 2173, 861, 902, 2173, 2132, 820, 861, 2132, 2091, 779, 820, 2091, 2050, 738, 779, 2050, 2009, 697, 738, 2009, 1968, 656, 697, 1968, 1927, 615, 656, 1927, 1886, 574, 615, 1886, 1845, 533, 574, 1845, 1804, 492, 533, 1804, 1763, 451, 492, 1763, 1722, 410, 451, 1722, 1681, 369, 410, 1681, 1640, 328, 369, 1640, 1599, 287, 328, 1599, 1558, 246, 287, 1558, 1517, 205, 246, 1517, 1476, 164, 205, 1476, 1435, 123, 164, 1435, 1394, 82, 123, 1394, 1353, 41, 82, 1353, 1312, 0, 41, 1312, 1271]
                rel material:binding = </Asset/_materials/KraftMailer_coated_film>
                normal3f[] normals = [(-0.66104, -0.655611, 0.36496633), (-0.14447084, -0.9019337, 0.40699345), (-0.4077041, -0.4161153, 0.81278867), (-0.9047995, -0.1435101, 0.4009273), (-0.14447084, -0.9019337, 0.40699345), (-0.040732305, -0.9462099, 0.3209794), (-0.15411066, -0.5457699, 0.8236414), (-0.4077041, -0.4161153, 0.81278867), (-0.040732305, -0.9462099, 0.3209794), (-0.026116155, -0.9576064, 0.28689378), (-0.1182905, -0.5492339, 0.8272542), (-0.15411066, -0.5457699, 0.8236414), (-0.026116155, -0.9576064, 0.28689378), (0.0016273186, -0.961466, 0.27491915), (-0.02236933, -0.5857607, 0.8101753), (-0.1182905, -0.5492339, 0.8272542), (0.0016273186, -0.961466, 0.27491915), (-0.001988652, -0.9614833, 0.27485603), (-0.014579159, -0.6288183, 0.7774156), (-0.02236933, -0.5857607, 0.8101753), (-0.001988652, -0.9614833, 0.27485603), (-0.022751464, -0.9642762, 0.26392), (-0.08850328, -0.61852556, 0.78076464), (-0.014579159, -0.6288183, 0.7774156), (-0.022751464, -0.9642762, 0.26392), (-0.013947212, -0.9688887, 0.24710353), (-0.078762755, -0.59964037, 0.7963843), (-0.08850328, -0.61852556, 0.78076464), (-0.013947212, -0.9688887, 0.24710353), (0.008424721, -0.9697604, 0.24391311), (0.01624978, -0.6359354, 0.77157116), (-0.078762755, -0.59964037, 0.7963843), (0.008424721, -0.9697604, 0.24391311), (0.0010775357, -0.96865577, 0.24840489), (0.011205554, -0.6642932, 0.7473882), (0.01624978, -0.6359354, 0.77157116), (0.0010775357, -0.96865577, 0.24840489), (-0.018182803, -0.9700995, 0.24202552), (-0.07420313, -0.63908494, 0.7655484), (0.011205554, -0.6642932, 0.7473882), (-0.018182803, -0.9700995, 0.24202552), (-0.008624834, -0.973106, 0.23019613), (-0.06467659, -0.62516606, 0.7778074), (-0.07420313, -0.63908494, 0.7655484), (-0.008624834, -0.973106, 0.23019613), (0.010024705, -0.97318816, 0.2297918), (0.03327885, -0.66454035, 0.746511), (-0.06467659, -0.62516606, 0.7778074), (0.010024705, -0.97318816, 0.2297918), (0.001292373, -0.971983, 0.2350475), (0.023231331, -0.6780326, 0.7346647), (0.03327885, -0.66454035, 0.746511), (0.001292373, -0.971983, 0.2350475), (-0.014606956, -0.972937, 0.23060852), (-0.06514635, -0.64556074, 0.76092523), (0.023231331, -0.6780326, 0.7346647), (-0.014606956, -0.972937, 0.23060852), (-0.004721759, -0.97501653, 0.22208188), (-0.053892486, -0.64336497, 0.7636604), (-0.06514635, -0.64556074, 0.76092523), (-0.004721759, -0.97501653, 0.22208188), (0.009798998, -0.97472507, 0.22319269), (0.0429737, -0.6816832, 0.7303844), (-0.053892486, -0.64336497, 0.7636604), (0.009798998, -0.97472507, 0.22319269), (0.0009705576, -0.97361374, 0.22820053), (0.030903485, -0.6794943, 0.73302966), (0.0429737, -0.6816832, 0.7303844), (0.0009705576, -0.97361374, 0.22820053), (-0.010782347, -0.9742729, 0.22511333), (-0.055742215, -0.64574146, 0.7615188), (0.030903485, -0.6794943, 0.73302966), (-0.010782347, -0.9742729, 0.22511333), (-0.001574501, -0.97561306, 0.219492), (-0.042891707, -0.65740013, 0.75232), (-0.055742215, -0.64574146, 0.7615188), (-0.001574501, -0.97561306, 0.219492), (0.008555437, -0.9751074, 0.22156811), (0.048589267, -0.68944985, 0.72270185), (-0.042891707, -0.65740013, 0.75232), (0.008555437, -0.9751074, 0.22156811), (0.0008944439, -0.9741374, 0.22595465), (0.037116658, -0.6719354, 0.73967916), (0.048589267, -0.68944985, 0.72270185), (0.0008944439, -0.9741374, 0.22595465), (-0.006442566, -0.9745026, 0.22428358), (-0.04400574, -0.6426185, 0.76492155), (0.037116658, -0.6719354, 0.73967916), (-0.006442566, -0.9745026, 0.22428358), (0.0009342638, -0.975152, 0.22153492), (-0.030828854, -0.66698056, 0.74443704), (-0.04400574, -0.6426185, 0.76492155), (0.0009342638, -0.975152, 0.22153492), (0.0067817885, -0.97451305, 0.22422834), (0.051785138, -0.6880284, 0.7238337), (-0.030828854, -0.66698056, 0.74443704), (0.0067817885, -0.97451305, 0.22422834), (0.0015632776, -0.97365886, 0.22800402), (0.04353108, -0.65685755, 0.7527571), (0.051785138, -0.6880284, 0.7238337), (0.0015632776, -0.97365886, 0.22800402), (-0.0015370814, -0.97360235, 0.22824553), (-0.02871505, -0.63685966, 0.77044487), (0.04353108, -0.65685755, 0.7527571), (-0.0015370814, -0.97360235, 0.22824553), (0.002909732, -0.9735368, 0.22851186), (-0.017315814, -0.6699983, 0.74216056), (-0.02871505, -0.63685966, 0.77044487), (0.002909732, -0.9735368, 0.22851186), (0.0050335387, -0.97278494, 0.23165533), (0.054328423, -0.67649055, 0.73444456), (-0.017315814, -0.6699983, 0.74216056), (0.0050335387, -0.97278494, 0.23165533), (0.0034816337, -0.9719116, 0.23532037), (0.051984012, -0.6345782, 0.7711083), (0.054328423, -0.67649055, 0.73444456), (0.0034816337, -0.9719116, 0.23532037), (0.0040746196, -0.97113705, 0.2384873), (-0.008285644, -0.62660766, 0.7792908), (0.051984012, -0.6345782, 0.7711083), (0.0040746196, -0.97113705, 0.2384873), (0.0047854306, -0.9702037, 0.24224328), (-0.0007948096, -0.6622887, 0.7492483), (-0.008285644, -0.62660766, 0.7792908), (0.0047854306, -0.9702037, 0.24224328), (0.004310013, -0.96920395, 0.24622148), (0.05970494, -0.65189254, 0.7559573), (-0.0007948096, -0.6622887, 0.7492483), (0.004310013, -0.96920395, 0.24622148), (0.007649954, -0.96787196, 0.25132737), (0.06666802, -0.60273767, 0.79514945), (0.05970494, -0.65189254, 0.7559573), (0.007649954, -0.96787196, 0.25132737), (0.011413464, -0.9656122, 0.25973636), (0.022495644, -0.60475516, 0.7960937), (0.06666802, -0.60273767, 0.79514945), (0.011413464, -0.9656122, 0.25973636), (0.008606868, -0.96306837, 0.26911953), (0.0270969, -0.63344336, 0.7733145), (0.022495644, -0.60475516, 0.7960937), (0.008606868, -0.96306837, 0.26911953), (0.008260589, -0.96079063, 0.27715176), (0.08192648, -0.6029653, 0.79354966), (0.0270969, -0.63344336, 0.7733145), (0.008260589, -0.96079063, 0.27715176), (0.019846218, -0.9566984, 0.2904036), (0.11075451, -0.5452262, 0.83094037), (0.08192648, -0.6029653, 0.79354966), (0.019846218, -0.9566984, 0.2904036), (0.032803725, -0.94791806, 0.3168206), (0.11354515, -0.53359395, 0.8380841), (0.11075451, -0.5452262, 0.83094037), (0.032803725, -0.94791806, 0.3168206), (0.14612308, -0.90638846, 0.3963685), (0.41168302, -0.42670327, 0.80525863), (0.11354515, -0.53359395, 0.8380841), (0.14612308, -0.90638846, 0.3963685), (0.6636539, -0.6581145, 0.35559645), (0.910526, -0.15008305, 0.3852501), (0.41168302, -0.42670327, 0.80525863), (-0.9047995, -0.1435101, 0.4009273), (-0.4077041, -0.4161153, 0.81278867), (-0.53551507, -0.119658306, 0.8360057), (-0.94660985, -0.024393065, 0.32145727), (-0.4077041, -0.4161153, 0.81278867), (-0.15411066, -0.5457699, 0.8236414), (-0.23504783, -0.19416353, 0.9523933), (-0.53551507, -0.119658306, 0.8360057), (-0.15411066, -0.5457699, 0.8236414), (-0.1182905, -0.5492339, 0.8272542), (-0.15864584, -0.21023752, 0.9646926), (-0.23504783, -0.19416353, 0.9523933), (-0.1182905, -0.5492339, 0.8272542), (-0.02236933, -0.5857607, 0.8101753), (-0.039505415, -0.20121752, 0.97874963), (-0.15864584, -0.21023752, 0.9646926), (-0.02236933, -0.5857607, 0.8101753), (-0.014579159, -0.6288183, 0.7774156), (-0.048262138, -0.22016808, 0.9742673), (-0.039505415, -0.20121752, 0.97874963), (-0.014579159, -0.6288183, 0.7774156), (-0.08850328, -0.61852556, 0.78076464), (-0.13634758, -0.25176767, 0.9581348), (-0.048262138, -0.22016808, 0.9742673), (-0.08850328, -0.61852556, 0.78076464), (-0.078762755, -0.59964037, 0.7963843), (-0.09874868, -0.25031087, 0.96311635), (-0.13634758, -0.25176767, 0.9581348), (-0.078762755, -0.59964037, 0.7963843), (0.01624978, -0.6359354, 0.77157116), (0.020090373, -0.23102033, 0.9727415), (-0.09874868, -0.25031087, 0.96311635), (0.01624978, -0.6359354, 0.77157116), (0.011205554, -0.6642932, 0.7473882), (-0.0018669958, -0.25125557, 0.967919), (0.020090373, -0.23102033, 0.9727415), (0.011205554, -0.6642932, 0.7473882), (-0.07420313, -0.63908494, 0.7655484), (-0.11306643, -0.27669188, 0.95428383), (-0.0018669958, -0.25125557, 0.967919), (-0.07420313, -0.63908494, 0.7655484), (-0.06467659, -0.62516606, 0.7778074), (-0.079552755, -0.26801923, 0.9601234), (-0.11306643, -0.27669188, 0.95428383), (-0.06467659, -0.62516606, 0.7778074), (0.03327885, -0.66454035, 0.746511), (0.047693115, -0.24745227, 0.9677256), (-0.079552755, -0.26801923, 0.9601234), (0.03327885, -0.66454035, 0.746511), (0.023231331, -0.6780326, 0.7346647), (0.024085496, -0.27044895, 0.962433), (0.047693115, -0.24745227, 0.9677256), (0.023231331, -0.6780326, 0.7346647), (-0.06514635, -0.64556074, 0.76092523), (-0.09872858, -0.28834546, 0.95242304), (0.024085496, -0.27044895, 0.962433), (-0.06514635, -0.64556074, 0.76092523), (-0.053892486, -0.64336497, 0.7636604), (-0.0674767, -0.27577817, 0.95885), (-0.09872858, -0.28834546, 0.95242304), (-0.053892486, -0.64336497, 0.7636604), (0.0429737, -0.6816832, 0.7303844), (0.06510098, -0.257878, 0.96398175), (-0.0674767, -0.27577817, 0.95885), (0.0429737, -0.6816832, 0.7303844), (0.030903485, -0.6794943, 0.73302966), (0.04302227, -0.2813043, 0.9586537), (0.06510098, -0.257878, 0.96398175), (0.030903485, -0.6794943, 0.73302966), (-0.055742215, -0.64574146, 0.7615188), (-0.0850506, -0.2910696, 0.9529139), (0.04302227, -0.2813043, 0.9586537), (-0.055742215, -0.64574146, 0.7615188), (-0.042891707, -0.65740013, 0.75232), (-0.056774177, -0.27698272, 0.95919615), (-0.0850506, -0.2910696, 0.9529139), (-0.042891707, -0.65740013, 0.75232), (0.048589267, -0.68944985, 0.72270185), (0.077221714, -0.26428896, 0.9613471), (-0.056774177, -0.27698272, 0.95919615), (0.048589267, -0.68944985, 0.72270185), (0.037116658, -0.6719354, 0.73967916), (0.05885923, -0.28440094, 0.9568969), (0.077221714, -0.26428896, 0.9613471), (0.037116658, -0.6719354, 0.73967916), (-0.04400574, -0.6426185, 0.76492155), (-0.068996884, -0.2866792, 0.9555388), (0.05885923, -0.28440094, 0.9568969), (-0.04400574, -0.6426185, 0.76492155), (-0.030828854, -0.66698056, 0.74443704), (-0.045262393, -0.27299532, 0.96094996), (-0.068996884, -0.2866792, 0.9555388), (-0.030828854, -0.66698056, 0.74443704), (0.051785138, -0.6880284, 0.7238337), (0.086333565, -0.26666853, 0.95991373), (-0.045262393, -0.27299532, 0.96094996), (0.051785138, -0.6880284, 0.7238337), (0.04353108, -0.65685755, 0.7527571), (0.073870994, -0.2796628, 0.95725214), (0.086333565, -0.26666853, 0.95991373), (0.04353108, -0.65685755, 0.7527571), (-0.02871505, -0.63685966, 0.77044487), (-0.04850011, -0.2757505, 0.9600049), (0.073870994, -0.2796628, 0.95725214), (-0.02871505, -0.63685966, 0.77044487), (-0.017315814, -0.6699983, 0.74216056), (-0.030933412, -0.2640977, 0.96399975), (-0.04850011, -0.2757505, 0.9600049), (-0.017315814, -0.6699983, 0.74216056), (0.054328423, -0.67649055, 0.73444456), (0.094761044, -0.2635619, 0.9599768), (-0.030933412, -0.2640977, 0.96399975), (0.054328423, -0.67649055, 0.73444456), (0.051984012, -0.6345782, 0.7711083), (0.09063839, -0.26658708, 0.9595395), (0.094761044, -0.2635619, 0.9599768), (0.051984012, -0.6345782, 0.7711083), (-0.008285644, -0.62660766, 0.7792908), (-0.020630615, -0.25764015, 0.9660207), (0.09063839, -0.26658708, 0.9595395), (-0.008285644, -0.62660766, 0.7792908), (-0.0007948096, -0.6622887, 0.7492483), (-0.009680026, -0.24913047, 0.9684215), (-0.020630615, -0.25764015, 0.9660207), (-0.0007948096, -0.6622887, 0.7492483), (0.05970494, -0.65189254, 0.7559573), (0.107378475, -0.2517276, 0.96182275), (-0.009680026, -0.24913047, 0.9684215), (0.05970494, -0.65189254, 0.7559573), (0.06666802, -0.60273767, 0.79514945), (0.11509338, -0.24312733, 0.9631421), (0.107378475, -0.2517276, 0.96182275), (0.06666802, -0.60273767, 0.79514945), (0.022495644, -0.60475516, 0.7960937), (0.023588289, -0.2292329, 0.9730857), (0.11509338, -0.24312733, 0.9631421), (0.022495644, -0.60475516, 0.7960937), (0.0270969, -0.63344336, 0.7733145), (0.03317476, -0.22311854, 0.9742266), (0.023588289, -0.2292329, 0.9730857), (0.0270969, -0.63344336, 0.7733145), (0.08192648, -0.6029653, 0.79354966), (0.14456442, -0.22262675, 0.96412575), (0.03317476, -0.22311854, 0.9742266), (0.08192648, -0.6029653, 0.79354966), (0.11075451, -0.5452262, 0.83094037), (0.1806409, -0.19921184, 0.96316326), (0.14456442, -0.22262675, 0.96412575), (0.11075451, -0.5452262, 0.83094037), (0.11354515, -0.53359395, 0.8380841), (0.16148186, -0.1728522, 0.9716202), (0.1806409, -0.19921184, 0.96316326), (0.11354515, -0.53359395, 0.8380841), (0.41168302, -0.42670327, 0.80525863), (0.5172785, -0.115999125, 0.84791934), (0.16148186, -0.1728522, 0.9716202), (0.41168302, -0.42670327, 0.80525863), (0.910526, -0.15008305, 0.3852501), (0.9530733, -0.025692793, 0.30164707), (0.5172785, -0.115999125, 0.84791934), (-0.94660985, -0.024393065, 0.32145727), (-0.53551507, -0.119658306, 0.8360057), (-0.59587556, -0.087145425, 0.7983344), (-0.9545416, -0.020699684, 0.29735783), (-0.53551507, -0.119658306, 0.8360057), (-0.23504783, -0.19416353, 0.9523933), (-0.2565807, -0.12749222, 0.95807725), (-0.59587556, -0.087145425, 0.7983344), (-0.23504783, -0.19416353, 0.9523933), (-0.15864584, -0.21023752, 0.9646926), (-0.15966025, -0.13365097, 0.9780829), (-0.2565807, -0.12749222, 0.95807725), (-0.15864584, -0.21023752, 0.9646926), (-0.039505415, -0.20121752, 0.97874963), (-0.055435788, -0.15945485, 0.98564744), (-0.15966025, -0.13365097, 0.9780829), (-0.039505415, -0.20121752, 0.97874963), (-0.048262138, -0.22016808, 0.9742673), (-0.07201668, -0.17594896, 0.98176146), (-0.055435788, -0.15945485, 0.98564744), (-0.048262138, -0.22016808, 0.9742673), (-0.13634758, -0.25176767, 0.9581348), (-0.1373175, -0.16638419, 0.9764529), (-0.07201668, -0.17594896, 0.98176146), (-0.13634758, -0.25176767, 0.9581348), (-0.09874868, -0.25031087, 0.96311635), (-0.09213216, -0.15868217, 0.9830217), (-0.1373175, -0.16638419, 0.9764529), (-0.09874868, -0.25031087, 0.96311635), (0.020090373, -0.23102033, 0.9727415), (-0.000096147065, -0.1846289, 0.9828083), (-0.09213216, -0.15868217, 0.9830217), (0.020090373, -0.23102033, 0.9727415), (-0.0018669958, -0.25125557, 0.967919), (-0.019561412, -0.19883502, 0.9798378), (-0.000096147065, -0.1846289, 0.9828083), (-0.0018669958, -0.25125557, 0.967919), (-0.11306643, -0.27669188, 0.95428383), (-0.09990566, -0.18077381, 0.97843736), (-0.019561412, -0.19883502, 0.9798378), (-0.11306643, -0.27669188, 0.95428383), (-0.079552755, -0.26801923, 0.9601234), (-0.074281216, -0.17139411, 0.9823983), (-0.09990566, -0.18077381, 0.97843736), (-0.079552755, -0.26801923, 0.9601234), (0.047693115, -0.24745227, 0.9677256), (0.020363064, -0.19831455, 0.9799268), (-0.074281216, -0.17139411, 0.9823983), (0.047693115, -0.24745227, 0.9677256), (0.024085496, -0.27044895, 0.962433), (0.014470985, -0.20971549, 0.97765535), (0.020363064, -0.19831455, 0.9799268), (0.024085496, -0.27044895, 0.962433), (-0.09872858, -0.28834546, 0.95242304), (-0.0736751, -0.18589562, 0.9798035), (0.014470985, -0.20971549, 0.97765535), (-0.09872858, -0.28834546, 0.95242304), (-0.0674767, -0.27577817, 0.95885), (-0.06771939, -0.17875943, 0.9815595), (-0.0736751, -0.18589562, 0.9798035), (-0.0674767, -0.27577817, 0.95885), (0.06510098, -0.257878, 0.96398175), (0.031852353, -0.2054285, 0.97815365), (-0.06771939, -0.17875943, 0.9815595), (0.06510098, -0.257878, 0.96398175), (0.04302227, -0.2813043, 0.9586537), (0.043692645, -0.2130137, 0.9760718), (0.031852353, -0.2054285, 0.97815365), (0.04302227, -0.2813043, 0.9586537), (-0.0850506, -0.2910696, 0.9529139), (-0.051052544, -0.1858095, 0.9812586), (0.043692645, -0.2130137, 0.9760718), (-0.0850506, -0.2910696, 0.9529139), (-0.056774177, -0.27698272, 0.95919615), (-0.06445936, -0.18148781, 0.98127836), (-0.051052544, -0.1858095, 0.9812586), (-0.056774177, -0.27698272, 0.95919615), (0.077221714, -0.26428896, 0.9613471), (0.04082245, -0.20745876, 0.97739166), (-0.06445936, -0.18148781, 0.98127836), (0.077221714, -0.26428896, 0.9613471), (0.05885923, -0.28440094, 0.9568969), (0.07086516, -0.21099162, 0.9749157), (0.04082245, -0.20745876, 0.97739166), (0.05885923, -0.28440094, 0.9568969), (-0.068996884, -0.2866792, 0.9555388), (-0.02969661, -0.18215176, 0.98282194), (0.07086516, -0.21099162, 0.9749157), (-0.068996884, -0.2866792, 0.9555388), (-0.045262393, -0.27299532, 0.96094996), (-0.06038039, -0.17914817, 0.98196745), (-0.02969661, -0.18215176, 0.98282194), (-0.045262393, -0.27299532, 0.96094996), (0.086333565, -0.26666853, 0.95991373), (0.050250158, -0.20501862, 0.97746724), (-0.06038039, -0.17914817, 0.98196745), (0.086333565, -0.26666853, 0.95991373), (0.073870994, -0.2796628, 0.95725214), (0.09670255, -0.2050797, 0.9739563), (0.050250158, -0.20501862, 0.97746724), (0.073870994, -0.2796628, 0.95725214), (-0.04850011, -0.2757505, 0.9600049), (-0.0077165454, -0.17509595, 0.9845211), (0.09670255, -0.2050797, 0.9739563), (-0.04850011, -0.2757505, 0.9600049), (-0.030933412, -0.2640977, 0.96399975), (-0.05177971, -0.17138812, 0.98384196), (-0.0077165454, -0.17509595, 0.9845211), (-0.030933412, -0.2640977, 0.96399975), (0.094761044, -0.2635619, 0.9599768), (0.06270475, -0.19795857, 0.9782027), (-0.05177971, -0.17138812, 0.98384196), (0.094761044, -0.2635619, 0.9599768), (0.09063839, -0.26658708, 0.9595395), (0.12229539, -0.19555224, 0.9730381), (0.06270475, -0.19795857, 0.9782027), (0.09063839, -0.26658708, 0.9595395), (-0.020630615, -0.25764015, 0.9660207), (0.018251156, -0.16376628, 0.98633033), (0.12229539, -0.19555224, 0.9730381), (-0.020630615, -0.25764015, 0.9660207), (-0.009680026, -0.24913047, 0.9684215), (-0.0329665, -0.15792708, 0.9869003), (0.018251156, -0.16376628, 0.98633033), (-0.009680026, -0.24913047, 0.9684215), (0.107378475, -0.2517276, 0.96182275), (0.083228625, -0.18469903, 0.9792647), (-0.0329665, -0.15792708, 0.9869003), (0.107378475, -0.2517276, 0.96182275), (0.11509338, -0.24312733, 0.9631421), (0.15260927, -0.18044141, 0.97167444), (0.083228625, -0.18469903, 0.9792647), (0.11509338, -0.24312733, 0.9631421), (0.023588289, -0.2292329, 0.9730857), (0.058497727, -0.14593264, 0.98756355), (0.15260927, -0.18044141, 0.97167444), (0.023588289, -0.2292329, 0.9730857), (0.03317476, -0.22311854, 0.9742266), (0.013414994, -0.13679747, 0.9905082), (0.058497727, -0.14593264, 0.98756355), (0.03317476, -0.22311854, 0.9742266), (0.14456442, -0.22262675, 0.96412575), (0.13383332, -0.15924391, 0.97812575), (0.013414994, -0.13679747, 0.9905082), (0.14456442, -0.22262675, 0.96412575), (0.1806409, -0.19921184, 0.96316326), (0.22153626, -0.15085968, 0.96341217), (0.13383332, -0.15924391, 0.97812575), (0.1806409, -0.19921184, 0.96316326), (0.16148186, -0.1728522, 0.9716202), (0.19691911, -0.11092868, 0.9741241), (0.22153626, -0.15085968, 0.96341217), (0.16148186, -0.1728522, 0.9716202), (0.5172785, -0.115999125, 0.84791934), (0.5608275, -0.056567475, 0.825998), (0.19691911, -0.11092868, 0.9741241), (0.5172785, -0.115999125, 0.84791934), (0.9530733, -0.025692793, 0.30164707), (0.9588704, -0.009162896, 0.28369617), (0.5608275, -0.056567475, 0.825998), (-0.9545416, -0.020699684, 0.29735783), (-0.59587556, -0.087145425, 0.7983344), (-0.5800113, -0.101874754, 0.8082131), (-0.96203715, -0.029778665, 0.2712892), (-0.59587556, -0.087145425, 0.7983344), (-0.2565807, -0.12749222, 0.95807725), (-0.2095897, -0.08136487, 0.9743982), (-0.5800113, -0.101874754, 0.8082131), (-0.2565807, -0.12749222, 0.95807725), (-0.15966025, -0.13365097, 0.9780829), (-0.19688919, -0.056343567, 0.9788054), (-0.2095897, -0.08136487, 0.9743982), (-0.15966025, -0.13365097, 0.9780829), (-0.055435788, -0.15945485, 0.98564744), (-0.14234653, -0.14568268, 0.9790373), (-0.19688919, -0.056343567, 0.9788054), (-0.055435788, -0.15945485, 0.98564744), (-0.07201668, -0.17594896, 0.98176146), (-0.04979113, -0.1874833, 0.981005), (-0.14234653, -0.14568268, 0.9790373), (-0.07201668, -0.17594896, 0.98176146), (-0.1373175, -0.16638419, 0.9764529), (-0.06321345, -0.10977628, 0.9919442), (-0.04979113, -0.1874833, 0.981005), (-0.1373175, -0.16638419, 0.9764529), (-0.09213216, -0.15868217, 0.9830217), (-0.13334286, -0.08075131, 0.9877747), (-0.06321345, -0.10977628, 0.9919442), (-0.09213216, -0.15868217, 0.9830217), (-0.000096147065, -0.1846289, 0.9828083), (-0.08833412, -0.16799736, 0.9818217), (-0.13334286, -0.08075131, 0.9877747), (-0.000096147065, -0.1846289, 0.9828083), (-0.019561412, -0.19883502, 0.9798378), (0.015382148, -0.19595815, 0.9804916), (-0.08833412, -0.16799736, 0.9818217), (-0.019561412, -0.19883502, 0.9798378), (-0.09990566, -0.18077381, 0.97843736), (-0.023331583, -0.120613165, 0.9924254), (0.015382148, -0.19595815, 0.9804916), (-0.09990566, -0.18077381, 0.97843736), (-0.074281216, -0.17139411, 0.9823983), (-0.11847291, -0.10140342, 0.9877659), (-0.023331583, -0.120613165, 0.9924254), (-0.074281216, -0.17139411, 0.9823983), (0.020363064, -0.19831455, 0.9799268), (-0.061916698, -0.17660141, 0.9823331), (-0.11847291, -0.10140342, 0.9877659), (0.020363064, -0.19831455, 0.9799268), (0.014470985, -0.20971549, 0.97765535), (0.054395713, -0.19115563, 0.98005134), (-0.061916698, -0.17660141, 0.9823331), (0.014470985, -0.20971549, 0.97765535), (-0.0736751, -0.18589562, 0.9798035), (-0.0021331753, -0.12779646, 0.99179816), (0.054395713, -0.19115563, 0.98005134), (-0.0736751, -0.18589562, 0.9798035), (-0.06771939, -0.17875943, 0.9815595), (-0.11015839, -0.11926845, 0.98673207), (-0.0021331753, -0.12779646, 0.99179816), (-0.06771939, -0.17875943, 0.9815595), (0.031852353, -0.2054285, 0.97815365), (-0.040058948, -0.17511171, 0.9837333), (-0.11015839, -0.11926845, 0.98673207), (0.031852353, -0.2054285, 0.97815365), (0.043692645, -0.2130137, 0.9760718), (0.081827804, -0.17997925, 0.98026097), (-0.040058948, -0.17511171, 0.9837333), (0.043692645, -0.2130137, 0.9760718), (-0.051052544, -0.1858095, 0.9812586), (0.012031015, -0.13389668, 0.99092233), (0.081827804, -0.17997925, 0.98026097), (-0.051052544, -0.1858095, 0.9812586), (-0.06445936, -0.18148781, 0.98127836), (-0.100154296, -0.13328728, 0.98600394), (0.012031015, -0.13389668, 0.99092233), (-0.06445936, -0.18148781, 0.98127836), (0.04082245, -0.20745876, 0.97739166), (-0.018554632, -0.16560286, 0.98601794), (-0.100154296, -0.13328728, 0.98600394), (0.04082245, -0.20745876, 0.97739166), (0.07086516, -0.21099162, 0.9749157), (0.101641476, -0.16576302, 0.98091364), (-0.018554632, -0.16560286, 0.98601794), (0.07086516, -0.21099162, 0.9749157), (-0.02969661, -0.18215176, 0.98282194), (0.023588091, -0.1397388, 0.9899074), (0.101641476, -0.16576302, 0.98091364), (-0.02969661, -0.18215176, 0.98282194), (-0.06038039, -0.17914817, 0.98196745), (-0.08504564, -0.14213198, 0.9861875), (0.023588091, -0.1397388, 0.9899074), (-0.06038039, -0.17914817, 0.98196745), (0.050250158, -0.20501862, 0.97746724), (0.0038785755, -0.14993384, 0.98868847), (-0.08504564, -0.14213198, 0.9861875), (0.050250158, -0.20501862, 0.97746724), (0.09670255, -0.2050797, 0.9739563), (0.1163675, -0.15034898, 0.98176056), (0.0038785755, -0.14993384, 0.98868847), (0.09670255, -0.2050797, 0.9739563), (-0.0077165454, -0.17509595, 0.9845211), (0.035523918, -0.14528112, 0.98875254), (0.1163675, -0.15034898, 0.98176056), (-0.0077165454, -0.17509595, 0.9845211), (-0.05177971, -0.17138812, 0.98384196), (-0.062305328, -0.14456305, 0.9875321), (0.035523918, -0.14528112, 0.98875254), (-0.05177971, -0.17138812, 0.98384196), (0.06270475, -0.19795857, 0.9782027), (0.028859291, -0.12959918, 0.9911463), (-0.062305328, -0.14456305, 0.9875321), (0.06270475, -0.19795857, 0.9782027), (0.12229539, -0.19555224, 0.9730381), (0.12923145, -0.13459627, 0.9824373), (0.028859291, -0.12959918, 0.9911463), (0.12229539, -0.19555224, 0.9730381), (0.018251156, -0.16376628, 0.98633033), (0.051905915, -0.14920197, 0.98744345), (0.12923145, -0.13459627, 0.9824373), (0.018251156, -0.16376628, 0.98633033), (-0.0329665, -0.15792708, 0.9869003), (-0.027754337, -0.13941523, 0.989845), (0.051905915, -0.14920197, 0.98744345), (-0.0329665, -0.15792708, 0.9869003), (0.083228625, -0.18469903, 0.9792647), (0.0612494, -0.10552146, 0.9925289), (-0.027754337, -0.13941523, 0.989845), (0.083228625, -0.18469903, 0.9792647), (0.15260927, -0.18044141, 0.97167444), (0.14766872, -0.117941245, 0.98197955), (0.0612494, -0.10552146, 0.9925289), (0.15260927, -0.18044141, 0.97167444), (0.058497727, -0.14593264, 0.98756355), (0.08398808, -0.14746132, 0.9854954), (0.14766872, -0.117941245, 0.98197955), (0.058497727, -0.14593264, 0.98756355), (0.013414994, -0.13679747, 0.9905082), (0.0341655, -0.124588326, 0.99162006), (0.08398808, -0.14746132, 0.9854954), (0.013414994, -0.13679747, 0.9905082), (0.13383332, -0.15924391, 0.97812575), (0.124199055, -0.07720595, 0.9892491), (0.0341655, -0.124588326, 0.99162006), (0.13383332, -0.15924391, 0.97812575), (0.22153626, -0.15085968, 0.96341217), (0.21117817, -0.09413707, 0.9729039), (0.124199055, -0.07720595, 0.9892491), (0.22153626, -0.15085968, 0.96341217), (0.19691911, -0.11092868, 0.9741241), (0.21948017, -0.12368801, 0.96774465), (0.21117817, -0.09413707, 0.9729039), (0.19691911, -0.11092868, 0.9741241), (0.5608275, -0.056567475, 0.825998), (0.5727925, -0.08057142, 0.8157309), (0.21948017, -0.12368801, 0.96774465), (0.5608275, -0.056567475, 0.825998), (0.9588704, -0.009162896, 0.28369617), (0.9617736, -0.01061505, 0.27363998), (0.5727925, -0.08057142, 0.8157309), (-0.96203715, -0.029778665, 0.2712892), (-0.5800113, -0.101874754, 0.8082131), (-0.5704584, -0.0386111, 0.82041836), (-0.96717197, -0.006063486, 0.2540504), (-0.5800113, -0.101874754, 0.8082131), (-0.2095897, -0.08136487, 0.9743982), (-0.18864352, -0.08461188, 0.97839385), (-0.5704584, -0.0386111, 0.82041836), (-0.2095897, -0.08136487, 0.9743982), (-0.19688919, -0.056343567, 0.9788054), (-0.22266075, -0.11659131, 0.9678991), (-0.18864352, -0.08461188, 0.97839385), (-0.19688919, -0.056343567, 0.9788054), (-0.14234653, -0.14568268, 0.9790373), (-0.18163657, -0.09247287, 0.97900814), (-0.22266075, -0.11659131, 0.9678991), (-0.14234653, -0.14568268, 0.9790373), (-0.04979113, -0.1874833, 0.981005), (-0.037992798, -0.06502756, 0.99715996), (-0.18163657, -0.09247287, 0.97900814), (-0.04979113, -0.1874833, 0.981005), (-0.06321345, -0.10977628, 0.9919442), (-0.040254697, -0.112521425, 0.99283355), (-0.037992798, -0.06502756, 0.99715996), (-0.06321345, -0.10977628, 0.9919442), (-0.13334286, -0.08075131, 0.9877747), (-0.15367685, -0.15370779, 0.9760929), (-0.040254697, -0.112521425, 0.99283355), (-0.13334286, -0.08075131, 0.9877747), (-0.08833412, -0.16799736, 0.9818217), (-0.10797402, -0.10332913, 0.9887693), (-0.15367685, -0.15370779, 0.9760929), (-0.08833412, -0.16799736, 0.9818217), (0.015382148, -0.19595815, 0.9804916), (0.024523178, -0.060858183, 0.99784505), (-0.10797402, -0.10332913, 0.9887693), (0.015382148, -0.19595815, 0.9804916), (-0.023331583, -0.120613165, 0.9924254), (-0.015845008, -0.1298486, 0.9914072), (0.024523178, -0.060858183, 0.99784505), (-0.023331583, -0.120613165, 0.9924254), (-0.11847291, -0.10140342, 0.9877659), (-0.12937532, -0.17810085, 0.9754702), (-0.015845008, -0.1298486, 0.9914072), (-0.11847291, -0.10140342, 0.9877659), (-0.061916698, -0.17660141, 0.9823331), (-0.05981565, -0.102982424, 0.99288297), (-0.12937532, -0.17810085, 0.9754702), (-0.061916698, -0.17660141, 0.9823331), (0.054395713, -0.19115563, 0.98005134), (0.05399698, -0.053713817, 0.99709535), (-0.05981565, -0.102982424, 0.99288297), (0.054395713, -0.19115563, 0.98005134), (-0.0021331753, -0.12779646, 0.99179816), (-0.013401434, -0.14452283, 0.98941076), (0.05399698, -0.053713817, 0.99709535), (-0.0021331753, -0.12779646, 0.99179816), (-0.11015839, -0.11926845, 0.98673207), (-0.10660849, -0.19318196, 0.97535396), (-0.013401434, -0.14452283, 0.98941076), (-0.11015839, -0.11926845, 0.98673207), (-0.040058948, -0.17511171, 0.9837333), (-0.017604368, -0.09575345, 0.9952494), (-0.10660849, -0.19318196, 0.97535396), (-0.040058948, -0.17511171, 0.9837333), (0.081827804, -0.17997925, 0.98026097), (0.06715108, -0.04797773, 0.99658865), (-0.017604368, -0.09575345, 0.9952494), (0.081827804, -0.17997925, 0.98026097), (0.012031015, -0.13389668, 0.99092233), (-0.017457131, -0.15714012, 0.987422), (0.06715108, -0.04797773, 0.99658865), (0.012031015, -0.13389668, 0.99092233), (-0.100154296, -0.13328728, 0.98600394), (-0.07799527, -0.1986433, 0.97696346), (-0.017457131, -0.15714012, 0.987422), (-0.100154296, -0.13328728, 0.98600394), (-0.018554632, -0.16560286, 0.98601794), (0.020680012, -0.08423328, 0.9962315), (-0.07799527, -0.1986433, 0.97696346), (-0.018554632, -0.16560286, 0.98601794), (0.101641476, -0.16576302, 0.98091364), (0.06949628, -0.046002273, 0.99652094), (0.020680012, -0.08423328, 0.9962315), (0.101641476, -0.16576302, 0.98091364), (0.023588091, -0.1397388, 0.9899074), (-0.02049553, -0.16635291, 0.98585325), (0.06949628, -0.046002273, 0.99652094), (0.023588091, -0.1397388, 0.9899074), (-0.08504564, -0.14213198, 0.9861875), (-0.042015266, -0.194295, 0.980043), (-0.02049553, -0.16635291, 0.98585325), (-0.08504564, -0.14213198, 0.9861875), (0.0038785755, -0.14993384, 0.98868847), (0.0545282, -0.071151815, 0.99597394), (-0.042015266, -0.194295, 0.980043), (0.0038785755, -0.14993384, 0.98868847), (0.1163675, -0.15034898, 0.98176056), (0.0655275, -0.04839347, 0.9966766), (0.0545282, -0.071151815, 0.99597394), (0.1163675, -0.15034898, 0.98176056), (0.035523918, -0.14528112, 0.98875254), (-0.016561316, -0.16989502, 0.985323), (0.0655275, -0.04839347, 0.9966766), (0.035523918, -0.14528112, 0.98875254), (-0.062305328, -0.14456305, 0.9875321), (0.0011195416, -0.18075152, 0.9835282), (-0.016561316, -0.16989502, 0.985323), (-0.062305328, -0.14456305, 0.9875321), (0.028859291, -0.12959918, 0.9911463), (0.08395461, -0.05921374, 0.99470866), (0.0011195416, -0.18075152, 0.9835282), (0.028859291, -0.12959918, 0.9911463), (0.12923145, -0.13459627, 0.9824373), (0.061362673, -0.053818084, 0.9966636), (0.08395461, -0.05921374, 0.99470866), (0.12923145, -0.13459627, 0.9824373), (0.051905915, -0.14920197, 0.98744345), (0.0006487393, -0.16526835, 0.98624843), (0.061362673, -0.053818084, 0.9966636), (0.051905915, -0.14920197, 0.98744345), (-0.027754337, -0.13941523, 0.989845), (0.05217321, -0.15925552, 0.9858578), (0.0006487393, -0.16526835, 0.98624843), (-0.027754337, -0.13941523, 0.989845), (0.0612494, -0.10552146, 0.9925289), (0.11286606, -0.050098117, 0.99234647), (0.05217321, -0.15925552, 0.9858578), (0.0612494, -0.10552146, 0.9925289), (0.14766872, -0.117941245, 0.98197955), (0.0689476, -0.058818076, 0.9958849), (0.11286606, -0.050098117, 0.99234647), (0.14766872, -0.117941245, 0.98197955), (0.08398808, -0.14746132, 0.9854954), (0.043289524, -0.14953856, 0.98780775), (0.0689476, -0.058818076, 0.9958849), (0.08398808, -0.14746132, 0.9854954), (0.0341655, -0.124588326, 0.99162006), (0.12199301, -0.13039002, 0.9839289), (0.043289524, -0.14953856, 0.98780775), (0.0341655, -0.124588326, 0.99162006), (0.124199055, -0.07720595, 0.9892491), (0.16526507, -0.042687822, 0.9853249), (0.12199301, -0.13039002, 0.9839289), (0.124199055, -0.07720595, 0.9892491), (0.21117817, -0.09413707, 0.9729039), (0.13837881, -0.055362675, 0.98883075), (0.16526507, -0.042687822, 0.9853249), (0.21117817, -0.09413707, 0.9729039), (0.21948017, -0.12368801, 0.96774465), (0.19984591, -0.11147921, 0.9734649), (0.13837881, -0.055362675, 0.98883075), (0.21948017, -0.12368801, 0.96774465), (0.5727925, -0.08057142, 0.8157309), (0.6184504, -0.078353785, 0.7819078), (0.19984591, -0.11147921, 0.9734649), (0.5727925, -0.08057142, 0.8157309), (0.9617736, -0.01061505, 0.27363998), (0.9647603, -0.011296366, 0.26288766), (0.6184504, -0.078353785, 0.7819078), (-0.96717197, -0.006063486, 0.2540504), (-0.5704584, -0.0386111, 0.82041836), (-0.6179423, -0.032888804, 0.7855353), (-0.96857816, -0.005278171, 0.24865344), (-0.5704584, -0.0386111, 0.82041836), (-0.18864352, -0.08461188, 0.97839385), (-0.22449183, -0.05939585, 0.97266406), (-0.6179423, -0.032888804, 0.7855353), (-0.18864352, -0.08461188, 0.97839385), (-0.22266075, -0.11659131, 0.9678991), (-0.23621324, -0.07114962, 0.96909285), (-0.22449183, -0.05939585, 0.97266406), (-0.22266075, -0.11659131, 0.9678991), (-0.18163657, -0.09247287, 0.97900814), (-0.1512921, -0.07746953, 0.9854488), (-0.23621324, -0.07114962, 0.96909285), (-0.18163657, -0.09247287, 0.97900814), (-0.037992798, -0.06502756, 0.99715996), (-0.039415292, -0.07588796, 0.996337), (-0.1512921, -0.07746953, 0.9854488), (-0.037992798, -0.06502756, 0.99715996), (-0.040254697, -0.112521425, 0.99283355), (-0.09249845, -0.080625474, 0.99244326), (-0.039415292, -0.07588796, 0.996337), (-0.040254697, -0.112521425, 0.99283355), (-0.15367685, -0.15370779, 0.9760929), (-0.15782125, -0.085645296, 0.9837466), (-0.09249845, -0.080625474, 0.99244326), (-0.15367685, -0.15370779, 0.9760929), (-0.10797402, -0.10332913, 0.9887693), (-0.05674882, -0.089197375, 0.994396), (-0.15782125, -0.085645296, 0.9837466), (-0.10797402, -0.10332913, 0.9887693), (0.024523178, -0.060858183, 0.99784505), (0.01735915, -0.08639316, 0.9961099), (-0.05674882, -0.089197375, 0.994396), (0.024523178, -0.060858183, 0.99784505), (-0.015845008, -0.1298486, 0.9914072), (-0.08273212, -0.09187088, 0.9923281), (0.01735915, -0.08639316, 0.9961099), (-0.015845008, -0.1298486, 0.9914072), (-0.12937532, -0.17810085, 0.9754702), (-0.12072198, -0.09295815, 0.9883243), (-0.08273212, -0.09187088, 0.9923281), (-0.12937532, -0.17810085, 0.9754702), (-0.05981565, -0.102982424, 0.99288297), (0.0065591494, -0.09539177, 0.99541825), (-0.12072198, -0.09295815, 0.9883243), (-0.05981565, -0.102982424, 0.99288297), (0.05399698, -0.053713817, 0.99709535), (0.03575366, -0.09266565, 0.9950552), (0.0065591494, -0.09539177, 0.99541825), (0.05399698, -0.053713817, 0.99709535), (-0.013401434, -0.14452283, 0.98941076), (-0.0902194, -0.09901458, 0.9909877), (0.03575366, -0.09266565, 0.9950552), (-0.013401434, -0.14452283, 0.98941076), (-0.10660849, -0.19318196, 0.97535396), (-0.08320705, -0.097575635, 0.9917437), (-0.0902194, -0.09901458, 0.9909877), (-0.10660849, -0.19318196, 0.97535396), (-0.017604368, -0.09575345, 0.9952494), (0.057967223, -0.09880568, 0.9934169), (-0.08320705, -0.097575635, 0.9917437), (-0.017604368, -0.09575345, 0.9952494), (0.06715108, -0.04797773, 0.99658865), (0.035523456, -0.09631899, 0.99471647), (0.057967223, -0.09880568, 0.9934169), (0.06715108, -0.04797773, 0.99658865), (-0.017457131, -0.15714012, 0.987422), (-0.09760527, -0.103282675, 0.9898515), (0.035523456, -0.09631899, 0.99471647), (-0.017457131, -0.15714012, 0.987422), (-0.07799527, -0.1986433, 0.97696346), (-0.039940592, -0.10043735, 0.9941414), (-0.09760527, -0.103282675, 0.9898515), (-0.07799527, -0.1986433, 0.97696346), (0.020680012, -0.08423328, 0.9962315), (0.09831757, -0.09983896, 0.99013424), (-0.039940592, -0.10043735, 0.9941414), (0.020680012, -0.08423328, 0.9962315), (0.06949628, -0.046002273, 0.99652094), (0.024790086, -0.0978845, 0.99488896), (0.09831757, -0.09983896, 0.99013424), (0.06949628, -0.046002273, 0.99652094), (-0.02049553, -0.16635291, 0.98585325), (-0.09655476, -0.105233006, 0.9897491), (0.024790086, -0.0978845, 0.99488896), (-0.02049553, -0.16635291, 0.98585325), (-0.042015266, -0.194295, 0.980043), (0.008588121, -0.10126755, 0.99482214), (-0.09655476, -0.105233006, 0.9897491), (-0.042015266, -0.194295, 0.980043), (0.0545282, -0.071151815, 0.99597394), (0.12668213, -0.09837873, 0.9870528), (0.008588121, -0.10126755, 0.99482214), (0.0545282, -0.071151815, 0.99597394), (0.0655275, -0.04839347, 0.9966766), (0.010471812, -0.09761054, 0.9951696), (0.12668213, -0.09837873, 0.9870528), (0.0655275, -0.04839347, 0.9966766), (-0.016561316, -0.16989502, 0.985323), (-0.08161287, -0.10487926, 0.99113053), (0.010471812, -0.09761054, 0.9951696), (-0.016561316, -0.16989502, 0.985323), (0.0011195416, -0.18075152, 0.9835282), (0.060389034, -0.09910586, 0.9932428), (-0.08161287, -0.10487926, 0.99113053), (0.0011195416, -0.18075152, 0.9835282), (0.08395461, -0.05921374, 0.99470866), (0.14410166, -0.094253644, 0.9850639), (0.060389034, -0.09910586, 0.9932428), (0.08395461, -0.05921374, 0.99470866), (0.061362673, -0.053818084, 0.9966636), (0.00090999994, -0.09543472, 0.9954353), (0.14410166, -0.094253644, 0.9850639), (0.061362673, -0.053818084, 0.9966636), (0.0006487393, -0.16526835, 0.98624843), (-0.04811617, -0.1014241, 0.99367905), (0.00090999994, -0.09543472, 0.9954353), (0.0006487393, -0.16526835, 0.98624843), (0.05217321, -0.15925552, 0.9858578), (0.114533775, -0.09263969, 0.9890904), (-0.04811617, -0.1014241, 0.99367905), (0.05217321, -0.15925552, 0.9858578), (0.11286606, -0.050098117, 0.99234647), (0.15692696, -0.08704487, 0.98376673), (0.114533775, -0.09263969, 0.9890904), (0.11286606, -0.050098117, 0.99234647), (0.0689476, -0.058818076, 0.9958849), (0.010364249, -0.09040365, 0.9958513), (0.15692696, -0.08704487, 0.98376673), (0.0689476, -0.058818076, 0.9958849), (0.043289524, -0.14953856, 0.98780775), (0.014043717, -0.09274569, 0.99559075), (0.010364249, -0.09040365, 0.9958513), (0.043289524, -0.14953856, 0.98780775), (0.12199301, -0.13039002, 0.9839289), (0.17999539, -0.07992982, 0.9804147), (0.014043717, -0.09274569, 0.99559075), (0.12199301, -0.13039002, 0.9839289), (0.16526507, -0.042687822, 0.9853249), (0.19281612, -0.07445334, 0.97840613), (0.17999539, -0.07992982, 0.9804147), (0.16526507, -0.042687822, 0.9853249), (0.13837881, -0.055362675, 0.98883075), (0.09423111, -0.07778636, 0.9925068), (0.19281612, -0.07445334, 0.97840613), (0.13837881, -0.055362675, 0.98883075), (0.19984591, -0.11147921, 0.9734649), (0.19436821, -0.07093329, 0.9783606), (0.09423111, -0.07778636, 0.9925068), (0.19984591, -0.11147921, 0.9734649), (0.6184504, -0.078353785, 0.7819078), (0.62584394, -0.040679097, 0.77888674), (0.19436821, -0.07093329, 0.9783606), (0.6184504, -0.078353785, 0.7819078), (0.9647603, -0.011296366, 0.26288766), (0.9671244, -0.007141078, 0.2542033), (0.62584394, -0.040679097, 0.77888674), (-0.96857816, -0.005278171, 0.24865344), (-0.6179423, -0.032888804, 0.7855353), (-0.58177865, -0.032746498, 0.81268764), (-0.96993107, -0.006190965, 0.24330117), (-0.6179423, -0.032888804, 0.7855353), (-0.22449183, -0.05939585, 0.97266406), (-0.21833682, -0.03151073, 0.9753646), (-0.58177865, -0.032746498, 0.81268764), (-0.22449183, -0.05939585, 0.97266406), (-0.23621324, -0.07114962, 0.96909285), (-0.25726342, -0.0326725, 0.96578884), (-0.21833682, -0.03151073, 0.9753646), (-0.23621324, -0.07114962, 0.96909285), (-0.1512921, -0.07746953, 0.9854488), (-0.1683446, -0.07810168, 0.98262924), (-0.25726342, -0.0326725, 0.96578884), (-0.1512921, -0.07746953, 0.9854488), (-0.039415292, -0.07588796, 0.996337), (-0.018078577, -0.08649611, 0.99608815), (-0.1683446, -0.07810168, 0.98262924), (-0.039415292, -0.07588796, 0.996337), (-0.09249845, -0.080625474, 0.99244326), (-0.07536857, -0.03802729, 0.99643034), (-0.018078577, -0.08649611, 0.99608815), (-0.09249845, -0.080625474, 0.99244326), (-0.15782125, -0.085645296, 0.9837466), (-0.18483475, -0.03176408, 0.9822562), (-0.07536857, -0.03802729, 0.99643034), (-0.15782125, -0.085645296, 0.9837466), (-0.05674882, -0.089197375, 0.994396), (-0.080052204, -0.09969135, 0.991793), (-0.18483475, -0.03176408, 0.9822562), (-0.05674882, -0.089197375, 0.994396), (0.01735915, -0.08639316, 0.9961099), (0.045220286, -0.10780282, 0.99314326), (-0.080052204, -0.09969135, 0.991793), (0.01735915, -0.08639316, 0.9961099), (-0.08273212, -0.09187088, 0.9923281), (-0.05949023, -0.034576874, 0.9976299), (0.045220286, -0.10780282, 0.99314326), (-0.08273212, -0.09187088, 0.9923281), (-0.12072198, -0.09295815, 0.9883243), (-0.15337189, -0.029573869, 0.9877259), (-0.05949023, -0.034576874, 0.9976299), (-0.12072198, -0.09295815, 0.9883243), (0.0065591494, -0.09539177, 0.99541825), (-0.021598617, -0.119183056, 0.9926374), (-0.15337189, -0.029573869, 0.9877259), (0.0065591494, -0.09539177, 0.99541825), (0.03575366, -0.09266565, 0.9950552), (0.06893161, -0.12201375, 0.9901318), (-0.021598617, -0.119183056, 0.9926374), (0.03575366, -0.09266565, 0.9950552), (-0.0902194, -0.09901458, 0.9909877), (-0.06273414, -0.027890591, 0.9976405), (0.06893161, -0.12201375, 0.9901318), (-0.0902194, -0.09901458, 0.9909877), (-0.08320705, -0.097575635, 0.9917437), (-0.120079964, -0.03092878, 0.9922824), (-0.06273414, -0.027890591, 0.9976405), (-0.08320705, -0.097575635, 0.9917437), (0.057967223, -0.09880568, 0.9934169), (0.02731263, -0.13633235, 0.99028665), (-0.120079964, -0.03092878, 0.9922824), (0.057967223, -0.09880568, 0.9934169), (0.035523456, -0.09631899, 0.99471647), (0.072740085, -0.12860359, 0.9890247), (0.02731263, -0.13633235, 0.99028665), (0.035523456, -0.09631899, 0.99471647), (-0.09760527, -0.103282675, 0.9898515), (-0.06797824, -0.021307906, 0.99745923), (0.072740085, -0.12860359, 0.9890247), (-0.09760527, -0.103282675, 0.9898515), (-0.039940592, -0.10043735, 0.9941414), (-0.07904404, -0.0371834, 0.9961775), (-0.06797824, -0.021307906, 0.99745923), (-0.039940592, -0.10043735, 0.9941414), (0.09831757, -0.09983896, 0.99013424), (0.06808829, -0.14852859, 0.98656136), (-0.07904404, -0.0371834, 0.9961775), (0.09831757, -0.09983896, 0.99013424), (0.024790086, -0.0978845, 0.99488896), (0.06455197, -0.12746716, 0.98973995), (0.06808829, -0.14852859, 0.98656136), (0.024790086, -0.0978845, 0.99488896), (-0.09655476, -0.105233006, 0.9897491), (-0.06712466, -0.017694017, 0.9975877), (0.06455197, -0.12746716, 0.98973995), (-0.09655476, -0.105233006, 0.9897491), (0.008588121, -0.10126755, 0.99482214), (-0.030482654, -0.047231328, 0.99841875), (-0.06712466, -0.017694017, 0.9975877), (0.008588121, -0.10126755, 0.99482214), (0.12668213, -0.09837873, 0.9870528), (0.09965206, -0.15292844, 0.9832), (-0.030482654, -0.047231328, 0.99841875), (0.12668213, -0.09837873, 0.9870528), (0.010471812, -0.09761054, 0.9951696), (0.051194847, -0.1198134, 0.99147564), (0.09965206, -0.15292844, 0.9832), (0.010471812, -0.09761054, 0.9951696), (-0.08161287, -0.10487926, 0.99113053), (-0.054534007, -0.018746717, 0.9983359), (0.051194847, -0.1198134, 0.99147564), (-0.08161287, -0.10487926, 0.99113053), (0.060389034, -0.09910586, 0.9932428), (0.023720477, -0.05805001, 0.99803185), (-0.054534007, -0.018746717, 0.9983359), (0.060389034, -0.09910586, 0.9932428), (0.14410166, -0.094253644, 0.9850639), (0.122368425, -0.14776339, 0.98142344), (0.023720477, -0.05805001, 0.99803185), (0.14410166, -0.094253644, 0.9850639), (0.00090999994, -0.09543472, 0.9954353), (0.040905602, -0.107730694, 0.9933382), (0.122368425, -0.14776339, 0.98142344), (0.00090999994, -0.09543472, 0.9954353), (-0.04811617, -0.1014241, 0.99367905), (-0.024922501, -0.024095008, 0.999399), (0.040905602, -0.107730694, 0.9933382), (-0.04811617, -0.1014241, 0.99367905), (0.114533775, -0.09263969, 0.9890904), (0.08287957, -0.06553417, 0.99440247), (-0.024922501, -0.024095008, 0.999399), (0.114533775, -0.09263969, 0.9890904), (0.15692696, -0.08704487, 0.98376673), (0.1418828, -0.13268127, 0.9809511), (0.08287957, -0.06553417, 0.99440247), (0.15692696, -0.08704487, 0.98376673), (0.010364249, -0.09040365, 0.9958513), (0.047777265, -0.0930064, 0.9945186), (0.1418828, -0.13268127, 0.9809511), (0.010364249, -0.09040365, 0.9958513), (0.014043717, -0.09274569, 0.99559075), (0.032877825, -0.030820936, 0.99898404), (0.047777265, -0.0930064, 0.9945186), (0.014043717, -0.09274569, 0.99559075), (0.17999539, -0.07992982, 0.9804147), (0.15709132, -0.06486132, 0.9854518), (0.032877825, -0.030820936, 0.99898404), (0.17999539, -0.07992982, 0.9804147), (0.19281612, -0.07445334, 0.97840613), (0.18610525, -0.10675824, 0.9767126), (0.15709132, -0.06486132, 0.9854518), (0.19281612, -0.07445334, 0.97840613), (0.09423111, -0.07778636, 0.9925068), (0.12715672, -0.0742991, 0.989096), (0.18610525, -0.10675824, 0.9767126), (0.09423111, -0.07778636, 0.9925068), (0.19436821, -0.07093329, 0.9783606), (0.21087207, -0.03136081, 0.97701055), (0.12715672, -0.0742991, 0.989096), (0.19436821, -0.07093329, 0.9783606), (0.62584394, -0.040679097, 0.77888674), (0.6528033, -0.022504803, 0.7571931), (0.21087207, -0.03136081, 0.97701055), (0.62584394, -0.040679097, 0.77888674), (0.9671244, -0.007141078, 0.2542033), (0.9689434, -0.00805838, 0.2471512), (0.6528033, -0.022504803, 0.7571931), (-0.96993107, -0.006190965, 0.24330117), (-0.58177865, -0.032746498, 0.81268764), (-0.61942047, -0.03939049, 0.7840706), (-0.97058034, 0.00045283957, 0.24077708), (-0.58177865, -0.032746498, 0.81268764), (-0.21833682, -0.03151073, 0.9753646), (-0.21569553, -0.08691546, 0.9725848), (-0.61942047, -0.03939049, 0.7840706), (-0.21833682, -0.03151073, 0.9753646), (-0.25726342, -0.0326725, 0.96578884), (-0.22641736, -0.046536207, 0.97291803), (-0.21569553, -0.08691546, 0.9725848), (-0.25726342, -0.0326725, 0.96578884), (-0.1683446, -0.07810168, 0.98262924), (-0.18010846, 0.008248167, 0.9836122), (-0.22641736, -0.046536207, 0.97291803), (-0.1683446, -0.07810168, 0.98262924), (-0.018078577, -0.08649611, 0.99608815), (-0.05135113, -0.04571307, 0.9976339), (-0.18010846, 0.008248167, 0.9836122), (-0.018078577, -0.08649611, 0.99608815), (-0.07536857, -0.03802729, 0.99643034), (-0.061327875, -0.105478406, 0.9925287), (-0.05135113, -0.04571307, 0.9976339), (-0.07536857, -0.03802729, 0.99643034), (-0.18483475, -0.03176408, 0.9822562), (-0.16204213, -0.05247119, 0.9853878), (-0.061327875, -0.105478406, 0.9925287), (-0.18483475, -0.03176408, 0.9822562), (-0.080052204, -0.09969135, 0.991793), (-0.09864213, -0.0023173182, 0.9951203), (-0.16204213, -0.05247119, 0.9853878), (-0.080052204, -0.09969135, 0.991793), (0.045220286, -0.10780282, 0.99314326), (0.028203173, -0.060107376, 0.9977934), (-0.09864213, -0.0023173182, 0.9951203), (0.045220286, -0.10780282, 0.99314326), (-0.05949023, -0.034576874, 0.9976299), (-0.038508557, -0.105473325, 0.9936763), (0.028203173, -0.060107376, 0.9977934), (-0.05949023, -0.034576874, 0.9976299), (-0.15337189, -0.029573869, 0.9877259), (-0.14796066, -0.053592976, 0.9875401), (-0.038508557, -0.105473325, 0.9936763), (-0.15337189, -0.029573869, 0.9877259), (-0.021598617, -0.119183056, 0.9926374), (-0.04411647, -0.019641554, 0.99883324), (-0.14796066, -0.053592976, 0.9875401), (-0.021598617, -0.119183056, 0.9926374), (0.06893161, -0.12201375, 0.9901318), (0.07297476, -0.070425905, 0.99484414), (-0.04411647, -0.019641554, 0.99883324), (0.06893161, -0.12201375, 0.9901318), (-0.06273414, -0.027890591, 0.9976405), (-0.039382648, -0.09637918, 0.99456525), (0.07297476, -0.070425905, 0.99484414), (-0.06273414, -0.027890591, 0.9976405), (-0.120079964, -0.03092878, 0.9922824), (-0.1355535, -0.05707322, 0.98912483), (-0.039382648, -0.09637918, 0.99456525), (-0.120079964, -0.03092878, 0.9922824), (0.02731263, -0.13633235, 0.99028665), (0.004668706, -0.041222643, 0.9991391), (-0.1355535, -0.05707322, 0.98912483), (0.02731263, -0.13633235, 0.99028665), (0.072740085, -0.12860359, 0.9890247), (0.09897243, -0.07446177, 0.9923003), (0.004668706, -0.041222643, 0.9991391), (0.072740085, -0.12860359, 0.9890247), (-0.06797824, -0.021307906, 0.99745923), (-0.046970166, -0.08239913, 0.9954919), (0.09897243, -0.07446177, 0.9923003), (-0.06797824, -0.021307906, 0.99745923), (-0.07904404, -0.0371834, 0.9961775), (-0.11555438, -0.064899266, 0.9911787), (-0.046970166, -0.08239913, 0.9954919), (-0.07904404, -0.0371834, 0.9961775), (0.06808829, -0.14852859, 0.98656136), (0.049999706, -0.063515946, 0.9967275), (-0.11555438, -0.064899266, 0.9911787), (0.06808829, -0.14852859, 0.98656136), (0.06455197, -0.12746716, 0.98973995), (0.1111112, -0.07138412, 0.991241), (0.049999706, -0.063515946, 0.9967275), (0.06455197, -0.12746716, 0.98973995), (-0.06712466, -0.017694017, 0.9975877), (-0.053282116, -0.06709833, 0.99632263), (0.1111112, -0.07138412, 0.991241), (-0.06712466, -0.017694017, 0.9975877), (-0.030482654, -0.047231328, 0.99841875), (-0.085294545, -0.07636077, 0.9934253), (-0.053282116, -0.06709833, 0.99632263), (-0.030482654, -0.047231328, 0.99841875), (0.09965206, -0.15292844, 0.9832), (0.09140812, -0.0827594, 0.9923686), (-0.085294545, -0.07636077, 0.9934253), (0.09965206, -0.15292844, 0.9832), (0.051194847, -0.1198134, 0.99147564), (0.11370639, -0.062091522, 0.9915722), (0.09140812, -0.0827594, 0.9923686), (0.051194847, -0.1198134, 0.99147564), (-0.054534007, -0.018746717, 0.9983359), (-0.052189965, -0.0532925, 0.9972142), (0.11370639, -0.062091522, 0.9915722), (-0.054534007, -0.018746717, 0.9983359), (0.023720477, -0.05805001, 0.99803185), (-0.0439234, -0.08877026, 0.99508315), (-0.052189965, -0.0532925, 0.9972142), (0.023720477, -0.05805001, 0.99803185), (0.122368425, -0.14776339, 0.98142344), (0.12854855, -0.095493816, 0.9870948), (-0.0439234, -0.08877026, 0.99508315), (0.122368425, -0.14776339, 0.98142344), (0.040905602, -0.107730694, 0.9933382), (0.1129124, -0.04876497, 0.9924075), (0.12854855, -0.095493816, 0.9870948), (0.040905602, -0.107730694, 0.9933382), (-0.024922501, -0.024095008, 0.999399), (-0.03650617, -0.042574134, 0.9984262), (0.1129124, -0.04876497, 0.9924075), (-0.024922501, -0.024095008, 0.999399), (0.08287957, -0.06553417, 0.99440247), (0.010732814, -0.09808162, 0.9951205), (-0.03650617, -0.042574134, 0.9984262), (0.08287957, -0.06553417, 0.99440247), (0.1418828, -0.13268127, 0.9809511), (0.1644643, -0.098912984, 0.98141116), (0.010732814, -0.09808162, 0.9951205), (0.1418828, -0.13268127, 0.9809511), (0.047777265, -0.0930064, 0.9945186), (0.120973356, -0.034007955, 0.99207306), (0.1644643, -0.098912984, 0.98141116), (0.047777265, -0.0930064, 0.9945186), (0.032877825, -0.030820936, 0.99898404), (0.009106412, -0.034594957, 0.99935997), (0.120973356, -0.034007955, 0.99207306), (0.032877825, -0.030820936, 0.99898404), (0.15709132, -0.06486132, 0.9854518), (0.092429005, -0.09837687, 0.9908475), (0.009106412, -0.034594957, 0.99935997), (0.15709132, -0.06486132, 0.9854518), (0.18610525, -0.10675824, 0.9767126), (0.22230762, -0.09022233, 0.9707931), (0.092429005, -0.09837687, 0.9908475), (0.18610525, -0.10675824, 0.9767126), (0.12715672, -0.0742991, 0.989096), (0.19114593, -0.01993546, 0.9813591), (0.22230762, -0.09022233, 0.9707931), (0.12715672, -0.0742991, 0.989096), (0.21087207, -0.03136081, 0.97701055), (0.19219807, -0.02301016, 0.9810864), (0.19114593, -0.01993546, 0.9813591), (0.21087207, -0.03136081, 0.97701055), (0.6528033, -0.022504803, 0.7571931), (0.61928296, -0.04647193, 0.7837915), (0.19219807, -0.02301016, 0.9810864), (0.6528033, -0.022504803, 0.7571931), (0.9689434, -0.00805838, 0.2471512), (0.97154284, -0.015806632, 0.23633605), (0.61928296, -0.04647193, 0.7837915), (-0.97058034, 0.00045283957, 0.24077708), (-0.61942047, -0.03939049, 0.7840706), (-0.6394102, -0.051299825, 0.7671525), (-0.9712986, -0.007343946, 0.23775014), (-0.61942047, -0.03939049, 0.7840706), (-0.21569553, -0.08691546, 0.9725848), (-0.19929315, -0.05782629, 0.97823226), (-0.6394102, -0.051299825, 0.7671525), (-0.21569553, -0.08691546, 0.9725848), (-0.22641736, -0.046536207, 0.97291803), (-0.1457296, -0.0053863283, 0.98930985), (-0.19929315, -0.05782629, 0.97823226), (-0.22641736, -0.046536207, 0.97291803), (-0.18010846, 0.008248167, 0.9836122), (-0.20913394, -0.0066631506, 0.97786427), (-0.1457296, -0.0053863283, 0.98930985), (-0.18010846, 0.008248167, 0.9836122), (-0.05135113, -0.04571307, 0.9976339), (-0.14457542, -0.08549593, 0.9857933), (-0.20913394, -0.0066631506, 0.97786427), (-0.05135113, -0.04571307, 0.9976339), (-0.061327875, -0.105478406, 0.9925287), (-0.022587031, -0.08247869, 0.9963369), (-0.14457542, -0.08549593, 0.9857933), (-0.061327875, -0.105478406, 0.9925287), (-0.16204213, -0.05247119, 0.9853878), (-0.06806039, 0.0035813826, 0.9976748), (-0.022587031, -0.08247869, 0.9963369), (-0.16204213, -0.05247119, 0.9853878), (-0.09864213, -0.0023173182, 0.9951203), (-0.15068702, -0.005923272, 0.9885638), (-0.06806039, 0.0035813826, 0.9976748), (-0.09864213, -0.0023173182, 0.9951203), (0.028203173, -0.060107376, 0.9977934), (-0.06728944, -0.109340325, 0.9917242), (-0.15068702, -0.005923272, 0.9885638), (0.028203173, -0.060107376, 0.9977934), (-0.038508557, -0.105473325, 0.9936763), (0.021911262, -0.092671424, 0.9954557), (-0.06728944, -0.109340325, 0.9917242), (-0.038508557, -0.105473325, 0.9936763), (-0.14796066, -0.053592976, 0.9875401), (-0.05924745, 0.01593289, 0.9981162), (0.021911262, -0.092671424, 0.9954557), (-0.14796066, -0.053592976, 0.9875401), (-0.04411647, -0.019641554, 0.99883324), (-0.114033744, -0.009498067, 0.99343145), (-0.05924745, 0.01593289, 0.9981162), (-0.04411647, -0.019641554, 0.99883324), (0.07297476, -0.070425905, 0.99484414), (-0.011356482, -0.12893051, 0.9915886), (-0.114033744, -0.009498067, 0.99343145), (0.07297476, -0.070425905, 0.99484414), (-0.039382648, -0.09637918, 0.99456525), (0.035621535, -0.09475097, 0.9948635), (-0.011356482, -0.12893051, 0.9915886), (-0.039382648, -0.09637918, 0.99456525), (-0.1355535, -0.05707322, 0.98912483), (-0.06227314, 0.026754634, 0.9977005), (0.035621535, -0.09475097, 0.9948635), (-0.1355535, -0.05707322, 0.98912483), (0.004668706, -0.041222643, 0.9991391), (-0.07435719, -0.017398274, 0.99707985), (-0.06227314, 0.026754634, 0.9977005), (0.004668706, -0.041222643, 0.9991391), (0.09897243, -0.07446177, 0.9923003), (0.034500476, -0.14259529, 0.9891796), (-0.07435719, -0.017398274, 0.99707985), (0.09897243, -0.07446177, 0.9923003), (-0.046970166, -0.08239913, 0.9954919), (0.03337775, -0.09076763, 0.9953126), (0.034500476, -0.14259529, 0.9891796), (-0.046970166, -0.08239913, 0.9954919), (-0.11555438, -0.064899266, 0.9911787), (-0.0635304, 0.033092503, 0.9974311), (0.03337775, -0.09076763, 0.9953126), (-0.11555438, -0.064899266, 0.9911787), (0.049999706, -0.063515946, 0.9967275), (-0.028616535, -0.027785568, 0.9992042), (-0.0635304, 0.033092503, 0.9974311), (0.049999706, -0.063515946, 0.9967275), (0.1111112, -0.07138412, 0.991241), (0.07103048, -0.14854334, 0.98635167), (-0.028616535, -0.027785568, 0.9992042), (0.1111112, -0.07138412, 0.991241), (-0.053282116, -0.06709833, 0.99632263), (0.023182465, -0.082981184, 0.9962815), (0.07103048, -0.14854334, 0.98635167), (-0.053282116, -0.06709833, 0.99632263), (-0.085294545, -0.07636077, 0.9934253), (-0.05634918, 0.03343206, 0.99785125), (0.023182465, -0.082981184, 0.9962815), (-0.085294545, -0.07636077, 0.9934253), (0.09140812, -0.0827594, 0.9923686), (0.021827096, -0.037986927, 0.9990398), (-0.05634918, 0.03343206, 0.99785125), (0.09140812, -0.0827594, 0.9923686), (0.11370639, -0.062091522, 0.9915722), (0.098396726, -0.14584681, 0.98440176), (0.021827096, -0.037986927, 0.9990398), (0.11370639, -0.062091522, 0.9915722), (-0.052189965, -0.0532925, 0.9972142), (0.012539631, -0.07362997, 0.9972068), (0.098396726, -0.14584681, 0.98440176), (-0.052189965, -0.0532925, 0.9972142), (-0.0439234, -0.08877026, 0.99508315), (-0.036419768, 0.027890591, 0.99894726), (0.012539631, -0.07362997, 0.9972068), (-0.0439234, -0.08877026, 0.99508315), (0.12854855, -0.095493816, 0.9870948), (0.07510823, -0.04541945, 0.9961404), (-0.036419768, 0.027890591, 0.99894726), (0.12854855, -0.095493816, 0.9870948), (0.1129124, -0.04876497, 0.9924075), (0.11921807, -0.13461274, 0.9837004), (0.07510823, -0.04541945, 0.9961404), (0.1129124, -0.04876497, 0.9924075), (-0.03650617, -0.042574134, 0.9984262), (0.010666747, -0.0642764, 0.99787515), (0.11921807, -0.13461274, 0.9837004), (-0.03650617, -0.042574134, 0.9984262), (0.010732814, -0.09808162, 0.9951205), (0.0010820599, 0.018050803, 0.99983656), (0.010666747, -0.0642764, 0.99787515), (0.010732814, -0.09808162, 0.9951205), (0.1644643, -0.098912984, 0.98141116), (0.1324586, -0.04797129, 0.99002695), (0.0010820599, 0.018050803, 0.99983656), (0.1644643, -0.098912984, 0.98141116), (0.120973356, -0.034007955, 0.99207306), (0.14317532, -0.11539553, 0.98294693), (0.1324586, -0.04797129, 0.99002695), (0.120973356, -0.034007955, 0.99207306), (0.009106412, -0.034594957, 0.99935997), (0.03568459, -0.055210527, 0.9978369), (0.14317532, -0.11539553, 0.98294693), (0.009106412, -0.034594957, 0.99935997), (0.092429005, -0.09837687, 0.9908475), (0.07267971, 0.0065470315, 0.9973339), (0.03568459, -0.055210527, 0.9978369), (0.092429005, -0.09837687, 0.9908475), (0.22230762, -0.09022233, 0.9707931), (0.21475807, -0.04297456, 0.97572136), (0.07267971, 0.0065470315, 0.9973339), (0.22230762, -0.09022233, 0.9707931), (0.19114593, -0.01993546, 0.9813591), (0.2211911, -0.08628013, 0.97140634), (0.21475807, -0.04297456, 0.97572136), (0.19114593, -0.01993546, 0.9813591), (0.19219807, -0.02301016, 0.9810864), (0.2017217, -0.043947242, 0.97845644), (0.2211911, -0.08628013, 0.97140634), (0.19219807, -0.02301016, 0.9810864), (0.61928296, -0.04647193, 0.7837915), (0.607441, 0.0006518435, 0.79436445), (0.2017217, -0.043947242, 0.97845644), (0.61928296, -0.04647193, 0.7837915), (0.97154284, -0.015806632, 0.23633605), (0.9730737, 0.002632223, 0.23047927), (0.607441, 0.0006518435, 0.79436445), (-0.9712986, -0.007343946, 0.23775014), (-0.6394102, -0.051299825, 0.7671525), (-0.64692897, 0.0043480075, 0.7625378), (-0.9718224, 0.0027478358, 0.23569833), (-0.6394102, -0.051299825, 0.7671525), (-0.19929315, -0.05782629, 0.97823226), (-0.21326393, -0.03075766, 0.97651035), (-0.64692897, 0.0043480075, 0.7625378), (-0.19929315, -0.05782629, 0.97823226), (-0.1457296, -0.0053863283, 0.98930985), (-0.118624635, -0.06914837, 0.99052846), (-0.21326393, -0.03075766, 0.97651035), (-0.1457296, -0.0053863283, 0.98930985), (-0.20913394, -0.0066631506, 0.97786427), (-0.2108161, -0.041948102, 0.97662526), (-0.118624635, -0.06914837, 0.99052846), (-0.20913394, -0.0066631506, 0.97786427), (-0.14457542, -0.08549593, 0.9857933), (-0.18182562, -0.009055882, 0.9832891), (-0.2108161, -0.041948102, 0.97662526), (-0.14457542, -0.08549593, 0.9857933), (-0.022587031, -0.08247869, 0.9963369), (-0.015585923, -0.039687604, 0.9990905), (-0.18182562, -0.009055882, 0.9832891), (-0.022587031, -0.08247869, 0.9963369), (-0.06806039, 0.0035813826, 0.9976748), (-0.025987152, -0.07225026, 0.99704796), (-0.015585923, -0.039687604, 0.9990905), (-0.06806039, 0.0035813826, 0.9976748), (-0.15068702, -0.005923272, 0.9885638), (-0.17270356, -0.047989786, 0.98380405), (-0.025987152, -0.07225026, 0.99704796), (-0.15068702, -0.005923272, 0.9885638), (-0.06728944, -0.109340325, 0.9917242), (-0.11185176, -0.019842593, 0.99352676), (-0.17270356, -0.047989786, 0.98380405), (-0.06728944, -0.109340325, 0.9917242), (0.021911262, -0.092671424, 0.9954557), (0.05426231, -0.042775657, 0.9976101), (-0.11185176, -0.019842593, 0.99352676), (0.021911262, -0.092671424, 0.9954557), (-0.05924745, 0.01593289, 0.9981162), (-0.0129734, -0.06749819, 0.99763507), (0.05426231, -0.042775657, 0.9976101), (-0.05924745, 0.01593289, 0.9981162), (-0.114033744, -0.009498067, 0.99343145), (-0.16049105, -0.052188195, 0.9856566), (-0.0129734, -0.06749819, 0.99763507), (-0.114033744, -0.009498067, 0.99343145), (-0.011356482, -0.12893051, 0.9915886), (-0.055090796, -0.029307837, 0.99805105), (-0.16049105, -0.052188195, 0.9856566), (-0.011356482, -0.12893051, 0.9915886), (0.035621535, -0.09475097, 0.9948635), (0.09347653, -0.041267682, 0.9947659), (-0.055090796, -0.029307837, 0.99805105), (0.035621535, -0.09475097, 0.9948635), (-0.06227314, 0.026754634, 0.9977005), (-0.020605993, -0.060149275, 0.9979767), (0.09347653, -0.041267682, 0.9947659), (-0.06227314, 0.026754634, 0.9977005), (-0.07435719, -0.017398274, 0.99707985), (-0.14404291, -0.05632145, 0.9879674), (-0.020605993, -0.060149275, 0.9979767), (-0.07435719, -0.017398274, 0.99707985), (0.034500476, -0.14259529, 0.9891796), (-0.0009762011, -0.036860943, 0.9993199), (-0.14404291, -0.05632145, 0.9879674), (0.034500476, -0.14259529, 0.9891796), (0.03337775, -0.09076763, 0.9953126), (0.11288352, -0.03649584, 0.99293774), (-0.0009762011, -0.036860943, 0.9993199), (0.03337775, -0.09076763, 0.9953126), (-0.0635304, 0.033092503, 0.9974311), (-0.033787582, -0.051827073, 0.9980843), (0.11288352, -0.03649584, 0.99293774), (-0.0635304, 0.033092503, 0.9974311), (-0.028616535, -0.027785568, 0.9992042), (-0.11623763, -0.06028398, 0.9913902), (-0.033787582, -0.051827073, 0.9980843), (-0.028616535, -0.027785568, 0.9992042), (0.07103048, -0.14854334, 0.98635167), (0.049822878, -0.04266784, 0.99784625), (-0.11623763, -0.06028398, 0.9913902), (0.07103048, -0.14854334, 0.98635167), (0.023182465, -0.082981184, 0.9962815), (0.11733149, -0.029596353, 0.9926517), (0.049822878, -0.04266784, 0.99784625), (0.023182465, -0.082981184, 0.9962815), (-0.05634918, 0.03343206, 0.99785125), (-0.043595303, -0.04308743, 0.9981197), (0.11733149, -0.029596353, 0.9926517), (-0.05634918, 0.03343206, 0.99785125), (0.021827096, -0.037986927, 0.9990398), (-0.075641185, -0.06371544, 0.9950974), (-0.043595303, -0.04308743, 0.9981197), (0.021827096, -0.037986927, 0.9990398), (0.098396726, -0.14584681, 0.98440176), (0.095274396, -0.047103606, 0.99433595), (-0.075641185, -0.06371544, 0.9950974), (0.098396726, -0.14584681, 0.98440176), (0.012539631, -0.07362997, 0.9972068), (0.11249654, -0.021342635, 0.99342287), (0.095274396, -0.047103606, 0.99433595), (0.012539631, -0.07362997, 0.9972068), (-0.036419768, 0.027890591, 0.99894726), (-0.04250519, -0.03418654, 0.99851114), (0.11249654, -0.021342635, 0.99342287), (-0.036419768, 0.027890591, 0.99894726), (0.07510823, -0.04541945, 0.9961404), (-0.022825446, -0.06624427, 0.9975423), (-0.04250519, -0.03418654, 0.99851114), (0.07510823, -0.04541945, 0.9961404), (0.11921807, -0.13461274, 0.9837004), (0.13485798, -0.050194826, 0.9895927), (-0.022825446, -0.06624427, 0.9975423), (0.11921807, -0.13461274, 0.9837004), (0.010666747, -0.0642764, 0.99787515), (0.107093975, -0.012300371, 0.99417275), (0.13485798, -0.050194826, 0.9895927), (0.010666747, -0.0642764, 0.99787515), (0.0010820599, 0.018050803, 0.99983656), (-0.021560594, -0.025406308, 0.99944466), (0.107093975, -0.012300371, 0.99417275), (0.0010820599, 0.018050803, 0.99983656), (0.1324586, -0.04797129, 0.99002695), (0.043772172, -0.06703847, 0.99678975), (-0.021560594, -0.025406308, 0.99944466), (0.1324586, -0.04797129, 0.99002695), (0.14317532, -0.11539553, 0.98294693), (0.17425779, -0.05116887, 0.9833697), (0.043772172, -0.06703847, 0.99678975), (0.14317532, -0.11539553, 0.98294693), (0.03568459, -0.055210527, 0.9978369), (0.11935673, -0.0032448107, 0.9928461), (0.17425779, -0.05116887, 0.9833697), (0.03568459, -0.055210527, 0.9978369), (0.07267971, 0.0065470315, 0.9973339), (0.041033953, -0.016844677, 0.9990157), (0.11935673, -0.0032448107, 0.9928461), (0.07267971, 0.0065470315, 0.9973339), (0.21475807, -0.04297456, 0.97572136), (0.1463786, -0.062969364, 0.98722243), (0.041033953, -0.016844677, 0.9990157), (0.21475807, -0.04297456, 0.97572136), (0.2211911, -0.08628013, 0.97140634), (0.25800163, -0.047508344, 0.96497566), (0.1463786, -0.062969364, 0.98722243), (0.2211911, -0.08628013, 0.97140634), (0.2017217, -0.043947242, 0.97845644), (0.26013896, 0.0035448591, 0.96556467), (0.25800163, -0.047508344, 0.96497566), (0.2017217, -0.043947242, 0.97845644), (0.607441, 0.0006518435, 0.79436445), (0.6438072, 0.013694694, 0.76506513), (0.26013896, 0.0035448591, 0.96556467), (0.607441, 0.0006518435, 0.79436445), (0.9730737, 0.002632223, 0.23047927), (0.972571, 0.0020832578, 0.2325966), (0.6438072, 0.013694694, 0.76506513), (-0.9718224, 0.0027478358, 0.23569833), (-0.64692897, 0.0043480075, 0.7625378), (-0.6877391, -0.023348296, 0.72558236), (-0.97221094, -0.0061155963, 0.23402646), (-0.64692897, 0.0043480075, 0.7625378), (-0.21326393, -0.03075766, 0.97651035), (-0.24433094, -0.028566971, 0.96927106), (-0.6877391, -0.023348296, 0.72558236), (-0.21326393, -0.03075766, 0.97651035), (-0.118624635, -0.06914837, 0.99052846), (-0.12547447, -0.027286233, 0.9917215), (-0.24433094, -0.028566971, 0.96927106), (-0.118624635, -0.06914837, 0.99052846), (-0.2108161, -0.041948102, 0.97662526), (-0.18341856, -0.03897894, 0.98226184), (-0.12547447, -0.027286233, 0.9917215), (-0.2108161, -0.041948102, 0.97662526), (-0.18182562, -0.009055882, 0.9832891), (-0.18746868, -0.0430854, 0.9813252), (-0.18341856, -0.03897894, 0.98226184), (-0.18182562, -0.009055882, 0.9832891), (-0.015585923, -0.039687604, 0.9990905), (-0.04812142, -0.029392948, 0.9984089), (-0.18746868, -0.0430854, 0.9813252), (-0.015585923, -0.039687604, 0.9990905), (-0.025987152, -0.07225026, 0.99704796), (-0.027877696, -0.03180778, 0.99910516), (-0.04812142, -0.029392948, 0.9984089), (-0.025987152, -0.07225026, 0.99704796), (-0.17270356, -0.047989786, 0.98380405), (-0.14654599, -0.05283445, 0.9877919), (-0.027877696, -0.03180778, 0.99910516), (-0.17270356, -0.047989786, 0.98380405), (-0.11185176, -0.019842593, 0.99352676), (-0.11859897, -0.046611484, 0.9918476), (-0.14654599, -0.05283445, 0.9877919), (-0.11185176, -0.019842593, 0.99352676), (0.05426231, -0.042775657, 0.9976101), (0.028728778, -0.02148001, 0.9993564), (-0.11859897, -0.046611484, 0.9918476), (0.05426231, -0.042775657, 0.9976101), (-0.0129734, -0.06749819, 0.99763507), (-0.012070222, -0.035231598, 0.99930626), (0.028728778, -0.02148001, 0.9993564), (-0.0129734, -0.06749819, 0.99763507), (-0.16049105, -0.052188195, 0.9856566), (-0.1418524, -0.06350256, 0.9878488), (-0.012070222, -0.035231598, 0.99930626), (-0.16049105, -0.052188195, 0.9856566), (-0.055090796, -0.029307837, 0.99805105), (-0.06073806, -0.043359883, 0.9972115), (-0.1418524, -0.06350256, 0.9878488), (-0.055090796, -0.029307837, 0.99805105), (0.09347653, -0.041267682, 0.9947659), (0.07846058, -0.012146991, 0.9968432), (-0.06073806, -0.043359883, 0.9972115), (0.09347653, -0.041267682, 0.9947659), (-0.020605993, -0.060149275, 0.9979767), (-0.020098465, -0.03945365, 0.99901927), (0.07846058, -0.012146991, 0.9968432), (-0.020605993, -0.060149275, 0.9979767), (-0.14404291, -0.05632145, 0.9879674), (-0.13568643, -0.06900192, 0.98834604), (-0.020098465, -0.03945365, 0.99901927), (-0.14404291, -0.05632145, 0.9879674), (-0.0009762011, -0.036860943, 0.9993199), (-0.0023278436, -0.03537045, 0.9993716), (-0.13568643, -0.06900192, 0.98834604), (-0.0009762011, -0.036860943, 0.9993199), (0.11288352, -0.03649584, 0.99293774), (0.10964045, -0.0056072967, 0.9939555), (-0.0023278436, -0.03537045, 0.9993716), (0.11288352, -0.03649584, 0.99293774), (-0.033787582, -0.051827073, 0.9980843), (-0.036878157, -0.043566138, 0.99836963), (0.10964045, -0.0056072967, 0.9939555), (-0.033787582, -0.051827073, 0.9980843), (-0.11623763, -0.06028398, 0.9913902), (-0.118664764, -0.06762494, 0.99062884), (-0.036878157, -0.043566138, 0.99836963), (-0.11623763, -0.06028398, 0.9913902), (0.049822878, -0.04266784, 0.99784625), (0.055349972, -0.025671149, 0.99813694), (-0.118664764, -0.06762494, 0.99062884), (0.049822878, -0.04266784, 0.99784625), (0.11733149, -0.029596353, 0.9926517), (0.12495519, -0.0040666107, 0.99215406), (0.055349972, -0.025671149, 0.99813694), (0.11733149, -0.029596353, 0.9926517), (-0.043595303, -0.04308743, 0.9981197), (-0.052835885, -0.045659203, 0.99755883), (0.12495519, -0.0040666107, 0.99215406), (-0.043595303, -0.04308743, 0.9981197), (-0.075641185, -0.06371544, 0.9950974), (-0.08744659, -0.059530187, 0.9943889), (-0.052835885, -0.045659203, 0.99755883), (-0.075641185, -0.06371544, 0.9950974), (0.095274396, -0.047103606, 0.99433595), (0.10898034, -0.017467832, 0.99389046), (-0.08744659, -0.059530187, 0.9943889), (0.095274396, -0.047103606, 0.99433595), (0.11249654, -0.021342635, 0.99342287), (0.12831059, -0.007267753, 0.9917073), (0.10898034, -0.017467832, 0.99389046), (0.11249654, -0.021342635, 0.99342287), (-0.04250519, -0.03418654, 0.99851114), (-0.05936906, -0.044120762, 0.9972606), (0.12831059, -0.007267753, 0.9917073), (-0.04250519, -0.03418654, 0.99851114), (-0.022825446, -0.06624427, 0.9975423), (-0.04125141, -0.046973545, 0.998044), (-0.05936906, -0.044120762, 0.9972606), (-0.022825446, -0.06624427, 0.9975423), (0.13485798, -0.050194826, 0.9895927), (0.1565462, -0.012845554, 0.9875871), (-0.04125141, -0.046973545, 0.998044), (0.13485798, -0.050194826, 0.9895927), (0.107093975, -0.012300371, 0.99417275), (0.12725961, -0.012877128, 0.9917858), (0.1565462, -0.012845554, 0.9875871), (0.107093975, -0.012300371, 0.99417275), (-0.021560594, -0.025406308, 0.99944466), (-0.046069507, -0.03854113, 0.99819446), (0.12725961, -0.012877128, 0.9917858), (-0.021560594, -0.025406308, 0.99944466), (0.043772172, -0.06703847, 0.99678975), (0.022265343, -0.033321243, 0.99919665), (-0.046069507, -0.03854113, 0.99819446), (0.043772172, -0.06703847, 0.99678975), (0.17425779, -0.05116887, 0.9833697), (0.20200196, -0.011858576, 0.9793133), (0.022265343, -0.033321243, 0.99919665), (0.17425779, -0.05116887, 0.9833697), (0.11935673, -0.0032448107, 0.9928461), (0.13935205, -0.017540224, 0.9900875), (0.20200196, -0.011858576, 0.9793133), (0.11935673, -0.0032448107, 0.9928461), (0.041033953, -0.016844677, 0.9990157), (0.011106997, -0.029753417, 0.99949557), (0.13935205, -0.017540224, 0.9900875), (0.041033953, -0.016844677, 0.9990157), (0.1463786, -0.062969364, 0.98722243), (0.1259412, -0.02126773, 0.9918097), (0.011106997, -0.029753417, 0.99949557), (0.1463786, -0.062969364, 0.98722243), (0.25800163, -0.047508344, 0.96497566), (0.28662765, -0.011875189, 0.9579685), (0.1259412, -0.02126773, 0.9918097), (0.25800163, -0.047508344, 0.96497566), (0.26013896, 0.0035448591, 0.96556467), (0.2743948, -0.01646819, 0.9614761), (0.28662765, -0.011875189, 0.9579685), (0.26013896, 0.0035448591, 0.96556467), (0.6438072, 0.013694694, 0.76506513), (0.60658735, -0.012190414, 0.79492337), (0.2743948, -0.01646819, 0.9614761), (0.6438072, 0.013694694, 0.76506513), (0.972571, 0.0020832578, 0.2325966), (0.97231835, 0.0001653204, 0.2336599), (0.60658735, -0.012190414, 0.79492337), (-0.97221094, -0.0061155963, 0.23402646), (-0.6877391, -0.023348296, 0.72558236), (-0.6526565, -0.039205514, 0.75663894), (-0.9740836, -0.012722807, 0.22583005), (-0.6877391, -0.023348296, 0.72558236), (-0.24433094, -0.028566971, 0.96927106), (-0.21294129, -0.012938018, 0.9769793), (-0.6526565, -0.039205514, 0.75663894), (-0.24433094, -0.028566971, 0.96927106), (-0.12547447, -0.027286233, 0.9917215), (-0.13590127, 0.013832914, 0.9906258), (-0.21294129, -0.012938018, 0.9769793), (-0.12547447, -0.027286233, 0.9917215), (-0.18341856, -0.03897894, 0.98226184), (-0.22745965, -0.03703574, 0.973083), (-0.13590127, 0.013832914, 0.9906258), (-0.18341856, -0.03897894, 0.98226184), (-0.18746868, -0.0430854, 0.9813252), (-0.17661436, -0.06529346, 0.9821121), (-0.22745965, -0.03703574, 0.973083), (-0.18746868, -0.0430854, 0.9813252), (-0.04812142, -0.029392948, 0.9984089), (-0.012070695, -0.017610013, 0.9997721), (-0.17661436, -0.06529346, 0.9821121), (-0.04812142, -0.029392948, 0.9984089), (-0.027877696, -0.03180778, 0.99910516), (-0.039567377, 0.0060276943, 0.9991987), (-0.012070695, -0.017610013, 0.9997721), (-0.027877696, -0.03180778, 0.99910516), (-0.14654599, -0.05283445, 0.9877919), (-0.17990541, -0.04337561, 0.9827271), (-0.039567377, 0.0060276943, 0.9991987), (-0.14654599, -0.05283445, 0.9877919), (-0.11859897, -0.046611484, 0.9918476), (-0.10539939, -0.059188537, 0.99266696), (-0.17990541, -0.04337561, 0.9827271), (-0.11859897, -0.046611484, 0.9918476), (0.028728778, -0.02148001, 0.9993564), (0.05242041, -0.017698862, 0.9984683), (-0.10539939, -0.059188537, 0.99266696), (0.028728778, -0.02148001, 0.9993564), (-0.012070222, -0.035231598, 0.99930626), (-0.021387666, -0.0069647497, 0.999747), (0.05242041, -0.017698862, 0.9984683), (-0.012070222, -0.035231598, 0.99930626), (-0.1418524, -0.06350256, 0.9878488), (-0.15933442, -0.043563455, 0.986263), (-0.021387666, -0.0069647497, 0.999747), (-0.1418524, -0.06350256, 0.9878488), (-0.06073806, -0.043359883, 0.9972115), (-0.052641716, -0.04454894, 0.9976193), (-0.15933442, -0.043563455, 0.986263), (-0.06073806, -0.043359883, 0.9972115), (0.07846058, -0.012146991, 0.9968432), (0.086339146, -0.019775799, 0.99606955), (-0.052641716, -0.04454894, 0.9976193), (0.07846058, -0.012146991, 0.9968432), (-0.020098465, -0.03945365, 0.99901927), (-0.021654913, -0.022320086, 0.99951637), (0.086339146, -0.019775799, 0.99606955), (-0.020098465, -0.03945365, 0.99901927), (-0.13568643, -0.06900192, 0.98834604), (-0.13670826, -0.036847666, 0.9899258), (-0.021654913, -0.022320086, 0.99951637), (-0.13568643, -0.06900192, 0.98834604), (-0.0023278436, -0.03537045, 0.9993716), (-0.0052241613, -0.025920425, 0.99965036), (-0.13670826, -0.036847666, 0.9899258), (-0.0023278436, -0.03537045, 0.9993716), (0.10964045, -0.0056072967, 0.9939555), (0.10245343, -0.025718588, 0.99440527), (-0.0052241613, -0.025920425, 0.99965036), (0.10964045, -0.0056072967, 0.9939555), (-0.036878157, -0.043566138, 0.99836963), (-0.026754426, -0.03729602, 0.9989461), (0.10245343, -0.025718588, 0.99440527), (-0.036878157, -0.043566138, 0.99836963), (-0.118664764, -0.06762494, 0.99062884), (-0.10545728, -0.02364785, 0.9941426), (-0.026754426, -0.03729602, 0.9989461), (-0.118664764, -0.06762494, 0.99062884), (0.055349972, -0.025671149, 0.99813694), (0.038439874, -0.0070738406, 0.9992359), (-0.10545728, -0.02364785, 0.9941426), (0.055349972, -0.025671149, 0.99813694), (0.12495519, -0.0040666107, 0.99215406), (0.10586203, -0.03556726, 0.99374455), (0.038439874, -0.0070738406, 0.9992359), (0.12495519, -0.0040666107, 0.99215406), (-0.052835885, -0.045659203, 0.99755883), (-0.029274644, -0.049045183, 0.9983675), (0.10586203, -0.03556726, 0.99374455), (-0.052835885, -0.045659203, 0.99755883), (-0.08744659, -0.059530187, 0.9943889), (-0.063891046, -0.0060036266, 0.9979388), (-0.029274644, -0.049045183, 0.9983675), (-0.08744659, -0.059530187, 0.9943889), (0.10898034, -0.017467832, 0.99389046), (0.077905275, 0.00850013, 0.9969245), (-0.063891046, -0.0060036266, 0.9979388), (0.10898034, -0.017467832, 0.99389046), (0.12831059, -0.007267753, 0.9917073), (0.10155778, -0.04758817, 0.9936908), (0.077905275, 0.00850013, 0.9969245), (0.12831059, -0.007267753, 0.9917073), (-0.05936906, -0.044120762, 0.9972606), (-0.022649022, -0.05503446, 0.99822754), (0.10155778, -0.04758817, 0.9936908), (-0.05936906, -0.044120762, 0.9972606), (-0.04125141, -0.046973545, 0.998044), (-0.011694954, 0.01261833, 0.99985194), (-0.022649022, -0.05503446, 0.99822754), (-0.04125141, -0.046973545, 0.998044), (0.1565462, -0.012845554, 0.9875871), (0.11338082, 0.017989265, 0.9933887), (-0.011694954, 0.01261833, 0.99985194), (0.1565462, -0.012845554, 0.9875871), (0.12725961, -0.012877128, 0.9917858), (0.09725994, -0.05857127, 0.993534), (0.11338082, 0.017989265, 0.9933887), (0.12725961, -0.012877128, 0.9917858), (-0.046069507, -0.03854113, 0.99819446), (0.0016043821, -0.05375639, 0.9985528), (0.09725994, -0.05857127, 0.993534), (-0.046069507, -0.03854113, 0.99819446), (0.022265343, -0.033321243, 0.99919665), (0.0536274, 0.027911799, 0.99817085), (0.0016043821, -0.05375639, 0.9985528), (0.022265343, -0.033321243, 0.99919665), (0.20200196, -0.011858576, 0.9793133), (0.15086927, 0.020215763, 0.988347), (0.0536274, 0.027911799, 0.99817085), (0.20200196, -0.011858576, 0.9793133), (0.13935205, -0.017540224, 0.9900875), (0.11060002, -0.06413965, 0.99179316), (0.15086927, 0.020215763, 0.988347), (0.13935205, -0.017540224, 0.9900875), (0.011106997, -0.029753417, 0.99949557), (0.06456843, -0.045347366, 0.9968824), (0.11060002, -0.06413965, 0.99179316), (0.011106997, -0.029753417, 0.99949557), (0.1259412, -0.02126773, 0.9918097), (0.15440825, 0.03488027, 0.9873913), (0.06456843, -0.045347366, 0.9968824), (0.1259412, -0.02126773, 0.9918097), (0.28662765, -0.011875189, 0.9579685), (0.23647009, 0.017273765, 0.9714852), (0.15440825, 0.03488027, 0.9873913), (0.28662765, -0.011875189, 0.9579685), (0.2743948, -0.01646819, 0.9614761), (0.2527841, -0.05483728, 0.9659675), (0.23647009, 0.017273765, 0.9714852), (0.2743948, -0.01646819, 0.9614761), (0.60658735, -0.012190414, 0.79492337), (0.6466773, -0.041989267, 0.76160705), (0.2527841, -0.05483728, 0.9659675), (0.60658735, -0.012190414, 0.79492337), (0.97231835, 0.0001653204, 0.2336599), (0.9726483, -0.0031919172, 0.23226048), (0.6466773, -0.041989267, 0.76160705), (-0.9740836, -0.012722807, 0.22583005), (-0.6526565, -0.039205514, 0.75663894), (-0.6567226, 0.03818192, 0.75316507), (-0.9743097, 0.010563807, 0.22496459), (-0.6526565, -0.039205514, 0.75663894), (-0.21294129, -0.012938018, 0.9769793), (-0.24079937, -0.011374233, 0.9705082), (-0.6567226, 0.03818192, 0.75316507), (-0.21294129, -0.012938018, 0.9769793), (-0.13590127, 0.013832914, 0.9906258), (-0.15674087, -0.08341215, 0.98411113), (-0.24079937, -0.011374233, 0.9705082), (-0.13590127, 0.013832914, 0.9906258), (-0.22745965, -0.03703574, 0.973083), (-0.18919131, -0.021431219, 0.9817063), (-0.15674087, -0.08341215, 0.98411113), (-0.22745965, -0.03703574, 0.973083), (-0.17661436, -0.06529346, 0.9821121), (-0.16455157, 0.06660863, 0.9841169), (-0.18919131, -0.021431219, 0.9817063), (-0.17661436, -0.06529346, 0.9821121), (-0.012070695, -0.017610013, 0.9997721), (-0.07111333, -0.010725473, 0.9974106), (-0.16455157, 0.06660863, 0.9841169), (-0.012070695, -0.017610013, 0.9997721), (-0.039567377, 0.0060276943, 0.9991987), (-0.055250373, -0.108772464, 0.99253017), (-0.07111333, -0.010725473, 0.9974106), (-0.039567377, 0.0060276943, 0.9991987), (-0.17990541, -0.04337561, 0.9827271), (-0.109465234, -0.021278527, 0.99376285), (-0.055250373, -0.108772464, 0.99253017), (-0.17990541, -0.04337561, 0.9827271), (-0.10539939, -0.059188537, 0.99266696), (-0.100809045, 0.08276105, 0.9914575), (-0.109465234, -0.021278527, 0.99376285), (-0.10539939, -0.059188537, 0.99266696), (0.05242041, -0.017698862, 0.9984683), (-0.034957204, -0.016219834, 0.9992572), (-0.100809045, 0.08276105, 0.9914575), (0.05242041, -0.017698862, 0.9984683), (-0.021387666, -0.0069647497, 0.999747), (-0.02457531, -0.12397666, 0.99198073), (-0.034957204, -0.016219834, 0.9992572), (-0.021387666, -0.0069647497, 0.999747), (-0.15933442, -0.043563455, 0.986263), (-0.061485603, -0.015351132, 0.9979899), (-0.02457531, -0.12397666, 0.99198073), (-0.15933442, -0.043563455, 0.986263), (-0.052641716, -0.04454894, 0.9976193), (-0.061424635, 0.09264151, 0.9938031), (-0.061485603, -0.015351132, 0.9979899), (-0.052641716, -0.04454894, 0.9976193), (0.086339146, -0.019775799, 0.99606955), (-0.023777353, -0.024657264, 0.9994132), (-0.061424635, 0.09264151, 0.9938031), (0.086339146, -0.019775799, 0.99606955), (-0.021654913, -0.022320086, 0.99951637), (-0.0073834457, -0.13074794, 0.99138814), (-0.023777353, -0.024657264, 0.9994132), (-0.021654913, -0.022320086, 0.99951637), (-0.13670826, -0.036847666, 0.9899258), (-0.018932337, -0.0061104875, 0.9998021), (-0.0073834457, -0.13074794, 0.99138814), (-0.13670826, -0.036847666, 0.9899258), (-0.0052241613, -0.025920425, 0.99965036), (-0.03113798, 0.095420584, 0.99494994), (-0.018932337, -0.0061104875, 0.9998021), (-0.0052241613, -0.025920425, 0.99965036), (0.10245343, -0.025718588, 0.99440527), (-0.022065261, -0.034643773, 0.99915606), (-0.03113798, 0.095420584, 0.99494994), (0.10245343, -0.025718588, 0.99440527), (-0.026754426, -0.03729602, 0.9989461), (0.00801657, -0.12890315, 0.9916247), (-0.022065261, -0.034643773, 0.99915606), (-0.026754426, -0.03729602, 0.9989461), (-0.10545728, -0.02364785, 0.9941426), (0.022404036, 0.004518444, 0.9997388), (0.00801657, -0.12890315, 0.9916247), (-0.10545728, -0.02364785, 0.9941426), (0.038439874, -0.0070738406, 0.9992359), (-0.0067596794, 0.09038433, 0.995884), (0.022404036, 0.004518444, 0.9997388), (0.038439874, -0.0070738406, 0.9992359), (0.10586203, -0.03556726, 0.99374455), (-0.022853173, -0.04417871, 0.99876225), (-0.0067596794, 0.09038433, 0.995884), (0.10586203, -0.03556726, 0.99374455), (-0.029274644, -0.049045183, 0.9983675), (0.026493635, -0.118741885, 0.99257165), (-0.022853173, -0.04417871, 0.99876225), (-0.029274644, -0.049045183, 0.9983675), (-0.063891046, -0.0060036266, 0.9979388), (0.062937275, 0.014245344, 0.9979158), (0.026493635, -0.118741885, 0.99257165), (-0.063891046, -0.0060036266, 0.9979388), (0.077905275, 0.00850013, 0.9969245), (0.013653061, 0.077914625, 0.9968666), (0.062937275, 0.014245344, 0.9979158), (0.077905275, 0.00850013, 0.9969245), (0.10155778, -0.04758817, 0.9936908), (-0.020378852, -0.05074547, 0.99850374), (0.013653061, 0.077914625, 0.9968666), (0.10155778, -0.04758817, 0.9936908), (-0.022649022, -0.05503446, 0.99822754), (0.05107141, -0.1016297, 0.99351054), (-0.020378852, -0.05074547, 0.99850374), (-0.022649022, -0.05503446, 0.99822754), (-0.011694954, 0.01261833, 0.99985194), (0.10285581, 0.020540377, 0.9944842), (0.05107141, -0.1016297, 0.99351054), (-0.011694954, 0.01261833, 0.99985194), (0.11338082, 0.017989265, 0.9933887), (0.033981416, 0.059843164, 0.9976292), (0.10285581, 0.020540377, 0.9944842), (0.11338082, 0.017989265, 0.9933887), (0.09725994, -0.05857127, 0.993534), (-0.007355845, -0.051818058, 0.99862945), (0.033981416, 0.059843164, 0.9976292), (0.09725994, -0.05857127, 0.993534), (0.0016043821, -0.05375639, 0.9985528), (0.085875176, -0.07990495, 0.9930965), (-0.007355845, -0.051818058, 0.99862945), (0.0016043821, -0.05375639, 0.9985528), (0.0536274, 0.027911799, 0.99817085), (0.1456739, 0.021229105, 0.9891049), (0.085875176, -0.07990495, 0.9930965), (0.0536274, 0.027911799, 0.99817085), (0.15086927, 0.020215763, 0.988347), (0.06498175, 0.03919856, 0.99711627), (0.1456739, 0.021229105, 0.9891049), (0.15086927, 0.020215763, 0.988347), (0.11060002, -0.06413965, 0.99179316), (0.03222093, -0.045426868, 0.9984479), (0.06498175, 0.03919856, 0.99711627), (0.11060002, -0.06413965, 0.99179316), (0.06456843, -0.045347366, 0.9968824), (0.14643694, -0.056253698, 0.9876192), (0.03222093, -0.045426868, 0.9984479), (0.06456843, -0.045347366, 0.9968824), (0.15440825, 0.03488027, 0.9873913), (0.215557, 0.015198632, 0.97637296), (0.14643694, -0.056253698, 0.9876192), (0.15440825, 0.03488027, 0.9873913), (0.23647009, 0.017273765, 0.9714852), (0.16163352, 0.019767934, 0.98665285), (0.215557, 0.015198632, 0.97637296), (0.23647009, 0.017273765, 0.9714852), (0.2527841, -0.05483728, 0.9659675), (0.20803078, -0.028442863, 0.97770864), (0.16163352, 0.019767934, 0.98665285), (0.2527841, -0.05483728, 0.9659675), (0.6466773, -0.041989267, 0.76160705), (0.63015646, -0.03327169, 0.77575505), (0.20803078, -0.028442863, 0.97770864), (0.6466773, -0.041989267, 0.76160705), (0.9726483, -0.0031919172, 0.23226048), (0.97344106, -0.0046202517, 0.22889106), (0.63015646, -0.03327169, 0.77575505), (-0.9743097, 0.010563807, 0.22496459), (-0.6567226, 0.03818192, 0.75316507), (-0.6996541, 0.015431439, 0.714315), (-0.9725882, 0.006434554, 0.23244525), (-0.6567226, 0.03818192, 0.75316507), (-0.24079937, -0.011374233, 0.9705082), (-0.32257512, -0.006808767, 0.9465193), (-0.6996541, 0.015431439, 0.714315), (-0.24079937, -0.011374233, 0.9705082), (-0.15674087, -0.08341215, 0.98411113), (-0.16082302, -0.025882734, 0.9866438), (-0.32257512, -0.006808767, 0.9465193), (-0.15674087, -0.08341215, 0.98411113), (-0.18919131, -0.021431219, 0.9817063), (-0.08726146, 0.0031229046, 0.99618053), (-0.16082302, -0.025882734, 0.9866438), (-0.18919131, -0.021431219, 0.9817063), (-0.16455157, 0.06660863, 0.9841169), (-0.158803, 0.022751499, 0.9870481), (-0.08726146, 0.0031229046, 0.99618053), (-0.16455157, 0.06660863, 0.9841169), (-0.07111333, -0.010725473, 0.9974106), (-0.18480642, -0.0043490264, 0.9827653), (-0.158803, 0.022751499, 0.9870481), (-0.07111333, -0.010725473, 0.9974106), (-0.055250373, -0.108772464, 0.99253017), (-0.057234816, -0.02398794, 0.99807256), (-0.18480642, -0.0043490264, 0.9827653), (-0.055250373, -0.108772464, 0.99253017), (-0.109465234, -0.021278527, 0.99376285), (0.01079488, -0.0024987007, 0.99993867), (-0.057234816, -0.02398794, 0.99807256), (-0.109465234, -0.021278527, 0.99376285), (-0.100809045, 0.08276105, 0.9914575), (-0.099422, 0.015029734, 0.9949318), (0.01079488, -0.0024987007, 0.99993867), (-0.100809045, 0.08276105, 0.9914575), (-0.034957204, -0.016219834, 0.9992572), (-0.15824799, -0.00034499617, 0.9873993), (-0.099422, 0.015029734, 0.9949318), (-0.034957204, -0.016219834, 0.9992572), (-0.02457531, -0.12397666, 0.99198073), (-0.02083869, -0.01718257, 0.99963516), (-0.15824799, -0.00034499617, 0.9873993), (-0.02457531, -0.12397666, 0.99198073), (-0.061485603, -0.015351132, 0.9979899), (0.06273436, -0.011341748, 0.9979659), (-0.02083869, -0.01718257, 0.99963516), (-0.061485603, -0.015351132, 0.9979899), (-0.061424635, 0.09264151, 0.9938031), (-0.06654722, 0.003386363, 0.9977775), (0.06273436, -0.011341748, 0.9979659), (-0.061424635, 0.09264151, 0.9938031), (-0.023777353, -0.024657264, 0.9994132), (-0.14560449, 0.0061233807, 0.989324), (-0.06654722, 0.003386363, 0.9977775), (-0.023777353, -0.024657264, 0.9994132), (-0.0073834457, -0.13074794, 0.99138814), (0.002191566, -0.008913528, 0.99995786), (-0.14560449, 0.0061233807, 0.989324), (-0.0073834457, -0.13074794, 0.99138814), (-0.018932337, -0.0061104875, 0.9998021), (0.099135354, -0.023135493, 0.994805), (0.002191566, -0.008913528, 0.99995786), (-0.018932337, -0.0061104875, 0.9998021), (-0.03113798, 0.095420584, 0.99494994), (-0.042450193, -0.009062861, 0.9990575), (0.099135354, -0.023135493, 0.994805), (-0.03113798, 0.095420584, 0.99494994), (-0.022065261, -0.034643773, 0.99915606), (-0.13380073, 0.014463879, 0.99090266), (-0.042450193, -0.009062861, 0.9990575), (-0.022065261, -0.034643773, 0.99915606), (0.00801657, -0.12890315, 0.9916247), (0.021612627, -0.0015135158, 0.9997653), (-0.13380073, 0.014463879, 0.99090266), (0.00801657, -0.12890315, 0.9916247), (0.022404036, 0.004518444, 0.9997388), (0.12653875, -0.036387898, 0.991294), (0.021612627, -0.0015135158, 0.9997653), (0.022404036, 0.004518444, 0.9997388), (-0.0067596794, 0.09038433, 0.995884), (-0.021655647, -0.019642286, 0.9995726), (0.12653875, -0.036387898, 0.991294), (-0.0067596794, 0.09038433, 0.995884), (-0.022853173, -0.04417871, 0.99876225), (-0.118119605, 0.023391226, 0.99272376), (-0.021655647, -0.019642286, 0.9995726), (-0.022853173, -0.04417871, 0.99876225), (0.026493635, -0.118741885, 0.99257165), (0.040827803, 0.003219831, 0.999161), (-0.118119605, 0.023391226, 0.99272376), (0.026493635, -0.118741885, 0.99257165), (0.062937275, 0.014245344, 0.9979158), (0.14795741, -0.048906248, 0.98778373), (0.040827803, 0.003219831, 0.999161), (0.062937275, 0.014245344, 0.9979158), (0.013653061, 0.077914625, 0.9968666), (-0.00043455188, -0.026331315, 0.9996532), (0.14795741, -0.048906248, 0.98778373), (0.013653061, 0.077914625, 0.9968666), (-0.020378852, -0.05074547, 0.99850374), (-0.095458835, 0.031233832, 0.99494326), (-0.00043455188, -0.026331315, 0.9996532), (-0.020378852, -0.05074547, 0.99850374), (0.05107141, -0.1016297, 0.99351054), (0.062125236, 0.004339284, 0.9980589), (-0.095458835, 0.031233832, 0.99494326), (0.05107141, -0.1016297, 0.99351054), (0.10285581, 0.020540377, 0.9944842), (0.16657743, -0.058217093, 0.9843083), (0.062125236, 0.004339284, 0.9980589), (0.10285581, 0.020540377, 0.9944842), (0.033981416, 0.059843164, 0.9976292), (0.025867026, -0.028145993, 0.9992691), (0.16657743, -0.058217093, 0.9843083), (0.033981416, 0.059843164, 0.9976292), (-0.007355845, -0.051818058, 0.99862945), (-0.06134499, 0.03625229, 0.99745804), (0.025867026, -0.028145993, 0.9992691), (-0.007355845, -0.051818058, 0.99862945), (0.085875176, -0.07990495, 0.9930965), (0.08985037, 0.002124484, 0.99595296), (-0.06134499, 0.03625229, 0.99745804), (0.085875176, -0.07990495, 0.9930965), (0.1456739, 0.021229105, 0.9891049), (0.1888953, -0.061848328, 0.98004764), (0.08985037, 0.002124484, 0.99595296), (0.1456739, 0.021229105, 0.9891049), (0.06498175, 0.03919856, 0.99711627), (0.06737152, -0.025396101, 0.99740463), (0.1888953, -0.061848328, 0.98004764), (0.06498175, 0.03919856, 0.99711627), (0.03222093, -0.045426868, 0.9984479), (-0.002081543, 0.036816165, 0.99931985), (0.06737152, -0.025396101, 0.99740463), (0.03222093, -0.045426868, 0.9984479), (0.14643694, -0.056253698, 0.9876192), (0.14142859, -0.0015616354, 0.9899472), (-0.002081543, 0.036816165, 0.99931985), (0.14643694, -0.056253698, 0.9876192), (0.215557, 0.015198632, 0.97637296), (0.24118765, -0.056786574, 0.9688156), (0.14142859, -0.0015616354, 0.9899472), (0.215557, 0.015198632, 0.97637296), (0.16163352, 0.019767934, 0.98665285), (0.17569827, -0.019925283, 0.9842424), (0.24118765, -0.056786574, 0.9688156), (0.16163352, 0.019767934, 0.98665285), (0.20803078, -0.028442863, 0.97770864), (0.19305733, 0.029868564, 0.98073274), (0.17569827, -0.019925283, 0.9842424), (0.20803078, -0.028442863, 0.97770864), (0.63015646, -0.03327169, 0.77575505), (0.65125203, 0.0152585665, 0.7587081), (0.19305733, 0.029868564, 0.98073274), (0.63015646, -0.03327169, 0.77575505), (0.97344106, -0.0046202517, 0.22889106), (0.97408813, -0.0019397008, 0.22616024), (0.65125203, 0.0152585665, 0.7587081), (-0.9725882, 0.006434554, 0.23244525), (-0.6996541, 0.015431439, 0.714315), (-0.6818767, 0.00074650336, 0.73146677), (-0.9715142, 0.0034807813, 0.23695572), (-0.6996541, 0.015431439, 0.714315), (-0.32257512, -0.006808767, 0.9465193), (-0.33625066, -0.0036625667, 0.94176537), (-0.6818767, 0.00074650336, 0.73146677), (-0.32257512, -0.006808767, 0.9465193), (-0.16082302, -0.025882734, 0.9866438), (-0.13857965, 0.0076238764, 0.99032193), (-0.33625066, -0.0036625667, 0.94176537), (-0.16082302, -0.025882734, 0.9866438), (-0.08726146, 0.0031229046, 0.99618053), (-0.063939475, 0.018185448, 0.9977881), (-0.13857965, 0.0076238764, 0.99032193), (-0.08726146, 0.0031229046, 0.99618053), (-0.158803, 0.022751499, 0.9870481), (-0.18509935, 0.008946286, 0.98267907), (-0.063939475, 0.018185448, 0.9977881), (-0.158803, 0.022751499, 0.9870481), (-0.18480642, -0.0043490264, 0.9827653), (-0.19896978, 0.0017668059, 0.980004), (-0.18509935, 0.008946286, 0.98267907), (-0.18480642, -0.0043490264, 0.9827653), (-0.057234816, -0.02398794, 0.99807256), (-0.029688412, 0.0070935674, 0.999534), (-0.19896978, 0.0017668059, 0.980004), (-0.057234816, -0.02398794, 0.99807256), (0.01079488, -0.0024987007, 0.99993867), (0.022753892, 0.011498713, 0.999675), (-0.029688412, 0.0070935674, 0.999534), (0.01079488, -0.0024987007, 0.99993867), (-0.099422, 0.015029734, 0.9949318), (-0.12851454, 0.009490634, 0.99166214), (0.022753892, 0.011498713, 0.999675), (-0.099422, 0.015029734, 0.9949318), (-0.15824799, -0.00034499617, 0.9873993), (-0.16241936, 0.007882824, 0.9866903), (-0.12851454, 0.009490634, 0.99166214), (-0.15824799, -0.00034499617, 0.9873993), (-0.02083869, -0.01718257, 0.99963516), (0.005293675, 0.004514864, 0.9999758), (-0.16241936, 0.007882824, 0.9866903), (-0.02083869, -0.01718257, 0.99963516), (0.06273436, -0.011341748, 0.9979659), (0.06175968, 0.0025702706, 0.99808776), (0.005293675, 0.004514864, 0.9999758), (0.06273436, -0.011341748, 0.9979659), (-0.06654722, 0.003386363, 0.9977775), (-0.091334105, 0.008598987, 0.9957832), (0.06175968, 0.0025702706, 0.99808776), (-0.06654722, 0.003386363, 0.9977775), (-0.14560449, 0.0061233807, 0.989324), (-0.13851672, 0.011660643, 0.9902915), (-0.091334105, 0.008598987, 0.9957832), (-0.14560449, 0.0061233807, 0.989324), (0.002191566, -0.008913528, 0.99995786), (0.02147793, 0.0010287763, 0.9997688), (-0.13851672, 0.011660643, 0.9902915), (0.002191566, -0.008913528, 0.99995786), (0.099135354, -0.023135493, 0.994805), (0.08667237, -0.0052717454, 0.996223), (0.02147793, 0.0010287763, 0.9997688), (0.099135354, -0.023135493, 0.994805), (-0.042450193, -0.009062861, 0.9990575), (-0.05712292, 0.005839874, 0.9983501), (0.08667237, -0.0052717454, 0.996223), (-0.042450193, -0.009062861, 0.9990575), (-0.13380073, 0.014463879, 0.99090266), (-0.11680675, 0.011750584, 0.99308515), (-0.05712292, 0.005839874, 0.9983501), (-0.13380073, 0.014463879, 0.99090266), (0.021612627, -0.0015135158, 0.9997653), (0.029542854, -0.0018407642, 0.99956185), (-0.11680675, 0.011750584, 0.99308515), (0.021612627, -0.0015135158, 0.9997653), (0.12653875, -0.036387898, 0.991294), (0.10571091, -0.010365665, 0.9943429), (0.029542854, -0.0018407642, 0.99956185), (0.12653875, -0.036387898, 0.991294), (-0.021655647, -0.019642286, 0.9995726), (-0.022056654, 0.00087361527, 0.9997563), (0.10571091, -0.010365665, 0.9943429), (-0.021655647, -0.019642286, 0.9995726), (-0.118119605, 0.023391226, 0.99272376), (-0.09421713, 0.008480777, 0.99551547), (-0.022056654, 0.00087361527, 0.9997563), (-0.118119605, 0.023391226, 0.99272376), (0.040827803, 0.003219831, 0.999161), (0.03443288, -0.003050402, 0.99940234), (-0.09421713, 0.008480777, 0.99551547), (0.040827803, 0.003219831, 0.999161), (0.14795741, -0.048906248, 0.98778373), (0.12287356, -0.012627905, 0.992342), (0.03443288, -0.003050402, 0.99940234), (0.14795741, -0.048906248, 0.98778373), (-0.00043455188, -0.026331315, 0.9996532), (0.015269018, -0.0056756274, 0.9998673), (0.12287356, -0.012627905, 0.992342), (-0.00043455188, -0.026331315, 0.9996532), (-0.095458835, 0.031233832, 0.99494326), (-0.06865418, 0.003465637, 0.99763453), (0.015269018, -0.0056756274, 0.9998673), (-0.095458835, 0.031233832, 0.99494326), (0.062125236, 0.004339284, 0.9980589), (0.040616896, -0.0025725898, 0.9991715), (-0.06865418, 0.003465637, 0.99763453), (0.062125236, 0.004339284, 0.9980589), (0.16657743, -0.058217093, 0.9843083), (0.14171578, -0.01296467, 0.98982245), (0.040616896, -0.0025725898, 0.9991715), (0.16657743, -0.058217093, 0.9843083), (0.025867026, -0.028145993, 0.9992691), (0.05666286, -0.012032375, 0.9983208), (0.14171578, -0.01296467, 0.98982245), (0.025867026, -0.028145993, 0.9992691), (-0.06134499, 0.03625229, 0.99745804), (-0.035983205, -0.0013037877, 0.99935156), (0.05666286, -0.012032375, 0.9983208), (-0.06134499, 0.03625229, 0.99745804), (0.08985037, 0.002124484, 0.99595296), (0.055226523, -0.0013629613, 0.9984729), (-0.035983205, -0.0013037877, 0.99935156), (0.08985037, 0.002124484, 0.99595296), (0.1888953, -0.061848328, 0.98004764), (0.16851456, -0.012308889, 0.98562235), (0.055226523, -0.0013629613, 0.9984729), (0.1888953, -0.061848328, 0.98004764), (0.06737152, -0.025396101, 0.99740463), (0.10902979, -0.015784642, 0.9939132), (0.16851456, -0.012308889, 0.98562235), (0.06737152, -0.025396101, 0.99740463), (-0.002081543, 0.036816165, 0.99931985), (0.017993838, -0.00432797, 0.99982876), (0.10902979, -0.015784642, 0.9939132), (-0.002081543, 0.036816165, 0.99931985), (0.14142859, -0.0015616354, 0.9899472), (0.09952769, -0.00074472284, 0.9950345), (0.017993838, -0.00432797, 0.99982876), (0.14142859, -0.0015616354, 0.9899472), (0.24118765, -0.056786574, 0.9688156), (0.22876039, -0.010680257, 0.9734242), (0.09952769, -0.00074472284, 0.9950345), (0.24118765, -0.056786574, 0.9688156), (0.17569827, -0.019925283, 0.9842424), (0.21915445, -0.014563059, 0.9755815), (0.22876039, -0.010680257, 0.9734242), (0.17569827, -0.019925283, 0.9842424), (0.19305733, 0.029868564, 0.98073274), (0.20807098, -0.004960331, 0.9781011), (0.21915445, -0.014563059, 0.9755815), (0.19305733, 0.029868564, 0.98073274), (0.65125203, 0.0152585665, 0.7587081), (0.6173507, -0.0011186711, 0.78668725), (0.20807098, -0.004960331, 0.9781011), (0.65125203, 0.0152585665, 0.7587081), (0.97408813, -0.0019397008, 0.22616024), (0.9744849, -0.002180007, 0.22444251), (0.6173507, -0.0011186711, 0.78668725), (-0.9715142, 0.0034807813, 0.23695572), (-0.6818767, 0.00074650336, 0.73146677), (-0.6984706, 0.002187608, 0.7156354), (-0.9713338, -0.0016102502, 0.23771405), (-0.6818767, 0.00074650336, 0.73146677), (-0.33625066, -0.0036625667, 0.94176537), (-0.31664324, 0.026289463, 0.9481803), (-0.6984706, 0.002187608, 0.7156354), (-0.33625066, -0.0036625667, 0.94176537), (-0.13857965, 0.0076238764, 0.99032193), (-0.1330089, 0.02622584, 0.99076784), (-0.31664324, 0.026289463, 0.9481803), (-0.13857965, 0.0076238764, 0.99032193), (-0.063939475, 0.018185448, 0.9977881), (-0.082331106, -0.002319575, 0.99660236), (-0.1330089, 0.02622584, 0.99076784), (-0.063939475, 0.018185448, 0.9977881), (-0.18509935, 0.008946286, 0.98267907), (-0.18467055, 0.0011224928, 0.9827998), (-0.082331106, -0.002319575, 0.99660236), (-0.18509935, 0.008946286, 0.98267907), (-0.19896978, 0.0017668059, 0.980004), (-0.17925301, 0.026729448, 0.9834398), (-0.18467055, 0.0011224928, 0.9827998), (-0.19896978, 0.0017668059, 0.980004), (-0.029688412, 0.0070935674, 0.999534), (-0.0195671, 0.01878643, 0.999632), (-0.17925301, 0.026729448, 0.9834398), (-0.029688412, 0.0070935674, 0.999534), (0.022753892, 0.011498713, 0.999675), (0.0072647342, 0.002929051, 0.9999693), (-0.0195671, 0.01878643, 0.999632), (0.022753892, 0.011498713, 0.999675), (-0.12851454, 0.009490634, 0.99166214), (-0.13775182, 0.012457435, 0.99038845), (0.0072647342, 0.002929051, 0.9999693), (-0.12851454, 0.009490634, 0.99166214), (-0.16241936, 0.007882824, 0.9866903), (-0.14745227, 0.020294162, 0.9888609), (-0.13775182, 0.012457435, 0.99038845), (-0.16241936, 0.007882824, 0.9866903), (0.005293675, 0.004514864, 0.9999758), (0.024012882, 0.008618776, 0.99967456), (-0.14745227, 0.020294162, 0.9888609), (0.005293675, 0.004514864, 0.9999758), (0.06175968, 0.0025702706, 0.99808776), (0.05141089, 0.010158745, 0.9986259), (0.024012882, 0.008618776, 0.99967456), (0.06175968, 0.0025702706, 0.99808776), (-0.091334105, 0.008598987, 0.9957832), (-0.11235428, 0.020777903, 0.99345094), (0.05141089, 0.010158745, 0.9986259), (-0.091334105, 0.008598987, 0.9957832), (-0.13851672, 0.011660643, 0.9902915), (-0.12933908, 0.009551176, 0.9915544), (-0.11235428, 0.020777903, 0.99345094), (-0.13851672, 0.011660643, 0.9902915), (0.02147793, 0.0010287763, 0.9997688), (0.05070504, -0.00009762212, 0.9987137), (-0.12933908, 0.009551176, 0.9915544), (0.02147793, 0.0010287763, 0.9997688), (0.08667237, -0.0052717454, 0.996223), (0.081612855, 0.018666409, 0.9964893), (0.05070504, -0.00009762212, 0.9987137), (0.08667237, -0.0052717454, 0.996223), (-0.05712292, 0.005839874, 0.9983501), (-0.09099476, 0.024673285, 0.9955457), (0.081612855, 0.018666409, 0.9964893), (-0.05712292, 0.005839874, 0.9983501), (-0.11680675, 0.011750584, 0.99308515), (-0.11327044, -0.0035207334, 0.993558), (-0.09099476, 0.024673285, 0.9955457), (-0.11680675, 0.011750584, 0.99308515), (0.029542854, -0.0018407642, 0.99956185), (0.07016517, -0.006071618, 0.9975169), (-0.11327044, -0.0035207334, 0.993558), (0.029542854, -0.0018407642, 0.99956185), (0.10571091, -0.010365665, 0.9943429), (0.10506861, 0.027663285, 0.9940802), (0.07016517, -0.006071618, 0.9975169), (0.10571091, -0.010365665, 0.9943429), (-0.022056654, 0.00087361527, 0.9997563), (-0.06842556, 0.02416079, 0.9973636), (0.10506861, 0.027663285, 0.9940802), (-0.022056654, 0.00087361527, 0.9997563), (-0.09421713, 0.008480777, 0.99551547), (-0.09498636, -0.017446268, 0.9953257), (-0.06842556, 0.02416079, 0.9973636), (-0.09421713, 0.008480777, 0.99551547), (0.03443288, -0.003050402, 0.99940234), (0.086017504, -0.008933191, 0.99625355), (-0.09498636, -0.017446268, 0.9953257), (0.03443288, -0.003050402, 0.99940234), (0.12287356, -0.012627905, 0.992342), (0.12494416, 0.036554556, 0.9914902), (0.086017504, -0.008933191, 0.99625355), (0.12287356, -0.012627905, 0.992342), (0.015269018, -0.0056756274, 0.9998673), (-0.041443445, 0.020156492, 0.99893755), (0.12494416, 0.036554556, 0.9914902), (0.015269018, -0.0056756274, 0.9998673), (-0.06865418, 0.003465637, 0.99763453), (-0.07124152, -0.03108068, 0.99697477), (-0.041443445, 0.020156492, 0.99893755), (-0.06865418, 0.003465637, 0.99763453), (0.040616896, -0.0025725898, 0.9991715), (0.100997485, -0.008806646, 0.9948477), (-0.07124152, -0.03108068, 0.99697477), (0.040616896, -0.0025725898, 0.9991715), (0.14171578, -0.01296467, 0.98982245), (0.14422798, 0.044713445, 0.98853374), (0.100997485, -0.008806646, 0.9948477), (0.14171578, -0.01296467, 0.98982245), (0.05666286, -0.012032375, 0.9983208), (-0.0061931415, 0.014108395, 0.99988127), (0.14422798, 0.044713445, 0.98853374), (0.05666286, -0.012032375, 0.9983208), (-0.035983205, -0.0013037877, 0.99935156), (-0.037179362, -0.0431, 0.99837875), (-0.0061931415, 0.014108395, 0.99988127), (-0.035983205, -0.0013037877, 0.99935156), (0.055226523, -0.0013629613, 0.9984729), (0.120234326, -0.006257021, 0.99272585), (-0.037179362, -0.0431, 0.99837875), (0.055226523, -0.0013629613, 0.9984729), (0.16851456, -0.012308889, 0.98562235), (0.16928348, 0.050926812, 0.9842508), (0.120234326, -0.006257021, 0.99272585), (0.16851456, -0.012308889, 0.98562235), (0.10902979, -0.015784642, 0.9939132), (0.046574835, 0.0077089393, 0.99888504), (0.16928348, 0.050926812, 0.9842508), (0.10902979, -0.015784642, 0.9939132), (0.017993838, -0.00432797, 0.99982876), (0.021149185, -0.051165488, 0.9984662), (0.046574835, 0.0077089393, 0.99888504), (0.017993838, -0.00432797, 0.99982876), (0.09952769, -0.00074472284, 0.9950345), (0.16252834, -0.0025843955, 0.9867005), (0.021149185, -0.051165488, 0.9984662), (0.09952769, -0.00074472284, 0.9950345), (0.22876039, -0.010680257, 0.9734242), (0.22743164, 0.052058548, 0.9724015), (0.16252834, -0.0025843955, 0.9867005), (0.22876039, -0.010680257, 0.9734242), (0.21915445, -0.014563059, 0.9755815), (0.16855551, 0.0038020099, 0.9856848), (0.22743164, 0.052058548, 0.9724015), (0.21915445, -0.014563059, 0.9755815), (0.20807098, -0.004960331, 0.9781011), (0.21463075, -0.048739742, 0.9754784), (0.16855551, 0.0038020099, 0.9856848), (0.20807098, -0.004960331, 0.9781011), (0.6173507, -0.0011186711, 0.78668725), (0.6670208, -0.02605037, 0.74458355), (0.21463075, -0.048739742, 0.9754784), (0.6173507, -0.0011186711, 0.78668725), (0.9744849, -0.002180007, 0.22444251), (0.97482014, -0.0011845498, 0.22298932), (0.6670208, -0.02605037, 0.74458355), (-0.9713338, -0.0016102502, 0.23771405), (-0.6984706, 0.002187608, 0.7156354), (-0.6549297, -0.039596234, 0.7546517), (-0.9725518, -0.010703026, 0.23244026), (-0.6984706, 0.002187608, 0.7156354), (-0.31664324, 0.026289463, 0.9481803), (-0.24645206, 0.003585562, 0.96914834), (-0.6549297, -0.039596234, 0.7546517), (-0.31664324, 0.026289463, 0.9481803), (-0.1330089, 0.02622584, 0.99076784), (-0.13515377, 0.0769542, 0.9878317), (-0.24645206, 0.003585562, 0.96914834), (-0.1330089, 0.02622584, 0.99076784), (-0.082331106, -0.002319575, 0.99660236), (-0.16686873, 0.020240251, 0.98577136), (-0.13515377, 0.0769542, 0.9878317), (-0.082331106, -0.002319575, 0.99660236), (-0.18467055, 0.0011224928, 0.9827998), (-0.18169658, -0.060080785, 0.9815175), (-0.16686873, 0.020240251, 0.98577136), (-0.18467055, 0.0011224928, 0.9827998), (-0.17925301, 0.026729448, 0.9834398), (-0.089198746, 0.009873046, 0.99596494), (-0.18169658, -0.060080785, 0.9815175), (-0.17925301, 0.026729448, 0.9834398), (-0.0195671, 0.01878643, 0.999632), (-0.024988092, 0.096651204, 0.99500465), (-0.089198746, 0.009873046, 0.99596494), (-0.0195671, 0.01878643, 0.999632), (0.0072647342, 0.002929051, 0.9999693), (-0.08452671, 0.013612855, 0.99632823), (-0.024988092, 0.096651204, 0.99500465), (0.0072647342, 0.002929051, 0.9999693), (-0.13775182, 0.012457435, 0.99038845), (-0.13258326, -0.06994996, 0.9887005), (-0.08452671, 0.013612855, 0.99632823), (-0.13775182, 0.012457435, 0.99038845), (-0.14745227, 0.020294162, 0.9888609), (-0.05778745, 0.022731598, 0.99807006), (-0.13258326, -0.06994996, 0.9887005), (-0.14745227, 0.020294162, 0.9888609), (0.024012882, 0.008618776, 0.99967456), (0.01751115, 0.10500637, 0.99431735), (-0.05778745, 0.022731598, 0.99807006), (0.024012882, 0.008618776, 0.99967456), (0.05141089, 0.010158745, 0.9986259), (-0.036210734, 0.0029420925, 0.9993399), (0.01751115, 0.10500637, 0.99431735), (0.05141089, 0.010158745, 0.9986259), (-0.11235428, 0.020777903, 0.99345094), (-0.10741794, -0.07194259, 0.9916076), (-0.036210734, 0.0029420925, 0.9993399), (-0.11235428, 0.020777903, 0.99345094), (-0.12933908, 0.009551176, 0.9915544), (-0.04712498, 0.03582191, 0.9982465), (-0.10741794, -0.07194259, 0.9916076), (-0.12933908, 0.009551176, 0.9915544), (0.05070504, -0.00009762212, 0.9987137), (0.04686366, 0.10439411, 0.99343127), (-0.04712498, 0.03582191, 0.9982465), (0.05070504, -0.00009762212, 0.9987137), (0.081612855, 0.018666409, 0.9964893), (0.003844171, -0.0071582515, 0.999967), (0.04686366, 0.10439411, 0.99343127), (0.081612855, 0.018666409, 0.9964893), (-0.09099476, 0.024673285, 0.9955457), (-0.08979647, -0.06679834, 0.9937176), (0.003844171, -0.0071582515, 0.999967), (-0.09099476, 0.024673285, 0.9955457), (-0.11327044, -0.0035207334, 0.993558), (-0.042260684, 0.04600682, 0.99804676), (-0.08979647, -0.06679834, 0.9937176), (-0.11327044, -0.0035207334, 0.993558), (0.07016517, -0.006071618, 0.9975169), (0.07243646, 0.096550144, 0.9926888), (-0.042260684, 0.04600682, 0.99804676), (0.07016517, -0.006071618, 0.9975169), (0.10506861, 0.027663285, 0.9940802), (0.040159553, -0.014117939, 0.99909353), (0.07243646, 0.096550144, 0.9926888), (0.10506861, 0.027663285, 0.9940802), (-0.06842556, 0.02416079, 0.9973636), (-0.07444874, -0.05603367, 0.9956494), (0.040159553, -0.014117939, 0.99909353), (-0.06842556, 0.02416079, 0.9973636), (-0.09498636, -0.017446268, 0.9953257), (-0.03698576, 0.051220424, 0.9980023), (-0.07444874, -0.05603367, 0.9956494), (-0.09498636, -0.017446268, 0.9953257), (0.086017504, -0.008933191, 0.99625355), (0.097016364, 0.08363855, 0.99176234), (-0.03698576, 0.051220424, 0.9980023), (0.086017504, -0.008933191, 0.99625355), (0.12494416, 0.036554556, 0.9914902), (0.07403712, -0.016584735, 0.9971176), (0.097016364, 0.08363855, 0.99176234), (0.12494416, 0.036554556, 0.9914902), (-0.041443445, 0.020156492, 0.99893755), (-0.057530344, -0.041714754, 0.9974719), (0.07403712, -0.016584735, 0.9971176), (-0.041443445, 0.020156492, 0.99893755), (-0.07124152, -0.03108068, 0.99697477), (-0.026785756, 0.05055117, 0.9983622), (-0.057530344, -0.041714754, 0.9974719), (-0.07124152, -0.03108068, 0.99697477), (0.100997485, -0.008806646, 0.9948477), (0.12229499, 0.067783564, 0.99017644), (-0.026785756, 0.05055117, 0.9983622), (0.100997485, -0.008806646, 0.9948477), (0.14422798, 0.044713445, 0.98853374), (0.1070976, -0.014309245, 0.9941456), (0.12229499, 0.067783564, 0.99017644), (0.14422798, 0.044713445, 0.98853374), (-0.0061931415, 0.014108395, 0.99988127), (-0.03398192, -0.026006151, 0.99908406), (0.1070976, -0.014309245, 0.9941456), (-0.0061931415, 0.014108395, 0.99988127), (-0.037179362, -0.0431, 0.99837875), (-0.0059937816, 0.04422059, 0.99900377), (-0.03398192, -0.026006151, 0.99908406), (-0.037179362, -0.0431, 0.99837875), (0.120234326, -0.006257021, 0.99272585), (0.15196456, 0.050695, 0.987085), (-0.0059937816, 0.04422059, 0.99900377), (0.120234326, -0.006257021, 0.99272585), (0.16928348, 0.050926812, 0.9842508), (0.14474517, -0.008080041, 0.989436), (0.15196456, 0.050695, 0.987085), (0.16928348, 0.050926812, 0.9842508), (0.046574835, 0.0077089393, 0.99888504), (0.0076194606, -0.010987416, 0.99991053), (0.14474517, -0.008080041, 0.989436), (0.046574835, 0.0077089393, 0.99888504), (0.021149185, -0.051165488, 0.9984662), (0.03987448, 0.033260845, 0.9986509), (0.0076194606, -0.010987416, 0.99991053), (0.021149185, -0.051165488, 0.9984662), (0.16252834, -0.0025843955, 0.9867005), (0.20176062, 0.03353, 0.97886074), (0.03987448, 0.033260845, 0.9986509), (0.16252834, -0.0025843955, 0.9867005), (0.22743164, 0.052058548, 0.9724015), (0.2139064, 0.00023363017, 0.9768541), (0.20176062, 0.03353, 0.97886074), (0.22743164, 0.052058548, 0.9724015), (0.16855551, 0.0038020099, 0.9856848), (0.12527078, 0.00087385153, 0.9921222), (0.2139064, 0.00023363017, 0.9768541), (0.16855551, 0.0038020099, 0.9856848), (0.21463075, -0.048739742, 0.9754784), (0.22001795, 0.018161092, 0.9753268), (0.12527078, 0.00087385153, 0.9921222), (0.21463075, -0.048739742, 0.9754784), (0.6670208, -0.02605037, 0.74458355), (0.65890807, 0.015047323, 0.75207293), (0.22001795, 0.018161092, 0.9753268), (0.6670208, -0.02605037, 0.74458355), (0.97482014, -0.0011845498, 0.22298932), (0.9747574, 0.0019533888, 0.22325817), (0.65890807, 0.015047323, 0.75207293), (-0.9725518, -0.010703026, 0.23244026), (-0.6549297, -0.039596234, 0.7546517), (-0.64972585, 0.023125777, 0.75981677), (-0.9734657, 0.0020720884, 0.22882366), (-0.6549297, -0.039596234, 0.7546517), (-0.24645206, 0.003585562, 0.96914834), (-0.20188993, 0.026808344, 0.9790413), (-0.64972585, 0.023125777, 0.75981677), (-0.24645206, 0.003585562, 0.96914834), (-0.13515377, 0.0769542, 0.9878317), (-0.13177244, 0.0021276085, 0.99127775), (-0.20188993, 0.026808344, 0.9790413), (-0.13515377, 0.0769542, 0.9878317), (-0.16686873, 0.020240251, 0.98577136), (-0.2215703, -0.00073529297, 0.9751441), (-0.13177244, 0.0021276085, 0.99127775), (-0.16686873, 0.020240251, 0.98577136), (-0.18169658, -0.060080785, 0.9815175), (-0.18505748, 0.023405, 0.98244894), (-0.2215703, -0.00073529297, 0.9751441), (-0.18169658, -0.060080785, 0.9815175), (-0.089198746, 0.009873046, 0.99596494), (-0.01904542, 0.026253954, 0.9994738), (-0.18505748, 0.023405, 0.98244894), (-0.089198746, 0.009873046, 0.99596494), (-0.024988092, 0.096651204, 0.99500465), (-0.017418291, 0.013095733, 0.99976254), (-0.01904542, 0.026253954, 0.9994738), (-0.024988092, 0.096651204, 0.99500465), (-0.08452671, 0.013612855, 0.99632823), (-0.16288263, 0.011853824, 0.9865743), (-0.017418291, 0.013095733, 0.99976254), (-0.08452671, 0.013612855, 0.99632823), (-0.13258326, -0.06994996, 0.9887005), (-0.13816375, 0.015930722, 0.9902812), (-0.16288263, 0.011853824, 0.9865743), (-0.13258326, -0.06994996, 0.9887005), (-0.05778745, 0.022731598, 0.99807006), (0.033134036, 0.01963205, 0.99925804), (-0.13816375, 0.015930722, 0.9902812), (-0.05778745, 0.022731598, 0.99807006), (0.01751115, 0.10500637, 0.99431735), (0.024750028, 0.029303234, 0.9992641), (0.033134036, 0.01963205, 0.99925804), (0.01751115, 0.10500637, 0.99431735), (-0.036210734, 0.0029420925, 0.9993399), (-0.13498579, 0.025228303, 0.9905263), (0.024750028, 0.029303234, 0.9992641), (-0.036210734, 0.0029420925, 0.9993399), (-0.10741794, -0.07194259, 0.9916076), (-0.1112323, 0.0033973518, 0.99378854), (-0.13498579, 0.025228303, 0.9905263), (-0.10741794, -0.07194259, 0.9916076), (-0.04712498, 0.03582191, 0.9982465), (0.06109055, 0.013569621, 0.9980399), (-0.1112323, 0.0033973518, 0.99378854), (-0.04712498, 0.03582191, 0.9982465), (0.04686366, 0.10439411, 0.99343127), (0.04961527, 0.049470376, 0.99754244), (0.06109055, 0.013569621, 0.9980399), (0.04686366, 0.10439411, 0.99343127), (0.003844171, -0.0071582515, 0.999967), (-0.11081589, 0.03648916, 0.99317086), (0.04961527, 0.049470376, 0.99754244), (0.003844171, -0.0071582515, 0.999967), (-0.08979647, -0.06679834, 0.9937176), (-0.08853202, -0.011653591, 0.9960052), (-0.11081589, 0.03648916, 0.99317086), (-0.08979647, -0.06679834, 0.9937176), (-0.042260684, 0.04600682, 0.99804676), (0.07789589, 0.010303563, 0.99690825), (-0.08853202, -0.011653591, 0.9960052), (-0.042260684, 0.04600682, 0.99804676), (0.07243646, 0.096550144, 0.9926888), (0.068145975, 0.070714615, 0.9951661), (0.07789589, 0.010303563, 0.99690825), (0.07243646, 0.096550144, 0.9926888), (0.040159553, -0.014117939, 0.99909353), (-0.0837529, 0.04385394, 0.9955211), (0.068145975, 0.070714615, 0.9951661), (0.040159553, -0.014117939, 0.99909353), (-0.07444874, -0.05603367, 0.9956494), (-0.0664156, -0.026548892, 0.9974388), (-0.0837529, 0.04385394, 0.9955211), (-0.07444874, -0.05603367, 0.9956494), (-0.03698576, 0.051220424, 0.9980023), (0.08799704, 0.010564346, 0.9960647), (-0.0664156, -0.026548892, 0.9974388), (-0.03698576, 0.051220424, 0.9980023), (0.097016364, 0.08363855, 0.99176234), (0.0854127, 0.089549586, 0.99231327), (0.08799704, 0.010564346, 0.9960647), (0.097016364, 0.08363855, 0.99176234), (0.07403712, -0.016584735, 0.9971176), (-0.05104339, 0.04659261, 0.997609), (0.0854127, 0.089549586, 0.99231327), (0.07403712, -0.016584735, 0.9971176), (-0.057530344, -0.041714754, 0.9974719), (-0.04312863, -0.038702853, 0.99831957), (-0.05104339, 0.04659261, 0.997609), (-0.057530344, -0.041714754, 0.9974719), (-0.026785756, 0.05055117, 0.9983622), (0.09502938, 0.013841844, 0.9953782), (-0.04312863, -0.038702853, 0.99831957), (-0.026785756, 0.05055117, 0.9983622), (0.12229499, 0.067783564, 0.99017644), (0.105338365, 0.1024792, 0.98914194), (0.09502938, 0.013841844, 0.9953782), (0.12229499, 0.067783564, 0.99017644), (0.1070976, -0.014309245, 0.9941456), (-0.010737198, 0.04492247, 0.9989328), (0.105338365, 0.1024792, 0.98914194), (0.1070976, -0.014309245, 0.9941456), (-0.03398192, -0.026006151, 0.99908406), (-0.015618046, -0.045949176, 0.9988217), (-0.010737198, 0.04492247, 0.9989328), (-0.03398192, -0.026006151, 0.99908406), (-0.0059937816, 0.04422059, 0.99900377), (0.10479392, 0.018605467, 0.99431986), (-0.015618046, -0.045949176, 0.9988217), (-0.0059937816, 0.04422059, 0.99900377), (0.15196456, 0.050695, 0.987085), (0.13323435, 0.10640561, 0.9853561), (0.10479392, 0.018605467, 0.99431986), (0.15196456, 0.050695, 0.987085), (0.14474517, -0.008080041, 0.989436), (0.041964114, 0.03970502, 0.9983299), (0.13323435, 0.10640561, 0.9853561), (0.14474517, -0.008080041, 0.989436), (0.0076194606, -0.010987416, 0.99991053), (0.025957124, -0.04678114, 0.9985678), (0.041964114, 0.03970502, 0.9983299), (0.0076194606, -0.010987416, 0.99991053), (0.03987448, 0.033260845, 0.9986509), (0.13212784, 0.022319127, 0.9909814), (0.025957124, -0.04678114, 0.9985678), (0.03987448, 0.033260845, 0.9986509), (0.20176062, 0.03353, 0.97886074), (0.18568978, 0.098223016, 0.9776869), (0.13212784, 0.022319127, 0.9909814), (0.20176062, 0.03353, 0.97886074), (0.2139064, 0.00023363017, 0.9768541), (0.13413605, 0.032242246, 0.9904382), (0.18568978, 0.098223016, 0.9776869), (0.2139064, 0.00023363017, 0.9768541), (0.12527078, 0.00087385153, 0.9921222), (0.13726094, -0.03978497, 0.98973566), (0.13413605, 0.032242246, 0.9904382), (0.12527078, 0.00087385153, 0.9921222), (0.22001795, 0.018161092, 0.9753268), (0.28055996, 0.017320864, 0.9596802), (0.13726094, -0.03978497, 0.98973566), (0.22001795, 0.018161092, 0.9753268), (0.65890807, 0.015047323, 0.75207293), (0.67870444, 0.05400434, 0.7324232), (0.28055996, 0.017320864, 0.9596802), (0.65890807, 0.015047323, 0.75207293), (0.9747574, 0.0019533888, 0.22325817), (0.9727532, 0.016277472, 0.23127079), (0.67870444, 0.05400434, 0.7324232), (-0.9734657, 0.0020720884, 0.22882366), (-0.64972585, 0.023125777, 0.75981677), (-0.65335536, 0.008240799, 0.7570065), (-0.9736678, -0.0039478866, 0.22793701), (-0.64972585, 0.023125777, 0.75981677), (-0.20188993, 0.026808344, 0.9790413), (-0.205301, 0.043841176, 0.97771645), (-0.65335536, 0.008240799, 0.7570065), (-0.20188993, 0.026808344, 0.9790413), (-0.13177244, 0.0021276085, 0.99127775), (-0.17377286, 0.031847384, 0.98427063), (-0.205301, 0.043841176, 0.97771645), (-0.13177244, 0.0021276085, 0.99127775), (-0.2215703, -0.00073529297, 0.9751441), (-0.2261564, -0.017421756, 0.97393525), (-0.17377286, 0.031847384, 0.98427063), (-0.2215703, -0.00073529297, 0.9751441), (-0.18505748, 0.023405, 0.98244894), (-0.14784549, 0.0037432862, 0.98900336), (-0.2261564, -0.017421756, 0.97393525), (-0.18505748, 0.023405, 0.98244894), (-0.01904542, 0.026253954, 0.9994738), (-0.016703602, 0.06688296, 0.99762106), (-0.14784549, 0.0037432862, 0.98900336), (-0.01904542, 0.026253954, 0.9994738), (-0.017418291, 0.013095733, 0.99976254), (-0.056534387, 0.03988564, 0.99760365), (-0.016703602, 0.06688296, 0.99762106), (-0.017418291, 0.013095733, 0.99976254), (-0.16288263, 0.011853824, 0.9865743), (-0.16821675, -0.027610883, 0.9853633), (-0.056534387, 0.03988564, 0.99760365), (-0.16288263, 0.011853824, 0.9865743), (-0.13816375, 0.015930722, 0.9902812), (-0.10720702, 0.008072447, 0.994204), (-0.16821675, -0.027610883, 0.9853633), (-0.13816375, 0.015930722, 0.9902812), (0.033134036, 0.01963205, 0.99925804), (0.038378574, 0.08391321, 0.9957337), (-0.10720702, 0.008072447, 0.994204), (0.033134036, 0.01963205, 0.99925804), (0.024750028, 0.029303234, 0.9992641), (-0.0035378516, 0.042428404, 0.99909323), (0.038378574, 0.08391321, 0.9957337), (0.024750028, 0.029303234, 0.9992641), (-0.13498579, 0.025228303, 0.9905263), (-0.14280921, -0.03350903, 0.98918283), (-0.0035378516, 0.042428404, 0.99909323), (-0.13498579, 0.025228303, 0.9905263), (-0.1112323, 0.0033973518, 0.99378854), (-0.09111804, 0.015896296, 0.99571323), (-0.14280921, -0.03350903, 0.98918283), (-0.1112323, 0.0033973518, 0.99378854), (0.06109055, 0.013569621, 0.9980399), (0.07126476, 0.09453952, 0.9929671), (-0.09111804, 0.015896296, 0.99571323), (0.06109055, 0.013569621, 0.9980399), (0.04961527, 0.049470376, 0.99754244), (0.034183513, 0.042084977, 0.9985291), (0.07126476, 0.09453952, 0.9929671), (0.04961527, 0.049470376, 0.99754244), (-0.11081589, 0.03648916, 0.99317086), (-0.124442376, -0.032623347, 0.9916904), (0.034183513, 0.042084977, 0.9985291), (-0.11081589, 0.03648916, 0.99317086), (-0.08853202, -0.011653591, 0.9960052), (-0.08009763, 0.02586548, 0.99645144), (-0.124442376, -0.032623347, 0.9916904), (-0.08853202, -0.011653591, 0.9960052), (0.07789589, 0.010303563, 0.99690825), (0.09582121, 0.09741453, 0.9906203), (-0.08009763, 0.02586548, 0.99645144), (0.07789589, 0.010303563, 0.99690825), (0.068145975, 0.070714615, 0.9951661), (0.064404465, 0.040142138, 0.9971162), (0.09582121, 0.09741453, 0.9906203), (0.068145975, 0.070714615, 0.9951661), (-0.0837529, 0.04385394, 0.9955211), (-0.10689835, -0.024488062, 0.99396837), (0.064404465, 0.040142138, 0.9971162), (-0.0837529, 0.04385394, 0.9955211), (-0.0664156, -0.026548892, 0.9974388), (-0.06796022, 0.03582937, 0.99704444), (-0.10689835, -0.024488062, 0.99396837), (-0.0664156, -0.026548892, 0.9974388), (0.08799704, 0.010564346, 0.9960647), (0.116231956, 0.09256519, 0.9888993), (-0.06796022, 0.03582937, 0.99704444), (0.08799704, 0.010564346, 0.9960647), (0.0854127, 0.089549586, 0.99231327), (0.08983669, 0.037788715, 0.99523944), (0.116231956, 0.09256519, 0.9888993), (0.0854127, 0.089549586, 0.99231327), (-0.05104339, 0.04659261, 0.997609), (-0.0865789, -0.010596952, 0.9961886), (0.08983669, 0.037788715, 0.99523944), (-0.05104339, 0.04659261, 0.997609), (-0.04312863, -0.038702853, 0.99831957), (-0.051205605, 0.043417614, 0.9977439), (-0.0865789, -0.010596952, 0.9961886), (-0.04312863, -0.038702853, 0.99831957), (0.09502938, 0.013841844, 0.9953782), (0.13470602, 0.0814237, 0.9875345), (-0.051205605, 0.043417614, 0.9977439), (0.09502938, 0.013841844, 0.9953782), (0.105338365, 0.1024792, 0.98914194), (0.113089666, 0.035909336, 0.9929357), (0.13470602, 0.0814237, 0.9875345), (0.105338365, 0.1024792, 0.98914194), (-0.010737198, 0.04492247, 0.9989328), (-0.059411, 0.0060083224, 0.9982155), (0.113089666, 0.035909336, 0.9929357), (-0.010737198, 0.04492247, 0.9989328), (-0.015618046, -0.045949176, 0.9988217), (-0.026113022, 0.046714503, 0.9985669), (-0.059411, 0.0060083224, 0.9982155), (-0.015618046, -0.045949176, 0.9988217), (0.10479392, 0.018605467, 0.99431986), (0.1544446, 0.06627762, 0.9857759), (-0.026113022, 0.046714503, 0.9985669), (0.10479392, 0.018605467, 0.99431986), (0.13323435, 0.10640561, 0.9853561), (0.13940106, 0.03461428, 0.9896308), (0.1544446, 0.06627762, 0.9857759), (0.13323435, 0.10640561, 0.9853561), (0.041964114, 0.03970502, 0.9983299), (-0.017385725, 0.02129829, 0.99962205), (0.13940106, 0.03461428, 0.9896308), (0.041964114, 0.03970502, 0.9983299), (0.025957124, -0.04678114, 0.9985678), (0.016437747, 0.04469852, 0.99886525), (-0.017385725, 0.02129829, 0.99962205), (0.025957124, -0.04678114, 0.9985678), (0.13212784, 0.022319127, 0.9909814), (0.18618569, 0.049387082, 0.9812725), (0.016437747, 0.04469852, 0.99886525), (0.13212784, 0.022319127, 0.9909814), (0.18568978, 0.098223016, 0.9776869), (0.18640536, 0.032549683, 0.9819336), (0.18618569, 0.049387082, 0.9812725), (0.18568978, 0.098223016, 0.9776869), (0.13413605, 0.032242246, 0.9904382), (0.071502335, 0.030313032, 0.9969797), (0.18640536, 0.032549683, 0.9819336), (0.13413605, 0.032242246, 0.9904382), (0.13726094, -0.03978497, 0.98973566), (0.12861094, 0.03637116, 0.9910279), (0.071502335, 0.030313032, 0.9969797), (0.13726094, -0.03978497, 0.98973566), (0.28055996, 0.017320864, 0.9596802), (0.31895414, 0.030531438, 0.9472782), (0.12861094, 0.03637116, 0.9910279), (0.28055996, 0.017320864, 0.9596802), (0.67870444, 0.05400434, 0.7324232), (0.6947695, 0.01751406, 0.71901923), (0.31895414, 0.030531438, 0.9472782), (0.67870444, 0.05400434, 0.7324232), (0.9727532, 0.016277472, 0.23127079), (0.97059697, 0.0046794727, 0.24066521), (0.6947695, 0.01751406, 0.71901923), (-0.9736678, -0.0039478866, 0.22793701), (-0.65335536, 0.008240799, 0.7570065), (-0.61544096, 0.00923777, 0.78812885), (-0.97403646, 0.00051015115, 0.22639053), (-0.65335536, 0.008240799, 0.7570065), (-0.205301, 0.043841176, 0.97771645), (-0.18693309, 0.018424954, 0.9821999), (-0.61544096, 0.00923777, 0.78812885), (-0.205301, 0.043841176, 0.97771645), (-0.17377286, 0.031847384, 0.98427063), (-0.19018176, 0.027937045, 0.9813513), (-0.18693309, 0.018424954, 0.9821999), (-0.17377286, 0.031847384, 0.98427063), (-0.2261564, -0.017421756, 0.97393525), (-0.24289651, 0.03664484, 0.9693599), (-0.19018176, 0.027937045, 0.9813513), (-0.2261564, -0.017421756, 0.97393525), (-0.14784549, 0.0037432862, 0.98900336), (-0.12112285, 0.03372882, 0.9920643), (-0.24289651, 0.03664484, 0.9693599), (-0.14784549, 0.0037432862, 0.98900336), (-0.016703602, 0.06688296, 0.99762106), (-0.0009246532, 0.029047797, 0.9995776), (-0.12112285, 0.03372882, 0.9920643), (-0.016703602, 0.06688296, 0.99762106), (-0.056534387, 0.03988564, 0.99760365), (-0.082452305, 0.030894868, 0.996116), (-0.0009246532, 0.029047797, 0.9995776), (-0.056534387, 0.03988564, 0.99760365), (-0.16821675, -0.027610883, 0.9853633), (-0.17914072, 0.040384058, 0.98299426), (-0.082452305, 0.030894868, 0.996116), (-0.16821675, -0.027610883, 0.9853633), (-0.10720702, 0.008072447, 0.994204), (-0.07463752, 0.04241284, 0.9963083), (-0.17914072, 0.040384058, 0.98299426), (-0.10720702, 0.008072447, 0.994204), (0.038378574, 0.08391321, 0.9957337), (0.045061003, 0.036324758, 0.9983236), (-0.07463752, 0.04241284, 0.9963083), (0.038378574, 0.08391321, 0.9957337), (-0.0035378516, 0.042428404, 0.99909323), (-0.035417635, 0.032180764, 0.99885434), (0.045061003, 0.036324758, 0.9983236), (-0.0035378516, 0.042428404, 0.99909323), (-0.14280921, -0.03350903, 0.98918283), (-0.14351115, 0.04252415, 0.9887347), (-0.035417635, 0.032180764, 0.99885434), (-0.14280921, -0.03350903, 0.98918283), (-0.09111804, 0.015896296, 0.99571323), (-0.05626528, 0.04877044, 0.997224), (-0.14351115, 0.04252415, 0.9887347), (-0.09111804, 0.015896296, 0.99571323), (0.07126476, 0.09453952, 0.9929671), (0.06604556, 0.04162709, 0.9969479), (-0.05626528, 0.04877044, 0.997224), (0.07126476, 0.09453952, 0.9929671), (0.034183513, 0.042084977, 0.9985291), (0.0005980742, 0.033348378, 0.9994436), (0.06604556, 0.04162709, 0.9969479), (0.034183513, 0.042084977, 0.9985291), (-0.124442376, -0.032623347, 0.9916904), (-0.11288434, 0.04441777, 0.99261487), (0.0005980742, 0.033348378, 0.9994436), (-0.124442376, -0.032623347, 0.9916904), (-0.08009763, 0.02586548, 0.99645144), (-0.046994668, 0.053960133, 0.9974366), (-0.11288434, 0.04441777, 0.99261487), (-0.08009763, 0.02586548, 0.99645144), (0.09582121, 0.09741453, 0.9906203), (0.07803332, 0.045087006, 0.9959307), (-0.046994668, 0.053960133, 0.9974366), (0.09582121, 0.09741453, 0.9906203), (0.064404465, 0.040142138, 0.9971162), (0.033746444, 0.03398835, 0.9988523), (0.07803332, 0.045087006, 0.9959307), (0.064404465, 0.040142138, 0.9971162), (-0.10689835, -0.024488062, 0.99396837), (-0.08308216, 0.046244167, 0.99546915), (0.033746444, 0.03398835, 0.9988523), (-0.10689835, -0.024488062, 0.99396837), (-0.06796022, 0.03582937, 0.99704444), (-0.040669035, 0.058704358, 0.99744666), (-0.08308216, 0.046244167, 0.99546915), (-0.06796022, 0.03582937, 0.99704444), (0.116231956, 0.09256519, 0.9888993), (0.08721562, 0.0465951, 0.9950991), (-0.040669035, 0.058704358, 0.99744666), (0.116231956, 0.09256519, 0.9888993), (0.08983669, 0.037788715, 0.99523944), (0.06637653, 0.03323395, 0.99724096), (0.08721562, 0.0465951, 0.9950991), (0.08983669, 0.037788715, 0.99523944), (-0.0865789, -0.010596952, 0.9961886), (-0.052591242, 0.048016045, 0.997461), (0.06637653, 0.03323395, 0.99724096), (-0.0865789, -0.010596952, 0.9961886), (-0.051205605, 0.043417614, 0.9977439), (-0.03317217, 0.06313353, 0.99745363), (-0.052591242, 0.048016045, 0.997461), (-0.051205605, 0.043417614, 0.9977439), (0.13470602, 0.0814237, 0.9875345), (0.097666256, 0.04583693, 0.9941631), (-0.03317217, 0.06313353, 0.99745363), (0.13470602, 0.0814237, 0.9875345), (0.113089666, 0.035909336, 0.9929357), (0.09980607, 0.030435355, 0.99454135), (0.097666256, 0.04583693, 0.9941631), (0.113089666, 0.035909336, 0.9929357), (-0.059411, 0.0060083224, 0.9982155), (-0.01933468, 0.049607262, 0.99858165), (0.09980607, 0.030435355, 0.99454135), (-0.059411, 0.0060083224, 0.9982155), (-0.026113022, 0.046714503, 0.9985669), (-0.019439828, 0.06649359, 0.99759746), (-0.01933468, 0.049607262, 0.99858165), (-0.026113022, 0.046714503, 0.9985669), (0.1544446, 0.06627762, 0.9857759), (0.11410986, 0.04238336, 0.9925636), (-0.019439828, 0.06649359, 0.99759746), (0.1544446, 0.06627762, 0.9857759), (0.13940106, 0.03461428, 0.9896308), (0.13710374, 0.025512949, 0.9902281), (0.11410986, 0.04238336, 0.9925636), (0.13940106, 0.03461428, 0.9896308), (-0.017385725, 0.02129829, 0.99962205), (0.022914736, 0.050295558, 0.9984715), (0.13710374, 0.025512949, 0.9902281), (-0.017385725, 0.02129829, 0.99962205), (0.016437747, 0.04469852, 0.99886525), (0.011647526, 0.0669533, 0.9976881), (0.022914736, 0.050295558, 0.9984715), (0.016437747, 0.04469852, 0.99886525), (0.18618569, 0.049387082, 0.9812725), (0.14832446, 0.03582234, 0.9882897), (0.011647526, 0.0669533, 0.9976881), (0.18618569, 0.049387082, 0.9812725), (0.18640536, 0.032549683, 0.9819336), (0.19264817, 0.018731378, 0.98108906), (0.14832446, 0.03582234, 0.9882897), (0.18640536, 0.032549683, 0.9819336), (0.071502335, 0.030313032, 0.9969797), (0.10373707, 0.047293745, 0.9934797), (0.19264817, 0.018731378, 0.98108906), (0.071502335, 0.030313032, 0.9969797), (0.12861094, 0.03637116, 0.9910279), (0.11529502, 0.060263593, 0.99150157), (0.10373707, 0.047293745, 0.9934797), (0.12861094, 0.03637116, 0.9910279), (0.31895414, 0.030531438, 0.9472782), (0.29223266, 0.025263185, 0.9560135), (0.11529502, 0.060263593, 0.99150157), (0.31895414, 0.030531438, 0.9472782), (0.6947695, 0.01751406, 0.71901923), (0.66795194, 0.0015622395, 0.74420285), (0.29223266, 0.025263185, 0.9560135), (0.6947695, 0.01751406, 0.71901923), (0.97059697, 0.0046794727, 0.24066521), (0.97003466, 0.00019763569, 0.24296638), (0.66795194, 0.0015622395, 0.74420285), (-0.97403646, 0.00051015115, 0.22639053), (-0.61544096, 0.00923777, 0.78812885), (-0.6511422, 0.06197649, 0.756421), (-0.9717742, 0.019159507, 0.23513342), (-0.61544096, 0.00923777, 0.78812885), (-0.18693309, 0.018424954, 0.9821999), (-0.24837202, 0.015296237, 0.96854395), (-0.6511422, 0.06197649, 0.756421), (-0.18693309, 0.018424954, 0.9821999), (-0.19018176, 0.027937045, 0.9813513), (-0.16384065, -0.03132612, 0.9859893), (-0.24837202, 0.015296237, 0.96854395), (-0.19018176, 0.027937045, 0.9813513), (-0.24289651, 0.03664484, 0.9693599), (-0.16090833, 0.07015618, 0.98447275), (-0.16384065, -0.03132612, 0.9859893), (-0.24289651, 0.03664484, 0.9693599), (-0.12112285, 0.03372882, 0.9920643), (-0.15370148, 0.1289397, 0.9796685), (-0.16090833, 0.07015618, 0.98447275), (-0.12112285, 0.03372882, 0.9920643), (-0.0009246532, 0.029047797, 0.9995776), (-0.09095316, 0.022161875, 0.99560857), (-0.15370148, 0.1289397, 0.9796685), (-0.0009246532, 0.029047797, 0.9995776), (-0.082452305, 0.030894868, 0.996116), (-0.045948323, -0.03626928, 0.9982852), (-0.09095316, 0.022161875, 0.99560857), (-0.082452305, 0.030894868, 0.996116), (-0.17914072, 0.040384058, 0.98299426), (-0.08172662, 0.08361965, 0.99314076), (-0.045948323, -0.03626928, 0.9982852), (-0.17914072, 0.040384058, 0.98299426), (-0.07463752, 0.04241284, 0.9963083), (-0.11604713, 0.14239588, 0.98298347), (-0.08172662, 0.08361965, 0.99314076), (-0.07463752, 0.04241284, 0.9963083), (0.045061003, 0.036324758, 0.9983236), (-0.05432686, 0.020260753, 0.99831766), (-0.11604713, 0.14239588, 0.98298347), (0.045061003, 0.036324758, 0.9983236), (-0.035417635, 0.032180764, 0.99885434), (0.00939109, -0.034311093, 0.99936706), (-0.05432686, 0.020260753, 0.99831766), (-0.035417635, 0.032180764, 0.99885434), (-0.14351115, 0.04252415, 0.9887347), (-0.04093474, 0.09307989, 0.99481684), (0.00939109, -0.034311093, 0.99936706), (-0.14351115, 0.04252415, 0.9887347), (-0.05626528, 0.04877044, 0.997224), (-0.10407054, 0.14365199, 0.98414093), (-0.04093474, 0.09307989, 0.99481684), (-0.05626528, 0.04877044, 0.997224), (0.06604556, 0.04162709, 0.9969479), (-0.033879038, 0.017518781, 0.9992724), (-0.10407054, 0.14365199, 0.98414093), (0.06604556, 0.04162709, 0.9969479), (0.0005980742, 0.033348378, 0.9994436), (0.050831255, -0.026734987, 0.9983494), (-0.033879038, 0.017518781, 0.9992724), (0.0005980742, 0.033348378, 0.9994436), (-0.11288434, 0.04441777, 0.99261487), (-0.01294025, 0.098299965, 0.9950727), (0.050831255, -0.026734987, 0.9983494), (-0.11288434, 0.04441777, 0.99261487), (-0.046994668, 0.053960133, 0.9974366), (-0.09825844, 0.13601609, 0.9858219), (-0.01294025, 0.098299965, 0.9950727), (-0.046994668, 0.053960133, 0.9974366), (0.07803332, 0.045087006, 0.9959307), (-0.01581409, 0.016172519, 0.9997442), (-0.09825844, 0.13601609, 0.9858219), (0.07803332, 0.045087006, 0.9959307), (0.033746444, 0.03398835, 0.9988523), (0.08554194, -0.014542798, 0.9962284), (-0.01581409, 0.016172519, 0.9997442), (0.033746444, 0.03398835, 0.9988523), (-0.08308216, 0.046244167, 0.99546915), (0.0076689217, 0.098378874, 0.9951195), (0.08554194, -0.014542798, 0.9962284), (-0.08308216, 0.046244167, 0.99546915), (-0.040669035, 0.058704358, 0.99744666), (-0.09168181, 0.121690705, 0.98832476), (0.0076689217, 0.098378874, 0.9951195), (-0.040669035, 0.058704358, 0.99744666), (0.08721562, 0.0465951, 0.9950991), (0.004223236, 0.01759384, 0.99983627), (-0.09168181, 0.121690705, 0.98832476), (0.08721562, 0.0465951, 0.9950991), (0.06637653, 0.03323395, 0.99724096), (0.11518032, 0.00057537004, 0.9933445), (0.004223236, 0.01759384, 0.99983627), (0.06637653, 0.03323395, 0.99724096), (-0.052591242, 0.048016045, 0.997461), (0.024068361, 0.09255911, 0.9954163), (0.11518032, 0.00057537004, 0.9933445), (-0.052591242, 0.048016045, 0.997461), (-0.03317217, 0.06313353, 0.99745363), (-0.07966025, 0.10309332, 0.9914767), (0.024068361, 0.09255911, 0.9954163), (-0.03317217, 0.06313353, 0.99745363), (0.097666256, 0.04583693, 0.9941631), (0.028309844, 0.022400934, 0.99934816), (-0.07966025, 0.10309332, 0.9914767), (0.097666256, 0.04583693, 0.9941631), (0.09980607, 0.030435355, 0.99454135), (0.1408502, 0.016078595, 0.98990035), (0.028309844, 0.022400934, 0.99934816), (0.09980607, 0.030435355, 0.99454135), (-0.01933468, 0.049607262, 0.99858165), (0.040508613, 0.08066564, 0.9959177), (0.1408502, 0.016078595, 0.98990035), (-0.01933468, 0.049607262, 0.99858165), (-0.019439828, 0.06649359, 0.99759746), (-0.057096522, 0.0829177, 0.9949194), (0.040508613, 0.08066564, 0.9959177), (-0.019439828, 0.06649359, 0.99759746), (0.11410986, 0.04238336, 0.9925636), (0.059143946, 0.030183576, 0.997793), (-0.057096522, 0.0829177, 0.9949194), (0.11410986, 0.04238336, 0.9925636), (0.13710374, 0.025512949, 0.9902281), (0.16602679, 0.028728567, 0.9857027), (0.059143946, 0.030183576, 0.997793), (0.13710374, 0.025512949, 0.9902281), (0.022914736, 0.050295558, 0.9984715), (0.06545028, 0.063277185, 0.9958475), (0.16602679, 0.028728567, 0.9857027), (0.022914736, 0.050295558, 0.9984715), (0.011647526, 0.0669533, 0.9976881), (-0.013734162, 0.063494734, 0.9978877), (0.06545028, 0.063277185, 0.9958475), (0.011647526, 0.0669533, 0.9976881), (0.14832446, 0.03582234, 0.9882897), (0.1067226, 0.038855933, 0.9935293), (-0.013734162, 0.063494734, 0.9978877), (0.14832446, 0.03582234, 0.9882897), (0.19264817, 0.018731378, 0.98108906), (0.20618013, 0.03485813, 0.977893), (0.1067226, 0.038855933, 0.9935293), (0.19264817, 0.018731378, 0.98108906), (0.10373707, 0.047293745, 0.9934797), (0.12958275, 0.041397665, 0.990704), (0.20618013, 0.03485813, 0.977893), (0.10373707, 0.047293745, 0.9934797), (0.11529502, 0.060263593, 0.99150157), (0.10285003, 0.04438587, 0.99370605), (0.12958275, 0.041397665, 0.990704), (0.11529502, 0.060263593, 0.99150157), (0.29223266, 0.025263185, 0.9560135), (0.2608911, 0.04078652, 0.96450627), (0.10285003, 0.04438587, 0.99370605), (0.29223266, 0.025263185, 0.9560135), (0.66795194, 0.0015622395, 0.74420285), (0.6711937, 0.023175074, 0.7409196), (0.2608911, 0.04078652, 0.96450627), (0.66795194, 0.0015622395, 0.74420285), (0.97003466, 0.00019763569, 0.24296638), (0.96963304, 0.0033604994, 0.2445413), (0.6711937, 0.023175074, 0.7409196), (-0.9717742, 0.019159507, 0.23513342), (-0.6511422, 0.06197649, 0.756421), (-0.68200094, 0.036188632, 0.7304554), (-0.96861863, 0.009476601, 0.24837081), (-0.6511422, 0.06197649, 0.756421), (-0.24837202, 0.015296237, 0.96854395), (-0.3082261, 0.048715208, 0.950065), (-0.68200094, 0.036188632, 0.7304554), (-0.24837202, 0.015296237, 0.96854395), (-0.16384065, -0.03132612, 0.9859893), (-0.13310538, 0.051473312, 0.98976433), (-0.3082261, 0.048715208, 0.950065), (-0.16384065, -0.03132612, 0.9859893), (-0.16090833, 0.07015618, 0.98447275), (-0.07637929, 0.058103517, 0.99538445), (-0.13310538, 0.051473312, 0.98976433), (-0.16090833, 0.07015618, 0.98447275), (-0.15370148, 0.1289397, 0.9796685), (-0.17783307, 0.06035111, 0.9822084), (-0.07637929, 0.058103517, 0.99538445), (-0.15370148, 0.1289397, 0.9796685), (-0.09095316, 0.022161875, 0.99560857), (-0.16448349, 0.069274954, 0.98394424), (-0.17783307, 0.06035111, 0.9822084), (-0.09095316, 0.022161875, 0.99560857), (-0.045948323, -0.03626928, 0.9982852), (-0.008978918, 0.07491161, 0.99714977), (-0.16448349, 0.069274954, 0.98394424), (-0.045948323, -0.03626928, 0.9982852), (-0.08172662, 0.08361965, 0.99314076), (-0.008816887, 0.061041925, 0.9980962), (-0.008978918, 0.07491161, 0.99714977), (-0.08172662, 0.08361965, 0.99314076), (-0.11604713, 0.14239588, 0.98298347), (-0.14932708, 0.054298095, 0.9872959), (-0.008816887, 0.061041925, 0.9980962), (-0.11604713, 0.14239588, 0.98298347), (-0.05432686, 0.020260753, 0.99831766), (-0.1129862, 0.08205275, 0.99020267), (-0.14932708, 0.054298095, 0.9872959), (-0.05432686, 0.020260753, 0.99831766), (0.00939109, -0.034311093, 0.99936706), (0.048655137, 0.0917038, 0.9945969), (-0.1129862, 0.08205275, 0.99020267), (0.00939109, -0.034311093, 0.99936706), (-0.04093474, 0.09307989, 0.99481684), (0.008157056, 0.056420054, 0.9983738), (0.048655137, 0.0917038, 0.9945969), (-0.04093474, 0.09307989, 0.99481684), (-0.10407054, 0.14365199, 0.98414093), (-0.13868351, 0.045045823, 0.98931175), (0.008157056, 0.056420054, 0.9983738), (-0.10407054, 0.14365199, 0.98414093), (-0.033879038, 0.017518781, 0.9992724), (-0.069185115, 0.09257192, 0.9932995), (-0.13868351, 0.045045823, 0.98931175), (-0.033879038, 0.017518781, 0.9992724), (0.050831255, -0.026734987, 0.9983494), (0.08516421, 0.10312003, 0.99101627), (-0.069185115, 0.09257192, 0.9932995), (0.050831255, -0.026734987, 0.9983494), (-0.01294025, 0.098299965, 0.9950727), (0.008110921, 0.047195524, 0.9988527), (0.08516421, 0.10312003, 0.99101627), (-0.01294025, 0.098299965, 0.9950727), (-0.09825844, 0.13601609, 0.9858219), (-0.12555085, 0.03536292, 0.99145675), (0.008110921, 0.047195524, 0.9988527), (-0.09825844, 0.13601609, 0.9858219), (-0.01581409, 0.016172519, 0.9997442), (-0.025361145, 0.1015501, 0.99450713), (-0.12555085, 0.03536292, 0.99145675), (-0.01581409, 0.016172519, 0.9997442), (0.08554194, -0.014542798, 0.9962284), (0.10673343, 0.109579906, 0.9882308), (-0.025361145, 0.1015501, 0.99450713), (0.08554194, -0.014542798, 0.9962284), (0.0076689217, 0.098378874, 0.9951195), (0.0020491343, 0.034768354, 0.9993933), (0.10673343, 0.109579906, 0.9882308), (0.0076689217, 0.098378874, 0.9951195), (-0.09168181, 0.121690705, 0.98832476), (-0.10316918, 0.026527284, 0.99431), (0.0020491343, 0.034768354, 0.9993933), (-0.09168181, 0.121690705, 0.98832476), (0.004223236, 0.01759384, 0.99983627), (0.018156914, 0.10919276, 0.99385476), (-0.10316918, 0.026527284, 0.99431), (0.004223236, 0.01759384, 0.99983627), (0.11518032, 0.00057537004, 0.9933445), (0.11591905, 0.11128484, 0.98700476), (0.018156914, 0.10919276, 0.99385476), (0.11518032, 0.00057537004, 0.9933445), (0.024068361, 0.09255911, 0.9954163), (-0.0023285977, 0.02023837, 0.99979246), (0.11591905, 0.11128484, 0.98700476), (0.024068361, 0.09255911, 0.9954163), (-0.07966025, 0.10309332, 0.9914767), (-0.06879062, 0.019608026, 0.9974384), (-0.0023285977, 0.02023837, 0.99979246), (-0.07966025, 0.10309332, 0.9914767), (0.028309844, 0.022400934, 0.99934816), (0.059471697, 0.115264736, 0.9915529), (-0.06879062, 0.019608026, 0.9974384), (0.028309844, 0.022400934, 0.99934816), (0.1408502, 0.016078595, 0.98990035), (0.1167102, 0.10800215, 0.98727614), (0.059471697, 0.115264736, 0.9915529), (0.1408502, 0.016078595, 0.98990035), (0.040508613, 0.08066564, 0.9959177), (0.002375921, 0.005112543, 0.9999841), (0.1167102, 0.10800215, 0.98727614), (0.040508613, 0.08066564, 0.9959177), (-0.057096522, 0.0829177, 0.9949194), (-0.021159956, 0.015598416, 0.9996545), (0.002375921, 0.005112543, 0.9999841), (-0.057096522, 0.0829177, 0.9949194), (0.059143946, 0.030183576, 0.997793), (0.09837006, 0.11842397, 0.9880785), (-0.021159956, 0.015598416, 0.9996545), (0.059143946, 0.030183576, 0.997793), (0.16602679, 0.028728567, 0.9857027), (0.11727936, 0.099127784, 0.9881393), (0.09837006, 0.11842397, 0.9880785), (0.16602679, 0.028728567, 0.9857027), (0.06545028, 0.063277185, 0.9958475), (0.02599599, -0.008248854, 0.999628), (0.11727936, 0.099127784, 0.9881393), (0.06545028, 0.063277185, 0.9958475), (-0.013734162, 0.063494734, 0.9978877), (0.044127557, 0.0146997105, 0.99891776), (0.02599599, -0.008248854, 0.999628), (-0.013734162, 0.063494734, 0.9978877), (0.1067226, 0.038855933, 0.9935293), (0.14352623, 0.11505567, 0.98293555), (0.044127557, 0.0146997105, 0.99891776), (0.1067226, 0.038855933, 0.9935293), (0.20618013, 0.03485813, 0.977893), (0.14002132, 0.083875015, 0.98658955), (0.14352623, 0.11505567, 0.98293555), (0.20618013, 0.03485813, 0.977893), (0.12958275, 0.041397665, 0.990704), (0.098525986, -0.016469112, 0.9949982), (0.14002132, 0.083875015, 0.98658955), (0.12958275, 0.041397665, 0.990704), (0.10285003, 0.04438587, 0.99370605), (0.16823485, 0.013490283, 0.98565465), (0.098525986, -0.016469112, 0.9949982), (0.10285003, 0.04438587, 0.99370605), (0.2608911, 0.04078652, 0.96450627), (0.28583393, 0.09196255, 0.9538563), (0.16823485, 0.013490283, 0.98565465), (0.2608911, 0.04078652, 0.96450627), (0.6711937, 0.023175074, 0.7409196), (0.63786274, 0.06732792, 0.7672015), (0.28583393, 0.09196255, 0.9538563), (0.6711937, 0.023175074, 0.7409196), (0.96963304, 0.0033604994, 0.2445413), (0.9684526, 0.006650508, 0.24910957), (0.63786274, 0.06732792, 0.7672015), (-0.96861863, 0.009476601, 0.24837081), (-0.68200094, 0.036188632, 0.7304554), (-0.6541232, 0.02700769, 0.7559057), (-0.9666428, 0.006647177, 0.25604197), (-0.68200094, 0.036188632, 0.7304554), (-0.3082261, 0.048715208, 0.950065), (-0.29584402, 0.052866284, 0.95377225), (-0.6541232, 0.02700769, 0.7559057), (-0.3082261, 0.048715208, 0.950065), (-0.13310538, 0.051473312, 0.98976433), (-0.115676895, 0.07638816, 0.99034524), (-0.29584402, 0.052866284, 0.95377225), (-0.13310538, 0.051473312, 0.98976433), (-0.07637929, 0.058103517, 0.99538445), (-0.08865408, 0.075180806, 0.99322116), (-0.115676895, 0.07638816, 0.99034524), (-0.07637929, 0.058103517, 0.99538445), (-0.17783307, 0.06035111, 0.9822084), (-0.18630987, 0.065965444, 0.980274), (-0.08865408, 0.075180806, 0.99322116), (-0.17783307, 0.06035111, 0.9822084), (-0.16448349, 0.069274954, 0.98394424), (-0.13529703, 0.07546522, 0.987927), (-0.18630987, 0.065965444, 0.980274), (-0.16448349, 0.069274954, 0.98394424), (-0.008978918, 0.07491161, 0.99714977), (0.0011783951, 0.08505578, 0.9963755), (-0.13529703, 0.07546522, 0.987927), (-0.008978918, 0.07491161, 0.99714977), (-0.008816887, 0.061041925, 0.9980962), (-0.04501085, 0.08100999, 0.9956964), (0.0011783951, 0.08505578, 0.9963755), (-0.008816887, 0.061041925, 0.9980962), (-0.14932708, 0.054298095, 0.9872959), (-0.14950861, 0.079063416, 0.98559433), (-0.04501085, 0.08100999, 0.9956964), (-0.14932708, 0.054298095, 0.9872959), (-0.1129862, 0.08205275, 0.99020267), (-0.06450668, 0.08646186, 0.9941645), (-0.14950861, 0.079063416, 0.98559433), (-0.1129862, 0.08205275, 0.99020267), (0.048655137, 0.0917038, 0.9945969), (0.043717794, 0.08469861, 0.99544704), (-0.06450668, 0.08646186, 0.9941645), (0.048655137, 0.0917038, 0.9945969), (0.008157056, 0.056420054, 0.9983738), (-0.04719182, 0.08262518, 0.9954627), (0.043717794, 0.08469861, 0.99544704), (0.008157056, 0.056420054, 0.9983738), (-0.13868351, 0.045045823, 0.98931175), (-0.12193211, 0.08645728, 0.9887657), (-0.04719182, 0.08262518, 0.9954627), (-0.13868351, 0.045045823, 0.98931175), (-0.069185115, 0.09257192, 0.9932995), (-0.005210816, 0.09010264, 0.99591887), (-0.12193211, 0.08645728, 0.9887657), (-0.069185115, 0.09257192, 0.9932995), (0.08516421, 0.10312003, 0.99101627), (0.05953009, 0.082093254, 0.99484515), (-0.005210816, 0.09010264, 0.99591887), (0.08516421, 0.10312003, 0.99101627), (0.008110921, 0.047195524, 0.9988527), (-0.05960645, 0.0830776, 0.99475884), (0.05953009, 0.082093254, 0.99484515), (0.008110921, 0.047195524, 0.9988527), (-0.12555085, 0.03536292, 0.99145675), (-0.08755626, 0.08831025, 0.9922375), (-0.05960645, 0.0830776, 0.99475884), (-0.12555085, 0.03536292, 0.99145675), (-0.025361145, 0.1015501, 0.99450713), (0.046974607, 0.088463016, 0.99497116), (-0.08755626, 0.08831025, 0.9922375), (-0.025361145, 0.1015501, 0.99450713), (0.10673343, 0.109579906, 0.9882308), (0.058630962, 0.07982356, 0.99508315), (0.046974607, 0.088463016, 0.99497116), (0.10673343, 0.109579906, 0.9882308), (0.0020491343, 0.034768354, 0.9993933), (-0.069858804, 0.082223915, 0.9941625), (0.058630962, 0.07982356, 0.99508315), (0.0020491343, 0.034768354, 0.9993933), (-0.10316918, 0.026527284, 0.99431), (-0.044214755, 0.08519966, 0.99538237), (-0.069858804, 0.082223915, 0.9941625), (-0.10316918, 0.026527284, 0.99431), (0.018156914, 0.10919276, 0.99385476), (0.09023305, 0.0839616, 0.99237514), (-0.044214755, 0.08519966, 0.99538237), (0.018156914, 0.10919276, 0.99385476), (0.11591905, 0.11128484, 0.98700476), (0.04779279, 0.07811442, 0.99579823), (0.09023305, 0.0839616, 0.99237514), (0.11591905, 0.11128484, 0.98700476), (-0.0023285977, 0.02023837, 0.99979246), (-0.070334814, 0.07923081, 0.9943719), (0.04779279, 0.07811442, 0.99579823), (-0.0023285977, 0.02023837, 0.99979246), (-0.06879062, 0.019608026, 0.9974384), (0.0065533323, 0.078785904, 0.99687004), (-0.070334814, 0.07923081, 0.9943719), (-0.06879062, 0.019608026, 0.9974384), (0.059471697, 0.115264736, 0.9915529), (0.123125404, 0.07852917, 0.9892792), (0.0065533323, 0.078785904, 0.99687004), (0.059471697, 0.115264736, 0.9915529), (0.1167102, 0.10800215, 0.98727614), (0.03453617, 0.07559315, 0.9965404), (0.123125404, 0.07852917, 0.9892792), (0.1167102, 0.10800215, 0.98727614), (0.002375921, 0.005112543, 0.9999841), (-0.055234864, 0.07368042, 0.9957511), (0.03453617, 0.07559315, 0.9965404), (0.002375921, 0.005112543, 0.9999841), (-0.021159956, 0.015598416, 0.9996545), (0.06280197, 0.07116291, 0.9954857), (-0.055234864, 0.07368042, 0.9957511), (-0.021159956, 0.015598416, 0.9996545), (0.09837006, 0.11842397, 0.9880785), (0.14761178, 0.0726591, 0.9863728), (0.06280197, 0.07116291, 0.9954857), (0.09837006, 0.11842397, 0.9880785), (0.11727936, 0.099127784, 0.9881393), (0.02948942, 0.07018223, 0.9970982), (0.14761178, 0.0726591, 0.9863728), (0.11727936, 0.099127784, 0.9881393), (0.02599599, -0.008248854, 0.999628), (-0.017411822, 0.0657315, 0.99768543), (0.02948942, 0.07018223, 0.9970982), (0.02599599, -0.008248854, 0.999628), (0.044127557, 0.0146997105, 0.99891776), (0.12666918, 0.06359039, 0.98990464), (-0.017411822, 0.0657315, 0.99768543), (0.044127557, 0.0146997105, 0.99891776), (0.14352623, 0.11505567, 0.98293555), (0.1753777, 0.064836554, 0.98236394), (0.12666918, 0.06359039, 0.98990464), (0.14352623, 0.11505567, 0.98293555), (0.14002132, 0.083875015, 0.98658955), (0.057369474, 0.05955051, 0.99657536), (0.1753777, 0.064836554, 0.98236394), (0.14002132, 0.083875015, 0.98658955), (0.098525986, -0.016469112, 0.9949982), (0.0700367, 0.054647014, 0.9960464), (0.057369474, 0.05955051, 0.99657536), (0.098525986, -0.016469112, 0.9949982), (0.16823485, 0.013490283, 0.98565465), (0.23372857, 0.053502798, 0.97082865), (0.0700367, 0.054647014, 0.9960464), (0.16823485, 0.013490283, 0.98565465), (0.28583393, 0.09196255, 0.9538563), (0.29958114, 0.04854353, 0.9528351), (0.23372857, 0.053502798, 0.97082865), (0.28583393, 0.09196255, 0.9538563), (0.63786274, 0.06732792, 0.7672015), (0.63619894, 0.023733241, 0.7711599), (0.29958114, 0.04854353, 0.9528351), (0.63786274, 0.06732792, 0.7672015), (0.9684526, 0.006650508, 0.24910957), (0.9674499, 0.0018978098, 0.25305554), (0.63619894, 0.023733241, 0.7711599), (-0.9666428, 0.006647177, 0.25604197), (-0.6541232, 0.02700769, 0.7559057), (-0.6590452, 0.036986224, 0.75119334), (-0.96476614, 0.007960939, 0.26298848), (-0.6541232, 0.02700769, 0.7559057), (-0.29584402, 0.052866284, 0.95377225), (-0.2690598, 0.062015753, 0.9611248), (-0.6590452, 0.036986224, 0.75119334), (-0.29584402, 0.052866284, 0.95377225), (-0.115676895, 0.07638816, 0.99034524), (-0.094256505, 0.07696793, 0.99256825), (-0.2690598, 0.062015753, 0.9611248), (-0.115676895, 0.07638816, 0.99034524), (-0.08865408, 0.075180806, 0.99322116), (-0.09792102, 0.08750413, 0.9913398), (-0.094256505, 0.07696793, 0.99256825), (-0.08865408, 0.075180806, 0.99322116), (-0.18630987, 0.065965444, 0.980274), (-0.1967492, 0.08479433, 0.97678024), (-0.09792102, 0.08750413, 0.9913398), (-0.18630987, 0.065965444, 0.980274), (-0.13529703, 0.07546522, 0.987927), (-0.11335981, 0.07523003, 0.9907018), (-0.1967492, 0.08479433, 0.97678024), (-0.13529703, 0.07546522, 0.987927), (0.0011783951, 0.08505578, 0.9963755), (0.022636844, 0.08707985, 0.9959441), (-0.11335981, 0.07523003, 0.9907018), (0.0011783951, 0.08505578, 0.9963755), (-0.04501085, 0.08100999, 0.9956964), (-0.05623933, 0.108287506, 0.99252754), (0.022636844, 0.08707985, 0.9959441), (-0.04501085, 0.08100999, 0.9956964), (-0.14950861, 0.079063416, 0.98559433), (-0.16662787, 0.10068593, 0.98086566), (-0.05623933, 0.108287506, 0.99252754), (-0.14950861, 0.079063416, 0.98559433), (-0.06450668, 0.08646186, 0.9941645), (-0.046642937, 0.074403696, 0.99613684), (-0.16662787, 0.10068593, 0.98086566), (-0.06450668, 0.08646186, 0.9941645), (0.043717794, 0.08469861, 0.99544704), (0.06717483, 0.089768805, 0.9936947), (-0.046642937, 0.074403696, 0.99613684), (0.043717794, 0.08469861, 0.99544704), (-0.04719182, 0.08262518, 0.9954627), (-0.056800034, 0.124764666, 0.99055916), (0.06717483, 0.089768805, 0.9936947), (-0.04719182, 0.08262518, 0.9954627), (-0.12193211, 0.08645728, 0.9887657), (-0.14460231, 0.10935606, 0.9834284), (-0.056800034, 0.124764666, 0.99055916), (-0.12193211, 0.08645728, 0.9887657), (-0.005210816, 0.09010264, 0.99591887), (0.0075249663, 0.06773201, 0.9976752), (-0.14460231, 0.10935606, 0.9834284), (-0.005210816, 0.09010264, 0.99591887), (0.05953009, 0.082093254, 0.99484515), (0.085797235, 0.09103297, 0.99214506), (0.0075249663, 0.06773201, 0.9976752), (0.05953009, 0.082093254, 0.99484515), (-0.05960645, 0.0830776, 0.99475884), (-0.066495575, 0.13805316, 0.98819005), (0.085797235, 0.09103297, 0.99214506), (-0.05960645, 0.0830776, 0.99475884), (-0.08755626, 0.08831025, 0.9922375), (-0.11517704, 0.11185232, 0.9870275), (-0.066495575, 0.13805316, 0.98819005), (-0.08755626, 0.08831025, 0.9922375), (0.046974607, 0.088463016, 0.99497116), (0.054425664, 0.058687836, 0.99679166), (-0.11517704, 0.11185232, 0.9870275), (0.046974607, 0.088463016, 0.99497116), (0.058630962, 0.07982356, 0.99508315), (0.08812025, 0.0924387, 0.9918114), (0.054425664, 0.058687836, 0.99679166), (0.058630962, 0.07982356, 0.99508315), (-0.069858804, 0.082223915, 0.9941625), (-0.074199684, 0.14701284, 0.98634756), (0.08812025, 0.0924387, 0.9918114), (-0.069858804, 0.082223915, 0.9941625), (-0.044214755, 0.08519966, 0.99538237), (-0.07591852, 0.10903567, 0.99113446), (-0.074199684, 0.14701284, 0.98634756), (-0.044214755, 0.08519966, 0.99538237), (0.09023305, 0.0839616, 0.99237514), (0.093355335, 0.04991549, 0.99438083), (-0.07591852, 0.10903567, 0.99113446), (0.09023305, 0.0839616, 0.99237514), (0.04779279, 0.07811442, 0.99579823), (0.08037676, 0.09371746, 0.992349), (0.093355335, 0.04991549, 0.99438083), (0.04779279, 0.07811442, 0.99579823), (-0.070334814, 0.07923081, 0.9943719), (-0.072976895, 0.15024678, 0.9859514), (0.08037676, 0.09371746, 0.992349), (-0.070334814, 0.07923081, 0.9943719), (0.0065533323, 0.078785904, 0.99687004), (-0.027984163, 0.102216646, 0.9943685), (-0.072976895, 0.15024678, 0.9859514), (0.0065533323, 0.078785904, 0.99687004), (0.123125404, 0.07852917, 0.9892792), (0.12355061, 0.043162256, 0.9913991), (-0.027984163, 0.102216646, 0.9943685), (0.123125404, 0.07852917, 0.9892792), (0.03453617, 0.07559315, 0.9965404), (0.06941024, 0.093554504, 0.9931917), (0.12355061, 0.043162256, 0.9913991), (0.03453617, 0.07559315, 0.9965404), (-0.055234864, 0.07368042, 0.9957511), (-0.05713238, 0.14671008, 0.98752826), (0.06941024, 0.093554504, 0.9931917), (-0.055234864, 0.07368042, 0.9957511), (0.06280197, 0.07116291, 0.9954857), (0.027032075, 0.092761375, 0.99532133), (-0.05713238, 0.14671008, 0.98752826), (0.06280197, 0.07116291, 0.9954857), (0.14761178, 0.0726591, 0.9863728), (0.14690466, 0.03888705, 0.988386), (0.027032075, 0.092761375, 0.99532133), (0.14761178, 0.0726591, 0.9863728), (0.02948942, 0.07018223, 0.9970982), (0.06497825, 0.0900758, 0.9938129), (0.14690466, 0.03888705, 0.988386), (0.02948942, 0.07018223, 0.9970982), (-0.017411822, 0.0657315, 0.99768543), (-0.019286549, 0.1356201, 0.99057317), (0.06497825, 0.0900758, 0.9938129), (-0.017411822, 0.0657315, 0.99768543), (0.12666918, 0.06359039, 0.98990464), (0.0917964, 0.08128185, 0.9924548), (-0.019286549, 0.1356201, 0.99057317), (0.12666918, 0.06359039, 0.98990464), (0.1753777, 0.064836554, 0.98236394), (0.17429917, 0.035815965, 0.98404115), (0.0917964, 0.08128185, 0.9924548), (0.1753777, 0.064836554, 0.98236394), (0.057369474, 0.05955051, 0.99657536), (0.09012458, 0.080306955, 0.99268746), (0.17429917, 0.035815965, 0.98404115), (0.057369474, 0.05955051, 0.99657536), (0.0700367, 0.054647014, 0.9960464), (0.067546934, 0.114573084, 0.99111575), (0.09012458, 0.080306955, 0.99268746), (0.0700367, 0.054647014, 0.9960464), (0.23372857, 0.053502798, 0.97082865), (0.20409508, 0.06552802, 0.97675556), (0.067546934, 0.114573084, 0.99111575), (0.23372857, 0.053502798, 0.97082865), (0.29958114, 0.04854353, 0.9528351), (0.29566363, 0.027976282, 0.95488244), (0.20409508, 0.06552802, 0.97675556), (0.29958114, 0.04854353, 0.9528351), (0.63619894, 0.023733241, 0.7711599), (0.6150188, 0.023513634, 0.78816175), (0.29566363, 0.027976282, 0.95488244), (0.63619894, 0.023733241, 0.7711599), (0.9674499, 0.0018978098, 0.25305554), (0.96628237, 0.0073886653, 0.2573787), (0.6150188, 0.023513634, 0.78816175), (-0.96476614, 0.007960939, 0.26298848), (-0.6590452, 0.036986224, 0.75119334), (-0.61502105, 0.07779957, 0.7846632), (-0.9624091, 0.00959976, 0.2714344), (-0.6590452, 0.036986224, 0.75119334), (-0.2690598, 0.062015753, 0.9611248), (-0.2695986, 0.12275476, 0.9551167), (-0.61502105, 0.07779957, 0.7846632), (-0.2690598, 0.062015753, 0.9611248), (-0.094256505, 0.07696793, 0.99256825), (-0.13982011, 0.07271948, 0.987503), (-0.2695986, 0.12275476, 0.9551167), (-0.094256505, 0.07696793, 0.99256825), (-0.09792102, 0.08750413, 0.9913398), (-0.08183289, 0.03595069, 0.9959974), (-0.13982011, 0.07271948, 0.987503), (-0.09792102, 0.08750413, 0.9913398), (-0.1967492, 0.08479433, 0.97678024), (-0.14135872, 0.11100768, 0.9837149), (-0.08183289, 0.03595069, 0.9959974), (-0.1967492, 0.08479433, 0.97678024), (-0.11335981, 0.07523003, 0.9907018), (-0.13091168, 0.15524167, 0.979164), (-0.14135872, 0.11100768, 0.9837149), (-0.11335981, 0.07523003, 0.9907018), (0.022636844, 0.08707985, 0.9959441), (-0.02522796, 0.085639305, 0.9960067), (-0.13091168, 0.15524167, 0.979164), (0.022636844, 0.08707985, 0.9959441), (-0.05623933, 0.108287506, 0.99252754), (-0.028655646, 0.05051443, 0.9983121), (-0.02522796, 0.085639305, 0.9960067), (-0.05623933, 0.108287506, 0.99252754), (-0.16662787, 0.10068593, 0.98086566), (-0.12013081, 0.12902737, 0.9843376), (-0.028655646, 0.05051443, 0.9983121), (-0.16662787, 0.10068593, 0.98086566), (-0.046642937, 0.074403696, 0.99613684), (-0.0767074, 0.16442326, 0.9834027), (-0.12013081, 0.12902737, 0.9843376), (-0.046642937, 0.074403696, 0.99613684), (0.06717483, 0.089768805, 0.9936947), (0.030205823, 0.09106479, 0.9953868), (-0.0767074, 0.16442326, 0.9834027), (0.06717483, 0.089768805, 0.9936947), (-0.056800034, 0.124764666, 0.99055916), (-0.021002509, 0.06478487, 0.99767816), (0.030205823, 0.09106479, 0.9953868), (-0.056800034, 0.124764666, 0.99055916), (-0.14460231, 0.10935606, 0.9834284), (-0.114165455, 0.13900276, 0.9836892), (-0.021002509, 0.06478487, 0.99767816), (-0.14460231, 0.10935606, 0.9834284), (0.0075249663, 0.06773201, 0.9976752), (-0.028878056, 0.16491729, 0.98588455), (-0.114165455, 0.13900276, 0.9836892), (0.0075249663, 0.06773201, 0.9976752), (0.085797235, 0.09103297, 0.99214506), (0.06540925, 0.09583717, 0.9932456), (-0.028878056, 0.16491729, 0.98588455), (0.085797235, 0.09103297, 0.99214506), (-0.066495575, 0.13805316, 0.98819005), (-0.0284448, 0.078354135, 0.9965197), (0.06540925, 0.09583717, 0.9932456), (-0.066495575, 0.13805316, 0.98819005), (-0.11517704, 0.11185232, 0.9870275), (-0.10429885, 0.14228624, 0.9843152), (-0.0284448, 0.078354135, 0.9965197), (-0.11517704, 0.11185232, 0.9870275), (0.054425664, 0.058687836, 0.99679166), (0.018211894, 0.1603368, 0.98689437), (-0.10429885, 0.14228624, 0.9843152), (0.054425664, 0.058687836, 0.99679166), (0.08812025, 0.0924387, 0.9918114), (0.08606343, 0.10132465, 0.99112386), (0.018211894, 0.1603368, 0.98689437), (0.08812025, 0.0924387, 0.9918114), (-0.074199684, 0.14701284, 0.98634756), (-0.040379457, 0.09017487, 0.995107), (0.08606343, 0.10132465, 0.99112386), (-0.074199684, 0.14701284, 0.98634756), (-0.07591852, 0.10903567, 0.99113446), (-0.08488324, 0.13959053, 0.98656446), (-0.040379457, 0.09017487, 0.995107), (-0.07591852, 0.10903567, 0.99113446), (0.093355335, 0.04991549, 0.99438083), (0.06329621, 0.15220624, 0.98631984), (-0.08488324, 0.13959053, 0.98656446), (0.093355335, 0.04991549, 0.99438083), (0.08037676, 0.09371746, 0.992349), (0.09533821, 0.107350595, 0.9896396), (0.06329621, 0.15220624, 0.98631984), (0.08037676, 0.09371746, 0.992349), (-0.072976895, 0.15024678, 0.9859514), (-0.049340293, 0.09931797, 0.99383175), (0.09533821, 0.107350595, 0.9896396), (-0.072976895, 0.15024678, 0.9859514), (-0.027984163, 0.102216646, 0.9943685), (-0.054373022, 0.1314604, 0.98982906), (-0.049340293, 0.09931797, 0.99383175), (-0.027984163, 0.102216646, 0.9943685), (0.12355061, 0.043162256, 0.9913991), (0.1043836, 0.14111517, 0.9844748), (-0.054373022, 0.1314604, 0.98982906), (0.12355061, 0.043162256, 0.9913991), (0.06941024, 0.093554504, 0.9931917), (0.09770398, 0.11292997, 0.98878753), (0.1043836, 0.14111517, 0.9844748), (0.06941024, 0.093554504, 0.9931917), (-0.05713238, 0.14671008, 0.98752826), (-0.04819925, 0.10482583, 0.9933219), (0.09770398, 0.11292997, 0.98878753), (-0.05713238, 0.14671008, 0.98752826), (0.027032075, 0.092761375, 0.99532133), (-0.01237948, 0.11823428, 0.99290854), (-0.04819925, 0.10482583, 0.9933219), (0.027032075, 0.092761375, 0.99532133), (0.14690466, 0.03888705, 0.988386), (0.14136533, 0.12699284, 0.9817784), (-0.01237948, 0.11823428, 0.99290854), (0.14690466, 0.03888705, 0.988386), (0.06497825, 0.0900758, 0.9938129), (0.100962095, 0.116238795, 0.9880765), (0.14136533, 0.12699284, 0.9817784), (0.06497825, 0.0900758, 0.9938129), (-0.019286549, 0.1356201, 0.99057317), (-0.027177118, 0.105155356, 0.9940844), (0.100962095, 0.116238795, 0.9880765), (-0.019286549, 0.1356201, 0.99057317), (0.0917964, 0.08128185, 0.9924548), (0.0451261, 0.09975925, 0.9939878), (-0.027177118, 0.105155356, 0.9940844), (0.0917964, 0.08128185, 0.9924548), (0.17429917, 0.035815965, 0.98404115), (0.18174672, 0.108570844, 0.9773334), (0.0451261, 0.09975925, 0.9939878), (0.17429917, 0.035815965, 0.98404115), (0.09012458, 0.080306955, 0.99268746), (0.12555966, 0.11324128, 0.985602), (0.18174672, 0.108570844, 0.9773334), (0.09012458, 0.080306955, 0.99268746), (0.067546934, 0.114573084, 0.99111575), (0.044163395, 0.096431546, 0.9943594), (0.12555966, 0.11324128, 0.985602), (0.067546934, 0.114573084, 0.99111575), (0.20409508, 0.06552802, 0.97675556), (0.15691015, 0.073424146, 0.98487973), (0.044163395, 0.096431546, 0.9943594), (0.20409508, 0.06552802, 0.97675556), (0.29566363, 0.027976282, 0.95488244), (0.3046074, 0.07667649, 0.9493867), (0.15691015, 0.073424146, 0.98487973), (0.29566363, 0.027976282, 0.95488244), (0.6150188, 0.023513634, 0.78816175), (0.64671063, 0.05995725, 0.76037526), (0.3046074, 0.07667649, 0.9493867), (0.6150188, 0.023513634, 0.78816175), (0.96628237, 0.0073886653, 0.2573787), (0.9631878, 0.014812585, 0.2684209), (0.64671063, 0.05995725, 0.76037526), (-0.9624091, 0.00959976, 0.2714344), (-0.61502105, 0.07779957, 0.7846632), (-0.6035713, 0.0587727, 0.7951399), (-0.9595048, 0.010542352, 0.28149483), (-0.61502105, 0.07779957, 0.7846632), (-0.2695986, 0.12275476, 0.9551167), (-0.27633113, 0.09014285, 0.9568257), (-0.6035713, 0.0587727, 0.7951399), (-0.2695986, 0.12275476, 0.9551167), (-0.13982011, 0.07271948, 0.987503), (-0.1926067, 0.08940322, 0.97719485), (-0.27633113, 0.09014285, 0.9568257), (-0.13982011, 0.07271948, 0.987503), (-0.08183289, 0.03595069, 0.9959974), (-0.05079525, 0.10935044, 0.9927046), (-0.1926067, 0.08940322, 0.97719485), (-0.08183289, 0.03595069, 0.9959974), (-0.14135872, 0.11100768, 0.9837149), (-0.06645329, 0.13429734, 0.98871034), (-0.05079525, 0.10935044, 0.9927046), (-0.14135872, 0.11100768, 0.9837149), (-0.13091168, 0.15524167, 0.979164), (-0.16436881, 0.1229943, 0.9787008), (-0.06645329, 0.13429734, 0.98871034), (-0.13091168, 0.15524167, 0.979164), (-0.02522796, 0.085639305, 0.9960067), (-0.095424786, 0.10063032, 0.99033713), (-0.16436881, 0.1229943, 0.9787008), (-0.02522796, 0.085639305, 0.9960067), (-0.028655646, 0.05051443, 0.9983121), (0.022359787, 0.12592113, 0.99178827), (-0.095424786, 0.10063032, 0.99033713), (-0.028655646, 0.05051443, 0.9983121), (-0.12013081, 0.12902737, 0.9843376), (-0.041928377, 0.16161436, 0.9859629), (0.022359787, 0.12592113, 0.99178827), (-0.12013081, 0.12902737, 0.9843376), (-0.0767074, 0.16442326, 0.9834027), (-0.13552466, 0.13835552, 0.98106617), (-0.041928377, 0.16161436, 0.9859629), (-0.0767074, 0.16442326, 0.9834027), (0.030205823, 0.09106479, 0.9953868), (-0.04041986, 0.10332434, 0.9938261), (-0.13552466, 0.13835552, 0.98106617), (0.030205823, 0.09106479, 0.9953868), (-0.021002509, 0.06478487, 0.99767816), (0.050567735, 0.13715588, 0.9892579), (-0.04041986, 0.10332434, 0.9938261), (-0.021002509, 0.06478487, 0.99767816), (-0.114165455, 0.13900276, 0.9836892), (-0.04362252, 0.18108219, 0.9825), (0.050567735, 0.13715588, 0.9892579), (-0.114165455, 0.13900276, 0.9836892), (-0.028878056, 0.16491729, 0.98588455), (-0.109007984, 0.14692964, 0.98312205), (-0.04362252, 0.18108219, 0.9825), (-0.028878056, 0.16491729, 0.98588455), (0.06540925, 0.09583717, 0.9932456), (0.0052681165, 0.103495866, 0.9946159), (-0.109007984, 0.14692964, 0.98312205), (0.06540925, 0.09583717, 0.9932456), (-0.0284448, 0.078354135, 0.9965197), (0.059188344, 0.14584027, 0.987536), (0.0052681165, 0.103495866, 0.9946159), (-0.0284448, 0.078354135, 0.9965197), (-0.10429885, 0.14228624, 0.9843152), (-0.05006835, 0.19504407, 0.9795157), (0.059188344, 0.14584027, 0.987536), (-0.10429885, 0.14228624, 0.9843152), (0.018211894, 0.1603368, 0.98689437), (-0.07574921, 0.15121846, 0.9855937), (-0.05006835, 0.19504407, 0.9795157), (0.018211894, 0.1603368, 0.98689437), (0.08606343, 0.10132465, 0.99112386), (0.043805182, 0.102004126, 0.993819), (-0.07574921, 0.15121846, 0.9855937), (0.08606343, 0.10132465, 0.99112386), (-0.040379457, 0.09017487, 0.995107), (0.055570867, 0.15205373, 0.9868088), (0.043805182, 0.102004126, 0.993819), (-0.040379457, 0.09017487, 0.995107), (-0.08488324, 0.13959053, 0.98656446), (-0.052245375, 0.20437628, 0.97749716), (0.055570867, 0.15205373, 0.9868088), (-0.08488324, 0.13959053, 0.98656446), (0.06329621, 0.15220624, 0.98631984), (-0.035029892, 0.15172422, 0.9878019), (-0.052245375, 0.20437628, 0.97749716), (0.06329621, 0.15220624, 0.98631984), (0.09533821, 0.107350595, 0.9896396), (0.07413772, 0.09856489, 0.9923652), (-0.035029892, 0.15172422, 0.9878019), (0.09533821, 0.107350595, 0.9896396), (-0.049340293, 0.09931797, 0.99383175), (0.045504928, 0.15547907, 0.98679054), (0.07413772, 0.09856489, 0.9923652), (-0.049340293, 0.09931797, 0.99383175), (-0.054373022, 0.1314604, 0.98982906), (-0.044412337, 0.20895632, 0.976916), (0.045504928, 0.15547907, 0.98679054), (-0.054373022, 0.1314604, 0.98982906), (0.1043836, 0.14111517, 0.9844748), (0.011268116, 0.14779794, 0.98895335), (-0.044412337, 0.20895632, 0.976916), (0.1043836, 0.14111517, 0.9844748), (0.09770398, 0.11292997, 0.98878753), (0.09623006, 0.09288533, 0.9910157), (0.011268116, 0.14779794, 0.98895335), (0.09770398, 0.11292997, 0.98878753), (-0.04819925, 0.10482583, 0.9933219), (0.03595233, 0.15552358, 0.9871777), (0.09623006, 0.09288533, 0.9910157), (-0.04819925, 0.10482583, 0.9933219), (-0.01237948, 0.11823428, 0.99290854), (-0.022113055, 0.2072513, 0.9780378), (0.03595233, 0.15552358, 0.9871777), (-0.01237948, 0.11823428, 0.99290854), (0.14136533, 0.12699284, 0.9817784), (0.061564296, 0.13829559, 0.9884757), (-0.022113055, 0.2072513, 0.9780378), (0.14136533, 0.12699284, 0.9817784), (0.100962095, 0.116238795, 0.9880765), (0.113871194, 0.08485913, 0.9898647), (0.061564296, 0.13829559, 0.9884757), (0.100962095, 0.116238795, 0.9880765), (-0.027177118, 0.105155356, 0.9940844), (0.037625246, 0.15042646, 0.987905), (0.113871194, 0.08485913, 0.9898647), (-0.027177118, 0.105155356, 0.9940844), (0.0451261, 0.09975925, 0.9939878), (0.021549884, 0.19573453, 0.9804201), (0.037625246, 0.15042646, 0.987905), (0.0451261, 0.09975925, 0.9939878), (0.18174672, 0.108570844, 0.9773334), (0.12076683, 0.1216597, 0.9851976), (0.021549884, 0.19573453, 0.9804201), (0.18174672, 0.108570844, 0.9773334), (0.12555966, 0.11324128, 0.985602), (0.14379726, 0.073324434, 0.9868869), (0.12076683, 0.1216597, 0.9851976), (0.12555966, 0.11324128, 0.985602), (0.044163395, 0.096431546, 0.9943594), (0.08131627, 0.13399042, 0.9876408), (0.14379726, 0.073324434, 0.9868869), (0.044163395, 0.096431546, 0.9943594), (0.15691015, 0.073424146, 0.98487973), (0.12622444, 0.16504908, 0.9781749), (0.08131627, 0.13399042, 0.9876408), (0.15691015, 0.073424146, 0.98487973), (0.3046074, 0.07667649, 0.9493867), (0.26384184, 0.09155829, 0.9602107), (0.12622444, 0.16504908, 0.9781749), (0.3046074, 0.07667649, 0.9493867), (0.64671063, 0.05995725, 0.76037526), (0.62260884, 0.024802478, 0.78214), (0.26384184, 0.09155829, 0.9602107), (0.64671063, 0.05995725, 0.76037526), (0.9631878, 0.014812585, 0.2684209), (0.96058047, 0.0036135535, 0.2779787), (0.62260884, 0.024802478, 0.78214), (-0.9595048, 0.010542352, 0.28149483), (-0.6035713, 0.0587727, 0.7951399), (-0.5685748, 0.050315514, 0.82109135), (-0.9573487, 0.0036306654, 0.2889125), (-0.6035713, 0.0587727, 0.7951399), (-0.27633113, 0.09014285, 0.9568257), (-0.2372105, 0.12743561, 0.96306354), (-0.5685748, 0.050315514, 0.82109135), (-0.27633113, 0.09014285, 0.9568257), (-0.1926067, 0.08940322, 0.97719485), (-0.19835123, 0.1692983, 0.9653988), (-0.2372105, 0.12743561, 0.96306354), (-0.1926067, 0.08940322, 0.97719485), (-0.05079525, 0.10935044, 0.9927046), (-0.07339585, 0.14137815, 0.98723114), (-0.19835123, 0.1692983, 0.9653988), (-0.05079525, 0.10935044, 0.9927046), (-0.06645329, 0.13429734, 0.98871034), (-0.0409408, 0.11713921, 0.99227124), (-0.07339585, 0.14137815, 0.98723114), (-0.06645329, 0.13429734, 0.98871034), (-0.16436881, 0.1229943, 0.9787008), (-0.13627571, 0.16269256, 0.9772206), (-0.0409408, 0.11713921, 0.99227124), (-0.16436881, 0.1229943, 0.9787008), (-0.095424786, 0.10063032, 0.99033713), (-0.11930082, 0.19853544, 0.97280574), (-0.13627571, 0.16269256, 0.9772206), (-0.095424786, 0.10063032, 0.99033713), (0.022359787, 0.12592113, 0.99178827), (0.009998407, 0.16702041, 0.98590267), (-0.11930082, 0.19853544, 0.97280574), (0.022359787, 0.12592113, 0.99178827), (-0.041928377, 0.16161436, 0.9859629), (-0.0051829596, 0.1413052, 0.9899525), (0.009998407, 0.16702041, 0.98590267), (-0.041928377, 0.16161436, 0.9859629), (-0.13552466, 0.13835552, 0.98106617), (-0.12565893, 0.17867242, 0.9758515), (-0.0051829596, 0.1413052, 0.9899525), (-0.13552466, 0.13835552, 0.98106617), (-0.04041986, 0.10332434, 0.9938261), (-0.07609212, 0.21039148, 0.9746514), (-0.12565893, 0.17867242, 0.9758515), (-0.04041986, 0.10332434, 0.9938261), (0.050567735, 0.13715588, 0.9892579), (0.056363974, 0.18295266, 0.9815047), (-0.07609212, 0.21039148, 0.9746514), (0.050567735, 0.13715588, 0.9892579), (-0.04362252, 0.18108219, 0.9825), (-0.00057603844, 0.15897097, 0.9872831), (0.056363974, 0.18295266, 0.9815047), (-0.04362252, 0.18108219, 0.9825), (-0.109007984, 0.14692964, 0.98312205), (-0.12175523, 0.18722908, 0.9747415), (-0.00057603844, 0.15897097, 0.9872831), (-0.109007984, 0.14692964, 0.98312205), (0.0052681165, 0.103495866, 0.9946159), (-0.035182875, 0.21544616, 0.97588176), (-0.12175523, 0.18722908, 0.9747415), (0.0052681165, 0.103495866, 0.9946159), (0.059188344, 0.14584027, 0.987536), (0.08567645, 0.19362716, 0.977327), (-0.035182875, 0.21544616, 0.97588176), (0.059188344, 0.14584027, 0.987536), (-0.05006835, 0.19504407, 0.9795157), (-0.008248821, 0.17155625, 0.9851398), (0.08567645, 0.19362716, 0.977327), (-0.05006835, 0.19504407, 0.9795157), (-0.07574921, 0.15121846, 0.9855937), (-0.112065956, 0.19137602, 0.97509813), (-0.008248821, 0.17155625, 0.9851398), (-0.07574921, 0.15121846, 0.9855937), (0.043805182, 0.102004126, 0.993819), (0.0062579545, 0.21600865, 0.9763714), (-0.112065956, 0.19137602, 0.97509813), (0.043805182, 0.102004126, 0.993819), (0.055570867, 0.15205373, 0.9868088), (0.10156847, 0.19975273, 0.974568), (0.0062579545, 0.21600865, 0.9763714), (0.055570867, 0.15205373, 0.9868088), (-0.052245375, 0.20437628, 0.97749716), (-0.019781573, 0.17955697, 0.98354864), (0.10156847, 0.19975273, 0.974568), (-0.052245375, 0.20437628, 0.97749716), (-0.035029892, 0.15172422, 0.9878019), (-0.09225557, 0.19189186, 0.9770703), (-0.019781573, 0.17955697, 0.98354864), (-0.035029892, 0.15172422, 0.9878019), (0.07413772, 0.09856489, 0.9923652), (0.046726957, 0.2121385, 0.97612184), (-0.09225557, 0.19189186, 0.9770703), (0.07413772, 0.09856489, 0.9923652), (0.045504928, 0.15547907, 0.98679054), (0.10659342, 0.20148353, 0.97367454), (0.046726957, 0.2121385, 0.97612184), (0.045504928, 0.15547907, 0.98679054), (-0.044412337, 0.20895632, 0.976916), (-0.028389554, 0.18324192, 0.98265785), (0.10659342, 0.20148353, 0.97367454), (-0.044412337, 0.20895632, 0.976916), (0.011268116, 0.14779794, 0.98895335), (-0.060971282, 0.18794999, 0.98028433), (-0.028389554, 0.18324192, 0.98265785), (0.011268116, 0.14779794, 0.98895335), (0.09623006, 0.09288533, 0.9910157), (0.08425782, 0.20305021, 0.97553635), (-0.060971282, 0.18794999, 0.98028433), (0.09623006, 0.09288533, 0.9910157), (0.03595233, 0.15552358, 0.9871777), (0.10497748, 0.19879444, 0.9744027), (0.08425782, 0.20305021, 0.97553635), (0.03595233, 0.15552358, 0.9871777), (-0.022113055, 0.2072513, 0.9780378), (-0.026994202, 0.18207225, 0.9829145), (0.10497748, 0.19879444, 0.9744027), (-0.022113055, 0.2072513, 0.9780378), (0.061564296, 0.13829559, 0.9884757), (-0.017565997, 0.17744866, 0.9839733), (-0.026994202, 0.18207225, 0.9829145), (0.061564296, 0.13829559, 0.9884757), (0.113871194, 0.08485913, 0.9898647), (0.11899638, 0.1875202, 0.9750262), (-0.017565997, 0.17744866, 0.9839733), (0.113871194, 0.08485913, 0.9898647), (0.037625246, 0.15042646, 0.987905), (0.10509445, 0.19061674, 0.9760228), (0.11899638, 0.1875202, 0.9750262), (0.037625246, 0.15042646, 0.987905), (0.021549884, 0.19573453, 0.9804201), (-0.004775028, 0.17349802, 0.9848227), (0.10509445, 0.19061674, 0.9760228), (0.021549884, 0.19573453, 0.9804201), (0.12076683, 0.1216597, 0.9851976), (0.043634135, 0.15693788, 0.98664415), (-0.004775028, 0.17349802, 0.9848227), (0.12076683, 0.1216597, 0.9851976), (0.14379726, 0.073324434, 0.9868869), (0.16145328, 0.16241683, 0.9734236), (0.043634135, 0.15693788, 0.98664415), (0.14379726, 0.073324434, 0.9868869), (0.08131627, 0.13399042, 0.9876408), (0.1338352, 0.17112729, 0.97611654), (0.16145328, 0.16241683, 0.9734236), (0.08131627, 0.13399042, 0.9876408), (0.12622444, 0.16504908, 0.9781749), (0.082515255, 0.14846052, 0.9854698), (0.1338352, 0.17112729, 0.97611654), (0.12622444, 0.16504908, 0.9781749), (0.26384184, 0.09155829, 0.9602107), (0.19569078, 0.11490333, 0.97391087), (0.082515255, 0.14846052, 0.9854698), (0.26384184, 0.09155829, 0.9602107), (0.62260884, 0.024802478, 0.78214), (0.5899892, 0.07366062, 0.8040441), (0.19569078, 0.11490333, 0.97391087), (0.62260884, 0.024802478, 0.78214), (0.96058047, 0.0036135535, 0.2779787), (0.9571984, 0.018398836, 0.2888473), (0.5899892, 0.07366062, 0.8040441), (-0.9573487, 0.0036306654, 0.2889125), (-0.5685748, 0.050315514, 0.82109135), (-0.52131295, 0.121172555, 0.8447189), (-0.95234865, 0.025271034, 0.3039627), (-0.5685748, 0.050315514, 0.82109135), (-0.2372105, 0.12743561, 0.96306354), (-0.18264171, 0.18206055, 0.966176), (-0.52131295, 0.121172555, 0.8447189), (-0.2372105, 0.12743561, 0.96306354), (-0.19835123, 0.1692983, 0.9653988), (-0.19165765, 0.19866557, 0.96114486), (-0.18264171, 0.18206055, 0.966176), (-0.19835123, 0.1692983, 0.9653988), (-0.07339585, 0.14137815, 0.98723114), (-0.10479222, 0.20954478, 0.9721675), (-0.19165765, 0.19866557, 0.96114486), (-0.07339585, 0.14137815, 0.98723114), (-0.0409408, 0.11713921, 0.99227124), (-0.0230126, 0.22528219, 0.97402173), (-0.10479222, 0.20954478, 0.9721675), (-0.0409408, 0.11713921, 0.99227124), (-0.13627571, 0.16269256, 0.9772206), (-0.08190818, 0.23684251, 0.96808916), (-0.0230126, 0.22528219, 0.97402173), (-0.13627571, 0.16269256, 0.9772206), (-0.11930082, 0.19853544, 0.97280574), (-0.124430805, 0.24171439, 0.9623363), (-0.08190818, 0.23684251, 0.96808916), (-0.11930082, 0.19853544, 0.97280574), (0.009998407, 0.16702041, 0.98590267), (-0.031314995, 0.24129975, 0.96994525), (-0.124430805, 0.24171439, 0.9623363), (0.009998407, 0.16702041, 0.98590267), (-0.0051829596, 0.1413052, 0.9899525), (0.013564445, 0.2515629, 0.9677459), (-0.031314995, 0.24129975, 0.96994525), (-0.0051829596, 0.1413052, 0.9899525), (-0.12565893, 0.17867242, 0.9758515), (-0.073667, 0.26145166, 0.96240133), (0.013564445, 0.2515629, 0.9677459), (-0.12565893, 0.17867242, 0.9758515), (-0.07609212, 0.21039148, 0.9746514), (-0.08893383, 0.2647269, 0.9602138), (-0.073667, 0.26145166, 0.96240133), (-0.07609212, 0.21039148, 0.9746514), (0.056363974, 0.18295266, 0.9815047), (0.014625706, 0.25860018, 0.9658737), (-0.08893383, 0.2647269, 0.9602138), (0.056363974, 0.18295266, 0.9815047), (-0.00057603844, 0.15897097, 0.9872831), (0.020432077, 0.26547492, 0.9639013), (0.014625706, 0.25860018, 0.9658737), (-0.00057603844, 0.15897097, 0.9872831), (-0.12175523, 0.18722908, 0.9747415), (-0.076003745, 0.27528417, 0.9583538), (0.020432077, 0.26547492, 0.9639013), (-0.12175523, 0.18722908, 0.9747415), (-0.035182875, 0.21544616, 0.97588176), (-0.053410575, 0.2784335, 0.9589693), (-0.076003745, 0.27528417, 0.9583538), (-0.035182875, 0.21544616, 0.97588176), (0.08567645, 0.19362716, 0.977327), (0.049059246, 0.2680375, 0.96215856), (-0.053410575, 0.2784335, 0.9589693), (0.08567645, 0.19362716, 0.977327), (-0.008248821, 0.17155625, 0.9851398), (0.0138876485, 0.2719793, 0.9622029), (0.049059246, 0.2680375, 0.96215856), (-0.008248821, 0.17155625, 0.9851398), (-0.112065956, 0.19137602, 0.97509813), (-0.07614661, 0.28242946, 0.95626116), (0.0138876485, 0.2719793, 0.9622029), (-0.112065956, 0.19137602, 0.97509813), (0.0062579545, 0.21600865, 0.9763714), (-0.014621026, 0.28505605, 0.9583993), (-0.07614661, 0.28242946, 0.95626116), (0.0062579545, 0.21600865, 0.9763714), (0.10156847, 0.19975273, 0.974568), (0.073454775, 0.27115548, 0.95972866), (-0.014621026, 0.28505605, 0.9583993), (0.10156847, 0.19975273, 0.974568), (-0.019781573, 0.17955697, 0.98354864), (0.0009267617, 0.2727045, 0.9620974), (0.073454775, 0.27115548, 0.95972866), (-0.019781573, 0.17955697, 0.98354864), (-0.09225557, 0.19189186, 0.9770703), (-0.068531275, 0.2842697, 0.95629185), (0.0009267617, 0.2727045, 0.9620974), (-0.09225557, 0.19189186, 0.9770703), (0.046726957, 0.2121385, 0.97612184), (0.026229838, 0.28480202, 0.95822746), (-0.068531275, 0.2842697, 0.95629185), (0.046726957, 0.2121385, 0.97612184), (0.10659342, 0.20148353, 0.97367454), (0.08804947, 0.26818687, 0.95933473), (0.026229838, 0.28480202, 0.95822746), (0.10659342, 0.20148353, 0.97367454), (-0.028389554, 0.18324192, 0.98265785), (-0.01244459, 0.26818246, 0.9632877), (0.08804947, 0.26818687, 0.95933473), (-0.028389554, 0.18324192, 0.98265785), (-0.060971282, 0.18794999, 0.98028433), (-0.05004395, 0.2806837, 0.9584948), (-0.01244459, 0.26818246, 0.9632877), (-0.060971282, 0.18794999, 0.98028433), (0.08425782, 0.20305021, 0.97553635), (0.06693841, 0.27700502, 0.95853406), (-0.05004395, 0.2806837, 0.9584948), (0.08425782, 0.20305021, 0.97553635), (0.10497748, 0.19879444, 0.9744027), (0.094713904, 0.25864398, 0.9613181), (0.06693841, 0.27700502, 0.95853406), (0.10497748, 0.19879444, 0.9744027), (-0.026994202, 0.18207225, 0.9829145), (-0.01931129, 0.25796014, 0.96596247), (0.094713904, 0.25864398, 0.9613181), (-0.026994202, 0.18207225, 0.9829145), (-0.017565997, 0.17744866, 0.9839733), (-0.018344874, 0.2699331, 0.96270436), (-0.01931129, 0.25796014, 0.96596247), (-0.017565997, 0.17744866, 0.9839733), (0.11899638, 0.1875202, 0.9750262), (0.10659829, 0.2600891, 0.95968246), (-0.018344874, 0.2699331, 0.96270436), (0.11899638, 0.1875202, 0.9750262), (0.10509445, 0.19061674, 0.9760228), (0.09958915, 0.2407203, 0.9654718), (0.10659829, 0.2600891, 0.95968246), (0.10509445, 0.19061674, 0.9760228), (-0.004775028, 0.17349802, 0.9848227), (-0.008679003, 0.23946348, 0.9708665), (0.09958915, 0.2407203, 0.9654718), (-0.004775028, 0.17349802, 0.9848227), (0.043634135, 0.15693788, 0.98664415), (0.0329137, 0.24735768, 0.968365), (-0.008679003, 0.23946348, 0.9708665), (0.043634135, 0.15693788, 0.98664415), (0.16145328, 0.16241683, 0.9734236), (0.15290858, 0.22936936, 0.9612537), (0.0329137, 0.24735768, 0.968365), (0.16145328, 0.16241683, 0.9734236), (0.1338352, 0.17112729, 0.97611654), (0.12618631, 0.2075558, 0.97005033), (0.15290858, 0.22936936, 0.9612537), (0.1338352, 0.17112729, 0.97611654), (0.082515255, 0.14846052, 0.9854698), (0.06161429, 0.201478, 0.9775532), (0.12618631, 0.2075558, 0.97005033), (0.082515255, 0.14846052, 0.9854698), (0.19569078, 0.11490333, 0.97391087), (0.17106001, 0.19301914, 0.96616876), (0.06161429, 0.201478, 0.9775532), (0.19569078, 0.11490333, 0.97391087), (0.5899892, 0.07366062, 0.8040441), (0.5750084, 0.1192621, 0.80940837), (0.17106001, 0.19301914, 0.96616876), (0.5899892, 0.07366062, 0.8040441), (0.9571984, 0.018398836, 0.2888473), (0.9496617, 0.02590867, 0.3122044), (0.5750084, 0.1192621, 0.80940837), (-0.95234865, 0.025271034, 0.3039627), (-0.52131295, 0.121172555, 0.8447189), (-0.40952548, 0.41261616, 0.8136565), (-0.91090584, 0.14664254, 0.38567686), (-0.52131295, 0.121172555, 0.8447189), (-0.18264171, 0.18206055, 0.966176), (-0.12678911, 0.5211649, 0.84398556), (-0.40952548, 0.41261616, 0.8136565), (-0.18264171, 0.18206055, 0.966176), (-0.19165765, 0.19866557, 0.96114486), (-0.12102801, 0.55287623, 0.8244271), (-0.12678911, 0.5211649, 0.84398556), (-0.19165765, 0.19866557, 0.96114486), (-0.10479222, 0.20954478, 0.9721675), (-0.05666778, 0.61253935, 0.78840613), (-0.12102801, 0.55287623, 0.8244271), (-0.10479222, 0.20954478, 0.9721675), (-0.0230126, 0.22528219, 0.97402173), (-0.01707045, 0.6290622, 0.7771675), (-0.05666778, 0.61253935, 0.78840613), (-0.0230126, 0.22528219, 0.97402173), (-0.08190818, 0.23684251, 0.96808916), (-0.06189601, 0.5973481, 0.79959), (-0.01707045, 0.6290622, 0.7771675), (-0.08190818, 0.23684251, 0.96808916), (-0.124430805, 0.24171439, 0.9623363), (-0.077334516, 0.6008067, 0.7956449), (-0.06189601, 0.5973481, 0.79959), (-0.124430805, 0.24171439, 0.9623363), (-0.031314995, 0.24129975, 0.96994525), (-0.00864946, 0.6559667, 0.75474024), (-0.077334516, 0.6008067, 0.7956449), (-0.031314995, 0.24129975, 0.96994525), (0.013564445, 0.2515629, 0.9677459), (0.00453923, 0.66817635, 0.7439891), (-0.00864946, 0.6559667, 0.75474024), (0.013564445, 0.2515629, 0.9677459), (-0.073667, 0.26145166, 0.96240133), (-0.05727167, 0.6250901, 0.7784486), (0.00453923, 0.66817635, 0.7439891), (-0.073667, 0.26145166, 0.96240133), (-0.08893383, 0.2647269, 0.9602138), (-0.054924298, 0.61974734, 0.78287715), (-0.05727167, 0.6250901, 0.7784486), (-0.08893383, 0.2647269, 0.9602138), (0.014625706, 0.25860018, 0.9658737), (0.019967152, 0.676239, 0.73641163), (-0.054924298, 0.61974734, 0.78287715), (0.014625706, 0.25860018, 0.9658737), (0.020432077, 0.26547492, 0.9639013), (0.0078195445, 0.6884963, 0.72519773), (0.019967152, 0.676239, 0.73641163), (0.020432077, 0.26547492, 0.9639013), (-0.076003745, 0.27528417, 0.9583538), (-0.058592677, 0.63879704, 0.7671409), (0.0078195445, 0.6884963, 0.72519773), (-0.076003745, 0.27528417, 0.9583538), (-0.053410575, 0.2784335, 0.9589693), (-0.032308474, 0.62834394, 0.77726454), (-0.058592677, 0.63879704, 0.7671409), (-0.053410575, 0.2784335, 0.9589693), (0.049059246, 0.2680375, 0.96215856), (0.040169176, 0.68597066, 0.7265196), (-0.032308474, 0.62834394, 0.77726454), (0.049059246, 0.2680375, 0.96215856), (0.0138876485, 0.2719793, 0.9622029), (0.003757714, 0.69864833, 0.7154553), (0.040169176, 0.68597066, 0.7265196), (0.0138876485, 0.2719793, 0.9622029), (-0.07614661, 0.28242946, 0.95626116), (-0.057862945, 0.6446822, 0.76225764), (0.003757714, 0.69864833, 0.7154553), (-0.07614661, 0.28242946, 0.95626116), (-0.014621026, 0.28505605, 0.9583993), (-0.00757803, 0.6309961, 0.775749), (-0.057862945, 0.6446822, 0.76225764), (-0.014621026, 0.28505605, 0.9583993), (0.073454775, 0.27115548, 0.95972866), (0.053541332, 0.6884278, 0.723326), (-0.00757803, 0.6309961, 0.775749), (0.073454775, 0.27115548, 0.95972866), (0.0009267617, 0.2727045, 0.9620974), (-0.0031847958, 0.7009293, 0.7132237), (0.053541332, 0.6884278, 0.723326), (0.0009267617, 0.2727045, 0.9620974), (-0.068531275, 0.2842697, 0.95629185), (-0.05194006, 0.64485174, 0.7625409), (-0.0031847958, 0.7009293, 0.7132237), (-0.068531275, 0.2842697, 0.95629185), (0.026229838, 0.28480202, 0.95822746), (0.018225253, 0.6289973, 0.7771938), (-0.05194006, 0.64485174, 0.7625409), (0.026229838, 0.28480202, 0.95822746), (0.08804947, 0.26818687, 0.95933473), (0.06102644, 0.68424225, 0.72669685), (0.018225253, 0.6289973, 0.7771938), (0.08804947, 0.26818687, 0.95933473), (-0.01244459, 0.26818246, 0.9632877), (-0.009732248, 0.69563127, 0.71833307), (0.06102644, 0.68424225, 0.72669685), (-0.01244459, 0.26818246, 0.9632877), (-0.05004395, 0.2806837, 0.9584948), (-0.03927459, 0.639715, 0.76760805), (-0.009732248, 0.69563127, 0.71833307), (-0.05004395, 0.2806837, 0.9584948), (0.06693841, 0.27700502, 0.95853406), (0.04361002, 0.62203443, 0.78177446), (-0.03927459, 0.639715, 0.76760805), (0.06693841, 0.27700502, 0.95853406), (0.094713904, 0.25864398, 0.9613181), (0.06441962, 0.67231774, 0.73745435), (0.04361002, 0.62203443, 0.78177446), (0.094713904, 0.25864398, 0.9613181), (-0.01931129, 0.25796014, 0.96596247), (-0.0123739345, 0.6815357, 0.7316802), (0.06441962, 0.67231774, 0.73745435), (-0.01931129, 0.25796014, 0.96596247), (-0.018344874, 0.2699331, 0.96270436), (-0.018651042, 0.62793213, 0.77804464), (-0.0123739345, 0.6815357, 0.7316802), (-0.018344874, 0.2699331, 0.96270436), (0.10659829, 0.2600891, 0.95968246), (0.06826115, 0.6077759, 0.7911693), (-0.018651042, 0.62793213, 0.77804464), (0.10659829, 0.2600891, 0.95968246), (0.09958915, 0.2407203, 0.9654718), (0.067755915, 0.6488885, 0.7578607), (0.06826115, 0.6077759, 0.7911693), (0.09958915, 0.2407203, 0.9654718), (-0.008679003, 0.23946348, 0.9708665), (-0.0050110305, 0.65424865, 0.7562629), (0.067755915, 0.6488885, 0.7578607), (-0.008679003, 0.23946348, 0.9708665), (0.0329137, 0.24735768, 0.968365), (0.014123749, 0.60397404, 0.7968789), (-0.0050110305, 0.65424865, 0.7562629), (0.0329137, 0.24735768, 0.968365), (0.15290858, 0.22936936, 0.9612537), (0.09795236, 0.57810897, 0.81005895), (0.014123749, 0.60397404, 0.7968789), (0.15290858, 0.22936936, 0.9612537), (0.12618631, 0.2075558, 0.97005033), (0.08576223, 0.60058266, 0.7949499), (0.09795236, 0.57810897, 0.81005895), (0.12618631, 0.2075558, 0.97005033), (0.06161429, 0.201478, 0.9775532), (0.03898823, 0.5936086, 0.8038089), (0.08576223, 0.60058266, 0.7949499), (0.06161429, 0.201478, 0.9775532), (0.17106001, 0.19301914, 0.96616876), (0.105708465, 0.5355914, 0.8378351), (0.03898823, 0.5936086, 0.8038089), (0.17106001, 0.19301914, 0.96616876), (0.5750084, 0.1192621, 0.80940837), (0.4282748, 0.40024468, 0.8101758), (0.105708465, 0.5355914, 0.8378351), (0.5750084, 0.1192621, 0.80940837), (0.9496617, 0.02590867, 0.3122044), (0.91211915, 0.13714643, 0.38630247), (0.4282748, 0.40024468, 0.8101758), (-0.91090584, 0.14664254, 0.38567686), (-0.40952548, 0.41261616, 0.8136565), (-0.14724748, 0.9069515, 0.3946609), (-0.6643711, 0.65822285, 0.3540533), (-0.40952548, 0.41261616, 0.8136565), (-0.12678911, 0.5211649, 0.84398556), (-0.032748964, 0.9484551, 0.31521508), (-0.14724748, 0.9069515, 0.3946609), (-0.12678911, 0.5211649, 0.84398556), (-0.12102801, 0.55287623, 0.8244271), (-0.018495515, 0.95692426, 0.28974786), (-0.032748964, 0.9484551, 0.31521508), (-0.12102801, 0.55287623, 0.8244271), (-0.05666778, 0.61253935, 0.78840613), (-0.005376201, 0.9603908, 0.27860478), (-0.018495515, 0.95692426, 0.28974786), (-0.05666778, 0.61253935, 0.78840613), (-0.01707045, 0.6290622, 0.7771675), (-0.009382963, 0.9624354, 0.2713483), (-0.005376201, 0.9603908, 0.27860478), (-0.01707045, 0.6290622, 0.7771675), (-0.06189601, 0.5973481, 0.79959), (-0.01739203, 0.9658155, 0.25864652), (-0.009382963, 0.9624354, 0.2713483), (-0.06189601, 0.5973481, 0.79959), (-0.077334516, 0.6008067, 0.7956449), (-0.007184332, 0.9686946, 0.24815133), (-0.01739203, 0.9658155, 0.25864652), (-0.077334516, 0.6008067, 0.7956449), (-0.00864946, 0.6559667, 0.75474024), (0.004878736, 0.96882683, 0.24769092), (-0.007184332, 0.9686946, 0.24815133), (-0.00864946, 0.6559667, 0.75474024), (0.00453923, 0.66817635, 0.7439891), (-0.005381325, 0.969041, 0.24684148), (0.004878736, 0.96882683, 0.24769092), (0.00453923, 0.66817635, 0.7439891), (-0.05727167, 0.6250901, 0.7784486), (-0.016217727, 0.9713765, 0.23699093), (-0.005381325, 0.969041, 0.24684148), (-0.05727167, 0.6250901, 0.7784486), (-0.054924298, 0.61974734, 0.78287715), (-0.0023993119, 0.9731932, 0.2299765), (-0.016217727, 0.9713765, 0.23699093), (-0.054924298, 0.61974734, 0.78287715), (0.019967152, 0.676239, 0.73641163), (0.010167599, 0.97220284, 0.23391952), (-0.0023993119, 0.9731932, 0.2299765), (0.019967152, 0.676239, 0.73641163), (0.0078195445, 0.6884963, 0.72519773), (-0.0048125167, 0.97195756, 0.23510696), (0.010167599, 0.97220284, 0.23391952), (0.0078195445, 0.6884963, 0.72519773), (-0.058592677, 0.63879704, 0.7671409), (-0.016231114, 0.9740601, 0.22570638), (-0.0048125167, 0.97195756, 0.23510696), (-0.058592677, 0.63879704, 0.7671409), (-0.032308474, 0.62834394, 0.77726454), (0.0015062063, 0.9753011, 0.22087464), (-0.016231114, 0.9740601, 0.22570638), (-0.032308474, 0.62834394, 0.77726454), (0.040169176, 0.68597066, 0.7265196), (0.0136039285, 0.97362155, 0.22776328), (0.0015062063, 0.9753011, 0.22087464), (0.040169176, 0.68597066, 0.7265196), (0.003757714, 0.69864833, 0.7154553), (-0.005366575, 0.9732464, 0.2297012), (0.0136039285, 0.97362155, 0.22776328), (0.003757714, 0.69864833, 0.7154553), (-0.057862945, 0.6446822, 0.76225764), (-0.01595141, 0.97529155, 0.22034489), (-0.005366575, 0.9732464, 0.2297012), (-0.057862945, 0.6446822, 0.76225764), (-0.00757803, 0.6309961, 0.775749), (0.0051942905, 0.9760579, 0.21744862), (-0.01595141, 0.97529155, 0.22034489), (-0.00757803, 0.6309961, 0.775749), (0.053541332, 0.6884278, 0.723326), (0.015785081, 0.9738661, 0.22657377), (0.0051942905, 0.9760579, 0.21744862), (0.053541332, 0.6884278, 0.723326), (-0.0031847958, 0.7009293, 0.7132237), (-0.006218338, 0.973451, 0.22881079), (0.015785081, 0.9738661, 0.22657377), (-0.0031847958, 0.7009293, 0.7132237), (-0.05194006, 0.64485174, 0.7625409), (-0.014910151, 0.975461, 0.21966666), (-0.006218338, 0.973451, 0.22881079), (-0.05194006, 0.64485174, 0.7625409), (0.018225253, 0.6289973, 0.7771938), (0.008725955, 0.9757553, 0.21869032), (-0.014910151, 0.975461, 0.21966666), (0.018225253, 0.6289973, 0.7771938), (0.06102644, 0.68424225, 0.72669685), (0.017022237, 0.97312546, 0.22964558), (0.008725955, 0.9757553, 0.21869032), (0.06102644, 0.68424225, 0.72669685), (-0.009732248, 0.69563127, 0.71833307), (-0.0067996974, 0.97264284, 0.23220654), (0.017022237, 0.97312546, 0.22964558), (-0.009732248, 0.69563127, 0.71833307), (-0.03927459, 0.639715, 0.76760805), (-0.012868517, 0.97456557, 0.22373286), (-0.0067996974, 0.97264284, 0.23220654), (-0.03927459, 0.639715, 0.76760805), (0.04361002, 0.62203443, 0.78177446), (0.012114453, 0.97432727, 0.22481027), (-0.012868517, 0.97456557, 0.22373286), (0.04361002, 0.62203443, 0.78177446), (0.06441962, 0.67231774, 0.73745435), (0.017716432, 0.97121996, 0.23752461), (0.012114453, 0.97432727, 0.22481027), (0.06441962, 0.67231774, 0.73745435), (-0.0123739345, 0.6815357, 0.7316802), (-0.006505663, 0.9705271, 0.24090412), (0.017716432, 0.97121996, 0.23752461), (-0.0123739345, 0.6815357, 0.7316802), (-0.018651042, 0.62793213, 0.77804464), (-0.009507776, 0.9722123, 0.23390761), (-0.006505663, 0.9705271, 0.24090412), (-0.018651042, 0.62793213, 0.77804464), (0.06826115, 0.6077759, 0.7911693), (0.015657937, 0.9712429, 0.23757531), (-0.009507776, 0.9722123, 0.23390761), (0.06826115, 0.6077759, 0.7911693), (0.067755915, 0.6488885, 0.7578607), (0.018713862, 0.96736175, 0.2527074), (0.015657937, 0.9712429, 0.23757531), (0.067755915, 0.6488885, 0.7578607), (-0.0050110305, 0.65424865, 0.7562629), (-0.004179999, 0.96604025, 0.25835785), (0.018713862, 0.96736175, 0.2527074), (-0.0050110305, 0.65424865, 0.7562629), (0.014123749, 0.60397404, 0.7968789), (-0.0036322412, 0.9669945, 0.25477102), (-0.004179999, 0.96604025, 0.25835785), (0.014123749, 0.60397404, 0.7968789), (0.09795236, 0.57810897, 0.81005895), (0.02116295, 0.96448123, 0.26330227), (-0.0036322412, 0.9669945, 0.25477102), (0.09795236, 0.57810897, 0.81005895), (0.08576223, 0.60058266, 0.7949499), (0.023432529, 0.95836675, 0.28457722), (0.02116295, 0.96448123, 0.26330227), (0.08576223, 0.60058266, 0.7949499), (0.03898823, 0.5936086, 0.8038089), (0.0062934845, 0.9541589, 0.29923424), (0.023432529, 0.95836675, 0.28457722), (0.03898823, 0.5936086, 0.8038089), (0.105708465, 0.5355914, 0.8378351), (0.017435307, 0.9501964, 0.3111638), (0.0062934845, 0.9541589, 0.29923424), (0.105708465, 0.5355914, 0.8378351), (0.4282748, 0.40024468, 0.8101758), (0.15016326, 0.911203, 0.38361454), (0.017435307, 0.9501964, 0.3111638), (0.4282748, 0.40024468, 0.8101758), (0.91211915, 0.13714643, 0.38630247), (0.6661964, 0.66101617, 0.3453113), (0.15016326, 0.911203, 0.38361454), (-0.90479946, -0.1435101, -0.4009274), (-0.40770397, -0.41611537, -0.8127887), (-0.14447084, -0.9019337, -0.40699345), (-0.66104, -0.655611, -0.36496633), (-0.40770397, -0.41611537, -0.8127887), (-0.1541106, -0.54577, -0.8236413), (-0.040732294, -0.9462099, -0.3209793), (-0.14447084, -0.9019337, -0.40699345), (-0.1541106, -0.54577, -0.8236413), (-0.11829048, -0.54923403, -0.82725406), (-0.026116142, -0.9576064, -0.2868936), (-0.040732294, -0.9462099, -0.3209793), (-0.11829048, -0.54923403, -0.82725406), (-0.022369342, -0.5857607, -0.81017524), (0.0016273235, -0.961466, -0.27491912), (-0.026116142, -0.9576064, -0.2868936), (-0.022369342, -0.5857607, -0.81017524), (-0.01457915, -0.6288183, -0.7774156), (-0.001988647, -0.9614833, -0.27485603), (0.0016273235, -0.961466, -0.27491912), (-0.01457915, -0.6288183, -0.7774156), (-0.08850325, -0.61852556, -0.7807646), (-0.022751456, -0.9642762, -0.26391992), (-0.001988647, -0.9614833, -0.27485603), (-0.08850325, -0.61852556, -0.7807646), (-0.07876272, -0.5996403, -0.79638433), (-0.013947212, -0.96888876, -0.24710353), (-0.022751456, -0.9642762, -0.26391992), (-0.07876272, -0.5996403, -0.79638433), (0.016249781, -0.6359355, -0.7715712), (0.008424723, -0.9697604, -0.24391314), (-0.013947212, -0.96888876, -0.24710353), (0.016249781, -0.6359355, -0.7715712), (0.011205557, -0.6642931, -0.7473882), (0.0010775381, -0.9686557, -0.24840492), (0.008424723, -0.9697604, -0.24391314), (0.011205557, -0.6642931, -0.7473882), (-0.07420314, -0.639085, -0.76554835), (-0.018182805, -0.9700996, -0.24202535), (0.0010775381, -0.9686557, -0.24840492), (-0.07420314, -0.639085, -0.76554835), (-0.06467659, -0.6251661, -0.77780735), (-0.008624835, -0.9731061, -0.23019591), (-0.018182805, -0.9700996, -0.24202535), (-0.06467659, -0.6251661, -0.77780735), (0.033278838, -0.66454023, -0.7465111), (0.010024706, -0.97318816, -0.2297918), (-0.008624835, -0.9731061, -0.23019591), (0.033278838, -0.66454023, -0.7465111), (0.023231307, -0.6780325, -0.7346647), (0.0012923768, -0.971983, -0.23504755), (0.010024706, -0.97318816, -0.2297918), (0.023231307, -0.6780325, -0.7346647), (-0.06514636, -0.6455608, -0.7609252), (-0.014606955, -0.972937, -0.2306085), (0.0012923768, -0.971983, -0.23504755), (-0.06514636, -0.6455608, -0.7609252), (-0.05389249, -0.6433649, -0.76366043), (-0.0047217594, -0.97501653, -0.22208188), (-0.014606955, -0.972937, -0.2306085), (-0.05389249, -0.6433649, -0.76366043), (0.04297372, -0.681683, -0.73038447), (0.009798998, -0.97472507, -0.22319286), (-0.0047217594, -0.97501653, -0.22208188), (0.04297372, -0.681683, -0.73038447), (0.030903498, -0.67949426, -0.7330297), (0.00097055605, -0.9736136, -0.22820069), (0.009798998, -0.97472507, -0.22319286), (0.030903498, -0.67949426, -0.7330297), (-0.055742215, -0.6457416, -0.76151866), (-0.010782347, -0.9742729, -0.22511335), (0.00097055605, -0.9736136, -0.22820069), (-0.055742215, -0.6457416, -0.76151866), (-0.042891696, -0.65740025, -0.7523199), (-0.0015744994, -0.97561306, -0.21949184), (-0.010782347, -0.9742729, -0.22511335), (-0.042891696, -0.65740025, -0.7523199), (0.048589256, -0.6894499, -0.7227017), (0.008555437, -0.9751074, -0.22156791), (-0.0015744994, -0.97561306, -0.21949184), (0.048589256, -0.6894499, -0.7227017), (0.037116632, -0.6719352, -0.7396793), (0.0008944436, -0.9741374, -0.22595464), (0.008555437, -0.9751074, -0.22156791), (0.037116632, -0.6719352, -0.7396793), (-0.044005785, -0.64261854, -0.7649215), (-0.006442566, -0.9745026, -0.22428358), (0.0008944436, -0.9741374, -0.22595464), (-0.044005785, -0.64261854, -0.7649215), (-0.030828897, -0.66698074, -0.74443686), (0.0009342638, -0.975152, -0.22153492), (-0.006442566, -0.9745026, -0.22428358), (-0.030828897, -0.66698074, -0.74443686), (0.05178511, -0.6880284, -0.7238337), (0.006781789, -0.97451305, -0.22422834), (0.0009342638, -0.975152, -0.22153492), (0.05178511, -0.6880284, -0.7238337), (0.04353106, -0.65685755, -0.75275713), (0.0015632778, -0.97365886, -0.22800402), (0.006781789, -0.97451305, -0.22422834), (0.04353106, -0.65685755, -0.75275713), (-0.028715068, -0.6368597, -0.77044487), (-0.0015370814, -0.97360235, -0.22824553), (0.0015632778, -0.97365886, -0.22800402), (-0.028715068, -0.6368597, -0.77044487), (-0.01731584, -0.6699983, -0.74216056), (0.002909732, -0.9735368, -0.22851186), (-0.0015370814, -0.97360235, -0.22824553), (-0.01731584, -0.6699983, -0.74216056), (0.05432848, -0.67649066, -0.7344446), (0.0050335387, -0.97278494, -0.23165533), (0.002909732, -0.9735368, -0.22851186), (0.05432848, -0.67649066, -0.7344446), (0.051984064, -0.6345783, -0.7711083), (0.0034816337, -0.9719116, -0.23532037), (0.0050335387, -0.97278494, -0.23165533), (0.051984064, -0.6345783, -0.7711083), (-0.008285647, -0.6266077, -0.7792908), (0.00407462, -0.971137, -0.23848732), (0.0034816337, -0.9719116, -0.23532037), (-0.008285647, -0.6266077, -0.7792908), (-0.0007948057, -0.66228867, -0.7492483), (0.0047854325, -0.9702037, -0.24224332), (0.00407462, -0.971137, -0.23848732), (-0.0007948057, -0.66228867, -0.7492483), (0.059704963, -0.65189254, -0.75595725), (0.0043100137, -0.96920395, -0.2462215), (0.0047854325, -0.9702037, -0.24224332), (0.059704963, -0.65189254, -0.75595725), (0.06666803, -0.6027376, -0.79514945), (0.007649954, -0.96787196, -0.25132737), (0.0043100137, -0.96920395, -0.2462215), (0.06666803, -0.6027376, -0.79514945), (0.022495631, -0.6047551, -0.7960937), (0.011413463, -0.9656122, -0.25973636), (0.007649954, -0.96787196, -0.25132737), (0.022495631, -0.6047551, -0.7960937), (0.027096896, -0.63344336, -0.7733145), (0.008606867, -0.96306837, -0.26911956), (0.011413463, -0.9656122, -0.25973636), (0.027096896, -0.63344336, -0.7733145), (0.08192648, -0.60296524, -0.79354966), (0.00826059, -0.96079063, -0.2771518), (0.008606867, -0.96306837, -0.26911956), (0.08192648, -0.60296524, -0.79354966), (0.110754475, -0.5452261, -0.83094037), (0.019846218, -0.9566984, -0.29040363), (0.00826059, -0.96079063, -0.2771518), (0.110754475, -0.5452261, -0.83094037), (0.11354513, -0.5335938, -0.8380843), (0.03280373, -0.94791806, -0.31682065), (0.019846218, -0.9566984, -0.29040363), (0.11354513, -0.5335938, -0.8380843), (0.41168308, -0.42670327, -0.8052586), (0.1461231, -0.9063884, -0.39636862), (0.03280373, -0.94791806, -0.31682065), (0.41168308, -0.42670327, -0.8052586), (0.9105259, -0.1500832, -0.38525), (0.66365397, -0.65811425, -0.35559648), (0.1461231, -0.9063884, -0.39636862), (-0.9466098, -0.024393298, -0.3214574), (-0.53551495, -0.11965853, -0.83600575), (-0.40770397, -0.41611537, -0.8127887), (-0.90479946, -0.1435101, -0.4009274), (-0.53551495, -0.11965853, -0.83600575), (-0.23504779, -0.19416347, -0.9523933), (-0.1541106, -0.54577, -0.8236413), (-0.40770397, -0.41611537, -0.8127887), (-0.23504779, -0.19416347, -0.9523933), (-0.15864581, -0.21023755, -0.9646925), (-0.11829048, -0.54923403, -0.82725406), (-0.1541106, -0.54577, -0.8236413), (-0.15864581, -0.21023755, -0.9646925), (-0.039505444, -0.2012177, -0.97874963), (-0.022369342, -0.5857607, -0.81017524), (-0.11829048, -0.54923403, -0.82725406), (-0.039505444, -0.2012177, -0.97874963), (-0.048262108, -0.22016807, -0.9742673), (-0.01457915, -0.6288183, -0.7774156), (-0.022369342, -0.5857607, -0.81017524), (-0.048262108, -0.22016807, -0.9742673), (-0.13634758, -0.25176767, -0.95813483), (-0.08850325, -0.61852556, -0.7807646), (-0.01457915, -0.6288183, -0.7774156), (-0.13634758, -0.25176767, -0.95813483), (-0.09874867, -0.25031093, -0.9631163), (-0.07876272, -0.5996403, -0.79638433), (-0.08850325, -0.61852556, -0.7807646), (-0.09874867, -0.25031093, -0.9631163), (0.020090366, -0.23102047, -0.9727414), (0.016249781, -0.6359355, -0.7715712), (-0.07876272, -0.5996403, -0.79638433), (0.020090366, -0.23102047, -0.9727414), (-0.0018669935, -0.2512555, -0.967919), (0.011205557, -0.6642931, -0.7473882), (0.016249781, -0.6359355, -0.7715712), (-0.0018669935, -0.2512555, -0.967919), (-0.11306645, -0.27669176, -0.95428383), (-0.07420314, -0.639085, -0.76554835), (0.011205557, -0.6642931, -0.7473882), (-0.11306645, -0.27669176, -0.95428383), (-0.079552785, -0.26801926, -0.9601235), (-0.06467659, -0.6251661, -0.77780735), (-0.07420314, -0.639085, -0.76554835), (-0.079552785, -0.26801926, -0.9601235), (0.047693096, -0.24745221, -0.9677256), (0.033278838, -0.66454023, -0.7465111), (-0.06467659, -0.6251661, -0.77780735), (0.047693096, -0.24745221, -0.9677256), (0.024085475, -0.27044895, -0.962433), (0.023231307, -0.6780325, -0.7346647), (0.033278838, -0.66454023, -0.7465111), (0.024085475, -0.27044895, -0.962433), (-0.09872859, -0.28834552, -0.95242304), (-0.06514636, -0.6455608, -0.7609252), (0.023231307, -0.6780325, -0.7346647), (-0.09872859, -0.28834552, -0.95242304), (-0.067476705, -0.2757781, -0.95885), (-0.05389249, -0.6433649, -0.76366043), (-0.06514636, -0.6455608, -0.7609252), (-0.067476705, -0.2757781, -0.95885), (0.065101005, -0.257878, -0.96398175), (0.04297372, -0.681683, -0.73038447), (-0.05389249, -0.6433649, -0.76366043), (0.065101005, -0.257878, -0.96398175), (0.043022282, -0.28130448, -0.9586537), (0.030903498, -0.67949426, -0.7330297), (0.04297372, -0.681683, -0.73038447), (0.043022282, -0.28130448, -0.9586537), (-0.085050635, -0.29106978, -0.9529138), (-0.055742215, -0.6457416, -0.76151866), (0.030903498, -0.67949426, -0.7330297), (-0.085050635, -0.29106978, -0.9529138), (-0.0567742, -0.2769828, -0.95919615), (-0.042891696, -0.65740025, -0.7523199), (-0.055742215, -0.6457416, -0.76151866), (-0.0567742, -0.2769828, -0.95919615), (0.07722171, -0.26428896, -0.96134704), (0.048589256, -0.6894499, -0.7227017), (-0.042891696, -0.65740025, -0.7523199), (0.07722171, -0.26428896, -0.96134704), (0.05885924, -0.28440094, -0.95689696), (0.037116632, -0.6719352, -0.7396793), (0.048589256, -0.6894499, -0.7227017), (0.05885924, -0.28440094, -0.95689696), (-0.06899693, -0.2866793, -0.9555388), (-0.044005785, -0.64261854, -0.7649215), (0.037116632, -0.6719352, -0.7396793), (-0.06899693, -0.2866793, -0.9555388), (-0.045262426, -0.27299547, -0.96094996), (-0.030828897, -0.66698074, -0.74443686), (-0.044005785, -0.64261854, -0.7649215), (-0.045262426, -0.27299547, -0.96094996), (0.086333536, -0.26666856, -0.95991373), (0.05178511, -0.6880284, -0.7238337), (-0.030828897, -0.66698074, -0.74443686), (0.086333536, -0.26666856, -0.95991373), (0.07387099, -0.2796628, -0.95725226), (0.04353106, -0.65685755, -0.75275713), (0.05178511, -0.6880284, -0.7238337), (0.07387099, -0.2796628, -0.95725226), (-0.048500128, -0.27575055, -0.9600049), (-0.028715068, -0.6368597, -0.77044487), (0.04353106, -0.65685755, -0.75275713), (-0.048500128, -0.27575055, -0.9600049), (-0.030933438, -0.2640977, -0.96399975), (-0.01731584, -0.6699983, -0.74216056), (-0.028715068, -0.6368597, -0.77044487), (-0.030933438, -0.2640977, -0.96399975), (0.09476109, -0.26356193, -0.9599768), (0.05432848, -0.67649066, -0.7344446), (-0.01731584, -0.6699983, -0.74216056), (0.09476109, -0.26356193, -0.9599768), (0.09063845, -0.26658717, -0.9595395), (0.051984064, -0.6345783, -0.7711083), (0.05432848, -0.67649066, -0.7344446), (0.09063845, -0.26658717, -0.9595395), (-0.020630628, -0.2576402, -0.96602064), (-0.008285647, -0.6266077, -0.7792908), (0.051984064, -0.6345783, -0.7711083), (-0.020630628, -0.2576402, -0.96602064), (-0.009680036, -0.24913053, -0.9684215), (-0.0007948057, -0.66228867, -0.7492483), (-0.008285647, -0.6266077, -0.7792908), (-0.009680036, -0.24913053, -0.9684215), (0.10737854, -0.25172776, -0.96182275), (0.059704963, -0.65189254, -0.75595725), (-0.0007948057, -0.66228867, -0.7492483), (0.10737854, -0.25172776, -0.96182275), (0.11509341, -0.24312735, -0.96314204), (0.06666803, -0.6027376, -0.79514945), (0.059704963, -0.65189254, -0.75595725), (0.11509341, -0.24312735, -0.96314204), (0.023588272, -0.22923286, -0.9730857), (0.022495631, -0.6047551, -0.7960937), (0.06666803, -0.6027376, -0.79514945), (0.023588272, -0.22923286, -0.9730857), (0.033174757, -0.22311853, -0.97422665), (0.027096896, -0.63344336, -0.7733145), (0.022495631, -0.6047551, -0.7960937), (0.033174757, -0.22311853, -0.97422665), (0.1445644, -0.22262682, -0.96412575), (0.08192648, -0.60296524, -0.79354966), (0.027096896, -0.63344336, -0.7733145), (0.1445644, -0.22262682, -0.96412575), (0.18064089, -0.19921188, -0.96316326), (0.110754475, -0.5452261, -0.83094037), (0.08192648, -0.60296524, -0.79354966), (0.18064089, -0.19921188, -0.96316326), (0.16148178, -0.172852, -0.9716202), (0.11354513, -0.5335938, -0.8380843), (0.110754475, -0.5452261, -0.83094037), (0.16148178, -0.172852, -0.9716202), (0.5172785, -0.11599919, -0.8479193), (0.41168308, -0.42670327, -0.8052586), (0.11354513, -0.5335938, -0.8380843), (0.5172785, -0.11599919, -0.8479193), (0.95307344, -0.025693046, -0.30164698), (0.9105259, -0.1500832, -0.38525), (0.41168308, -0.42670327, -0.8052586), (-0.9545416, -0.020699924, -0.29735783), (-0.59587556, -0.087145485, -0.79833454), (-0.53551495, -0.11965853, -0.83600575), (-0.9466098, -0.024393298, -0.3214574), (-0.59587556, -0.087145485, -0.79833454), (-0.2565807, -0.12749209, -0.95807725), (-0.23504779, -0.19416347, -0.9523933), (-0.53551495, -0.11965853, -0.83600575), (-0.2565807, -0.12749209, -0.95807725), (-0.15966026, -0.1336511, -0.9780829), (-0.15864581, -0.21023755, -0.9646925), (-0.23504779, -0.19416347, -0.9523933), (-0.15966026, -0.1336511, -0.9780829), (-0.055435814, -0.159455, -0.9856475), (-0.039505444, -0.2012177, -0.97874963), (-0.15864581, -0.21023755, -0.9646925), (-0.055435814, -0.159455, -0.9856475), (-0.07201665, -0.17594896, -0.98176146), (-0.048262108, -0.22016807, -0.9742673), (-0.039505444, -0.2012177, -0.97874963), (-0.07201665, -0.17594896, -0.98176146), (-0.13731746, -0.16638424, -0.9764529), (-0.13634758, -0.25176767, -0.95813483), (-0.048262108, -0.22016807, -0.9742673), (-0.13731746, -0.16638424, -0.9764529), (-0.09213217, -0.15868229, -0.9830217), (-0.09874867, -0.25031093, -0.9631163), (-0.13634758, -0.25176767, -0.95813483), (-0.09213217, -0.15868229, -0.9830217), (-0.000096161515, -0.18462896, -0.98280823), (0.020090366, -0.23102047, -0.9727414), (-0.09874867, -0.25031093, -0.9631163), (-0.000096161515, -0.18462896, -0.98280823), (-0.019561414, -0.19883494, -0.9798378), (-0.0018669935, -0.2512555, -0.967919), (0.020090366, -0.23102047, -0.9727414), (-0.019561414, -0.19883494, -0.9798378), (-0.09990573, -0.18077384, -0.97843736), (-0.11306645, -0.27669176, -0.95428383), (-0.0018669935, -0.2512555, -0.967919), (-0.09990573, -0.18077384, -0.97843736), (-0.07428127, -0.17139418, -0.9823983), (-0.079552785, -0.26801926, -0.9601235), (-0.11306645, -0.27669176, -0.95428383), (-0.07428127, -0.17139418, -0.9823983), (0.02036307, -0.19831459, -0.9799268), (0.047693096, -0.24745221, -0.9677256), (-0.079552785, -0.26801926, -0.9601235), (0.02036307, -0.19831459, -0.9799268), (0.014470992, -0.20971556, -0.97765535), (0.024085475, -0.27044895, -0.962433), (0.047693096, -0.24745221, -0.9677256), (0.014470992, -0.20971556, -0.97765535), (-0.07367508, -0.18589562, -0.9798035), (-0.09872859, -0.28834552, -0.95242304), (0.024085475, -0.27044895, -0.962433), (-0.07367508, -0.18589562, -0.9798035), (-0.06771938, -0.17875941, -0.9815595), (-0.067476705, -0.2757781, -0.95885), (-0.09872859, -0.28834552, -0.95242304), (-0.06771938, -0.17875941, -0.9815595), (0.031852346, -0.20542845, -0.97815365), (0.065101005, -0.257878, -0.96398175), (-0.067476705, -0.2757781, -0.95885), (0.031852346, -0.20542845, -0.97815365), (0.043692637, -0.21301374, -0.9760718), (0.043022282, -0.28130448, -0.9586537), (0.065101005, -0.257878, -0.96398175), (0.043692637, -0.21301374, -0.9760718), (-0.051052574, -0.1858096, -0.9812586), (-0.085050635, -0.29106978, -0.9529138), (0.043022282, -0.28130448, -0.9586537), (-0.051052574, -0.1858096, -0.9812586), (-0.06445939, -0.18148786, -0.98127836), (-0.0567742, -0.2769828, -0.95919615), (-0.085050635, -0.29106978, -0.9529138), (-0.06445939, -0.18148786, -0.98127836), (0.040822484, -0.20745882, -0.97739166), (0.07722171, -0.26428896, -0.96134704), (-0.0567742, -0.2769828, -0.95919615), (0.040822484, -0.20745882, -0.97739166), (0.0708652, -0.2109917, -0.9749157), (0.05885924, -0.28440094, -0.95689696), (0.07722171, -0.26428896, -0.96134704), (0.0708652, -0.2109917, -0.9749157), (-0.029696595, -0.18215176, -0.98282194), (-0.06899693, -0.2866793, -0.9555388), (0.05885924, -0.28440094, -0.95689696), (-0.029696595, -0.18215176, -0.98282194), (-0.060380384, -0.17914817, -0.98196745), (-0.045262426, -0.27299547, -0.96094996), (-0.06899693, -0.2866793, -0.9555388), (-0.060380384, -0.17914817, -0.98196745), (0.050250147, -0.20501861, -0.9774673), (0.086333536, -0.26666856, -0.95991373), (-0.045262426, -0.27299547, -0.96094996), (0.050250147, -0.20501861, -0.9774673), (0.09670256, -0.20507967, -0.9739563), (0.07387099, -0.2796628, -0.95725226), (0.086333536, -0.26666856, -0.95991373), (0.09670256, -0.20507967, -0.9739563), (-0.0077165104, -0.1750959, -0.9845211), (-0.048500128, -0.27575055, -0.9600049), (0.07387099, -0.2796628, -0.95725226), (-0.0077165104, -0.1750959, -0.9845211), (-0.0517797, -0.17138806, -0.98384196), (-0.030933438, -0.2640977, -0.96399975), (-0.048500128, -0.27575055, -0.9600049), (-0.0517797, -0.17138806, -0.98384196), (0.06270478, -0.1979586, -0.9782027), (0.09476109, -0.26356193, -0.9599768), (-0.030933438, -0.2640977, -0.96399975), (0.06270478, -0.1979586, -0.9782027), (0.12229538, -0.19555227, -0.9730381), (0.09063845, -0.26658717, -0.9595395), (0.09476109, -0.26356193, -0.9599768), (0.12229538, -0.19555227, -0.9730381), (0.018251104, -0.16376635, -0.98633033), (-0.020630628, -0.2576402, -0.96602064), (0.09063845, -0.26658717, -0.9595395), (0.018251104, -0.16376635, -0.98633033), (-0.032966506, -0.15792705, -0.9869003), (-0.009680036, -0.24913053, -0.9684215), (-0.020630628, -0.2576402, -0.96602064), (-0.032966506, -0.15792705, -0.9869003), (0.08322867, -0.18469906, -0.9792647), (0.10737854, -0.25172776, -0.96182275), (-0.009680036, -0.24913053, -0.9684215), (0.08322867, -0.18469906, -0.9792647), (0.15260932, -0.18044153, -0.97167444), (0.11509341, -0.24312735, -0.96314204), (0.10737854, -0.25172776, -0.96182275), (0.15260932, -0.18044153, -0.97167444), (0.05849772, -0.14593264, -0.98756355), (0.023588272, -0.22923286, -0.9730857), (0.11509341, -0.24312735, -0.96314204), (0.05849772, -0.14593264, -0.98756355), (0.013414989, -0.13679749, -0.9905082), (0.033174757, -0.22311853, -0.97422665), (0.023588272, -0.22923286, -0.9730857), (0.013414989, -0.13679749, -0.9905082), (0.13383332, -0.15924408, -0.97812575), (0.1445644, -0.22262682, -0.96412575), (0.033174757, -0.22311853, -0.97422665), (0.13383332, -0.15924408, -0.97812575), (0.22153626, -0.15085982, -0.96341217), (0.18064089, -0.19921188, -0.96316326), (0.1445644, -0.22262682, -0.96412575), (0.22153626, -0.15085982, -0.96341217), (0.19691911, -0.11092868, -0.9741241), (0.16148178, -0.172852, -0.9716202), (0.18064089, -0.19921188, -0.96316326), (0.19691911, -0.11092868, -0.9741241), (0.5608275, -0.056567475, -0.825998), (0.5172785, -0.11599919, -0.8479193), (0.16148178, -0.172852, -0.9716202), (0.5608275, -0.056567475, -0.825998), (0.9588704, -0.009162896, -0.28369617), (0.95307344, -0.025693046, -0.30164698), (0.5172785, -0.11599919, -0.8479193), (-0.96203715, -0.029778665, -0.2712892), (-0.5800113, -0.101874664, -0.8082131), (-0.59587556, -0.087145485, -0.79833454), (-0.9545416, -0.020699924, -0.29735783), (-0.5800113, -0.101874664, -0.8082131), (-0.2095897, -0.08136483, -0.97439826), (-0.2565807, -0.12749209, -0.95807725), (-0.59587556, -0.087145485, -0.79833454), (-0.2095897, -0.08136483, -0.97439826), (-0.19688919, -0.056343645, -0.9788054), (-0.15966026, -0.1336511, -0.9780829), (-0.2565807, -0.12749209, -0.95807725), (-0.19688919, -0.056343645, -0.9788054), (-0.14234655, -0.14568278, -0.9790373), (-0.055435814, -0.159455, -0.9856475), (-0.15966026, -0.1336511, -0.9780829), (-0.14234655, -0.14568278, -0.9790373), (-0.04979116, -0.18748339, -0.981005), (-0.07201665, -0.17594896, -0.98176146), (-0.055435814, -0.159455, -0.9856475), (-0.04979116, -0.18748339, -0.981005), (-0.06321342, -0.10977628, -0.9919442), (-0.13731746, -0.16638424, -0.9764529), (-0.07201665, -0.17594896, -0.98176146), (-0.06321342, -0.10977628, -0.9919442), (-0.13334285, -0.080751285, -0.9877747), (-0.09213217, -0.15868229, -0.9830217), (-0.13731746, -0.16638424, -0.9764529), (-0.13334285, -0.080751285, -0.9877747), (-0.08833413, -0.16799732, -0.9818217), (-0.000096161515, -0.18462896, -0.98280823), (-0.09213217, -0.15868229, -0.9830217), (-0.08833413, -0.16799732, -0.9818217), (0.015382148, -0.19595812, -0.9804916), (-0.019561414, -0.19883494, -0.9798378), (-0.000096161515, -0.18462896, -0.98280823), (0.015382148, -0.19595812, -0.9804916), (-0.023331601, -0.120613165, -0.9924254), (-0.09990573, -0.18077384, -0.97843736), (-0.019561414, -0.19883494, -0.9798378), (-0.023331601, -0.120613165, -0.9924254), (-0.11847294, -0.10140342, -0.9877659), (-0.07428127, -0.17139418, -0.9823983), (-0.09990573, -0.18077384, -0.97843736), (-0.11847294, -0.10140342, -0.9877659), (-0.06191669, -0.1766014, -0.9823331), (0.02036307, -0.19831459, -0.9799268), (-0.07428127, -0.17139418, -0.9823983), (-0.06191669, -0.1766014, -0.9823331), (0.05439572, -0.1911556, -0.98005134), (0.014470992, -0.20971556, -0.97765535), (0.02036307, -0.19831459, -0.9799268), (0.05439572, -0.1911556, -0.98005134), (-0.0021331632, -0.12779644, -0.99179816), (-0.07367508, -0.18589562, -0.9798035), (0.014470992, -0.20971556, -0.97765535), (-0.0021331632, -0.12779644, -0.99179816), (-0.11015837, -0.11926845, -0.98673207), (-0.06771938, -0.17875941, -0.9815595), (-0.07367508, -0.18589562, -0.9798035), (-0.11015837, -0.11926845, -0.98673207), (-0.04005894, -0.17511171, -0.9837333), (0.031852346, -0.20542845, -0.97815365), (-0.06771938, -0.17875941, -0.9815595), (-0.04005894, -0.17511171, -0.9837333), (0.081827804, -0.17997925, -0.980261), (0.043692637, -0.21301374, -0.9760718), (0.031852346, -0.20542845, -0.97815365), (0.081827804, -0.17997925, -0.980261), (0.012031015, -0.13389668, -0.99092233), (-0.051052574, -0.1858096, -0.9812586), (0.043692637, -0.21301374, -0.9760718), (0.012031015, -0.13389668, -0.99092233), (-0.100154296, -0.13328728, -0.98600394), (-0.06445939, -0.18148786, -0.98127836), (-0.051052574, -0.1858096, -0.9812586), (-0.100154296, -0.13328728, -0.98600394), (-0.018554617, -0.16560292, -0.98601794), (0.040822484, -0.20745882, -0.97739166), (-0.06445939, -0.18148786, -0.98127836), (-0.018554617, -0.16560292, -0.98601794), (0.10164148, -0.1657631, -0.98091364), (0.0708652, -0.2109917, -0.9749157), (0.040822484, -0.20745882, -0.97739166), (0.10164148, -0.1657631, -0.98091364), (0.023588086, -0.13973884, -0.9899074), (-0.029696595, -0.18215176, -0.98282194), (0.0708652, -0.2109917, -0.9749157), (0.023588086, -0.13973884, -0.9899074), (-0.085045666, -0.14213201, -0.98618746), (-0.060380384, -0.17914817, -0.98196745), (-0.029696595, -0.18215176, -0.98282194), (-0.085045666, -0.14213201, -0.98618746), (0.003878541, -0.14993382, -0.98868847), (0.050250147, -0.20501861, -0.9774673), (-0.060380384, -0.17914817, -0.98196745), (0.003878541, -0.14993382, -0.98868847), (0.116367504, -0.15034892, -0.9817606), (0.09670256, -0.20507967, -0.9739563), (0.050250147, -0.20501861, -0.9774673), (0.116367504, -0.15034892, -0.9817606), (0.03552395, -0.14528109, -0.98875254), (-0.0077165104, -0.1750959, -0.9845211), (0.09670256, -0.20507967, -0.9739563), (0.03552395, -0.14528109, -0.98875254), (-0.062305316, -0.14456302, -0.9875321), (-0.0517797, -0.17138806, -0.98384196), (-0.0077165104, -0.1750959, -0.9845211), (-0.062305316, -0.14456302, -0.9875321), (0.028859314, -0.12959924, -0.9911463), (0.06270478, -0.1979586, -0.9782027), (-0.0517797, -0.17138806, -0.98384196), (0.028859314, -0.12959924, -0.9911463), (0.12923145, -0.13459638, -0.9824373), (0.12229538, -0.19555227, -0.9730381), (0.06270478, -0.1979586, -0.9782027), (0.12923145, -0.13459638, -0.9824373), (0.051905874, -0.14920194, -0.98744345), (0.018251104, -0.16376635, -0.98633033), (0.12229538, -0.19555227, -0.9730381), (0.051905874, -0.14920194, -0.98744345), (-0.027754325, -0.13941516, -0.989845), (-0.032966506, -0.15792705, -0.9869003), (0.018251104, -0.16376635, -0.98633033), (-0.027754325, -0.13941516, -0.989845), (0.061249413, -0.10552141, -0.9925289), (0.08322867, -0.18469906, -0.9792647), (-0.032966506, -0.15792705, -0.9869003), (0.061249413, -0.10552141, -0.9925289), (0.14766872, -0.11794127, -0.98197955), (0.15260932, -0.18044153, -0.97167444), (0.08322867, -0.18469906, -0.9792647), (0.14766872, -0.11794127, -0.98197955), (0.083988085, -0.1474614, -0.9854954), (0.05849772, -0.14593264, -0.98756355), (0.15260932, -0.18044153, -0.97167444), (0.083988085, -0.1474614, -0.9854954), (0.034165505, -0.124588415, -0.99162006), (0.013414989, -0.13679749, -0.9905082), (0.05849772, -0.14593264, -0.98756355), (0.034165505, -0.124588415, -0.99162006), (0.12419905, -0.07720605, -0.98924905), (0.13383332, -0.15924408, -0.97812575), (0.013414989, -0.13679749, -0.9905082), (0.12419905, -0.07720605, -0.98924905), (0.21117817, -0.09413707, -0.9729039), (0.22153626, -0.15085982, -0.96341217), (0.13383332, -0.15924408, -0.97812575), (0.21117817, -0.09413707, -0.9729039), (0.21948017, -0.12368784, -0.96774465), (0.19691911, -0.11092868, -0.9741241), (0.22153626, -0.15085982, -0.96341217), (0.21948017, -0.12368784, -0.96774465), (0.5727924, -0.08057131, -0.815731), (0.5608275, -0.056567475, -0.825998), (0.19691911, -0.11092868, -0.9741241), (0.5727924, -0.08057131, -0.815731), (0.9617736, -0.01061505, -0.27363998), (0.9588704, -0.009162896, -0.28369617), (0.5608275, -0.056567475, -0.825998), (-0.96717197, -0.006063486, -0.2540504), (-0.5704584, -0.038611043, -0.82041836), (-0.5800113, -0.101874664, -0.8082131), (-0.96203715, -0.029778665, -0.2712892), (-0.5704584, -0.038611043, -0.82041836), (-0.18864353, -0.08461192, -0.97839385), (-0.2095897, -0.08136483, -0.97439826), (-0.5800113, -0.101874664, -0.8082131), (-0.18864353, -0.08461192, -0.97839385), (-0.22266075, -0.11659137, -0.9678991), (-0.19688919, -0.056343645, -0.9788054), (-0.2095897, -0.08136483, -0.97439826), (-0.22266075, -0.11659137, -0.9678991), (-0.18163663, -0.09247287, -0.97900814), (-0.14234655, -0.14568278, -0.9790373), (-0.19688919, -0.056343645, -0.9788054), (-0.18163663, -0.09247287, -0.97900814), (-0.03799282, -0.06502759, -0.99715996), (-0.04979116, -0.18748339, -0.981005), (-0.14234655, -0.14568278, -0.9790373), (-0.03799282, -0.06502759, -0.99715996), (-0.040254705, -0.112521335, -0.9928336), (-0.06321342, -0.10977628, -0.9919442), (-0.04979116, -0.18748339, -0.981005), (-0.040254705, -0.112521335, -0.9928336), (-0.15367685, -0.1537077, -0.9760929), (-0.13334285, -0.080751285, -0.9877747), (-0.06321342, -0.10977628, -0.9919442), (-0.15367685, -0.1537077, -0.9760929), (-0.10797402, -0.10332915, -0.9887693), (-0.08833413, -0.16799732, -0.9818217), (-0.13334285, -0.080751285, -0.9877747), (-0.10797402, -0.10332915, -0.9887693), (0.024523178, -0.06085821, -0.99784505), (0.015382148, -0.19595812, -0.9804916), (-0.08833413, -0.16799732, -0.9818217), (0.024523178, -0.06085821, -0.99784505), (-0.015845012, -0.12984852, -0.9914072), (-0.023331601, -0.120613165, -0.9924254), (0.015382148, -0.19595812, -0.9804916), (-0.015845012, -0.12984852, -0.9914072), (-0.12937532, -0.17810078, -0.9754702), (-0.11847294, -0.10140342, -0.9877659), (-0.023331601, -0.120613165, -0.9924254), (-0.12937532, -0.17810078, -0.9754702), (-0.05981565, -0.102982424, -0.99288297), (-0.06191669, -0.1766014, -0.9823331), (-0.11847294, -0.10140342, -0.9877659), (-0.05981565, -0.102982424, -0.99288297), (0.05399698, -0.0537138, -0.99709535), (0.05439572, -0.1911556, -0.98005134), (-0.06191669, -0.1766014, -0.9823331), (0.05399698, -0.0537138, -0.99709535), (-0.013401434, -0.14452283, -0.98941076), (-0.0021331632, -0.12779644, -0.99179816), (0.05439572, -0.1911556, -0.98005134), (-0.013401434, -0.14452283, -0.98941076), (-0.10660849, -0.193182, -0.97535396), (-0.11015837, -0.11926845, -0.98673207), (-0.0021331632, -0.12779644, -0.99179816), (-0.10660849, -0.193182, -0.97535396), (-0.017604358, -0.09575346, -0.9952494), (-0.04005894, -0.17511171, -0.9837333), (-0.11015837, -0.11926845, -0.98673207), (-0.017604358, -0.09575346, -0.9952494), (0.067151085, -0.04797775, -0.99658865), (0.081827804, -0.17997925, -0.980261), (-0.04005894, -0.17511171, -0.9837333), (0.067151085, -0.04797775, -0.99658865), (-0.017457131, -0.15714012, -0.987422), (0.012031015, -0.13389668, -0.99092233), (0.081827804, -0.17997925, -0.980261), (-0.017457131, -0.15714012, -0.987422), (-0.07799527, -0.1986433, -0.97696346), (-0.100154296, -0.13328728, -0.98600394), (0.012031015, -0.13389668, -0.99092233), (-0.07799527, -0.1986433, -0.97696346), (0.020680012, -0.08423328, -0.9962315), (-0.018554617, -0.16560292, -0.98601794), (-0.100154296, -0.13328728, -0.98600394), (0.020680012, -0.08423328, -0.9962315), (0.06949628, -0.046002273, -0.99652094), (0.10164148, -0.1657631, -0.98091364), (-0.018554617, -0.16560292, -0.98601794), (0.06949628, -0.046002273, -0.99652094), (-0.020495543, -0.16635294, -0.98585325), (0.023588086, -0.13973884, -0.9899074), (0.10164148, -0.1657631, -0.98091364), (-0.020495543, -0.16635294, -0.98585325), (-0.042015295, -0.1942951, -0.980043), (-0.085045666, -0.14213201, -0.98618746), (0.023588086, -0.13973884, -0.9899074), (-0.042015295, -0.1942951, -0.980043), (0.054528173, -0.071151845, -0.99597394), (0.003878541, -0.14993382, -0.98868847), (-0.085045666, -0.14213201, -0.98618746), (0.054528173, -0.071151845, -0.99597394), (0.0655275, -0.04839347, -0.9966766), (0.116367504, -0.15034892, -0.9817606), (0.003878541, -0.14993382, -0.98868847), (0.0655275, -0.04839347, -0.9966766), (-0.016561316, -0.16989505, -0.985323), (0.03552395, -0.14528109, -0.98875254), (0.116367504, -0.15034892, -0.9817606), (-0.016561316, -0.16989505, -0.985323), (0.0011195416, -0.18075155, -0.9835282), (-0.062305316, -0.14456302, -0.9875321), (0.03552395, -0.14528109, -0.98875254), (0.0011195416, -0.18075155, -0.9835282), (0.08395461, -0.059213776, -0.99470866), (0.028859314, -0.12959924, -0.9911463), (-0.062305316, -0.14456302, -0.9875321), (0.08395461, -0.059213776, -0.99470866), (0.061362673, -0.053818136, -0.9966636), (0.12923145, -0.13459638, -0.9824373), (0.028859314, -0.12959924, -0.9911463), (0.061362673, -0.053818136, -0.9966636), (0.0006487441, -0.16526836, -0.98624843), (0.051905874, -0.14920194, -0.98744345), (0.12923145, -0.13459638, -0.9824373), (0.0006487441, -0.16526836, -0.98624843), (0.052173216, -0.15925546, -0.9858578), (-0.027754325, -0.13941516, -0.989845), (0.051905874, -0.14920194, -0.98744345), (0.052173216, -0.15925546, -0.9858578), (0.11286607, -0.050098088, -0.99234647), (0.061249413, -0.10552141, -0.9925289), (-0.027754325, -0.13941516, -0.989845), (0.11286607, -0.050098088, -0.99234647), (0.0689476, -0.058818057, -0.9958849), (0.14766872, -0.11794127, -0.98197955), (0.061249413, -0.10552141, -0.9925289), (0.0689476, -0.058818057, -0.9958849), (0.04328953, -0.1495386, -0.98780775), (0.083988085, -0.1474614, -0.9854954), (0.14766872, -0.11794127, -0.98197955), (0.04328953, -0.1495386, -0.98780775), (0.12199301, -0.13039017, -0.9839289), (0.034165505, -0.124588415, -0.99162006), (0.083988085, -0.1474614, -0.9854954), (0.12199301, -0.13039017, -0.9839289), (0.16526504, -0.042687964, -0.9853249), (0.12419905, -0.07720605, -0.98924905), (0.034165505, -0.124588415, -0.99162006), (0.16526504, -0.042687964, -0.9853249), (0.13837881, -0.055362638, -0.98883075), (0.21117817, -0.09413707, -0.9729039), (0.12419905, -0.07720605, -0.98924905), (0.13837881, -0.055362638, -0.98883075), (0.19984591, -0.11147918, -0.9734649), (0.21948017, -0.12368784, -0.96774465), (0.21117817, -0.09413707, -0.9729039), (0.19984591, -0.11147918, -0.9734649), (0.6184504, -0.07835384, -0.7819078), (0.5727924, -0.08057131, -0.815731), (0.21948017, -0.12368784, -0.96774465), (0.6184504, -0.07835384, -0.7819078), (0.9647603, -0.011296366, -0.26288766), (0.9617736, -0.01061505, -0.27363998), (0.5727924, -0.08057131, -0.815731), (-0.96857816, -0.005278171, -0.24865344), (-0.6179423, -0.032888804, -0.7855353), (-0.5704584, -0.038611043, -0.82041836), (-0.96717197, -0.006063486, -0.2540504), (-0.6179423, -0.032888804, -0.7855353), (-0.22449183, -0.059396047, -0.97266406), (-0.18864353, -0.08461192, -0.97839385), (-0.5704584, -0.038611043, -0.82041836), (-0.22449183, -0.059396047, -0.97266406), (-0.23621324, -0.07114971, -0.96909285), (-0.22266075, -0.11659137, -0.9678991), (-0.18864353, -0.08461192, -0.97839385), (-0.23621324, -0.07114971, -0.96909285), (-0.15129209, -0.07746942, -0.9854488), (-0.18163663, -0.09247287, -0.97900814), (-0.22266075, -0.11659137, -0.9678991), (-0.15129209, -0.07746942, -0.9854488), (-0.039415292, -0.07588796, -0.996337), (-0.03799282, -0.06502759, -0.99715996), (-0.18163663, -0.09247287, -0.97900814), (-0.039415292, -0.07588796, -0.996337), (-0.09249844, -0.08062539, -0.99244326), (-0.040254705, -0.112521335, -0.9928336), (-0.03799282, -0.06502759, -0.99715996), (-0.09249844, -0.08062539, -0.99244326), (-0.15782125, -0.08564515, -0.9837466), (-0.15367685, -0.1537077, -0.9760929), (-0.040254705, -0.112521335, -0.9928336), (-0.15782125, -0.08564515, -0.9837466), (-0.05674885, -0.08919731, -0.994396), (-0.10797402, -0.10332915, -0.9887693), (-0.15367685, -0.1537077, -0.9760929), (-0.05674885, -0.08919731, -0.994396), (0.01735915, -0.08639318, -0.9961099), (0.024523178, -0.06085821, -0.99784505), (-0.10797402, -0.10332915, -0.9887693), (0.01735915, -0.08639318, -0.9961099), (-0.08273213, -0.091870874, -0.9923281), (-0.015845012, -0.12984852, -0.9914072), (0.024523178, -0.06085821, -0.99784505), (-0.08273213, -0.091870874, -0.9923281), (-0.12072198, -0.09295812, -0.98832434), (-0.12937532, -0.17810078, -0.9754702), (-0.015845012, -0.12984852, -0.9914072), (-0.12072198, -0.09295812, -0.98832434), (0.006559144, -0.09539178, -0.9954182), (-0.05981565, -0.102982424, -0.99288297), (-0.12937532, -0.17810078, -0.9754702), (0.006559144, -0.09539178, -0.9954182), (0.03575366, -0.09266567, -0.9950552), (0.05399698, -0.0537138, -0.99709535), (-0.05981565, -0.102982424, -0.99288297), (0.03575366, -0.09266567, -0.9950552), (-0.0902194, -0.0990146, -0.9909877), (-0.013401434, -0.14452283, -0.98941076), (0.05399698, -0.0537138, -0.99709535), (-0.0902194, -0.0990146, -0.9909877), (-0.08320705, -0.09757567, -0.9917437), (-0.10660849, -0.193182, -0.97535396), (-0.013401434, -0.14452283, -0.98941076), (-0.08320705, -0.09757567, -0.9917437), (0.0579672, -0.098805666, -0.9934169), (-0.017604358, -0.09575346, -0.9952494), (-0.10660849, -0.193182, -0.97535396), (0.0579672, -0.098805666, -0.9934169), (0.035523437, -0.09631896, -0.99471647), (0.067151085, -0.04797775, -0.99658865), (-0.017604358, -0.09575346, -0.9952494), (0.035523437, -0.09631896, -0.99471647), (-0.09760527, -0.103282675, -0.9898515), (-0.017457131, -0.15714012, -0.987422), (0.067151085, -0.04797775, -0.99658865), (-0.09760527, -0.103282675, -0.9898515), (-0.039940592, -0.10043735, -0.9941414), (-0.07799527, -0.1986433, -0.97696346), (-0.017457131, -0.15714012, -0.987422), (-0.039940592, -0.10043735, -0.9941414), (0.09831757, -0.09983896, -0.99013424), (0.020680012, -0.08423328, -0.9962315), (-0.07799527, -0.1986433, -0.97696346), (0.09831757, -0.09983896, -0.99013424), (0.024790088, -0.097884506, -0.99488896), (0.06949628, -0.046002273, -0.99652094), (0.020680012, -0.08423328, -0.9962315), (0.024790088, -0.097884506, -0.99488896), (-0.09655476, -0.10523303, -0.9897491), (-0.020495543, -0.16635294, -0.98585325), (0.06949628, -0.046002273, -0.99652094), (-0.09655476, -0.10523303, -0.9897491), (0.008588126, -0.10126756, -0.99482214), (-0.042015295, -0.1942951, -0.980043), (-0.020495543, -0.16635294, -0.98585325), (0.008588126, -0.10126756, -0.99482214), (0.12668213, -0.098378755, -0.9870528), (0.054528173, -0.071151845, -0.99597394), (-0.042015295, -0.1942951, -0.980043), (0.12668213, -0.098378755, -0.9870528), (0.010471812, -0.097610556, -0.9951696), (0.0655275, -0.04839347, -0.9966766), (0.054528173, -0.071151845, -0.99597394), (0.010471812, -0.097610556, -0.9951696), (-0.08161287, -0.10487927, -0.99113053), (-0.016561316, -0.16989505, -0.985323), (0.0655275, -0.04839347, -0.9966766), (-0.08161287, -0.10487927, -0.99113053), (0.060389034, -0.09910588, -0.9932428), (0.0011195416, -0.18075155, -0.9835282), (-0.016561316, -0.16989505, -0.985323), (0.060389034, -0.09910588, -0.9932428), (0.14410166, -0.09425363, -0.9850639), (0.08395461, -0.059213776, -0.99470866), (0.0011195416, -0.18075155, -0.9835282), (0.14410166, -0.09425363, -0.9850639), (0.00090999994, -0.095434666, -0.9954353), (0.061362673, -0.053818136, -0.9966636), (0.08395461, -0.059213776, -0.99470866), (0.00090999994, -0.095434666, -0.9954353), (-0.04811617, -0.101424105, -0.99367905), (0.0006487441, -0.16526836, -0.98624843), (0.061362673, -0.053818136, -0.9966636), (-0.04811617, -0.101424105, -0.99367905), (0.1145338, -0.09263966, -0.98909044), (0.052173216, -0.15925546, -0.9858578), (0.0006487441, -0.16526836, -0.98624843), (0.1145338, -0.09263966, -0.98909044), (0.15692694, -0.0870448, -0.98376685), (0.11286607, -0.050098088, -0.99234647), (0.052173216, -0.15925546, -0.9858578), (0.15692694, -0.0870448, -0.98376685), (0.010364243, -0.090403594, -0.9958513), (0.0689476, -0.058818057, -0.9958849), (0.11286607, -0.050098088, -0.99234647), (0.010364243, -0.090403594, -0.9958513), (0.014043729, -0.092745595, -0.99559075), (0.04328953, -0.1495386, -0.98780775), (0.0689476, -0.058818057, -0.9958849), (0.014043729, -0.092745595, -0.99559075), (0.17999539, -0.079929866, -0.9804147), (0.12199301, -0.13039017, -0.9839289), (0.04328953, -0.1495386, -0.98780775), (0.17999539, -0.079929866, -0.9804147), (0.19281612, -0.0744534, -0.97840613), (0.16526504, -0.042687964, -0.9853249), (0.12199301, -0.13039017, -0.9839289), (0.19281612, -0.0744534, -0.97840613), (0.09423111, -0.07778634, -0.9925068), (0.13837881, -0.055362638, -0.98883075), (0.16526504, -0.042687964, -0.9853249), (0.09423111, -0.07778634, -0.9925068), (0.19436821, -0.07093348, -0.9783606), (0.19984591, -0.11147918, -0.9734649), (0.13837881, -0.055362638, -0.98883075), (0.19436821, -0.07093348, -0.9783606), (0.62584394, -0.0406793, -0.77888674), (0.6184504, -0.07835384, -0.7819078), (0.19984591, -0.11147918, -0.9734649), (0.62584394, -0.0406793, -0.77888674), (0.9671244, -0.007141078, -0.2542033), (0.9647603, -0.011296366, -0.26288766), (0.6184504, -0.07835384, -0.7819078), (-0.96993107, -0.006190965, -0.24330117), (-0.58177865, -0.032746606, -0.81268764), (-0.6179423, -0.032888804, -0.7855353), (-0.96857816, -0.005278171, -0.24865344), (-0.58177865, -0.032746606, -0.81268764), (-0.21833682, -0.03151102, -0.9753646), (-0.22449183, -0.059396047, -0.97266406), (-0.6179423, -0.032888804, -0.7855353), (-0.21833682, -0.03151102, -0.9753646), (-0.25726342, -0.03267282, -0.96578884), (-0.23621324, -0.07114971, -0.96909285), (-0.22449183, -0.059396047, -0.97266406), (-0.25726342, -0.03267282, -0.96578884), (-0.1683446, -0.078101814, -0.98262924), (-0.15129209, -0.07746942, -0.9854488), (-0.23621324, -0.07114971, -0.96909285), (-0.1683446, -0.078101814, -0.98262924), (-0.018078594, -0.08649611, -0.99608815), (-0.039415292, -0.07588796, -0.996337), (-0.15129209, -0.07746942, -0.9854488), (-0.018078594, -0.08649611, -0.99608815), (-0.07536855, -0.038027234, -0.99643034), (-0.09249844, -0.08062539, -0.99244326), (-0.039415292, -0.07588796, -0.996337), (-0.07536855, -0.038027234, -0.99643034), (-0.18483475, -0.03176396, -0.9822562), (-0.15782125, -0.08564515, -0.9837466), (-0.09249844, -0.08062539, -0.99244326), (-0.18483475, -0.03176396, -0.9822562), (-0.080052234, -0.09969128, -0.991793), (-0.05674885, -0.08919731, -0.994396), (-0.15782125, -0.08564515, -0.9837466), (-0.080052234, -0.09969128, -0.991793), (0.045220286, -0.10780282, -0.99314326), (0.01735915, -0.08639318, -0.9961099), (-0.05674885, -0.08919731, -0.994396), (0.045220286, -0.10780282, -0.99314326), (-0.05949023, -0.034576926, -0.9976299), (-0.08273213, -0.091870874, -0.9923281), (0.01735915, -0.08639318, -0.9961099), (-0.05949023, -0.034576926, -0.9976299), (-0.15337189, -0.029573891, -0.9877259), (-0.12072198, -0.09295812, -0.98832434), (-0.08273213, -0.091870874, -0.9923281), (-0.15337189, -0.029573891, -0.9877259), (-0.021598617, -0.11918305, -0.9926374), (0.006559144, -0.09539178, -0.9954182), (-0.12072198, -0.09295812, -0.98832434), (-0.021598617, -0.11918305, -0.9926374), (0.06893161, -0.122013725, -0.9901318), (0.03575366, -0.09266567, -0.9950552), (0.006559144, -0.09539178, -0.9954182), (0.06893161, -0.122013725, -0.9901318), (-0.06273414, -0.027890582, -0.9976405), (-0.0902194, -0.0990146, -0.9909877), (0.03575366, -0.09266567, -0.9950552), (-0.06273414, -0.027890582, -0.9976405), (-0.12007999, -0.030928798, -0.99228233), (-0.08320705, -0.09757567, -0.9917437), (-0.0902194, -0.0990146, -0.9909877), (-0.12007999, -0.030928798, -0.99228233), (0.027312571, -0.13633233, -0.99028665), (0.0579672, -0.098805666, -0.9934169), (-0.08320705, -0.09757567, -0.9917437), (0.027312571, -0.13633233, -0.99028665), (0.072740056, -0.12860353, -0.9890247), (0.035523437, -0.09631896, -0.99471647), (0.0579672, -0.098805666, -0.9934169), (0.072740056, -0.12860353, -0.9890247), (-0.06797824, -0.021307917, -0.99745923), (-0.09760527, -0.103282675, -0.9898515), (0.035523437, -0.09631896, -0.99471647), (-0.06797824, -0.021307917, -0.99745923), (-0.07904404, -0.037183408, -0.9961775), (-0.039940592, -0.10043735, -0.9941414), (-0.09760527, -0.103282675, -0.9898515), (-0.07904404, -0.037183408, -0.9961775), (0.06808827, -0.14852859, -0.98656136), (0.09831757, -0.09983896, -0.99013424), (-0.039940592, -0.10043735, -0.9941414), (0.06808827, -0.14852859, -0.98656136), (0.06455194, -0.12746714, -0.98974), (0.024790088, -0.097884506, -0.99488896), (0.09831757, -0.09983896, -0.99013424), (0.06455194, -0.12746714, -0.98974), (-0.06712466, -0.01769402, -0.9975877), (-0.09655476, -0.10523303, -0.9897491), (0.024790088, -0.097884506, -0.99488896), (-0.06712466, -0.01769402, -0.9975877), (-0.030482648, -0.047231317, -0.99841875), (0.008588126, -0.10126756, -0.99482214), (-0.09655476, -0.10523303, -0.9897491), (-0.030482648, -0.047231317, -0.99841875), (0.09965209, -0.15292847, -0.9832), (0.12668213, -0.098378755, -0.9870528), (0.008588126, -0.10126756, -0.99482214), (0.09965209, -0.15292847, -0.9832), (0.051194884, -0.11981344, -0.99147564), (0.010471812, -0.097610556, -0.9951696), (0.12668213, -0.098378755, -0.9870528), (0.051194884, -0.11981344, -0.99147564), (-0.054534007, -0.018746713, -0.9983359), (-0.08161287, -0.10487927, -0.99113053), (0.010471812, -0.097610556, -0.9951696), (-0.054534007, -0.018746713, -0.9983359), (0.023720477, -0.05805, -0.99803185), (0.060389034, -0.09910588, -0.9932428), (-0.08161287, -0.10487927, -0.99113053), (0.023720477, -0.05805, -0.99803185), (0.122368425, -0.14776337, -0.98142344), (0.14410166, -0.09425363, -0.9850639), (0.060389034, -0.09910588, -0.9932428), (0.122368425, -0.14776337, -0.98142344), (0.040905602, -0.10773069, -0.9933382), (0.00090999994, -0.095434666, -0.9954353), (0.14410166, -0.09425363, -0.9850639), (0.040905602, -0.10773069, -0.9933382), (-0.024922501, -0.024095029, -0.999399), (-0.04811617, -0.101424105, -0.99367905), (0.00090999994, -0.095434666, -0.9954353), (-0.024922501, -0.024095029, -0.999399), (0.08287957, -0.06553415, -0.99440247), (0.1145338, -0.09263966, -0.98909044), (-0.04811617, -0.101424105, -0.99367905), (0.08287957, -0.06553415, -0.99440247), (0.14188278, -0.13268122, -0.9809511), (0.15692694, -0.0870448, -0.98376685), (0.1145338, -0.09263966, -0.98909044), (0.14188278, -0.13268122, -0.9809511), (0.04777726, -0.093006305, -0.9945186), (0.010364243, -0.090403594, -0.9958513), (0.15692694, -0.0870448, -0.98376685), (0.04777726, -0.093006305, -0.9945186), (0.032877836, -0.030820912, -0.99898404), (0.014043729, -0.092745595, -0.99559075), (0.010364243, -0.090403594, -0.9958513), (0.032877836, -0.030820912, -0.99898404), (0.15709138, -0.0648614, -0.9854518), (0.17999539, -0.079929866, -0.9804147), (0.014043729, -0.092745595, -0.99559075), (0.15709138, -0.0648614, -0.9854518), (0.18610527, -0.10675818, -0.9767126), (0.19281612, -0.0744534, -0.97840613), (0.17999539, -0.079929866, -0.9804147), (0.18610527, -0.10675818, -0.9767126), (0.12715672, -0.07429903, -0.989096), (0.09423111, -0.07778634, -0.9925068), (0.19281612, -0.0744534, -0.97840613), (0.12715672, -0.07429903, -0.989096), (0.21087207, -0.031361043, -0.97701055), (0.19436821, -0.07093348, -0.9783606), (0.09423111, -0.07778634, -0.9925068), (0.21087207, -0.031361043, -0.97701055), (0.6528033, -0.022504997, -0.7571931), (0.62584394, -0.0406793, -0.77888674), (0.19436821, -0.07093348, -0.9783606), (0.6528033, -0.022504997, -0.7571931), (0.9689434, -0.00805838, -0.2471512), (0.9671244, -0.007141078, -0.2542033), (0.62584394, -0.0406793, -0.77888674), (-0.97058034, 0.00045283957, -0.24077705), (-0.61942047, -0.039390534, -0.78407055), (-0.58177865, -0.032746606, -0.81268764), (-0.96993107, -0.006190965, -0.24330117), (-0.61942047, -0.039390534, -0.78407055), (-0.21569552, -0.08691553, -0.9725848), (-0.21833682, -0.03151102, -0.9753646), (-0.58177865, -0.032746606, -0.81268764), (-0.21569552, -0.08691553, -0.9725848), (-0.22641733, -0.046536453, -0.97291803), (-0.25726342, -0.03267282, -0.96578884), (-0.21833682, -0.03151102, -0.9753646), (-0.22641733, -0.046536453, -0.97291803), (-0.18010846, 0.008247987, -0.9836122), (-0.1683446, -0.078101814, -0.98262924), (-0.25726342, -0.03267282, -0.96578884), (-0.18010846, 0.008247987, -0.9836122), (-0.051351167, -0.04571299, -0.9976339), (-0.018078594, -0.08649611, -0.99608815), (-0.1683446, -0.078101814, -0.98262924), (-0.051351167, -0.04571299, -0.9976339), (-0.061327882, -0.10547827, -0.9925287), (-0.07536855, -0.038027234, -0.99643034), (-0.018078594, -0.08649611, -0.99608815), (-0.061327882, -0.10547827, -0.9925287), (-0.16204214, -0.05247113, -0.9853878), (-0.18483475, -0.03176396, -0.9822562), (-0.07536855, -0.038027234, -0.99643034), (-0.16204214, -0.05247113, -0.9853878), (-0.09864213, -0.0023173054, -0.9951203), (-0.080052234, -0.09969128, -0.991793), (-0.18483475, -0.03176396, -0.9822562), (-0.09864213, -0.0023173054, -0.9951203), (0.028203169, -0.0601074, -0.9977934), (0.045220286, -0.10780282, -0.99314326), (-0.080052234, -0.09969128, -0.991793), (0.028203169, -0.0601074, -0.9977934), (-0.038508557, -0.10547336, -0.9936763), (-0.05949023, -0.034576926, -0.9976299), (0.045220286, -0.10780282, -0.99314326), (-0.038508557, -0.10547336, -0.9936763), (-0.14796065, -0.053592976, -0.9875401), (-0.15337189, -0.029573891, -0.9877259), (-0.05949023, -0.034576926, -0.9976299), (-0.14796065, -0.053592976, -0.9875401), (-0.044116456, -0.01964156, -0.99883324), (-0.021598617, -0.11918305, -0.9926374), (-0.15337189, -0.029573891, -0.9877259), (-0.044116456, -0.01964156, -0.99883324), (0.07297476, -0.0704259, -0.99484414), (0.06893161, -0.122013725, -0.9901318), (-0.021598617, -0.11918305, -0.9926374), (0.07297476, -0.0704259, -0.99484414), (-0.03938265, -0.09637919, -0.99456525), (-0.06273414, -0.027890582, -0.9976405), (0.06893161, -0.122013725, -0.9901318), (-0.03938265, -0.09637919, -0.99456525), (-0.13555352, -0.05707325, -0.98912483), (-0.12007999, -0.030928798, -0.99228233), (-0.06273414, -0.027890582, -0.9976405), (-0.13555352, -0.05707325, -0.98912483), (0.0046686865, -0.041222654, -0.9991391), (0.027312571, -0.13633233, -0.99028665), (-0.12007999, -0.030928798, -0.99228233), (0.0046686865, -0.041222654, -0.9991391), (0.098972455, -0.07446179, -0.9923003), (0.072740056, -0.12860353, -0.9890247), (0.027312571, -0.13633233, -0.99028665), (0.098972455, -0.07446179, -0.9923003), (-0.046970174, -0.082399145, -0.99549186), (-0.06797824, -0.021307917, -0.99745923), (0.072740056, -0.12860353, -0.9890247), (-0.046970174, -0.082399145, -0.99549186), (-0.115554385, -0.06489927, -0.9911787), (-0.07904404, -0.037183408, -0.9961775), (-0.06797824, -0.021307917, -0.99745923), (-0.115554385, -0.06489927, -0.9911787), (0.049999684, -0.06351593, -0.9967276), (0.06808827, -0.14852859, -0.98656136), (-0.07904404, -0.037183408, -0.9961775), (0.049999684, -0.06351593, -0.9967276), (0.11111121, -0.07138414, -0.991241), (0.06455194, -0.12746714, -0.98974), (0.06808827, -0.14852859, -0.98656136), (0.11111121, -0.07138414, -0.991241), (-0.053282104, -0.067098364, -0.99632263), (-0.06712466, -0.01769402, -0.9975877), (0.06455194, -0.12746714, -0.98974), (-0.053282104, -0.067098364, -0.99632263), (-0.085294545, -0.076360755, -0.9934253), (-0.030482648, -0.047231317, -0.99841875), (-0.06712466, -0.01769402, -0.9975877), (-0.085294545, -0.076360755, -0.9934253), (0.0914081, -0.082759425, -0.9923686), (0.09965209, -0.15292847, -0.9832), (-0.030482648, -0.047231317, -0.99841875), (0.0914081, -0.082759425, -0.9923686), (0.11370636, -0.062091544, -0.9915722), (0.051194884, -0.11981344, -0.99147564), (0.09965209, -0.15292847, -0.9832), (0.11370636, -0.062091544, -0.9915722), (-0.052189965, -0.053292498, -0.9972142), (-0.054534007, -0.018746713, -0.9983359), (0.051194884, -0.11981344, -0.99147564), (-0.052189965, -0.053292498, -0.9972142), (-0.0439234, -0.08877025, -0.99508315), (0.023720477, -0.05805, -0.99803185), (-0.054534007, -0.018746713, -0.9983359), (-0.0439234, -0.08877025, -0.99508315), (0.12854856, -0.09549387, -0.9870948), (0.122368425, -0.14776337, -0.98142344), (0.023720477, -0.05805, -0.99803185), (0.12854856, -0.09549387, -0.9870948), (0.11291244, -0.04876505, -0.9924075), (0.040905602, -0.10773069, -0.9933382), (0.122368425, -0.14776337, -0.98142344), (0.11291244, -0.04876505, -0.9924075), (-0.036506176, -0.042574156, -0.9984262), (-0.024922501, -0.024095029, -0.999399), (0.040905602, -0.10773069, -0.9933382), (-0.036506176, -0.042574156, -0.9984262), (0.010732816, -0.09808163, -0.9951205), (0.08287957, -0.06553415, -0.99440247), (-0.024922501, -0.024095029, -0.999399), (0.010732816, -0.09808163, -0.9951205), (0.16446431, -0.098912925, -0.9814111), (0.14188278, -0.13268122, -0.9809511), (0.08287957, -0.06553415, -0.99440247), (0.16446431, -0.098912925, -0.9814111), (0.12097336, -0.034007933, -0.99207306), (0.04777726, -0.093006305, -0.9945186), (0.14188278, -0.13268122, -0.9809511), (0.12097336, -0.034007933, -0.99207306), (0.009106407, -0.034594998, -0.99935997), (0.032877836, -0.030820912, -0.99898404), (0.04777726, -0.093006305, -0.9945186), (0.009106407, -0.034594998, -0.99935997), (0.092429, -0.09837702, -0.9908476), (0.15709138, -0.0648614, -0.9854518), (0.032877836, -0.030820912, -0.99898404), (0.092429, -0.09837702, -0.9908476), (0.2223076, -0.0902224, -0.9707931), (0.18610527, -0.10675818, -0.9767126), (0.15709138, -0.0648614, -0.9854518), (0.2223076, -0.0902224, -0.9707931), (0.19114593, -0.019935459, -0.9813591), (0.12715672, -0.07429903, -0.989096), (0.18610527, -0.10675818, -0.9767126), (0.19114593, -0.019935459, -0.9813591), (0.19219811, -0.02301041, -0.9810864), (0.21087207, -0.031361043, -0.97701055), (0.12715672, -0.07429903, -0.989096), (0.19219811, -0.02301041, -0.9810864), (0.61928296, -0.04647215, -0.7837915), (0.6528033, -0.022504997, -0.7571931), (0.21087207, -0.031361043, -0.97701055), (0.61928296, -0.04647215, -0.7837915), (0.97154284, -0.01580663, -0.23633608), (0.9689434, -0.00805838, -0.2471512), (0.6528033, -0.022504997, -0.7571931), (-0.9712986, -0.0073439456, -0.23775008), (-0.6394102, -0.05129991, -0.7671525), (-0.61942047, -0.039390534, -0.78407055), (-0.97058034, 0.00045283957, -0.24077705), (-0.6394102, -0.05129991, -0.7671525), (-0.19929315, -0.05782635, -0.97823226), (-0.21569552, -0.08691553, -0.9725848), (-0.61942047, -0.039390534, -0.78407055), (-0.19929315, -0.05782635, -0.97823226), (-0.14572957, -0.0053862766, -0.98930985), (-0.22641733, -0.046536453, -0.97291803), (-0.21569552, -0.08691553, -0.9725848), (-0.14572957, -0.0053862766, -0.98930985), (-0.20913391, -0.006663012, -0.9778644), (-0.18010846, 0.008247987, -0.9836122), (-0.22641733, -0.046536453, -0.97291803), (-0.20913391, -0.006663012, -0.9778644), (-0.14457545, -0.085495725, -0.9857933), (-0.051351167, -0.04571299, -0.9976339), (-0.18010846, 0.008247987, -0.9836122), (-0.14457545, -0.085495725, -0.9857933), (-0.022587031, -0.08247858, -0.9963369), (-0.061327882, -0.10547827, -0.9925287), (-0.051351167, -0.04571299, -0.9976339), (-0.022587031, -0.08247858, -0.9963369), (-0.06806039, 0.0035813968, -0.9976748), (-0.16204214, -0.05247113, -0.9853878), (-0.061327882, -0.10547827, -0.9925287), (-0.06806039, 0.0035813968, -0.9976748), (-0.15068702, -0.00592327, -0.9885638), (-0.09864213, -0.0023173054, -0.9951203), (-0.16204214, -0.05247113, -0.9853878), (-0.15068702, -0.00592327, -0.9885638), (-0.06728944, -0.10934038, -0.9917242), (0.028203169, -0.0601074, -0.9977934), (-0.09864213, -0.0023173054, -0.9951203), (-0.06728944, -0.10934038, -0.9917242), (0.021911262, -0.09267146, -0.9954557), (-0.038508557, -0.10547336, -0.9936763), (0.028203169, -0.0601074, -0.9977934), (0.021911262, -0.09267146, -0.9954557), (-0.05924743, 0.015932903, -0.9981162), (-0.14796065, -0.053592976, -0.9875401), (-0.038508557, -0.10547336, -0.9936763), (-0.05924743, 0.015932903, -0.9981162), (-0.11403374, -0.009498075, -0.99343145), (-0.044116456, -0.01964156, -0.99883324), (-0.14796065, -0.053592976, -0.9875401), (-0.11403374, -0.009498075, -0.99343145), (-0.011356474, -0.12893054, -0.9915886), (0.07297476, -0.0704259, -0.99484414), (-0.044116456, -0.01964156, -0.99883324), (-0.011356474, -0.12893054, -0.9915886), (0.035621528, -0.09475098, -0.9948635), (-0.03938265, -0.09637919, -0.99456525), (0.07297476, -0.0704259, -0.99484414), (0.035621528, -0.09475098, -0.9948635), (-0.06227315, 0.026754634, -0.9977005), (-0.13555352, -0.05707325, -0.98912483), (-0.03938265, -0.09637919, -0.99456525), (-0.06227315, 0.026754634, -0.9977005), (-0.07435718, -0.017398275, -0.99707985), (0.0046686865, -0.041222654, -0.9991391), (-0.13555352, -0.05707325, -0.98912483), (-0.07435718, -0.017398275, -0.99707985), (0.034500483, -0.1425953, -0.9891796), (0.098972455, -0.07446179, -0.9923003), (0.0046686865, -0.041222654, -0.9991391), (0.034500483, -0.1425953, -0.9891796), (0.033377733, -0.09076766, -0.9953126), (-0.046970174, -0.082399145, -0.99549186), (0.098972455, -0.07446179, -0.9923003), (0.033377733, -0.09076766, -0.9953126), (-0.06353041, 0.033092503, -0.9974311), (-0.115554385, -0.06489927, -0.9911787), (-0.046970174, -0.082399145, -0.99549186), (-0.06353041, 0.033092503, -0.9974311), (-0.028616523, -0.027785564, -0.99920416), (0.049999684, -0.06351593, -0.9967276), (-0.115554385, -0.06489927, -0.9911787), (-0.028616523, -0.027785564, -0.99920416), (0.071030505, -0.1485434, -0.98635167), (0.11111121, -0.07138414, -0.991241), (0.049999684, -0.06351593, -0.9967276), (0.071030505, -0.1485434, -0.98635167), (0.023182478, -0.08298122, -0.9962814), (-0.053282104, -0.067098364, -0.99632263), (0.11111121, -0.07138414, -0.991241), (0.023182478, -0.08298122, -0.9962814), (-0.05634918, 0.033432063, -0.99785125), (-0.085294545, -0.076360755, -0.9934253), (-0.053282104, -0.067098364, -0.99632263), (-0.05634918, 0.033432063, -0.99785125), (0.021827042, -0.037986916, -0.9990398), (0.0914081, -0.082759425, -0.9923686), (-0.085294545, -0.076360755, -0.9934253), (0.021827042, -0.037986916, -0.9990398), (0.098396674, -0.14584678, -0.98440176), (0.11370636, -0.062091544, -0.9915722), (0.0914081, -0.082759425, -0.9923686), (0.098396674, -0.14584678, -0.98440176), (0.012539631, -0.07362996, -0.9972068), (-0.052189965, -0.053292498, -0.9972142), (0.11370636, -0.062091544, -0.9915722), (0.012539631, -0.07362996, -0.9972068), (-0.036419768, 0.027890587, -0.99894726), (-0.0439234, -0.08877025, -0.99508315), (-0.052189965, -0.053292498, -0.9972142), (-0.036419768, 0.027890587, -0.99894726), (0.07510825, -0.045419477, -0.9961404), (0.12854856, -0.09549387, -0.9870948), (-0.0439234, -0.08877025, -0.99508315), (0.07510825, -0.045419477, -0.9961404), (0.11921808, -0.13461278, -0.9837004), (0.11291244, -0.04876505, -0.9924075), (0.12854856, -0.09549387, -0.9870948), (0.11921808, -0.13461278, -0.9837004), (0.010666738, -0.064276434, -0.99787515), (-0.036506176, -0.042574156, -0.9984262), (0.11291244, -0.04876505, -0.9924075), (0.010666738, -0.064276434, -0.99787515), (0.0010820624, 0.018050794, -0.99983656), (0.010732816, -0.09808163, -0.9951205), (-0.036506176, -0.042574156, -0.9984262), (0.0010820624, 0.018050794, -0.99983656), (0.13245864, -0.047971252, -0.99002695), (0.16446431, -0.098912925, -0.9814111), (0.010732816, -0.09808163, -0.9951205), (0.13245864, -0.047971252, -0.99002695), (0.14317533, -0.11539554, -0.98294693), (0.12097336, -0.034007933, -0.99207306), (0.16446431, -0.098912925, -0.9814111), (0.14317533, -0.11539554, -0.98294693), (0.035684586, -0.055210523, -0.9978369), (0.009106407, -0.034594998, -0.99935997), (0.12097336, -0.034007933, -0.99207306), (0.035684586, -0.055210523, -0.9978369), (0.07267966, 0.0065469504, -0.9973339), (0.092429, -0.09837702, -0.9908476), (0.009106407, -0.034594998, -0.99935997), (0.07267966, 0.0065469504, -0.9973339), (0.21475802, -0.04297458, -0.97572136), (0.2223076, -0.0902224, -0.9707931), (0.092429, -0.09837702, -0.9908476), (0.21475802, -0.04297458, -0.97572136), (0.22119111, -0.08628002, -0.97140634), (0.19114593, -0.019935459, -0.9813591), (0.2223076, -0.0902224, -0.9707931), (0.22119111, -0.08628002, -0.97140634), (0.20172173, -0.04394732, -0.97845644), (0.19219811, -0.02301041, -0.9810864), (0.19114593, -0.019935459, -0.9813591), (0.20172173, -0.04394732, -0.97845644), (0.60744107, 0.00065172795, -0.7943645), (0.61928296, -0.04647215, -0.7837915), (0.19219811, -0.02301041, -0.9810864), (0.60744107, 0.00065172795, -0.7943645), (0.9730737, 0.0026322235, -0.2304793), (0.97154284, -0.01580663, -0.23633608), (0.61928296, -0.04647215, -0.7837915), (-0.9718224, 0.0027478358, -0.23569833), (-0.64692897, 0.004347804, -0.7625378), (-0.6394102, -0.05129991, -0.7671525), (-0.9712986, -0.0073439456, -0.23775008), (-0.64692897, 0.004347804, -0.7625378), (-0.21326393, -0.030757833, -0.97651035), (-0.19929315, -0.05782635, -0.97823226), (-0.6394102, -0.05129991, -0.7671525), (-0.21326393, -0.030757833, -0.97651035), (-0.118624635, -0.0691483, -0.99052846), (-0.14572957, -0.0053862766, -0.98930985), (-0.19929315, -0.05782635, -0.97823226), (-0.118624635, -0.0691483, -0.99052846), (-0.2108161, -0.041947994, -0.97662526), (-0.20913391, -0.006663012, -0.9778644), (-0.14572957, -0.0053862766, -0.98930985), (-0.2108161, -0.041947994, -0.97662526), (-0.18182562, -0.009055891, -0.9832891), (-0.14457545, -0.085495725, -0.9857933), (-0.20913391, -0.006663012, -0.9778644), (-0.18182562, -0.009055891, -0.9832891), (-0.015585923, -0.039687656, -0.9990905), (-0.022587031, -0.08247858, -0.9963369), (-0.14457545, -0.085495725, -0.9857933), (-0.015585923, -0.039687656, -0.9990905), (-0.025987152, -0.07225026, -0.99704796), (-0.06806039, 0.0035813968, -0.9976748), (-0.022587031, -0.08247858, -0.9963369), (-0.025987152, -0.07225026, -0.99704796), (-0.17270356, -0.047989808, -0.98380405), (-0.15068702, -0.00592327, -0.9885638), (-0.06806039, 0.0035813968, -0.9976748), (-0.17270356, -0.047989808, -0.98380405), (-0.11185176, -0.01984259, -0.99352676), (-0.06728944, -0.10934038, -0.9917242), (-0.15068702, -0.00592327, -0.9885638), (-0.11185176, -0.01984259, -0.99352676), (0.05426231, -0.042775653, -0.9976101), (0.021911262, -0.09267146, -0.9954557), (-0.06728944, -0.10934038, -0.9917242), (0.05426231, -0.042775653, -0.9976101), (-0.012973409, -0.06749817, -0.99763507), (-0.05924743, 0.015932903, -0.9981162), (0.021911262, -0.09267146, -0.9954557), (-0.012973409, -0.06749817, -0.99763507), (-0.16049108, -0.05218815, -0.9856567), (-0.11403374, -0.009498075, -0.99343145), (-0.05924743, 0.015932903, -0.9981162), (-0.16049108, -0.05218815, -0.9856567), (-0.055090796, -0.029307831, -0.99805117), (-0.011356474, -0.12893054, -0.9915886), (-0.11403374, -0.009498075, -0.99343145), (-0.055090796, -0.029307831, -0.99805117), (0.09347653, -0.04126771, -0.9947659), (0.035621528, -0.09475098, -0.9948635), (-0.011356474, -0.12893054, -0.9915886), (0.09347653, -0.04126771, -0.9947659), (-0.020605993, -0.060149282, -0.9979767), (-0.06227315, 0.026754634, -0.9977005), (0.035621528, -0.09475098, -0.9948635), (-0.020605993, -0.060149282, -0.9979767), (-0.14404291, -0.056321464, -0.9879674), (-0.07435718, -0.017398275, -0.99707985), (-0.06227315, 0.026754634, -0.9977005), (-0.14404291, -0.056321464, -0.9879674), (-0.0009762011, -0.03686095, -0.9993199), (0.034500483, -0.1425953, -0.9891796), (-0.07435718, -0.017398275, -0.99707985), (-0.0009762011, -0.03686095, -0.9993199), (0.11288353, -0.036495853, -0.99293774), (0.033377733, -0.09076766, -0.9953126), (0.034500483, -0.1425953, -0.9891796), (0.11288353, -0.036495853, -0.99293774), (-0.033787552, -0.051827073, -0.9980843), (-0.06353041, 0.033092503, -0.9974311), (0.033377733, -0.09076766, -0.9953126), (-0.033787552, -0.051827073, -0.9980843), (-0.11623763, -0.060283966, -0.9913902), (-0.028616523, -0.027785564, -0.99920416), (-0.06353041, 0.033092503, -0.9974311), (-0.11623763, -0.060283966, -0.9913902), (0.049822878, -0.04266784, -0.99784625), (0.071030505, -0.1485434, -0.98635167), (-0.028616523, -0.027785564, -0.99920416), (0.049822878, -0.04266784, -0.99784625), (0.11733149, -0.02959635, -0.9926517), (0.023182478, -0.08298122, -0.9962814), (0.071030505, -0.1485434, -0.98635167), (0.11733149, -0.02959635, -0.9926517), (-0.043595303, -0.043087445, -0.9981197), (-0.05634918, 0.033432063, -0.99785125), (0.023182478, -0.08298122, -0.9962814), (-0.043595303, -0.043087445, -0.9981197), (-0.075641185, -0.06371544, -0.9950974), (0.021827042, -0.037986916, -0.9990398), (-0.05634918, 0.033432063, -0.99785125), (-0.075641185, -0.06371544, -0.9950974), (0.095274396, -0.047103617, -0.99433595), (0.098396674, -0.14584678, -0.98440176), (0.021827042, -0.037986916, -0.9990398), (0.095274396, -0.047103617, -0.99433595), (0.11249654, -0.021342644, -0.99342287), (0.012539631, -0.07362996, -0.9972068), (0.098396674, -0.14584678, -0.98440176), (0.11249654, -0.021342644, -0.99342287), (-0.0425052, -0.03418659, -0.99851114), (-0.036419768, 0.027890587, -0.99894726), (0.012539631, -0.07362996, -0.9972068), (-0.0425052, -0.03418659, -0.99851114), (-0.022825455, -0.0662443, -0.9975423), (0.07510825, -0.045419477, -0.9961404), (-0.036419768, 0.027890587, -0.99894726), (-0.022825455, -0.0662443, -0.9975423), (0.13485798, -0.050194826, -0.9895927), (0.11921808, -0.13461278, -0.9837004), (0.07510825, -0.045419477, -0.9961404), (0.13485798, -0.050194826, -0.9895927), (0.107093975, -0.012300411, -0.99417275), (0.010666738, -0.064276434, -0.99787515), (0.11921808, -0.13461278, -0.9837004), (0.107093975, -0.012300411, -0.99417275), (-0.021560594, -0.025406314, -0.99944466), (0.0010820624, 0.018050794, -0.99983656), (0.010666738, -0.064276434, -0.99787515), (-0.021560594, -0.025406314, -0.99944466), (0.043772172, -0.06703848, -0.99678975), (0.13245864, -0.047971252, -0.99002695), (0.0010820624, 0.018050794, -0.99983656), (0.043772172, -0.06703848, -0.99678975), (0.17425779, -0.05116902, -0.9833697), (0.14317533, -0.11539554, -0.98294693), (0.13245864, -0.047971252, -0.99002695), (0.17425779, -0.05116902, -0.9833697), (0.11935673, -0.0032448755, -0.9928461), (0.035684586, -0.055210523, -0.9978369), (0.14317533, -0.11539554, -0.98294693), (0.11935673, -0.0032448755, -0.9928461), (0.041033953, -0.016844694, -0.9990157), (0.07267966, 0.0065469504, -0.9973339), (0.035684586, -0.055210523, -0.9978369), (0.041033953, -0.016844694, -0.9990157), (0.14637859, -0.06296933, -0.98722255), (0.21475802, -0.04297458, -0.97572136), (0.07267966, 0.0065469504, -0.9973339), (0.14637859, -0.06296933, -0.98722255), (0.25800163, -0.04750823, -0.96497566), (0.22119111, -0.08628002, -0.97140634), (0.21475802, -0.04297458, -0.97572136), (0.25800163, -0.04750823, -0.96497566), (0.26013896, 0.0035448342, -0.96556467), (0.20172173, -0.04394732, -0.97845644), (0.22119111, -0.08628002, -0.97140634), (0.26013896, 0.0035448342, -0.96556467), (0.6438072, 0.013694644, -0.76506513), (0.60744107, 0.00065172795, -0.7943645), (0.20172173, -0.04394732, -0.97845644), (0.6438072, 0.013694644, -0.76506513), (0.972571, 0.0020832578, -0.2325966), (0.9730737, 0.0026322235, -0.2304793), (0.60744107, 0.00065172795, -0.7943645), (-0.97221094, -0.0061155935, -0.23402646), (-0.6877391, -0.023348391, -0.72558236), (-0.64692897, 0.004347804, -0.7625378), (-0.9718224, 0.0027478358, -0.23569833), (-0.6877391, -0.023348391, -0.72558236), (-0.24433096, -0.028567016, -0.969271), (-0.21326393, -0.030757833, -0.97651035), (-0.64692897, 0.004347804, -0.7625378), (-0.24433096, -0.028567016, -0.969271), (-0.12547447, -0.027286159, -0.9917215), (-0.118624635, -0.0691483, -0.99052846), (-0.21326393, -0.030757833, -0.97651035), (-0.12547447, -0.027286159, -0.9917215), (-0.18341854, -0.03897891, -0.98226184), (-0.2108161, -0.041947994, -0.97662526), (-0.118624635, -0.0691483, -0.99052846), (-0.18341854, -0.03897891, -0.98226184), (-0.18746868, -0.043085415, -0.9813252), (-0.18182562, -0.009055891, -0.9832891), (-0.2108161, -0.041947994, -0.97662526), (-0.18746868, -0.043085415, -0.9813252), (-0.04812143, -0.02939298, -0.9984089), (-0.015585923, -0.039687656, -0.9990905), (-0.18182562, -0.009055891, -0.9832891), (-0.04812143, -0.02939298, -0.9984089), (-0.027877703, -0.031807784, -0.99910516), (-0.025987152, -0.07225026, -0.99704796), (-0.015585923, -0.039687656, -0.9990905), (-0.027877703, -0.031807784, -0.99910516), (-0.14654599, -0.052834492, -0.9877919), (-0.17270356, -0.047989808, -0.98380405), (-0.025987152, -0.07225026, -0.99704796), (-0.14654599, -0.052834492, -0.9877919), (-0.11859897, -0.046611488, -0.9918476), (-0.11185176, -0.01984259, -0.99352676), (-0.17270356, -0.047989808, -0.98380405), (-0.11859897, -0.046611488, -0.9918476), (0.028728774, -0.02147999, -0.99935645), (0.05426231, -0.042775653, -0.9976101), (-0.11185176, -0.01984259, -0.99352676), (0.028728774, -0.02147999, -0.99935645), (-0.012070239, -0.035231575, -0.99930626), (-0.012973409, -0.06749817, -0.99763507), (0.05426231, -0.042775653, -0.9976101), (-0.012070239, -0.035231575, -0.99930626), (-0.14185242, -0.063502476, -0.9878488), (-0.16049108, -0.05218815, -0.9856567), (-0.012973409, -0.06749817, -0.99763507), (-0.14185242, -0.063502476, -0.9878488), (-0.060738068, -0.043359846, -0.9972115), (-0.055090796, -0.029307831, -0.99805117), (-0.16049108, -0.05218815, -0.9856567), (-0.060738068, -0.043359846, -0.9972115), (0.078460574, -0.012147009, -0.9968432), (0.09347653, -0.04126771, -0.9947659), (-0.055090796, -0.029307831, -0.99805117), (0.078460574, -0.012147009, -0.9968432), (-0.020098478, -0.039453655, -0.99901927), (-0.020605993, -0.060149282, -0.9979767), (0.09347653, -0.04126771, -0.9947659), (-0.020098478, -0.039453655, -0.99901927), (-0.13568643, -0.06900192, -0.98834604), (-0.14404291, -0.056321464, -0.9879674), (-0.020605993, -0.060149282, -0.9979767), (-0.13568643, -0.06900192, -0.98834604), (-0.002327846, -0.035370447, -0.9993716), (-0.0009762011, -0.03686095, -0.9993199), (-0.14404291, -0.056321464, -0.9879674), (-0.002327846, -0.035370447, -0.9993716), (0.10964045, -0.0056073037, -0.9939555), (0.11288353, -0.036495853, -0.99293774), (-0.0009762011, -0.03686095, -0.9993199), (0.10964045, -0.0056073037, -0.9939555), (-0.03687814, -0.043566164, -0.99836963), (-0.033787552, -0.051827073, -0.9980843), (0.11288353, -0.036495853, -0.99293774), (-0.03687814, -0.043566164, -0.99836963), (-0.11866474, -0.06762492, -0.99062884), (-0.11623763, -0.060283966, -0.9913902), (-0.033787552, -0.051827073, -0.9980843), (-0.11866474, -0.06762492, -0.99062884), (0.055349983, -0.025671143, -0.99813694), (0.049822878, -0.04266784, -0.99784625), (-0.11623763, -0.060283966, -0.9913902), (0.055349983, -0.025671143, -0.99813694), (0.1249552, -0.004066594, -0.99215406), (0.11733149, -0.02959635, -0.9926517), (0.049822878, -0.04266784, -0.99784625), (0.1249552, -0.004066594, -0.99215406), (-0.05283589, -0.045659203, -0.99755883), (-0.043595303, -0.043087445, -0.9981197), (0.11733149, -0.02959635, -0.9926517), (-0.05283589, -0.045659203, -0.99755883), (-0.08744661, -0.0595302, -0.9943889), (-0.075641185, -0.06371544, -0.9950974), (-0.043595303, -0.043087445, -0.9981197), (-0.08744661, -0.0595302, -0.9943889), (0.10898034, -0.017467825, -0.99389046), (0.095274396, -0.047103617, -0.99433595), (-0.075641185, -0.06371544, -0.9950974), (0.10898034, -0.017467825, -0.99389046), (0.1283106, -0.0072677676, -0.99170744), (0.11249654, -0.021342644, -0.99342287), (0.095274396, -0.047103617, -0.99433595), (0.1283106, -0.0072677676, -0.99170744), (-0.059369095, -0.04412081, -0.99726063), (-0.0425052, -0.03418659, -0.99851114), (0.11249654, -0.021342644, -0.99342287), (-0.059369095, -0.04412081, -0.99726063), (-0.041251436, -0.046973586, -0.998044), (-0.022825455, -0.0662443, -0.9975423), (-0.0425052, -0.03418659, -0.99851114), (-0.041251436, -0.046973586, -0.998044), (0.1565462, -0.012845603, -0.9875871), (0.13485798, -0.050194826, -0.9895927), (-0.022825455, -0.0662443, -0.9975423), (0.1565462, -0.012845603, -0.9875871), (0.12725961, -0.012877166, -0.9917858), (0.107093975, -0.012300411, -0.99417275), (0.13485798, -0.050194826, -0.9895927), (0.12725961, -0.012877166, -0.9917858), (-0.04606951, -0.038541116, -0.99819446), (-0.021560594, -0.025406314, -0.99944466), (0.107093975, -0.012300411, -0.99417275), (-0.04606951, -0.038541116, -0.99819446), (0.022265337, -0.03332125, -0.99919665), (0.043772172, -0.06703848, -0.99678975), (-0.021560594, -0.025406314, -0.99944466), (0.022265337, -0.03332125, -0.99919665), (0.20200196, -0.011858647, -0.9793133), (0.17425779, -0.05116902, -0.9833697), (0.043772172, -0.06703848, -0.99678975), (0.20200196, -0.011858647, -0.9793133), (0.13935205, -0.017540265, -0.9900875), (0.11935673, -0.0032448755, -0.9928461), (0.17425779, -0.05116902, -0.9833697), (0.13935205, -0.017540265, -0.9900875), (0.011106996, -0.029753441, -0.99949557), (0.041033953, -0.016844694, -0.9990157), (0.11935673, -0.0032448755, -0.9928461), (0.011106996, -0.029753441, -0.99949557), (0.12594119, -0.021267725, -0.9918097), (0.14637859, -0.06296933, -0.98722255), (0.041033953, -0.016844694, -0.9990157), (0.12594119, -0.021267725, -0.9918097), (0.28662765, -0.011875046, -0.9579685), (0.25800163, -0.04750823, -0.96497566), (0.14637859, -0.06296933, -0.98722255), (0.28662765, -0.011875046, -0.9579685), (0.2743948, -0.016468149, -0.9614761), (0.26013896, 0.0035448342, -0.96556467), (0.25800163, -0.04750823, -0.96497566), (0.2743948, -0.016468149, -0.9614761), (0.6065873, -0.012190465, -0.79492337), (0.6438072, 0.013694644, -0.76506513), (0.26013896, 0.0035448342, -0.96556467), (0.6065873, -0.012190465, -0.79492337), (0.97231835, 0.000165321, -0.2336599), (0.972571, 0.0020832578, -0.2325966), (0.6438072, 0.013694644, -0.76506513), (-0.9740836, -0.012722806, -0.22583006), (-0.6526565, -0.039205518, -0.7566389), (-0.6877391, -0.023348391, -0.72558236), (-0.97221094, -0.0061155935, -0.23402646), (-0.6526565, -0.039205518, -0.7566389), (-0.2129413, -0.012937976, -0.97697926), (-0.24433096, -0.028567016, -0.969271), (-0.6877391, -0.023348391, -0.72558236), (-0.2129413, -0.012937976, -0.97697926), (-0.13590127, 0.013832971, -0.9906258), (-0.12547447, -0.027286159, -0.9917215), (-0.24433096, -0.028567016, -0.969271), (-0.13590127, 0.013832971, -0.9906258), (-0.22745964, -0.03703568, -0.973083), (-0.18341854, -0.03897891, -0.98226184), (-0.12547447, -0.027286159, -0.9917215), (-0.22745964, -0.03703568, -0.973083), (-0.17661436, -0.065293364, -0.9821121), (-0.18746868, -0.043085415, -0.9813252), (-0.18341854, -0.03897891, -0.98226184), (-0.17661436, -0.065293364, -0.9821121), (-0.012070704, -0.01761001, -0.9997721), (-0.04812143, -0.02939298, -0.9984089), (-0.18746868, -0.043085415, -0.9813252), (-0.012070704, -0.01761001, -0.9997721), (-0.039567385, 0.006027675, -0.9991987), (-0.027877703, -0.031807784, -0.99910516), (-0.04812143, -0.02939298, -0.9984089), (-0.039567385, 0.006027675, -0.9991987), (-0.17990544, -0.04337551, -0.9827271), (-0.14654599, -0.052834492, -0.9877919), (-0.027877703, -0.031807784, -0.99910516), (-0.17990544, -0.04337551, -0.9827271), (-0.10539939, -0.05918844, -0.99266696), (-0.11859897, -0.046611488, -0.9918476), (-0.14654599, -0.052834492, -0.9877919), (-0.10539939, -0.05918844, -0.99266696), (0.0524204, -0.017698875, -0.9984683), (0.028728774, -0.02147999, -0.99935645), (-0.11859897, -0.046611488, -0.9918476), (0.0524204, -0.017698875, -0.9984683), (-0.021387693, -0.006964799, -0.999747), (-0.012070239, -0.035231575, -0.99930626), (0.028728774, -0.02147999, -0.99935645), (-0.021387693, -0.006964799, -0.999747), (-0.15933444, -0.043563478, -0.986263), (-0.14185242, -0.063502476, -0.9878488), (-0.012070239, -0.035231575, -0.99930626), (-0.15933444, -0.043563478, -0.986263), (-0.052641734, -0.04454898, -0.9976193), (-0.060738068, -0.043359846, -0.9972115), (-0.14185242, -0.063502476, -0.9878488), (-0.052641734, -0.04454898, -0.9976193), (0.086339146, -0.019775793, -0.99606955), (0.078460574, -0.012147009, -0.9968432), (-0.060738068, -0.043359846, -0.9972115), (0.086339146, -0.019775793, -0.99606955), (-0.021654928, -0.022320056, -0.99951637), (-0.020098478, -0.039453655, -0.99901927), (0.078460574, -0.012147009, -0.9968432), (-0.021654928, -0.022320056, -0.99951637), (-0.13670827, -0.036847647, -0.9899258), (-0.13568643, -0.06900192, -0.98834604), (-0.020098478, -0.039453655, -0.99901927), (-0.13670827, -0.036847647, -0.9899258), (-0.005224159, -0.02592042, -0.99965036), (-0.002327846, -0.035370447, -0.9993716), (-0.13568643, -0.06900192, -0.98834604), (-0.005224159, -0.02592042, -0.99965036), (0.102453426, -0.025718575, -0.99440527), (0.10964045, -0.0056073037, -0.9939555), (-0.002327846, -0.035370447, -0.9993716), (0.102453426, -0.025718575, -0.99440527), (-0.026754433, -0.03729602, -0.9989461), (-0.03687814, -0.043566164, -0.99836963), (0.10964045, -0.0056073037, -0.9939555), (-0.026754433, -0.03729602, -0.9989461), (-0.10545728, -0.02364784, -0.9941426), (-0.11866474, -0.06762492, -0.99062884), (-0.03687814, -0.043566164, -0.99836963), (-0.10545728, -0.02364784, -0.9941426), (0.038439874, -0.007073843, -0.9992359), (0.055349983, -0.025671143, -0.99813694), (-0.11866474, -0.06762492, -0.99062884), (0.038439874, -0.007073843, -0.9992359), (0.105862044, -0.03556726, -0.99374455), (0.1249552, -0.004066594, -0.99215406), (0.055349983, -0.025671143, -0.99813694), (0.105862044, -0.03556726, -0.99374455), (-0.029274646, -0.04904516, -0.9983675), (-0.05283589, -0.045659203, -0.99755883), (0.1249552, -0.004066594, -0.99215406), (-0.029274646, -0.04904516, -0.9983675), (-0.06389105, -0.006003622, -0.9979388), (-0.08744661, -0.0595302, -0.9943889), (-0.05283589, -0.045659203, -0.99755883), (-0.06389105, -0.006003622, -0.9979388), (0.077905275, 0.008500135, -0.9969245), (0.10898034, -0.017467825, -0.99389046), (-0.08744661, -0.0595302, -0.9943889), (0.077905275, 0.008500135, -0.9969245), (0.10155778, -0.047588162, -0.9936908), (0.1283106, -0.0072677676, -0.99170744), (0.10898034, -0.017467825, -0.99389046), (0.10155778, -0.047588162, -0.9936908), (-0.022649037, -0.05503447, -0.99822754), (-0.059369095, -0.04412081, -0.99726063), (0.1283106, -0.0072677676, -0.99170744), (-0.022649037, -0.05503447, -0.99822754), (-0.011694972, 0.012618368, -0.99985194), (-0.041251436, -0.046973586, -0.998044), (-0.059369095, -0.04412081, -0.99726063), (-0.011694972, 0.012618368, -0.99985194), (0.1133808, 0.01798925, -0.9933887), (0.1565462, -0.012845603, -0.9875871), (-0.041251436, -0.046973586, -0.998044), (0.1133808, 0.01798925, -0.9933887), (0.097259924, -0.05857135, -0.993534), (0.12725961, -0.012877166, -0.9917858), (0.1565462, -0.012845603, -0.9875871), (0.097259924, -0.05857135, -0.993534), (0.0016043772, -0.05375641, -0.9985528), (-0.04606951, -0.038541116, -0.99819446), (0.12725961, -0.012877166, -0.9917858), (0.0016043772, -0.05375641, -0.9985528), (0.053627398, 0.027911806, -0.99817085), (0.022265337, -0.03332125, -0.99919665), (-0.04606951, -0.038541116, -0.99819446), (0.053627398, 0.027911806, -0.99817085), (0.15086928, 0.020215802, -0.988347), (0.20200196, -0.011858647, -0.9793133), (0.022265337, -0.03332125, -0.99919665), (0.15086928, 0.020215802, -0.988347), (0.110600024, -0.06413969, -0.99179316), (0.13935205, -0.017540265, -0.9900875), (0.20200196, -0.011858647, -0.9793133), (0.110600024, -0.06413969, -0.99179316), (0.06456843, -0.045347482, -0.9968824), (0.011106996, -0.029753441, -0.99949557), (0.13935205, -0.017540265, -0.9900875), (0.06456843, -0.045347482, -0.9968824), (0.15440825, 0.034880303, -0.9873913), (0.12594119, -0.021267725, -0.9918097), (0.011106996, -0.029753441, -0.99949557), (0.15440825, 0.034880303, -0.9873913), (0.23647009, 0.017273856, -0.9714852), (0.28662765, -0.011875046, -0.9579685), (0.12594119, -0.021267725, -0.9918097), (0.23647009, 0.017273856, -0.9714852), (0.25278407, -0.054837186, -0.9659675), (0.2743948, -0.016468149, -0.9614761), (0.28662765, -0.011875046, -0.9579685), (0.25278407, -0.054837186, -0.9659675), (0.6466774, -0.041989174, -0.76160705), (0.6065873, -0.012190465, -0.79492337), (0.2743948, -0.016468149, -0.9614761), (0.6466774, -0.041989174, -0.76160705), (0.97264844, -0.0031919172, -0.23226047), (0.97231835, 0.000165321, -0.2336599), (0.6065873, -0.012190465, -0.79492337), (-0.9743097, 0.010563807, -0.22496459), (-0.6567226, 0.038182024, -0.75316507), (-0.6526565, -0.039205518, -0.7566389), (-0.9740836, -0.012722806, -0.22583006), (-0.6567226, 0.038182024, -0.75316507), (-0.24079937, -0.011374195, -0.9705082), (-0.2129413, -0.012937976, -0.97697926), (-0.6526565, -0.039205518, -0.7566389), (-0.24079937, -0.011374195, -0.9705082), (-0.15674089, -0.08341217, -0.98411113), (-0.13590127, 0.013832971, -0.9906258), (-0.2129413, -0.012937976, -0.97697926), (-0.15674089, -0.08341217, -0.98411113), (-0.18919131, -0.021431161, -0.9817063), (-0.22745964, -0.03703568, -0.973083), (-0.13590127, 0.013832971, -0.9906258), (-0.18919131, -0.021431161, -0.9817063), (-0.16455157, 0.06660867, -0.9841169), (-0.17661436, -0.065293364, -0.9821121), (-0.22745964, -0.03703568, -0.973083), (-0.16455157, 0.06660867, -0.9841169), (-0.071113326, -0.01072547, -0.9974106), (-0.012070704, -0.01761001, -0.9997721), (-0.17661436, -0.065293364, -0.9821121), (-0.071113326, -0.01072547, -0.9974106), (-0.055250358, -0.10877248, -0.99253005), (-0.039567385, 0.006027675, -0.9991987), (-0.012070704, -0.01761001, -0.9997721), (-0.055250358, -0.10877248, -0.99253005), (-0.109465234, -0.021278432, -0.99376285), (-0.17990544, -0.04337551, -0.9827271), (-0.039567385, 0.006027675, -0.9991987), (-0.109465234, -0.021278432, -0.99376285), (-0.10080903, 0.08276114, -0.9914575), (-0.10539939, -0.05918844, -0.99266696), (-0.17990544, -0.04337551, -0.9827271), (-0.10080903, 0.08276114, -0.9914575), (-0.034957193, -0.016219875, -0.9992572), (0.0524204, -0.017698875, -0.9984683), (-0.10539939, -0.05918844, -0.99266696), (-0.034957193, -0.016219875, -0.9992572), (-0.024575314, -0.12397672, -0.99198073), (-0.021387693, -0.006964799, -0.999747), (0.0524204, -0.017698875, -0.9984683), (-0.024575314, -0.12397672, -0.99198073), (-0.06148561, -0.015351179, -0.9979899), (-0.15933444, -0.043563478, -0.986263), (-0.021387693, -0.006964799, -0.999747), (-0.06148561, -0.015351179, -0.9979899), (-0.061424635, 0.09264146, -0.9938031), (-0.052641734, -0.04454898, -0.9976193), (-0.15933444, -0.043563478, -0.986263), (-0.061424635, 0.09264146, -0.9938031), (-0.023777343, -0.024657315, -0.9994132), (0.086339146, -0.019775793, -0.99606955), (-0.052641734, -0.04454898, -0.9976193), (-0.023777343, -0.024657315, -0.9994132), (-0.0073834457, -0.13074796, -0.99138814), (-0.021654928, -0.022320056, -0.99951637), (0.086339146, -0.019775793, -0.99606955), (-0.0073834457, -0.13074796, -0.99138814), (-0.018932337, -0.0061104875, -0.9998021), (-0.13670827, -0.036847647, -0.9899258), (-0.021654928, -0.022320056, -0.99951637), (-0.018932337, -0.0061104875, -0.9998021), (-0.031137986, 0.09542058, -0.99494994), (-0.005224159, -0.02592042, -0.99965036), (-0.13670827, -0.036847647, -0.9899258), (-0.031137986, 0.09542058, -0.99494994), (-0.022065267, -0.034643773, -0.99915606), (0.102453426, -0.025718575, -0.99440527), (-0.005224159, -0.02592042, -0.99965036), (-0.022065267, -0.034643773, -0.99915606), (0.00801657, -0.12890315, -0.99162483), (-0.026754433, -0.03729602, -0.9989461), (0.102453426, -0.025718575, -0.99440527), (0.00801657, -0.12890315, -0.99162483), (0.02240403, 0.0045184465, -0.9997388), (-0.10545728, -0.02364784, -0.9941426), (-0.026754433, -0.03729602, -0.9989461), (0.02240403, 0.0045184465, -0.9997388), (-0.006759684, 0.09038433, -0.995884), (0.038439874, -0.007073843, -0.9992359), (-0.10545728, -0.02364784, -0.9941426), (-0.006759684, 0.09038433, -0.995884), (-0.022853179, -0.044178713, -0.99876225), (0.105862044, -0.03556726, -0.99374455), (0.038439874, -0.007073843, -0.9992359), (-0.022853179, -0.044178713, -0.99876225), (0.026493631, -0.11874185, -0.9925716), (-0.029274646, -0.04904516, -0.9983675), (0.105862044, -0.03556726, -0.99374455), (0.026493631, -0.11874185, -0.9925716), (0.06293728, 0.014245361, -0.9979158), (-0.06389105, -0.006003622, -0.9979388), (-0.029274646, -0.04904516, -0.9983675), (0.06293728, 0.014245361, -0.9979158), (0.013653076, 0.07791463, -0.9968666), (0.077905275, 0.008500135, -0.9969245), (-0.06389105, -0.006003622, -0.9979388), (0.013653076, 0.07791463, -0.9968666), (-0.020378837, -0.050745472, -0.99850374), (0.10155778, -0.047588162, -0.9936908), (0.077905275, 0.008500135, -0.9969245), (-0.020378837, -0.050745472, -0.99850374), (0.05107142, -0.10162965, -0.99351054), (-0.022649037, -0.05503447, -0.99822754), (0.10155778, -0.047588162, -0.9936908), (0.05107142, -0.10162965, -0.99351054), (0.102855824, 0.02054046, -0.9944842), (-0.011694972, 0.012618368, -0.99985194), (-0.022649037, -0.05503447, -0.99822754), (0.102855824, 0.02054046, -0.9944842), (0.03398141, 0.05984315, -0.9976292), (0.1133808, 0.01798925, -0.9933887), (-0.011694972, 0.012618368, -0.99985194), (0.03398141, 0.05984315, -0.9976292), (-0.0073558404, -0.051818106, -0.99862945), (0.097259924, -0.05857135, -0.993534), (0.1133808, 0.01798925, -0.9933887), (-0.0073558404, -0.051818106, -0.99862945), (0.08587517, -0.07990498, -0.9930965), (0.0016043772, -0.05375641, -0.9985528), (0.097259924, -0.05857135, -0.993534), (0.08587517, -0.07990498, -0.9930965), (0.14567389, 0.021229096, -0.9891049), (0.053627398, 0.027911806, -0.99817085), (0.0016043772, -0.05375641, -0.9985528), (0.14567389, 0.021229096, -0.9891049), (0.06498174, 0.039198563, -0.99711627), (0.15086928, 0.020215802, -0.988347), (0.053627398, 0.027911806, -0.99817085), (0.06498174, 0.039198563, -0.99711627), (0.03222093, -0.04542696, -0.9984479), (0.110600024, -0.06413969, -0.99179316), (0.15086928, 0.020215802, -0.988347), (0.03222093, -0.04542696, -0.9984479), (0.14643694, -0.056253813, -0.9876192), (0.06456843, -0.045347482, -0.9968824), (0.110600024, -0.06413969, -0.99179316), (0.14643694, -0.056253813, -0.9876192), (0.21555698, 0.015198631, -0.97637296), (0.15440825, 0.034880303, -0.9873913), (0.06456843, -0.045347482, -0.9968824), (0.21555698, 0.015198631, -0.97637296), (0.16163352, 0.019767912, -0.98665285), (0.23647009, 0.017273856, -0.9714852), (0.15440825, 0.034880303, -0.9873913), (0.16163352, 0.019767912, -0.98665285), (0.20803078, -0.028442753, -0.97770864), (0.25278407, -0.054837186, -0.9659675), (0.23647009, 0.017273856, -0.9714852), (0.20803078, -0.028442753, -0.97770864), (0.6301565, -0.03327148, -0.775755), (0.6466774, -0.041989174, -0.76160705), (0.25278407, -0.054837186, -0.9659675), (0.6301565, -0.03327148, -0.775755), (0.97344106, -0.0046202517, -0.22889106), (0.97264844, -0.0031919172, -0.23226047), (0.6466774, -0.041989174, -0.76160705), (-0.9725882, 0.006434554, -0.23244525), (-0.69965404, 0.01543153, -0.71431506), (-0.6567226, 0.038182024, -0.75316507), (-0.9743097, 0.010563807, -0.22496459), (-0.69965404, 0.01543153, -0.71431506), (-0.32257512, -0.00680877, -0.9465193), (-0.24079937, -0.011374195, -0.9705082), (-0.6567226, 0.038182024, -0.75316507), (-0.32257512, -0.00680877, -0.9465193), (-0.16082302, -0.02588279, -0.9866438), (-0.15674089, -0.08341217, -0.98411113), (-0.24079937, -0.011374195, -0.9705082), (-0.16082302, -0.02588279, -0.9866438), (-0.08726146, 0.0031229118, -0.99618053), (-0.18919131, -0.021431161, -0.9817063), (-0.15674089, -0.08341217, -0.98411113), (-0.08726146, 0.0031229118, -0.99618053), (-0.158803, 0.022751499, -0.9870481), (-0.16455157, 0.06660867, -0.9841169), (-0.18919131, -0.021431161, -0.9817063), (-0.158803, 0.022751499, -0.9870481), (-0.18480642, -0.004348993, -0.9827653), (-0.071113326, -0.01072547, -0.9974106), (-0.16455157, 0.06660867, -0.9841169), (-0.18480642, -0.004348993, -0.9827653), (-0.057234816, -0.023987954, -0.99807256), (-0.055250358, -0.10877248, -0.99253005), (-0.071113326, -0.01072547, -0.9974106), (-0.057234816, -0.023987954, -0.99807256), (0.010794878, -0.0024987103, -0.9999386), (-0.109465234, -0.021278432, -0.99376285), (-0.055250358, -0.10877248, -0.99253005), (0.010794878, -0.0024987103, -0.9999386), (-0.099422015, 0.01502976, -0.9949319), (-0.10080903, 0.08276114, -0.9914575), (-0.109465234, -0.021278432, -0.99376285), (-0.099422015, 0.01502976, -0.9949319), (-0.15824799, -0.00034497224, -0.9873993), (-0.034957193, -0.016219875, -0.9992572), (-0.10080903, 0.08276114, -0.9914575), (-0.15824799, -0.00034497224, -0.9873993), (-0.020838687, -0.017182583, -0.99963516), (-0.024575314, -0.12397672, -0.99198073), (-0.034957193, -0.016219875, -0.9992572), (-0.020838687, -0.017182583, -0.99963516), (0.06273435, -0.011341748, -0.9979659), (-0.06148561, -0.015351179, -0.9979899), (-0.024575314, -0.12397672, -0.99198073), (0.06273435, -0.011341748, -0.9979659), (-0.066547215, 0.0033863103, -0.9977775), (-0.061424635, 0.09264146, -0.9938031), (-0.06148561, -0.015351179, -0.9979899), (-0.066547215, 0.0033863103, -0.9977775), (-0.14560449, 0.006123301, -0.989324), (-0.023777343, -0.024657315, -0.9994132), (-0.061424635, 0.09264146, -0.9938031), (-0.14560449, 0.006123301, -0.989324), (0.002191566, -0.008913567, -0.99995786), (-0.0073834457, -0.13074796, -0.99138814), (-0.023777343, -0.024657315, -0.9994132), (0.002191566, -0.008913567, -0.99995786), (0.099135354, -0.023135504, -0.994805), (-0.018932337, -0.0061104875, -0.9998021), (-0.0073834457, -0.13074796, -0.99138814), (0.099135354, -0.023135504, -0.994805), (-0.0424502, -0.009062884, -0.9990575), (-0.031137986, 0.09542058, -0.99494994), (-0.018932337, -0.0061104875, -0.9998021), (-0.0424502, -0.009062884, -0.9990575), (-0.13380075, 0.014463859, -0.99090266), (-0.022065267, -0.034643773, -0.99915606), (-0.031137986, 0.09542058, -0.99494994), (-0.13380075, 0.014463859, -0.99090266), (0.02161262, -0.0015135177, -0.9997653), (0.00801657, -0.12890315, -0.99162483), (-0.022065267, -0.034643773, -0.99915606), (0.02161262, -0.0015135177, -0.9997653), (0.12653875, -0.036387905, -0.991294), (0.02240403, 0.0045184465, -0.9997388), (0.00801657, -0.12890315, -0.99162483), (0.12653875, -0.036387905, -0.991294), (-0.021655641, -0.019642282, -0.9995726), (-0.006759684, 0.09038433, -0.995884), (0.02240403, 0.0045184465, -0.9997388), (-0.021655641, -0.019642282, -0.9995726), (-0.11811963, 0.02339124, -0.9927239), (-0.022853179, -0.044178713, -0.99876225), (-0.006759684, 0.09038433, -0.995884), (-0.11811963, 0.02339124, -0.9927239), (0.040827803, 0.003219853, -0.999161), (0.026493631, -0.11874185, -0.9925716), (-0.022853179, -0.044178713, -0.99876225), (0.040827803, 0.003219853, -0.999161), (0.14795741, -0.048906215, -0.98778373), (0.06293728, 0.014245361, -0.9979158), (0.026493631, -0.11874185, -0.9925716), (0.14795741, -0.048906215, -0.98778373), (-0.0004345325, -0.026331283, -0.9996532), (0.013653076, 0.07791463, -0.9968666), (0.06293728, 0.014245361, -0.9979158), (-0.0004345325, -0.026331283, -0.9996532), (-0.095458806, 0.031233838, -0.99494326), (-0.020378837, -0.050745472, -0.99850374), (0.013653076, 0.07791463, -0.9968666), (-0.095458806, 0.031233838, -0.99494326), (0.062125243, 0.0043393173, -0.9980589), (0.05107142, -0.10162965, -0.99351054), (-0.020378837, -0.050745472, -0.99850374), (0.062125243, 0.0043393173, -0.9980589), (0.16657743, -0.05821703, -0.9843083), (0.102855824, 0.02054046, -0.9944842), (0.05107142, -0.10162965, -0.99351054), (0.16657743, -0.05821703, -0.9843083), (0.02586703, -0.028145993, -0.9992691), (0.03398141, 0.05984315, -0.9976292), (0.102855824, 0.02054046, -0.9944842), (0.02586703, -0.028145993, -0.9992691), (-0.061344977, 0.03625224, -0.99745804), (-0.0073558404, -0.051818106, -0.99862945), (0.03398141, 0.05984315, -0.9976292), (-0.061344977, 0.03625224, -0.99745804), (0.08985037, 0.0021244718, -0.99595296), (0.08587517, -0.07990498, -0.9930965), (-0.0073558404, -0.051818106, -0.99862945), (0.08985037, 0.0021244718, -0.99595296), (0.18889527, -0.06184834, -0.98004764), (0.14567389, 0.021229096, -0.9891049), (0.08587517, -0.07990498, -0.9930965), (0.18889527, -0.06184834, -0.98004764), (0.06737151, -0.025396153, -0.99740463), (0.06498174, 0.039198563, -0.99711627), (0.14567389, 0.021229096, -0.9891049), (0.06737151, -0.025396153, -0.99740463), (-0.0020815444, 0.03681615, -0.99931985), (0.03222093, -0.04542696, -0.9984479), (0.06498174, 0.039198563, -0.99711627), (-0.0020815444, 0.03681615, -0.99931985), (0.1414286, -0.0015616091, -0.98994726), (0.14643694, -0.056253813, -0.9876192), (0.03222093, -0.04542696, -0.9984479), (0.1414286, -0.0015616091, -0.98994726), (0.24118763, -0.056786425, -0.9688156), (0.21555698, 0.015198631, -0.97637296), (0.14643694, -0.056253813, -0.9876192), (0.24118763, -0.056786425, -0.9688156), (0.17569827, -0.019925207, -0.9842424), (0.16163352, 0.019767912, -0.98665285), (0.21555698, 0.015198631, -0.97637296), (0.17569827, -0.019925207, -0.9842424), (0.19305733, 0.029868633, -0.98073274), (0.20803078, -0.028442753, -0.97770864), (0.16163352, 0.019767912, -0.98665285), (0.19305733, 0.029868633, -0.98073274), (0.65125203, 0.015258663, -0.7587081), (0.6301565, -0.03327148, -0.775755), (0.20803078, -0.028442753, -0.97770864), (0.65125203, 0.015258663, -0.7587081), (0.97408813, -0.0019397008, -0.22616024), (0.97344106, -0.0046202517, -0.22889106), (0.6301565, -0.03327148, -0.775755), (-0.9715142, 0.0034807813, -0.23695572), (-0.6818767, 0.00074669585, -0.73146677), (-0.69965404, 0.01543153, -0.71431506), (-0.9725882, 0.006434554, -0.23244525), (-0.6818767, 0.00074669585, -0.73146677), (-0.3362507, -0.0036624875, -0.94176537), (-0.32257512, -0.00680877, -0.9465193), (-0.69965404, 0.01543153, -0.71431506), (-0.3362507, -0.0036624875, -0.94176537), (-0.13857967, 0.0076237703, -0.99032193), (-0.16082302, -0.02588279, -0.9866438), (-0.32257512, -0.00680877, -0.9465193), (-0.13857967, 0.0076237703, -0.99032193), (-0.06393948, 0.018185386, -0.9977881), (-0.08726146, 0.0031229118, -0.99618053), (-0.16082302, -0.02588279, -0.9866438), (-0.06393948, 0.018185386, -0.9977881), (-0.18509936, 0.008946183, -0.98267907), (-0.158803, 0.022751499, -0.9870481), (-0.08726146, 0.0031229118, -0.99618053), (-0.18509936, 0.008946183, -0.98267907), (-0.19896978, 0.0017667342, -0.980004), (-0.18480642, -0.004348993, -0.9827653), (-0.158803, 0.022751499, -0.9870481), (-0.19896978, 0.0017667342, -0.980004), (-0.029688412, 0.007093558, -0.999534), (-0.057234816, -0.023987954, -0.99807256), (-0.18480642, -0.004348993, -0.9827653), (-0.029688412, 0.007093558, -0.999534), (0.022753892, 0.011498719, -0.999675), (0.010794878, -0.0024987103, -0.9999386), (-0.057234816, -0.023987954, -0.99807256), (0.022753892, 0.011498719, -0.999675), (-0.12851454, 0.009490659, -0.99166214), (-0.099422015, 0.01502976, -0.9949319), (0.010794878, -0.0024987103, -0.9999386), (-0.12851454, 0.009490659, -0.99166214), (-0.16241936, 0.007882821, -0.9866903), (-0.15824799, -0.00034497224, -0.9873993), (-0.099422015, 0.01502976, -0.9949319), (-0.16241936, 0.007882821, -0.9866903), (0.005293673, 0.0045148404, -0.9999758), (-0.020838687, -0.017182583, -0.99963516), (-0.15824799, -0.00034497224, -0.9873993), (0.005293673, 0.0045148404, -0.9999758), (0.06175968, 0.0025702752, -0.99808776), (0.06273435, -0.011341748, -0.9979659), (-0.020838687, -0.017182583, -0.99963516), (0.06175968, 0.0025702752, -0.99808776), (-0.091334105, 0.008598998, -0.9957832), (-0.066547215, 0.0033863103, -0.9977775), (0.06273435, -0.011341748, -0.9979659), (-0.091334105, 0.008598998, -0.9957832), (-0.13851674, 0.011660638, -0.9902914), (-0.14560449, 0.006123301, -0.989324), (-0.066547215, 0.0033863103, -0.9977775), (-0.13851674, 0.011660638, -0.9902914), (0.02147793, 0.0010287763, -0.9997688), (0.002191566, -0.008913567, -0.99995786), (-0.14560449, 0.006123301, -0.989324), (0.02147793, 0.0010287763, -0.9997688), (0.08667237, -0.005271753, -0.996223), (0.099135354, -0.023135504, -0.994805), (0.002191566, -0.008913567, -0.99995786), (0.08667237, -0.005271753, -0.996223), (-0.05712292, 0.0058398475, -0.9983501), (-0.0424502, -0.009062884, -0.9990575), (0.099135354, -0.023135504, -0.994805), (-0.05712292, 0.0058398475, -0.9983501), (-0.11680675, 0.011750569, -0.99308515), (-0.13380075, 0.014463859, -0.99090266), (-0.0424502, -0.009062884, -0.9990575), (-0.11680675, 0.011750569, -0.99308515), (0.029542854, -0.0018407654, -0.99956185), (0.02161262, -0.0015135177, -0.9997653), (-0.13380075, 0.014463859, -0.99090266), (0.029542854, -0.0018407654, -0.99956185), (0.10571091, -0.01036567, -0.9943429), (0.12653875, -0.036387905, -0.991294), (0.02161262, -0.0015135177, -0.9997653), (0.10571091, -0.01036567, -0.9943429), (-0.022056645, 0.0008736225, -0.9997563), (-0.021655641, -0.019642282, -0.9995726), (0.12653875, -0.036387905, -0.991294), (-0.022056645, 0.0008736225, -0.9997563), (-0.09421713, 0.008480791, -0.99551547), (-0.11811963, 0.02339124, -0.9927239), (-0.021655641, -0.019642282, -0.9995726), (-0.09421713, 0.008480791, -0.99551547), (0.03443288, -0.0030503948, -0.99940234), (0.040827803, 0.003219853, -0.999161), (-0.11811963, 0.02339124, -0.9927239), (0.03443288, -0.0030503948, -0.99940234), (0.12287356, -0.012627913, -0.992342), (0.14795741, -0.048906215, -0.98778373), (0.040827803, 0.003219853, -0.999161), (0.12287356, -0.012627913, -0.992342), (0.015269016, -0.0056756367, -0.9998673), (-0.0004345325, -0.026331283, -0.9996532), (0.14795741, -0.048906215, -0.98778373), (0.015269016, -0.0056756367, -0.9998673), (-0.06865418, 0.0034656152, -0.99763453), (-0.095458806, 0.031233838, -0.99494326), (-0.0004345325, -0.026331283, -0.9996532), (-0.06865418, 0.0034656152, -0.99763453), (0.04061689, -0.0025725965, -0.99917144), (0.062125243, 0.0043393173, -0.9980589), (-0.095458806, 0.031233838, -0.99494326), (0.04061689, -0.0025725965, -0.99917144), (0.14171575, -0.012964632, -0.98982245), (0.16657743, -0.05821703, -0.9843083), (0.062125243, 0.0043393173, -0.9980589), (0.14171575, -0.012964632, -0.98982245), (0.056662846, -0.012032342, -0.9983208), (0.02586703, -0.028145993, -0.9992691), (0.16657743, -0.05821703, -0.9843083), (0.056662846, -0.012032342, -0.9983208), (-0.0359832, -0.0013038169, -0.99935156), (-0.061344977, 0.03625224, -0.99745804), (0.02586703, -0.028145993, -0.9992691), (-0.0359832, -0.0013038169, -0.99935156), (0.055226527, -0.0013629445, -0.9984729), (0.08985037, 0.0021244718, -0.99595296), (-0.061344977, 0.03625224, -0.99745804), (0.055226527, -0.0013629445, -0.9984729), (0.16851453, -0.012308881, -0.9856223), (0.18889527, -0.06184834, -0.98004764), (0.08985037, 0.0021244718, -0.99595296), (0.16851453, -0.012308881, -0.9856223), (0.10902979, -0.015784698, -0.9939132), (0.06737151, -0.025396153, -0.99740463), (0.18889527, -0.06184834, -0.98004764), (0.10902979, -0.015784698, -0.9939132), (0.017993834, -0.0043279966, -0.99982876), (-0.0020815444, 0.03681615, -0.99931985), (0.06737151, -0.025396153, -0.99740463), (0.017993834, -0.0043279966, -0.99982876), (0.099527694, -0.0007447832, -0.9950345), (0.1414286, -0.0015616091, -0.98994726), (-0.0020815444, 0.03681615, -0.99931985), (0.099527694, -0.0007447832, -0.9950345), (0.22876039, -0.010680285, -0.9734242), (0.24118763, -0.056786425, -0.9688156), (0.1414286, -0.0015616091, -0.98994726), (0.22876039, -0.010680285, -0.9734242), (0.21915443, -0.014563015, -0.9755815), (0.17569827, -0.019925207, -0.9842424), (0.24118763, -0.056786425, -0.9688156), (0.21915443, -0.014563015, -0.9755815), (0.20807098, -0.004960279, -0.9781011), (0.19305733, 0.029868633, -0.98073274), (0.17569827, -0.019925207, -0.9842424), (0.20807098, -0.004960279, -0.9781011), (0.6173507, -0.0011186161, -0.78668725), (0.65125203, 0.015258663, -0.7587081), (0.19305733, 0.029868633, -0.98073274), (0.6173507, -0.0011186161, -0.78668725), (0.9744849, -0.002180007, -0.22444251), (0.97408813, -0.0019397008, -0.22616024), (0.65125203, 0.015258663, -0.7587081), (-0.9713338, -0.0016102502, -0.23771407), (-0.6984706, 0.0021878735, -0.7156354), (-0.6818767, 0.00074669585, -0.73146677), (-0.9715142, 0.0034807813, -0.23695572), (-0.6984706, 0.0021878735, -0.7156354), (-0.3166433, 0.026289718, -0.9481803), (-0.3362507, -0.0036624875, -0.94176537), (-0.6818767, 0.00074669585, -0.73146677), (-0.3166433, 0.026289718, -0.9481803), (-0.13300891, 0.026225816, -0.99076784), (-0.13857967, 0.0076237703, -0.99032193), (-0.3362507, -0.0036624875, -0.94176537), (-0.13300891, 0.026225816, -0.99076784), (-0.08233113, -0.0023195895, -0.99660236), (-0.06393948, 0.018185386, -0.9977881), (-0.13857967, 0.0076237703, -0.99032193), (-0.08233113, -0.0023195895, -0.99660236), (-0.18467055, 0.0011224053, -0.9827998), (-0.18509936, 0.008946183, -0.98267907), (-0.06393948, 0.018185386, -0.9977881), (-0.18467055, 0.0011224053, -0.9827998), (-0.17925303, 0.026729364, -0.98343986), (-0.19896978, 0.0017667342, -0.980004), (-0.18509936, 0.008946183, -0.98267907), (-0.17925303, 0.026729364, -0.98343986), (-0.019567098, 0.018786442, -0.999632), (-0.029688412, 0.007093558, -0.999534), (-0.19896978, 0.0017667342, -0.980004), (-0.019567098, 0.018786442, -0.999632), (0.007264733, 0.0029290388, -0.9999693), (0.022753892, 0.011498719, -0.999675), (-0.029688412, 0.007093558, -0.999534), (0.007264733, 0.0029290388, -0.9999693), (-0.13775182, 0.012457369, -0.99038845), (-0.12851454, 0.009490659, -0.99166214), (0.022753892, 0.011498719, -0.999675), (-0.13775182, 0.012457369, -0.99038845), (-0.14745225, 0.020294122, -0.9888609), (-0.16241936, 0.007882821, -0.9866903), (-0.12851454, 0.009490659, -0.99166214), (-0.14745225, 0.020294122, -0.9888609), (0.02401288, 0.008618807, -0.99967456), (0.005293673, 0.0045148404, -0.9999758), (-0.16241936, 0.007882821, -0.9866903), (0.02401288, 0.008618807, -0.99967456), (0.051410895, 0.010158783, -0.9986259), (0.06175968, 0.0025702752, -0.99808776), (0.005293673, 0.0045148404, -0.9999758), (0.051410895, 0.010158783, -0.9986259), (-0.11235428, 0.020777958, -0.99345094), (-0.091334105, 0.008598998, -0.9957832), (0.06175968, 0.0025702752, -0.99808776), (-0.11235428, 0.020777958, -0.99345094), (-0.1293391, 0.0095512, -0.9915544), (-0.13851674, 0.011660638, -0.9902914), (-0.091334105, 0.008598998, -0.9957832), (-0.1293391, 0.0095512, -0.9915544), (0.050705045, -0.00009762669, -0.9987137), (0.02147793, 0.0010287763, -0.9997688), (-0.13851674, 0.011660638, -0.9902914), (0.050705045, -0.00009762669, -0.9987137), (0.081612855, 0.018666398, -0.9964893), (0.08667237, -0.005271753, -0.996223), (0.02147793, 0.0010287763, -0.9997688), (0.081612855, 0.018666398, -0.9964893), (-0.09099477, 0.024673278, -0.9955457), (-0.05712292, 0.0058398475, -0.9983501), (0.08667237, -0.005271753, -0.996223), (-0.09099477, 0.024673278, -0.9955457), (-0.11327044, -0.0035207383, -0.993558), (-0.11680675, 0.011750569, -0.99308515), (-0.05712292, 0.0058398475, -0.9983501), (-0.11327044, -0.0035207383, -0.993558), (0.07016517, -0.006071618, -0.9975169), (0.029542854, -0.0018407654, -0.99956185), (-0.11680675, 0.011750569, -0.99308515), (0.07016517, -0.006071618, -0.9975169), (0.10506861, 0.027663281, -0.9940801), (0.10571091, -0.01036567, -0.9943429), (0.029542854, -0.0018407654, -0.99956185), (0.10506861, 0.027663281, -0.9940801), (-0.06842554, 0.024160786, -0.9973636), (-0.022056645, 0.0008736225, -0.9997563), (0.10571091, -0.01036567, -0.9943429), (-0.06842554, 0.024160786, -0.9973636), (-0.09498634, -0.017446276, -0.9953257), (-0.09421713, 0.008480791, -0.99551547), (-0.022056645, 0.0008736225, -0.9997563), (-0.09498634, -0.017446276, -0.9953257), (0.08601751, -0.008933198, -0.99625355), (0.03443288, -0.0030503948, -0.99940234), (-0.09421713, 0.008480791, -0.99551547), (0.08601751, -0.008933198, -0.99625355), (0.124944165, 0.03655454, -0.9914902), (0.12287356, -0.012627913, -0.992342), (0.03443288, -0.0030503948, -0.99940234), (0.124944165, 0.03655454, -0.9914902), (-0.04144345, 0.02015645, -0.99893755), (0.015269016, -0.0056756367, -0.9998673), (0.12287356, -0.012627913, -0.992342), (-0.04144345, 0.02015645, -0.99893755), (-0.07124152, -0.031080713, -0.99697477), (-0.06865418, 0.0034656152, -0.99763453), (0.015269016, -0.0056756367, -0.9998673), (-0.07124152, -0.031080713, -0.99697477), (0.100997485, -0.008806638, -0.9948477), (0.04061689, -0.0025725965, -0.99917144), (-0.06865418, 0.0034656152, -0.99763453), (0.100997485, -0.008806638, -0.9948477), (0.14422798, 0.044713456, -0.98853374), (0.14171575, -0.012964632, -0.98982245), (0.04061689, -0.0025725965, -0.99917144), (0.14422798, 0.044713456, -0.98853374), (-0.0061931373, 0.014108394, -0.99988127), (0.056662846, -0.012032342, -0.9983208), (0.14171575, -0.012964632, -0.98982245), (-0.0061931373, 0.014108394, -0.99988127), (-0.03717936, -0.0431, -0.99837875), (-0.0359832, -0.0013038169, -0.99935156), (0.056662846, -0.012032342, -0.9983208), (-0.03717936, -0.0431, -0.99837875), (0.12023431, -0.006256993, -0.99272585), (0.055226527, -0.0013629445, -0.9984729), (-0.0359832, -0.0013038169, -0.99935156), (0.12023431, -0.006256993, -0.99272585), (0.16928348, 0.050926834, -0.9842508), (0.16851453, -0.012308881, -0.9856223), (0.055226527, -0.0013629445, -0.9984729), (0.16928348, 0.050926834, -0.9842508), (0.04657484, 0.0077089095, -0.99888504), (0.10902979, -0.015784698, -0.9939132), (0.16851453, -0.012308881, -0.9856223), (0.04657484, 0.0077089095, -0.99888504), (0.021149188, -0.051165547, -0.9984662), (0.017993834, -0.0043279966, -0.99982876), (0.10902979, -0.015784698, -0.9939132), (0.021149188, -0.051165547, -0.9984662), (0.16252834, -0.0025845359, -0.9867005), (0.099527694, -0.0007447832, -0.9950345), (0.017993834, -0.0043279966, -0.99982876), (0.16252834, -0.0025845359, -0.9867005), (0.22743164, 0.052058406, -0.9724015), (0.22876039, -0.010680285, -0.9734242), (0.099527694, -0.0007447832, -0.9950345), (0.22743164, 0.052058406, -0.9724015), (0.16855551, 0.0038020415, -0.9856848), (0.21915443, -0.014563015, -0.9755815), (0.22876039, -0.010680285, -0.9734242), (0.16855551, 0.0038020415, -0.9856848), (0.21463071, -0.048739802, -0.9754784), (0.20807098, -0.004960279, -0.9781011), (0.21915443, -0.014563015, -0.9755815), (0.21463071, -0.048739802, -0.9754784), (0.6670208, -0.026050515, -0.7445835), (0.6173507, -0.0011186161, -0.78668725), (0.20807098, -0.004960279, -0.9781011), (0.6670208, -0.026050515, -0.7445835), (0.97482014, -0.0011845498, -0.2229893), (0.9744849, -0.002180007, -0.22444251), (0.6173507, -0.0011186161, -0.78668725), (-0.9725518, -0.010703026, -0.23244026), (-0.6549297, -0.039596334, -0.7546517), (-0.6984706, 0.0021878735, -0.7156354), (-0.9713338, -0.0016102502, -0.23771407), (-0.6549297, -0.039596334, -0.7546517), (-0.24645206, 0.003585485, -0.96914834), (-0.3166433, 0.026289718, -0.9481803), (-0.6984706, 0.0021878735, -0.7156354), (-0.24645206, 0.003585485, -0.96914834), (-0.13515377, 0.07695425, -0.9878317), (-0.13300891, 0.026225816, -0.99076784), (-0.3166433, 0.026289718, -0.9481803), (-0.13515377, 0.07695425, -0.9878317), (-0.16686876, 0.020240357, -0.98577136), (-0.08233113, -0.0023195895, -0.99660236), (-0.13300891, 0.026225816, -0.99076784), (-0.16686876, 0.020240357, -0.98577136), (-0.1816966, -0.060080737, -0.98151755), (-0.18467055, 0.0011224053, -0.9827998), (-0.08233113, -0.0023195895, -0.99660236), (-0.1816966, -0.060080737, -0.98151755), (-0.08919874, 0.009873047, -0.99596494), (-0.17925303, 0.026729364, -0.98343986), (-0.18467055, 0.0011224053, -0.9827998), (-0.08919874, 0.009873047, -0.99596494), (-0.024988102, 0.09665126, -0.99500453), (-0.019567098, 0.018786442, -0.999632), (-0.17925303, 0.026729364, -0.98343986), (-0.024988102, 0.09665126, -0.99500453), (-0.084526695, 0.013612908, -0.99632823), (0.007264733, 0.0029290388, -0.9999693), (-0.019567098, 0.018786442, -0.999632), (-0.084526695, 0.013612908, -0.99632823), (-0.13258323, -0.069949985, -0.9887005), (-0.13775182, 0.012457369, -0.99038845), (0.007264733, 0.0029290388, -0.9999693), (-0.13258323, -0.069949985, -0.9887005), (-0.05778745, 0.022731539, -0.99807006), (-0.14745225, 0.020294122, -0.9888609), (-0.13775182, 0.012457369, -0.99038845), (-0.05778745, 0.022731539, -0.99807006), (0.017511148, 0.10500639, -0.99431735), (0.02401288, 0.008618807, -0.99967456), (-0.14745225, 0.020294122, -0.9888609), (0.017511148, 0.10500639, -0.99431735), (-0.036210734, 0.0029421065, -0.9993399), (0.051410895, 0.010158783, -0.9986259), (0.02401288, 0.008618807, -0.99967456), (-0.036210734, 0.0029421065, -0.9993399), (-0.107417956, -0.07194262, -0.9916076), (-0.11235428, 0.020777958, -0.99345094), (0.051410895, 0.010158783, -0.9986259), (-0.107417956, -0.07194262, -0.9916076), (-0.047124986, 0.03582189, -0.9982465), (-0.1293391, 0.0095512, -0.9915544), (-0.11235428, 0.020777958, -0.99345094), (-0.047124986, 0.03582189, -0.9982465), (0.046863664, 0.10439409, -0.99343127), (0.050705045, -0.00009762669, -0.9987137), (-0.1293391, 0.0095512, -0.9915544), (0.046863664, 0.10439409, -0.99343127), (0.0038441715, -0.0071582696, -0.999967), (0.081612855, 0.018666398, -0.9964893), (0.050705045, -0.00009762669, -0.9987137), (0.0038441715, -0.0071582696, -0.999967), (-0.08979647, -0.06679835, -0.9937176), (-0.09099477, 0.024673278, -0.9955457), (0.081612855, 0.018666398, -0.9964893), (-0.08979647, -0.06679835, -0.9937176), (-0.042260684, 0.04600682, -0.99804676), (-0.11327044, -0.0035207383, -0.993558), (-0.09099477, 0.024673278, -0.9955457), (-0.042260684, 0.04600682, -0.99804676), (0.07243646, 0.096550144, -0.9926888), (0.07016517, -0.006071618, -0.9975169), (-0.11327044, -0.0035207383, -0.993558), (0.07243646, 0.096550144, -0.9926888), (0.04015956, -0.014117942, -0.99909353), (0.10506861, 0.027663281, -0.9940801), (0.07016517, -0.006071618, -0.9975169), (0.04015956, -0.014117942, -0.99909353), (-0.07444872, -0.056033682, -0.9956494), (-0.06842554, 0.024160786, -0.9973636), (0.10506861, 0.027663281, -0.9940801), (-0.07444872, -0.056033682, -0.9956494), (-0.036985744, 0.051220406, -0.9980023), (-0.09498634, -0.017446276, -0.9953257), (-0.06842554, 0.024160786, -0.9973636), (-0.036985744, 0.051220406, -0.9980023), (0.09701639, 0.08363855, -0.99176234), (0.08601751, -0.008933198, -0.99625355), (-0.09498634, -0.017446276, -0.9953257), (0.09701639, 0.08363855, -0.99176234), (0.07403713, -0.01658472, -0.9971176), (0.124944165, 0.03655454, -0.9914902), (0.08601751, -0.008933198, -0.99625355), (0.07403713, -0.01658472, -0.9971176), (-0.057530347, -0.04171478, -0.9974719), (-0.04144345, 0.02015645, -0.99893755), (0.124944165, 0.03655454, -0.9914902), (-0.057530347, -0.04171478, -0.9974719), (-0.026785752, 0.050551116, -0.9983622), (-0.07124152, -0.031080713, -0.99697477), (-0.04144345, 0.02015645, -0.99893755), (-0.026785752, 0.050551116, -0.9983622), (0.12229499, 0.06778353, -0.99017644), (0.100997485, -0.008806638, -0.9948477), (-0.07124152, -0.031080713, -0.99697477), (0.12229499, 0.06778353, -0.99017644), (0.107097596, -0.014309254, -0.9941455), (0.14422798, 0.044713456, -0.98853374), (0.100997485, -0.008806638, -0.9948477), (0.107097596, -0.014309254, -0.9941455), (-0.033981908, -0.026006177, -0.999084), (-0.0061931373, 0.014108394, -0.99988127), (0.14422798, 0.044713456, -0.98853374), (-0.033981908, -0.026006177, -0.999084), (-0.00599377, 0.044220533, -0.99900377), (-0.03717936, -0.0431, -0.99837875), (-0.0061931373, 0.014108394, -0.99988127), (-0.00599377, 0.044220533, -0.99900377), (0.15196456, 0.050694942, -0.987085), (0.12023431, -0.006256993, -0.99272585), (-0.03717936, -0.0431, -0.99837875), (0.15196456, 0.050694942, -0.987085), (0.14474516, -0.008080035, -0.989436), (0.16928348, 0.050926834, -0.9842508), (0.12023431, -0.006256993, -0.99272585), (0.14474516, -0.008080035, -0.989436), (0.0076194606, -0.0109873945, -0.99991053), (0.04657484, 0.0077089095, -0.99888504), (0.16928348, 0.050926834, -0.9842508), (0.0076194606, -0.0109873945, -0.99991053), (0.039874475, 0.033260737, -0.9986509), (0.021149188, -0.051165547, -0.9984662), (0.04657484, 0.0077089095, -0.99888504), (0.039874475, 0.033260737, -0.9986509), (0.20176065, 0.033529907, -0.97886074), (0.16252834, -0.0025845359, -0.9867005), (0.021149188, -0.051165547, -0.9984662), (0.20176065, 0.033529907, -0.97886074), (0.2139064, 0.00023363017, -0.9768541), (0.22743164, 0.052058406, -0.9724015), (0.16252834, -0.0025845359, -0.9867005), (0.2139064, 0.00023363017, -0.9768541), (0.12527078, 0.0008738526, -0.9921222), (0.16855551, 0.0038020415, -0.9856848), (0.22743164, 0.052058406, -0.9724015), (0.12527078, 0.0008738526, -0.9921222), (0.22001792, 0.018160908, -0.9753268), (0.21463071, -0.048739802, -0.9754784), (0.16855551, 0.0038020415, -0.9856848), (0.22001792, 0.018160908, -0.9753268), (0.6589081, 0.015047117, -0.75207293), (0.6670208, -0.026050515, -0.7445835), (0.21463071, -0.048739802, -0.9754784), (0.6589081, 0.015047117, -0.75207293), (0.9747574, 0.0019533888, -0.22325817), (0.97482014, -0.0011845498, -0.2229893), (0.6670208, -0.026050515, -0.7445835), (-0.9734657, 0.0020720884, -0.22882369), (-0.64972585, 0.023125788, -0.7598167), (-0.6549297, -0.039596334, -0.7546517), (-0.9725518, -0.010703026, -0.23244026), (-0.64972585, 0.023125788, -0.7598167), (-0.20188995, 0.026808288, -0.9790413), (-0.24645206, 0.003585485, -0.96914834), (-0.6549297, -0.039596334, -0.7546517), (-0.20188995, 0.026808288, -0.9790413), (-0.13177243, 0.0021275626, -0.99127764), (-0.13515377, 0.07695425, -0.9878317), (-0.24645206, 0.003585485, -0.96914834), (-0.13177243, 0.0021275626, -0.99127764), (-0.22157031, -0.0007352198, -0.9751441), (-0.16686876, 0.020240357, -0.98577136), (-0.13515377, 0.07695425, -0.9878317), (-0.22157031, -0.0007352198, -0.9751441), (-0.18505748, 0.023405083, -0.98244894), (-0.1816966, -0.060080737, -0.98151755), (-0.16686876, 0.020240357, -0.98577136), (-0.18505748, 0.023405083, -0.98244894), (-0.019045418, 0.026253952, -0.9994738), (-0.08919874, 0.009873047, -0.99596494), (-0.1816966, -0.060080737, -0.98151755), (-0.019045418, 0.026253952, -0.9994738), (-0.017418293, 0.013095766, -0.99976254), (-0.024988102, 0.09665126, -0.99500453), (-0.08919874, 0.009873047, -0.99596494), (-0.017418293, 0.013095766, -0.99976254), (-0.16288266, 0.011853916, -0.9865743), (-0.084526695, 0.013612908, -0.99632823), (-0.024988102, 0.09665126, -0.99500453), (-0.16288266, 0.011853916, -0.9865743), (-0.13816375, 0.01593075, -0.99028134), (-0.13258323, -0.069949985, -0.9887005), (-0.084526695, 0.013612908, -0.99632823), (-0.13816375, 0.01593075, -0.99028134), (0.033134043, 0.019632008, -0.9992581), (-0.05778745, 0.022731539, -0.99807006), (-0.13258323, -0.069949985, -0.9887005), (0.033134043, 0.019632008, -0.9992581), (0.024750028, 0.029303234, -0.9992641), (0.017511148, 0.10500639, -0.99431735), (-0.05778745, 0.022731539, -0.99807006), (0.024750028, 0.029303234, -0.9992641), (-0.13498579, 0.02522832, -0.9905263), (-0.036210734, 0.0029421065, -0.9993399), (0.017511148, 0.10500639, -0.99431735), (-0.13498579, 0.02522832, -0.9905263), (-0.1112323, 0.0033973446, -0.99378854), (-0.107417956, -0.07194262, -0.9916076), (-0.036210734, 0.0029421065, -0.9993399), (-0.1112323, 0.0033973446, -0.99378854), (0.061090562, 0.013569608, -0.99804), (-0.047124986, 0.03582189, -0.9982465), (-0.107417956, -0.07194262, -0.9916076), (0.061090562, 0.013569608, -0.99804), (0.049615286, 0.04947037, -0.99754244), (0.046863664, 0.10439409, -0.99343127), (-0.047124986, 0.03582189, -0.9982465), (0.049615286, 0.04947037, -0.99754244), (-0.110815875, 0.036489133, -0.99317086), (0.0038441715, -0.0071582696, -0.999967), (0.046863664, 0.10439409, -0.99343127), (-0.110815875, 0.036489133, -0.99317086), (-0.08853202, -0.011653615, -0.9960052), (-0.08979647, -0.06679835, -0.9937176), (0.0038441715, -0.0071582696, -0.999967), (-0.08853202, -0.011653615, -0.9960052), (0.07789589, 0.010303568, -0.99690825), (-0.042260684, 0.04600682, -0.99804676), (-0.08979647, -0.06679835, -0.9937176), (0.07789589, 0.010303568, -0.99690825), (0.068145975, 0.070714615, -0.9951661), (0.07243646, 0.096550144, -0.9926888), (-0.042260684, 0.04600682, -0.99804676), (0.068145975, 0.070714615, -0.9951661), (-0.0837529, 0.04385394, -0.9955211), (0.04015956, -0.014117942, -0.99909353), (0.07243646, 0.096550144, -0.9926888), (-0.0837529, 0.04385394, -0.9955211), (-0.0664156, -0.026548889, -0.9974388), (-0.07444872, -0.056033682, -0.9956494), (0.04015956, -0.014117942, -0.99909353), (-0.0664156, -0.026548889, -0.9974388), (0.08799704, 0.010564334, -0.9960647), (-0.036985744, 0.051220406, -0.9980023), (-0.07444872, -0.056033682, -0.9956494), (0.08799704, 0.010564334, -0.9960647), (0.0854127, 0.08954959, -0.99231327), (0.09701639, 0.08363855, -0.99176234), (-0.036985744, 0.051220406, -0.9980023), (0.0854127, 0.08954959, -0.99231327), (-0.051043376, 0.046592623, -0.997609), (0.07403713, -0.01658472, -0.9971176), (0.09701639, 0.08363855, -0.99176234), (-0.051043376, 0.046592623, -0.997609), (-0.04312862, -0.03870287, -0.99831957), (-0.057530347, -0.04171478, -0.9974719), (0.07403713, -0.01658472, -0.9971176), (-0.04312862, -0.03870287, -0.99831957), (0.095029384, 0.013841786, -0.9953782), (-0.026785752, 0.050551116, -0.9983622), (-0.057530347, -0.04171478, -0.9974719), (0.095029384, 0.013841786, -0.9953782), (0.10533839, 0.10247915, -0.98914194), (0.12229499, 0.06778353, -0.99017644), (-0.026785752, 0.050551116, -0.9983622), (0.10533839, 0.10247915, -0.98914194), (-0.010737197, 0.04492243, -0.9989328), (0.107097596, -0.014309254, -0.9941455), (0.12229499, 0.06778353, -0.99017644), (-0.010737197, 0.04492243, -0.9989328), (-0.015618051, -0.04594922, -0.9988217), (-0.033981908, -0.026006177, -0.999084), (0.107097596, -0.014309254, -0.9941455), (-0.015618051, -0.04594922, -0.9988217), (0.10479394, 0.01860541, -0.99431986), (-0.00599377, 0.044220533, -0.99900377), (-0.033981908, -0.026006177, -0.999084), (0.10479394, 0.01860541, -0.99431986), (0.13323437, 0.106405586, -0.9853561), (0.15196456, 0.050694942, -0.987085), (-0.00599377, 0.044220533, -0.99900377), (0.13323437, 0.106405586, -0.9853561), (0.041964103, 0.039705068, -0.9983299), (0.14474516, -0.008080035, -0.989436), (0.15196456, 0.050694942, -0.987085), (0.041964103, 0.039705068, -0.9983299), (0.025957096, -0.046781056, -0.9985678), (0.0076194606, -0.0109873945, -0.99991053), (0.14474516, -0.008080035, -0.989436), (0.025957096, -0.046781056, -0.9985678), (0.13212782, 0.022319088, -0.9909814), (0.039874475, 0.033260737, -0.9986509), (0.0076194606, -0.0109873945, -0.99991053), (0.13212782, 0.022319088, -0.9909814), (0.18568973, 0.09822293, -0.9776868), (0.20176065, 0.033529907, -0.97886074), (0.039874475, 0.033260737, -0.9986509), (0.18568973, 0.09822293, -0.9776868), (0.13413605, 0.032242257, -0.9904382), (0.2139064, 0.00023363017, -0.9768541), (0.20176065, 0.033529907, -0.97886074), (0.13413605, 0.032242257, -0.9904382), (0.13726093, -0.03978489, -0.98973566), (0.12527078, 0.0008738526, -0.9921222), (0.2139064, 0.00023363017, -0.9768541), (0.13726093, -0.03978489, -0.98973566), (0.28055996, 0.017320842, -0.9596802), (0.22001792, 0.018160908, -0.9753268), (0.12527078, 0.0008738526, -0.9921222), (0.28055996, 0.017320842, -0.9596802), (0.67870444, 0.054004617, -0.7324232), (0.6589081, 0.015047117, -0.75207293), (0.22001792, 0.018160908, -0.9753268), (0.67870444, 0.054004617, -0.7324232), (0.9727532, 0.016277848, -0.23127076), (0.9747574, 0.0019533888, -0.22325817), (0.6589081, 0.015047117, -0.75207293), (-0.9736678, -0.0039478866, -0.22793706), (-0.65335536, 0.008240993, -0.7570064), (-0.64972585, 0.023125788, -0.7598167), (-0.9734657, 0.0020720884, -0.22882369), (-0.65335536, 0.008240993, -0.7570064), (-0.20530102, 0.0438414, -0.97771645), (-0.20188995, 0.026808288, -0.9790413), (-0.64972585, 0.023125788, -0.7598167), (-0.20530102, 0.0438414, -0.97771645), (-0.17377286, 0.03184726, -0.98427063), (-0.13177243, 0.0021275626, -0.99127764), (-0.20188995, 0.026808288, -0.9790413), (-0.17377286, 0.03184726, -0.98427063), (-0.22615637, -0.017421896, -0.9739351), (-0.22157031, -0.0007352198, -0.9751441), (-0.13177243, 0.0021275626, -0.99127764), (-0.22615637, -0.017421896, -0.9739351), (-0.14784546, 0.0037432816, -0.98900336), (-0.18505748, 0.023405083, -0.98244894), (-0.22157031, -0.0007352198, -0.9751441), (-0.14784546, 0.0037432816, -0.98900336), (-0.016703596, 0.06688292, -0.997621), (-0.019045418, 0.026253952, -0.9994738), (-0.18505748, 0.023405083, -0.98244894), (-0.016703596, 0.06688292, -0.997621), (-0.056534383, 0.03988557, -0.99760365), (-0.017418293, 0.013095766, -0.99976254), (-0.019045418, 0.026253952, -0.9994738), (-0.056534383, 0.03988557, -0.99760365), (-0.16821675, -0.027610868, -0.9853633), (-0.16288266, 0.011853916, -0.9865743), (-0.017418293, 0.013095766, -0.99976254), (-0.16821675, -0.027610868, -0.9853633), (-0.10720702, 0.008072491, -0.994204), (-0.13816375, 0.01593075, -0.99028134), (-0.16288266, 0.011853916, -0.9865743), (-0.10720702, 0.008072491, -0.994204), (0.03837858, 0.08391319, -0.9957337), (0.033134043, 0.019632008, -0.9992581), (-0.13816375, 0.01593075, -0.99028134), (0.03837858, 0.08391319, -0.9957337), (-0.0035378516, 0.04242836, -0.99909323), (0.024750028, 0.029303234, -0.9992641), (0.033134043, 0.019632008, -0.9992581), (-0.0035378516, 0.04242836, -0.99909323), (-0.14280921, -0.03350907, -0.98918283), (-0.13498579, 0.02522832, -0.9905263), (0.024750028, 0.029303234, -0.9992641), (-0.14280921, -0.03350907, -0.98918283), (-0.09111805, 0.015896346, -0.99571323), (-0.1112323, 0.0033973446, -0.99378854), (-0.13498579, 0.02522832, -0.9905263), (-0.09111805, 0.015896346, -0.99571323), (0.07126476, 0.094539575, -0.992967), (0.061090562, 0.013569608, -0.99804), (-0.1112323, 0.0033973446, -0.99378854), (0.07126476, 0.094539575, -0.992967), (0.034183532, 0.042084966, -0.9985291), (0.049615286, 0.04947037, -0.99754244), (0.061090562, 0.013569608, -0.99804), (0.034183532, 0.042084966, -0.9985291), (-0.12444233, -0.03262337, -0.9916904), (-0.110815875, 0.036489133, -0.99317086), (0.049615286, 0.04947037, -0.99754244), (-0.12444233, -0.03262337, -0.9916904), (-0.080097616, 0.025865449, -0.99645144), (-0.08853202, -0.011653615, -0.9960052), (-0.110815875, 0.036489133, -0.99317086), (-0.080097616, 0.025865449, -0.99645144), (0.09582121, 0.09741453, -0.9906203), (0.07789589, 0.010303568, -0.99690825), (-0.08853202, -0.011653615, -0.9960052), (0.09582121, 0.09741453, -0.9906203), (0.064404465, 0.040142138, -0.9971162), (0.068145975, 0.070714615, -0.9951661), (0.07789589, 0.010303568, -0.99690825), (0.064404465, 0.040142138, -0.9971162), (-0.10689836, -0.02448806, -0.99396837), (-0.0837529, 0.04385394, -0.9955211), (0.068145975, 0.070714615, -0.9951661), (-0.10689836, -0.02448806, -0.99396837), (-0.06796022, 0.035829373, -0.99704444), (-0.0664156, -0.026548889, -0.9974388), (-0.0837529, 0.04385394, -0.9955211), (-0.06796022, 0.035829373, -0.99704444), (0.116231956, 0.09256518, -0.9888993), (0.08799704, 0.010564334, -0.9960647), (-0.0664156, -0.026548889, -0.9974388), (0.116231956, 0.09256518, -0.9888993), (0.08983669, 0.037788726, -0.99523944), (0.0854127, 0.08954959, -0.99231327), (0.08799704, 0.010564334, -0.9960647), (0.08983669, 0.037788726, -0.99523944), (-0.0865789, -0.01059694, -0.9961886), (-0.051043376, 0.046592623, -0.997609), (0.0854127, 0.08954959, -0.99231327), (-0.0865789, -0.01059694, -0.9961886), (-0.051205598, 0.043417607, -0.9977439), (-0.04312862, -0.03870287, -0.99831957), (-0.051043376, 0.046592623, -0.997609), (-0.051205598, 0.043417607, -0.9977439), (0.13470602, 0.08142367, -0.9875345), (0.095029384, 0.013841786, -0.9953782), (-0.04312862, -0.03870287, -0.99831957), (0.13470602, 0.08142367, -0.9875345), (0.11308967, 0.03590931, -0.99293566), (0.10533839, 0.10247915, -0.98914194), (0.095029384, 0.013841786, -0.9953782), (0.11308967, 0.03590931, -0.99293566), (-0.059411, 0.006008275, -0.9982155), (-0.010737197, 0.04492243, -0.9989328), (0.10533839, 0.10247915, -0.98914194), (-0.059411, 0.006008275, -0.9982155), (-0.026113028, 0.04671443, -0.9985669), (-0.015618051, -0.04594922, -0.9988217), (-0.010737197, 0.04492243, -0.9989328), (-0.026113028, 0.04671443, -0.9985669), (0.15444462, 0.06627759, -0.98577595), (0.10479394, 0.01860541, -0.99431986), (-0.015618051, -0.04594922, -0.9988217), (0.15444462, 0.06627759, -0.98577595), (0.13940106, 0.03461431, -0.9896308), (0.13323437, 0.106405586, -0.9853561), (0.10479394, 0.01860541, -0.99431986), (0.13940106, 0.03461431, -0.9896308), (-0.017385742, 0.021298358, -0.99962205), (0.041964103, 0.039705068, -0.9983299), (0.13323437, 0.106405586, -0.9853561), (-0.017385742, 0.021298358, -0.99962205), (0.016437724, 0.04469856, -0.99886525), (0.025957096, -0.046781056, -0.9985678), (0.041964103, 0.039705068, -0.9983299), (0.016437724, 0.04469856, -0.99886525), (0.18618567, 0.0493871, -0.9812725), (0.13212782, 0.022319088, -0.9909814), (0.025957096, -0.046781056, -0.9985678), (0.18618567, 0.0493871, -0.9812725), (0.18640536, 0.032549713, -0.9819336), (0.18568973, 0.09822293, -0.9776868), (0.13212782, 0.022319088, -0.9909814), (0.18640536, 0.032549713, -0.9819336), (0.07150235, 0.03031306, -0.9969797), (0.13413605, 0.032242257, -0.9904382), (0.18568973, 0.09822293, -0.9776868), (0.07150235, 0.03031306, -0.9969797), (0.12861094, 0.036371257, -0.9910279), (0.13726093, -0.03978489, -0.98973566), (0.13413605, 0.032242257, -0.9904382), (0.12861094, 0.036371257, -0.9910279), (0.31895414, 0.030531453, -0.9472782), (0.28055996, 0.017320842, -0.9596802), (0.13726093, -0.03978489, -0.98973566), (0.31895414, 0.030531453, -0.9472782), (0.6947695, 0.017514374, -0.71901923), (0.67870444, 0.054004617, -0.7324232), (0.28055996, 0.017320842, -0.9596802), (0.6947695, 0.017514374, -0.71901923), (0.97059697, 0.0046798494, -0.24066521), (0.9727532, 0.016277848, -0.23127076), (0.67870444, 0.054004617, -0.7324232), (-0.97403646, 0.00051015115, -0.22639053), (-0.61544096, 0.00923777, -0.78812885), (-0.65335536, 0.008240993, -0.7570064), (-0.9736678, -0.0039478866, -0.22793706), (-0.61544096, 0.00923777, -0.78812885), (-0.18693309, 0.018425005, -0.9821999), (-0.20530102, 0.0438414, -0.97771645), (-0.65335536, 0.008240993, -0.7570064), (-0.18693309, 0.018425005, -0.9821999), (-0.19018175, 0.027936967, -0.9813513), (-0.17377286, 0.03184726, -0.98427063), (-0.20530102, 0.0438414, -0.97771645), (-0.19018175, 0.027936967, -0.9813513), (-0.24289653, 0.03664472, -0.9693599), (-0.22615637, -0.017421896, -0.9739351), (-0.17377286, 0.03184726, -0.98427063), (-0.24289653, 0.03664472, -0.9693599), (-0.12112285, 0.03372884, -0.9920643), (-0.14784546, 0.0037432816, -0.98900336), (-0.22615637, -0.017421896, -0.9739351), (-0.12112285, 0.03372884, -0.9920643), (-0.0009246532, 0.029047797, -0.9995776), (-0.016703596, 0.06688292, -0.997621), (-0.14784546, 0.0037432816, -0.98900336), (-0.0009246532, 0.029047797, -0.9995776), (-0.082452305, 0.030894773, -0.996116), (-0.056534383, 0.03988557, -0.99760365), (-0.016703596, 0.06688292, -0.997621), (-0.082452305, 0.030894773, -0.996116), (-0.17914072, 0.040383954, -0.98299426), (-0.16821675, -0.027610868, -0.9853633), (-0.056534383, 0.03988557, -0.99760365), (-0.17914072, 0.040383954, -0.98299426), (-0.07463752, 0.04241281, -0.9963083), (-0.10720702, 0.008072491, -0.994204), (-0.16821675, -0.027610868, -0.9853633), (-0.07463752, 0.04241281, -0.9963083), (0.045061003, 0.036324743, -0.9983236), (0.03837858, 0.08391319, -0.9957337), (-0.10720702, 0.008072491, -0.994204), (0.045061003, 0.036324743, -0.9983236), (-0.035417635, 0.03218075, -0.99885434), (-0.0035378516, 0.04242836, -0.99909323), (0.03837858, 0.08391319, -0.9957337), (-0.035417635, 0.03218075, -0.99885434), (-0.14351115, 0.042524077, -0.9887347), (-0.14280921, -0.03350907, -0.98918283), (-0.0035378516, 0.04242836, -0.99909323), (-0.14351115, 0.042524077, -0.9887347), (-0.05626528, 0.04877041, -0.997224), (-0.09111805, 0.015896346, -0.99571323), (-0.14280921, -0.03350907, -0.98918283), (-0.05626528, 0.04877041, -0.997224), (0.06604555, 0.041627117, -0.9969479), (0.07126476, 0.094539575, -0.992967), (-0.09111805, 0.015896346, -0.99571323), (0.06604555, 0.041627117, -0.9969479), (0.00059807184, 0.033348378, -0.9994436), (0.034183532, 0.042084966, -0.9985291), (0.07126476, 0.094539575, -0.992967), (0.00059807184, 0.033348378, -0.9994436), (-0.11288434, 0.044417743, -0.99261487), (-0.12444233, -0.03262337, -0.9916904), (0.034183532, 0.042084966, -0.9985291), (-0.11288434, 0.044417743, -0.99261487), (-0.046994668, 0.053960133, -0.9974366), (-0.080097616, 0.025865449, -0.99645144), (-0.12444233, -0.03262337, -0.9916904), (-0.046994668, 0.053960133, -0.9974366), (0.07803332, 0.045087006, -0.9959307), (0.09582121, 0.09741453, -0.9906203), (-0.080097616, 0.025865449, -0.99645144), (0.07803332, 0.045087006, -0.9959307), (0.033746444, 0.03398835, -0.9988523), (0.064404465, 0.040142138, -0.9971162), (0.09582121, 0.09741453, -0.9906203), (0.033746444, 0.03398835, -0.9988523), (-0.08308216, 0.046244167, -0.99546915), (-0.10689836, -0.02448806, -0.99396837), (0.064404465, 0.040142138, -0.9971162), (-0.08308216, 0.046244167, -0.99546915), (-0.040669035, 0.058704354, -0.99744666), (-0.06796022, 0.035829373, -0.99704444), (-0.10689836, -0.02448806, -0.99396837), (-0.040669035, 0.058704354, -0.99744666), (0.08721562, 0.04659511, -0.9950991), (0.116231956, 0.09256518, -0.9888993), (-0.06796022, 0.035829373, -0.99704444), (0.08721562, 0.04659511, -0.9950991), (0.06637653, 0.03323396, -0.99724096), (0.08983669, 0.037788726, -0.99523944), (0.116231956, 0.09256518, -0.9888993), (0.06637653, 0.03323396, -0.99724096), (-0.052591242, 0.048016068, -0.997461), (-0.0865789, -0.01059694, -0.9961886), (0.08983669, 0.037788726, -0.99523944), (-0.052591242, 0.048016068, -0.997461), (-0.03317217, 0.063133545, -0.99745363), (-0.051205598, 0.043417607, -0.9977439), (-0.0865789, -0.01059694, -0.9961886), (-0.03317217, 0.063133545, -0.99745363), (0.097666256, 0.045836918, -0.9941631), (0.13470602, 0.08142367, -0.9875345), (-0.051205598, 0.043417607, -0.9977439), (0.097666256, 0.045836918, -0.9941631), (0.09980607, 0.030435355, -0.99454135), (0.11308967, 0.03590931, -0.99293566), (0.13470602, 0.08142367, -0.9875345), (0.09980607, 0.030435355, -0.99454135), (-0.01933468, 0.049607236, -0.99858165), (-0.059411, 0.006008275, -0.9982155), (0.11308967, 0.03590931, -0.99293566), (-0.01933468, 0.049607236, -0.99858165), (-0.019439828, 0.06649356, -0.99759746), (-0.026113028, 0.04671443, -0.9985669), (-0.059411, 0.006008275, -0.9982155), (-0.019439828, 0.06649356, -0.99759746), (0.11410986, 0.04238339, -0.9925636), (0.15444462, 0.06627759, -0.98577595), (-0.026113028, 0.04671443, -0.9985669), (0.11410986, 0.04238339, -0.9925636), (0.13710372, 0.02551302, -0.9902281), (0.13940106, 0.03461431, -0.9896308), (0.15444462, 0.06627759, -0.98577595), (0.13710372, 0.02551302, -0.9902281), (0.022914732, 0.05029563, -0.9984715), (-0.017385742, 0.021298358, -0.99962205), (0.13940106, 0.03461431, -0.9896308), (0.022914732, 0.05029563, -0.9984715), (0.011647526, 0.066953324, -0.9976881), (0.016437724, 0.04469856, -0.99886525), (-0.017385742, 0.021298358, -0.99962205), (0.011647526, 0.066953324, -0.9976881), (0.14832446, 0.035822414, -0.9882897), (0.18618567, 0.0493871, -0.9812725), (0.016437724, 0.04469856, -0.99886525), (0.14832446, 0.035822414, -0.9882897), (0.19264817, 0.018731544, -0.98108906), (0.18640536, 0.032549713, -0.9819336), (0.18618567, 0.0493871, -0.9812725), (0.19264817, 0.018731544, -0.98108906), (0.10373707, 0.04729386, -0.9934797), (0.07150235, 0.03031306, -0.9969797), (0.18640536, 0.032549713, -0.9819336), (0.10373707, 0.04729386, -0.9934797), (0.11529502, 0.0602636, -0.99150157), (0.12861094, 0.036371257, -0.9910279), (0.07150235, 0.03031306, -0.9969797), (0.11529502, 0.0602636, -0.99150157), (0.29223266, 0.025263276, -0.9560135), (0.31895414, 0.030531453, -0.9472782), (0.12861094, 0.036371257, -0.9910279), (0.29223266, 0.025263276, -0.9560135), (0.66795194, 0.0015623356, -0.74420285), (0.6947695, 0.017514374, -0.71901923), (0.31895414, 0.030531453, -0.9472782), (0.66795194, 0.0015623356, -0.74420285), (0.97003466, 0.00019763569, -0.24296638), (0.97059697, 0.0046798494, -0.24066521), (0.6947695, 0.017514374, -0.71901923), (-0.9717742, 0.019159507, -0.23513342), (-0.6511421, 0.06197658, -0.756421), (-0.61544096, 0.00923777, -0.78812885), (-0.97403646, 0.00051015115, -0.22639053), (-0.6511421, 0.06197658, -0.756421), (-0.24837197, 0.015296422, -0.96854395), (-0.18693309, 0.018425005, -0.9821999), (-0.61544096, 0.00923777, -0.78812885), (-0.24837197, 0.015296422, -0.96854395), (-0.16384065, -0.031326044, -0.9859893), (-0.19018175, 0.027936967, -0.9813513), (-0.18693309, 0.018425005, -0.9821999), (-0.16384065, -0.031326044, -0.9859893), (-0.1609083, 0.07015614, -0.98447275), (-0.24289653, 0.03664472, -0.9693599), (-0.19018175, 0.027936967, -0.9813513), (-0.1609083, 0.07015614, -0.98447275), (-0.1537015, 0.1289397, -0.9796685), (-0.12112285, 0.03372884, -0.9920643), (-0.24289653, 0.03664472, -0.9693599), (-0.1537015, 0.1289397, -0.9796685), (-0.090953186, 0.022161858, -0.99560857), (-0.0009246532, 0.029047797, -0.9995776), (-0.12112285, 0.03372884, -0.9920643), (-0.090953186, 0.022161858, -0.99560857), (-0.045948323, -0.036269333, -0.9982852), (-0.082452305, 0.030894773, -0.996116), (-0.0009246532, 0.029047797, -0.9995776), (-0.045948323, -0.036269333, -0.9982852), (-0.08172662, 0.083619595, -0.99314076), (-0.17914072, 0.040383954, -0.98299426), (-0.082452305, 0.030894773, -0.996116), (-0.08172662, 0.083619595, -0.99314076), (-0.116047114, 0.14239587, -0.98298347), (-0.07463752, 0.04241281, -0.9963083), (-0.17914072, 0.040383954, -0.98299426), (-0.116047114, 0.14239587, -0.98298347), (-0.054326836, 0.020260785, -0.99831766), (0.045061003, 0.036324743, -0.9983236), (-0.07463752, 0.04241281, -0.9963083), (-0.054326836, 0.020260785, -0.99831766), (0.00939109, -0.034311082, -0.99936706), (-0.035417635, 0.03218075, -0.99885434), (0.045061003, 0.036324743, -0.9983236), (0.00939109, -0.034311082, -0.99936706), (-0.040934738, 0.09307986, -0.99481684), (-0.14351115, 0.042524077, -0.9887347), (-0.035417635, 0.03218075, -0.99885434), (-0.040934738, 0.09307986, -0.99481684), (-0.10407052, 0.14365199, -0.98414093), (-0.05626528, 0.04877041, -0.997224), (-0.14351115, 0.042524077, -0.9887347), (-0.10407052, 0.14365199, -0.98414093), (-0.033879012, 0.017518796, -0.9992724), (0.06604555, 0.041627117, -0.9969479), (-0.05626528, 0.04877041, -0.997224), (-0.033879012, 0.017518796, -0.9992724), (0.05083123, -0.026735008, -0.9983494), (0.00059807184, 0.033348378, -0.9994436), (0.06604555, 0.041627117, -0.9969479), (0.05083123, -0.026735008, -0.9983494), (-0.012940294, 0.09829995, -0.9950727), (-0.11288434, 0.044417743, -0.99261487), (0.00059807184, 0.033348378, -0.9994436), (-0.012940294, 0.09829995, -0.9950727), (-0.09825844, 0.13601609, -0.9858219), (-0.046994668, 0.053960133, -0.9974366), (-0.11288434, 0.044417743, -0.99261487), (-0.09825844, 0.13601609, -0.9858219), (-0.01581409, 0.016172502, -0.9997442), (0.07803332, 0.045087006, -0.9959307), (-0.046994668, 0.053960133, -0.9974366), (-0.01581409, 0.016172502, -0.9997442), (0.08554198, -0.014542796, -0.9962284), (0.033746444, 0.03398835, -0.9988523), (0.07803332, 0.045087006, -0.9959307), (0.08554198, -0.014542796, -0.9962284), (0.0076689776, 0.098378874, -0.9951195), (-0.08308216, 0.046244167, -0.99546915), (0.033746444, 0.03398835, -0.9988523), (0.0076689776, 0.098378874, -0.9951195), (-0.09168181, 0.12169071, -0.9883248), (-0.040669035, 0.058704354, -0.99744666), (-0.08308216, 0.046244167, -0.99546915), (-0.09168181, 0.12169071, -0.9883248), (0.0042232554, 0.017593838, -0.99983627), (0.08721562, 0.04659511, -0.9950991), (-0.040669035, 0.058704354, -0.99744666), (0.0042232554, 0.017593838, -0.99983627), (0.11518032, 0.0005753663, -0.9933445), (0.06637653, 0.03323396, -0.99724096), (0.08721562, 0.04659511, -0.9950991), (0.11518032, 0.0005753663, -0.9933445), (0.024068354, 0.09255911, -0.9954163), (-0.052591242, 0.048016068, -0.997461), (0.06637653, 0.03323396, -0.99724096), (0.024068354, 0.09255911, -0.9954163), (-0.07966026, 0.10309333, -0.9914767), (-0.03317217, 0.063133545, -0.99745363), (-0.052591242, 0.048016068, -0.997461), (-0.07966026, 0.10309333, -0.9914767), (0.028309844, 0.022400945, -0.99934816), (0.097666256, 0.045836918, -0.9941631), (-0.03317217, 0.063133545, -0.99745363), (0.028309844, 0.022400945, -0.99934816), (0.14085022, 0.016078586, -0.98990035), (0.09980607, 0.030435355, -0.99454135), (0.097666256, 0.045836918, -0.9941631), (0.14085022, 0.016078586, -0.98990035), (0.04050863, 0.080665596, -0.9959177), (-0.01933468, 0.049607236, -0.99858165), (0.09980607, 0.030435355, -0.99454135), (0.04050863, 0.080665596, -0.9959177), (-0.057096515, 0.082917735, -0.9949194), (-0.019439828, 0.06649356, -0.99759746), (-0.01933468, 0.049607236, -0.99858165), (-0.057096515, 0.082917735, -0.9949194), (0.05914397, 0.030183705, -0.997793), (0.11410986, 0.04238339, -0.9925636), (-0.019439828, 0.06649356, -0.99759746), (0.05914397, 0.030183705, -0.997793), (0.16602679, 0.028728686, -0.9857027), (0.13710372, 0.02551302, -0.9902281), (0.11410986, 0.04238339, -0.9925636), (0.16602679, 0.028728686, -0.9857027), (0.065450266, 0.06327724, -0.9958475), (0.022914732, 0.05029563, -0.9984715), (0.13710372, 0.02551302, -0.9902281), (0.065450266, 0.06327724, -0.9958475), (-0.013734163, 0.063494794, -0.9978877), (0.011647526, 0.066953324, -0.9976881), (0.022914732, 0.05029563, -0.9984715), (-0.013734163, 0.063494794, -0.9978877), (0.10672255, 0.038856063, -0.9935293), (0.14832446, 0.035822414, -0.9882897), (0.011647526, 0.066953324, -0.9976881), (0.10672255, 0.038856063, -0.9935293), (0.20618011, 0.03485829, -0.977893), (0.19264817, 0.018731544, -0.98108906), (0.14832446, 0.035822414, -0.9882897), (0.20618011, 0.03485829, -0.977893), (0.12958276, 0.041397784, -0.990704), (0.10373707, 0.04729386, -0.9934797), (0.19264817, 0.018731544, -0.98108906), (0.12958276, 0.041397784, -0.990704), (0.10285, 0.044385888, -0.99370605), (0.11529502, 0.0602636, -0.99150157), (0.10373707, 0.04729386, -0.9934797), (0.10285, 0.044385888, -0.99370605), (0.2608911, 0.040786754, -0.96450627), (0.29223266, 0.025263276, -0.9560135), (0.11529502, 0.0602636, -0.99150157), (0.2608911, 0.040786754, -0.96450627), (0.6711938, 0.023175364, -0.7409196), (0.66795194, 0.0015623356, -0.74420285), (0.29223266, 0.025263276, -0.9560135), (0.6711938, 0.023175364, -0.7409196), (0.96963304, 0.0033604994, -0.2445413), (0.97003466, 0.00019763569, -0.24296638), (0.66795194, 0.0015623356, -0.74420285), (-0.96861863, 0.009476601, -0.24837081), (-0.68200094, 0.036188725, -0.73045546), (-0.6511421, 0.06197658, -0.756421), (-0.9717742, 0.019159507, -0.23513342), (-0.68200094, 0.036188725, -0.73045546), (-0.30822608, 0.04871539, -0.950065), (-0.24837197, 0.015296422, -0.96854395), (-0.6511421, 0.06197658, -0.756421), (-0.30822608, 0.04871539, -0.950065), (-0.13310538, 0.051473472, -0.98976433), (-0.16384065, -0.031326044, -0.9859893), (-0.24837197, 0.015296422, -0.96854395), (-0.13310538, 0.051473472, -0.98976433), (-0.0763793, 0.058103528, -0.99538445), (-0.1609083, 0.07015614, -0.98447275), (-0.16384065, -0.031326044, -0.9859893), (-0.0763793, 0.058103528, -0.99538445), (-0.177833, 0.06035093, -0.9822084), (-0.1537015, 0.1289397, -0.9796685), (-0.1609083, 0.07015614, -0.98447275), (-0.177833, 0.06035093, -0.9822084), (-0.16448347, 0.069274835, -0.98394424), (-0.090953186, 0.022161858, -0.99560857), (-0.1537015, 0.1289397, -0.9796685), (-0.16448347, 0.069274835, -0.98394424), (-0.008978918, 0.07491168, -0.99714977), (-0.045948323, -0.036269333, -0.9982852), (-0.090953186, 0.022161858, -0.99560857), (-0.008978918, 0.07491168, -0.99714977), (-0.008816894, 0.061041974, -0.9980962), (-0.08172662, 0.083619595, -0.99314076), (-0.045948323, -0.036269333, -0.9982852), (-0.008816894, 0.061041974, -0.9980962), (-0.1493271, 0.054298185, -0.9872959), (-0.116047114, 0.14239587, -0.98298347), (-0.08172662, 0.083619595, -0.99314076), (-0.1493271, 0.054298185, -0.9872959), (-0.11298624, 0.082052864, -0.9902028), (-0.054326836, 0.020260785, -0.99831766), (-0.116047114, 0.14239587, -0.98298347), (-0.11298624, 0.082052864, -0.9902028), (0.048655137, 0.091703765, -0.9945969), (0.00939109, -0.034311082, -0.99936706), (-0.054326836, 0.020260785, -0.99831766), (0.048655137, 0.091703765, -0.9945969), (0.0081570605, 0.056420032, -0.99837387), (-0.040934738, 0.09307986, -0.99481684), (0.00939109, -0.034311082, -0.99936706), (0.0081570605, 0.056420032, -0.99837387), (-0.1386835, 0.045045864, -0.98931175), (-0.10407052, 0.14365199, -0.98414093), (-0.040934738, 0.09307986, -0.99481684), (-0.1386835, 0.045045864, -0.98931175), (-0.0691851, 0.09257193, -0.9932995), (-0.033879012, 0.017518796, -0.9992724), (-0.10407052, 0.14365199, -0.98414093), (-0.0691851, 0.09257193, -0.9932995), (0.08516416, 0.10312, -0.99101627), (0.05083123, -0.026735008, -0.9983494), (-0.033879012, 0.017518796, -0.9992724), (0.08516416, 0.10312, -0.99101627), (0.008110878, 0.047195494, -0.9988527), (-0.012940294, 0.09829995, -0.9950727), (0.05083123, -0.026735008, -0.9983494), (0.008110878, 0.047195494, -0.9988527), (-0.12555085, 0.035362907, -0.99145675), (-0.09825844, 0.13601609, -0.9858219), (-0.012940294, 0.09829995, -0.9950727), (-0.12555085, 0.035362907, -0.99145675), (-0.025361145, 0.101550095, -0.99450713), (-0.01581409, 0.016172502, -0.9997442), (-0.09825844, 0.13601609, -0.9858219), (-0.025361145, 0.101550095, -0.99450713), (0.10673347, 0.10957991, -0.9882308), (0.08554198, -0.014542796, -0.9962284), (-0.01581409, 0.016172502, -0.9997442), (0.10673347, 0.10957991, -0.9882308), (0.0020491874, 0.034768347, -0.9993933), (0.0076689776, 0.098378874, -0.9951195), (0.08554198, -0.014542796, -0.9962284), (0.0020491874, 0.034768347, -0.9993933), (-0.10316914, 0.026527276, -0.99431), (-0.09168181, 0.12169071, -0.9883248), (0.0076689776, 0.098378874, -0.9951195), (-0.10316914, 0.026527276, -0.99431), (0.01815693, 0.10919275, -0.99385476), (0.0042232554, 0.017593838, -0.99983627), (-0.09168181, 0.12169071, -0.9883248), (0.01815693, 0.10919275, -0.99385476), (0.11591906, 0.111284815, -0.98700476), (0.11518032, 0.0005753663, -0.9933445), (0.0042232554, 0.017593838, -0.99983627), (0.11591906, 0.111284815, -0.98700476), (-0.0023286052, 0.020238362, -0.99979246), (0.024068354, 0.09255911, -0.9954163), (0.11518032, 0.0005753663, -0.9933445), (-0.0023286052, 0.020238362, -0.99979246), (-0.068790644, 0.019608013, -0.9974384), (-0.07966026, 0.10309333, -0.9914767), (0.024068354, 0.09255911, -0.9954163), (-0.068790644, 0.019608013, -0.9974384), (0.0594717, 0.11526478, -0.9915529), (0.028309844, 0.022400945, -0.99934816), (-0.07966026, 0.10309333, -0.9914767), (0.0594717, 0.11526478, -0.9915529), (0.11671026, 0.10800216, -0.98727614), (0.14085022, 0.016078586, -0.98990035), (0.028309844, 0.022400945, -0.99934816), (0.11671026, 0.10800216, -0.98727614), (0.00237594, 0.0051125116, -0.9999841), (0.04050863, 0.080665596, -0.9959177), (0.14085022, 0.016078586, -0.98990035), (0.00237594, 0.0051125116, -0.9999841), (-0.021159947, 0.015598424, -0.9996545), (-0.057096515, 0.082917735, -0.9949194), (0.04050863, 0.080665596, -0.9959177), (-0.021159947, 0.015598424, -0.9996545), (0.09837006, 0.1184239, -0.9880785), (0.05914397, 0.030183705, -0.997793), (-0.057096515, 0.082917735, -0.9949194), (0.09837006, 0.1184239, -0.9880785), (0.117279336, 0.099127695, -0.98813933), (0.16602679, 0.028728686, -0.9857027), (0.05914397, 0.030183705, -0.997793), (0.117279336, 0.099127695, -0.98813933), (0.025995972, -0.008248838, -0.999628), (0.065450266, 0.06327724, -0.9958475), (0.16602679, 0.028728686, -0.9857027), (0.025995972, -0.008248838, -0.999628), (0.044127554, 0.014699785, -0.99891776), (-0.013734163, 0.063494794, -0.9978877), (0.065450266, 0.06327724, -0.9958475), (0.044127554, 0.014699785, -0.99891776), (0.14352621, 0.1150558, -0.98293555), (0.10672255, 0.038856063, -0.9935293), (-0.013734163, 0.063494794, -0.9978877), (0.14352621, 0.1150558, -0.98293555), (0.14002135, 0.083875105, -0.9865896), (0.20618011, 0.03485829, -0.977893), (0.10672255, 0.038856063, -0.9935293), (0.14002135, 0.083875105, -0.9865896), (0.09852602, -0.016469074, -0.9949982), (0.12958276, 0.041397784, -0.990704), (0.20618011, 0.03485829, -0.977893), (0.09852602, -0.016469074, -0.9949982), (0.16823483, 0.013490285, -0.98565465), (0.10285, 0.044385888, -0.99370605), (0.12958276, 0.041397784, -0.990704), (0.16823483, 0.013490285, -0.98565465), (0.28583393, 0.091962636, -0.9538563), (0.2608911, 0.040786754, -0.96450627), (0.10285, 0.044385888, -0.99370605), (0.28583393, 0.091962636, -0.9538563), (0.63786274, 0.06732801, -0.7672015), (0.6711938, 0.023175364, -0.7409196), (0.2608911, 0.040786754, -0.96450627), (0.63786274, 0.06732801, -0.7672015), (0.9684526, 0.006650508, -0.24910957), (0.96963304, 0.0033604994, -0.2445413), (0.6711938, 0.023175364, -0.7409196), (-0.9666428, 0.006647177, -0.25604197), (-0.6541232, 0.027007787, -0.7559057), (-0.68200094, 0.036188725, -0.73045546), (-0.96861863, 0.009476601, -0.24837081), (-0.6541232, 0.027007787, -0.7559057), (-0.29584402, 0.05286642, -0.95377225), (-0.30822608, 0.04871539, -0.950065), (-0.68200094, 0.036188725, -0.73045546), (-0.29584402, 0.05286642, -0.95377225), (-0.115676895, 0.07638826, -0.99034524), (-0.13310538, 0.051473472, -0.98976433), (-0.30822608, 0.04871539, -0.950065), (-0.115676895, 0.07638826, -0.99034524), (-0.08865408, 0.07518091, -0.99322116), (-0.0763793, 0.058103528, -0.99538445), (-0.13310538, 0.051473472, -0.98976433), (-0.08865408, 0.07518091, -0.99322116), (-0.18630983, 0.06596538, -0.980274), (-0.177833, 0.06035093, -0.9822084), (-0.0763793, 0.058103528, -0.99538445), (-0.18630983, 0.06596538, -0.980274), (-0.13529699, 0.07546517, -0.987927), (-0.16448347, 0.069274835, -0.98394424), (-0.177833, 0.06035093, -0.9822084), (-0.13529699, 0.07546517, -0.987927), (0.0011783951, 0.085055836, -0.9963755), (-0.008978918, 0.07491168, -0.99714977), (-0.16448347, 0.069274835, -0.98394424), (0.0011783951, 0.085055836, -0.9963755), (-0.04501085, 0.08100999, -0.9956964), (-0.008816894, 0.061041974, -0.9980962), (-0.008978918, 0.07491168, -0.99714977), (-0.04501085, 0.08100999, -0.9956964), (-0.14950864, 0.07906348, -0.98559433), (-0.1493271, 0.054298185, -0.9872959), (-0.008816894, 0.061041974, -0.9980962), (-0.14950864, 0.07906348, -0.98559433), (-0.0645067, 0.086461894, -0.9941645), (-0.11298624, 0.082052864, -0.9902028), (-0.1493271, 0.054298185, -0.9872959), (-0.0645067, 0.086461894, -0.9941645), (0.043717794, 0.084698565, -0.99544704), (0.048655137, 0.091703765, -0.9945969), (-0.11298624, 0.082052864, -0.9902028), (0.043717794, 0.084698565, -0.99544704), (-0.04719182, 0.08262521, -0.9954627), (0.0081570605, 0.056420032, -0.99837387), (0.048655137, 0.091703765, -0.9945969), (-0.04719182, 0.08262521, -0.9954627), (-0.12193211, 0.08645734, -0.9887657), (-0.1386835, 0.045045864, -0.98931175), (0.0081570605, 0.056420032, -0.99837387), (-0.12193211, 0.08645734, -0.9887657), (-0.005210816, 0.090102635, -0.99591887), (-0.0691851, 0.09257193, -0.9932995), (-0.1386835, 0.045045864, -0.98931175), (-0.005210816, 0.090102635, -0.99591887), (0.059530083, 0.0820932, -0.9948452), (0.08516416, 0.10312, -0.99101627), (-0.0691851, 0.09257193, -0.9932995), (0.059530083, 0.0820932, -0.9948452), (-0.05960646, 0.08307759, -0.99475884), (0.008110878, 0.047195494, -0.9988527), (0.08516416, 0.10312, -0.99101627), (-0.05960646, 0.08307759, -0.99475884), (-0.08755626, 0.08831025, -0.9922375), (-0.12555085, 0.035362907, -0.99145675), (0.008110878, 0.047195494, -0.9988527), (-0.08755626, 0.08831025, -0.9922375), (0.046974607, 0.08846301, -0.99497116), (-0.025361145, 0.101550095, -0.99450713), (-0.12555085, 0.035362907, -0.99145675), (0.046974607, 0.08846301, -0.99497116), (0.058630962, 0.07982356, -0.99508315), (0.10673347, 0.10957991, -0.9882308), (-0.025361145, 0.101550095, -0.99450713), (0.058630962, 0.07982356, -0.99508315), (-0.069858804, 0.082223915, -0.9941625), (0.0020491874, 0.034768347, -0.9993933), (0.10673347, 0.10957991, -0.9882308), (-0.069858804, 0.082223915, -0.9941625), (-0.044214755, 0.085199684, -0.99538237), (-0.10316914, 0.026527276, -0.99431), (0.0020491874, 0.034768347, -0.9993933), (-0.044214755, 0.085199684, -0.99538237), (0.09023306, 0.083961606, -0.99237514), (0.01815693, 0.10919275, -0.99385476), (-0.10316914, 0.026527276, -0.99431), (0.09023306, 0.083961606, -0.99237514), (0.047792792, 0.078114405, -0.99579823), (0.11591906, 0.111284815, -0.98700476), (0.01815693, 0.10919275, -0.99385476), (0.047792792, 0.078114405, -0.99579823), (-0.070334814, 0.079230785, -0.9943719), (-0.0023286052, 0.020238362, -0.99979246), (0.11591906, 0.111284815, -0.98700476), (-0.070334814, 0.079230785, -0.9943719), (0.0065533062, 0.07878591, -0.99687004), (-0.068790644, 0.019608013, -0.9974384), (-0.0023286052, 0.020238362, -0.99979246), (0.0065533062, 0.07878591, -0.99687004), (0.123125404, 0.07852921, -0.9892792), (0.0594717, 0.11526478, -0.9915529), (-0.068790644, 0.019608013, -0.9974384), (0.123125404, 0.07852921, -0.9892792), (0.0345362, 0.07559318, -0.9965404), (0.11671026, 0.10800216, -0.98727614), (0.0594717, 0.11526478, -0.9915529), (0.0345362, 0.07559318, -0.9965404), (-0.055234864, 0.07368043, -0.9957511), (0.00237594, 0.0051125116, -0.9999841), (0.11671026, 0.10800216, -0.98727614), (-0.055234864, 0.07368043, -0.9957511), (0.06280197, 0.071162924, -0.9954857), (-0.021159947, 0.015598424, -0.9996545), (0.00237594, 0.0051125116, -0.9999841), (0.06280197, 0.071162924, -0.9954857), (0.14761177, 0.07265899, -0.9863728), (0.09837006, 0.1184239, -0.9880785), (-0.021159947, 0.015598424, -0.9996545), (0.14761177, 0.07265899, -0.9863728), (0.029489396, 0.07018211, -0.9970982), (0.117279336, 0.099127695, -0.98813933), (0.09837006, 0.1184239, -0.9880785), (0.029489396, 0.07018211, -0.9970982), (-0.017411822, 0.06573147, -0.99768543), (0.025995972, -0.008248838, -0.999628), (0.117279336, 0.099127695, -0.98813933), (-0.017411822, 0.06573147, -0.99768543), (0.12666918, 0.0635905, -0.98990464), (0.044127554, 0.014699785, -0.99891776), (0.025995972, -0.008248838, -0.999628), (0.12666918, 0.0635905, -0.98990464), (0.17537771, 0.064836726, -0.98236394), (0.14352621, 0.1150558, -0.98293555), (0.044127554, 0.014699785, -0.99891776), (0.17537771, 0.064836726, -0.98236394), (0.057369504, 0.059550565, -0.99657536), (0.14002135, 0.083875105, -0.9865896), (0.14352621, 0.1150558, -0.98293555), (0.057369504, 0.059550565, -0.99657536), (0.07003671, 0.05464701, -0.9960464), (0.09852602, -0.016469074, -0.9949982), (0.14002135, 0.083875105, -0.9865896), (0.07003671, 0.05464701, -0.9960464), (0.23372857, 0.05350289, -0.97082865), (0.16823483, 0.013490285, -0.98565465), (0.09852602, -0.016469074, -0.9949982), (0.23372857, 0.05350289, -0.97082865), (0.29958114, 0.04854363, -0.9528351), (0.28583393, 0.091962636, -0.9538563), (0.16823483, 0.013490285, -0.98565465), (0.29958114, 0.04854363, -0.9528351), (0.63619894, 0.023733247, -0.7711599), (0.63786274, 0.06732801, -0.7672015), (0.28583393, 0.091962636, -0.9538563), (0.63619894, 0.023733247, -0.7711599), (0.9674499, 0.0018978098, -0.25305554), (0.9684526, 0.006650508, -0.24910957), (0.63786274, 0.06732801, -0.7672015), (-0.96476614, 0.007960939, -0.26298848), (-0.6590452, 0.03698613, -0.75119334), (-0.6541232, 0.027007787, -0.7559057), (-0.9666428, 0.006647177, -0.25604197), (-0.6590452, 0.03698613, -0.75119334), (-0.26905984, 0.06201567, -0.9611248), (-0.29584402, 0.05286642, -0.95377225), (-0.6541232, 0.027007787, -0.7559057), (-0.26905984, 0.06201567, -0.9611248), (-0.094256505, 0.07696794, -0.99256825), (-0.115676895, 0.07638826, -0.99034524), (-0.29584402, 0.05286642, -0.95377225), (-0.094256505, 0.07696794, -0.99256825), (-0.09792102, 0.08750417, -0.9913398), (-0.08865408, 0.07518091, -0.99322116), (-0.115676895, 0.07638826, -0.99034524), (-0.09792102, 0.08750417, -0.9913398), (-0.1967492, 0.08479444, -0.97678024), (-0.18630983, 0.06596538, -0.980274), (-0.08865408, 0.07518091, -0.99322116), (-0.1967492, 0.08479444, -0.97678024), (-0.1133598, 0.07523009, -0.9907018), (-0.13529699, 0.07546517, -0.987927), (-0.18630983, 0.06596538, -0.980274), (-0.1133598, 0.07523009, -0.9907018), (0.022636842, 0.08707984, -0.9959441), (0.0011783951, 0.085055836, -0.9963755), (-0.13529699, 0.07546517, -0.987927), (0.022636842, 0.08707984, -0.9959441), (-0.05623933, 0.108287506, -0.99252754), (-0.04501085, 0.08100999, -0.9956964), (0.0011783951, 0.085055836, -0.9963755), (-0.05623933, 0.108287506, -0.99252754), (-0.16662787, 0.10068598, -0.98086566), (-0.14950864, 0.07906348, -0.98559433), (-0.04501085, 0.08100999, -0.9956964), (-0.16662787, 0.10068598, -0.98086566), (-0.046642937, 0.074403755, -0.99613684), (-0.0645067, 0.086461894, -0.9941645), (-0.14950864, 0.07906348, -0.98559433), (-0.046642937, 0.074403755, -0.99613684), (0.06717483, 0.08976885, -0.9936947), (0.043717794, 0.084698565, -0.99544704), (-0.0645067, 0.086461894, -0.9941645), (0.06717483, 0.08976885, -0.9936947), (-0.056800034, 0.12476472, -0.99055916), (-0.04719182, 0.08262521, -0.9954627), (0.043717794, 0.084698565, -0.99544704), (-0.056800034, 0.12476472, -0.99055916), (-0.14460231, 0.10935608, -0.9834284), (-0.12193211, 0.08645734, -0.9887657), (-0.04719182, 0.08262521, -0.9954627), (-0.14460231, 0.10935608, -0.9834284), (0.0075249663, 0.06773198, -0.9976752), (-0.005210816, 0.090102635, -0.99591887), (-0.12193211, 0.08645734, -0.9887657), (0.0075249663, 0.06773198, -0.9976752), (0.085797235, 0.09103292, -0.99214506), (0.059530083, 0.0820932, -0.9948452), (-0.005210816, 0.090102635, -0.99591887), (0.085797235, 0.09103292, -0.99214506), (-0.066495575, 0.1380532, -0.98819005), (-0.05960646, 0.08307759, -0.99475884), (0.059530083, 0.0820932, -0.9948452), (-0.066495575, 0.1380532, -0.98819005), (-0.11517704, 0.11185235, -0.9870275), (-0.08755626, 0.08831025, -0.9922375), (-0.05960646, 0.08307759, -0.99475884), (-0.11517704, 0.11185235, -0.9870275), (0.054425664, 0.058687843, -0.99679166), (0.046974607, 0.08846301, -0.99497116), (-0.08755626, 0.08831025, -0.9922375), (0.054425664, 0.058687843, -0.99679166), (0.08812025, 0.092438705, -0.9918114), (0.058630962, 0.07982356, -0.99508315), (0.046974607, 0.08846301, -0.99497116), (0.08812025, 0.092438705, -0.9918114), (-0.074199684, 0.14701283, -0.98634756), (-0.069858804, 0.082223915, -0.9941625), (0.058630962, 0.07982356, -0.99508315), (-0.074199684, 0.14701283, -0.98634756), (-0.07591852, 0.10903567, -0.99113446), (-0.044214755, 0.085199684, -0.99538237), (-0.069858804, 0.082223915, -0.9941625), (-0.07591852, 0.10903567, -0.99113446), (0.093355335, 0.049915522, -0.99438083), (0.09023306, 0.083961606, -0.99237514), (-0.044214755, 0.085199684, -0.99538237), (0.093355335, 0.049915522, -0.99438083), (0.08037676, 0.09371746, -0.992349), (0.047792792, 0.078114405, -0.99579823), (0.09023306, 0.083961606, -0.99237514), (0.08037676, 0.09371746, -0.992349), (-0.072976895, 0.15024677, -0.9859514), (-0.070334814, 0.079230785, -0.9943719), (0.047792792, 0.078114405, -0.99579823), (-0.072976895, 0.15024677, -0.9859514), (-0.027984165, 0.10221667, -0.9943685), (0.0065533062, 0.07878591, -0.99687004), (-0.070334814, 0.079230785, -0.9943719), (-0.027984165, 0.10221667, -0.9943685), (0.12355061, 0.043162312, -0.9913991), (0.123125404, 0.07852921, -0.9892792), (0.0065533062, 0.07878591, -0.99687004), (0.12355061, 0.043162312, -0.9913991), (0.06941024, 0.09355454, -0.9931917), (0.0345362, 0.07559318, -0.9965404), (0.123125404, 0.07852921, -0.9892792), (0.06941024, 0.09355454, -0.9931917), (-0.05713238, 0.14671007, -0.98752826), (-0.055234864, 0.07368043, -0.9957511), (0.0345362, 0.07559318, -0.9965404), (-0.05713238, 0.14671007, -0.98752826), (0.027032075, 0.092761405, -0.99532133), (0.06280197, 0.071162924, -0.9954857), (-0.055234864, 0.07368043, -0.9957511), (0.027032075, 0.092761405, -0.99532133), (0.14690466, 0.03888712, -0.988386), (0.14761177, 0.07265899, -0.9863728), (0.06280197, 0.071162924, -0.9954857), (0.14690466, 0.03888712, -0.988386), (0.06497825, 0.09007582, -0.9938129), (0.029489396, 0.07018211, -0.9970982), (0.14761177, 0.07265899, -0.9863728), (0.06497825, 0.09007582, -0.9938129), (-0.019286549, 0.13562007, -0.99057317), (-0.017411822, 0.06573147, -0.99768543), (0.029489396, 0.07018211, -0.9970982), (-0.019286549, 0.13562007, -0.99057317), (0.09179641, 0.08128191, -0.99245495), (0.12666918, 0.0635905, -0.98990464), (-0.017411822, 0.06573147, -0.99768543), (0.09179641, 0.08128191, -0.99245495), (0.17429917, 0.03581601, -0.98404115), (0.17537771, 0.064836726, -0.98236394), (0.12666918, 0.0635905, -0.98990464), (0.17429917, 0.03581601, -0.98404115), (0.09012458, 0.08030698, -0.99268746), (0.057369504, 0.059550565, -0.99657536), (0.17537771, 0.064836726, -0.98236394), (0.09012458, 0.08030698, -0.99268746), (0.067546934, 0.11457316, -0.99111575), (0.07003671, 0.05464701, -0.9960464), (0.057369504, 0.059550565, -0.99657536), (0.067546934, 0.11457316, -0.99111575), (0.20409508, 0.06552817, -0.97675556), (0.23372857, 0.05350289, -0.97082865), (0.07003671, 0.05464701, -0.9960464), (0.20409508, 0.06552817, -0.97675556), (0.29566363, 0.027976472, -0.95488244), (0.29958114, 0.04854363, -0.9528351), (0.23372857, 0.05350289, -0.97082865), (0.29566363, 0.027976472, -0.95488244), (0.6150188, 0.023513738, -0.78816175), (0.63619894, 0.023733247, -0.7711599), (0.29958114, 0.04854363, -0.9528351), (0.6150188, 0.023513738, -0.78816175), (0.96628237, 0.0073886653, -0.2573787), (0.9674499, 0.0018978098, -0.25305554), (0.63619894, 0.023733247, -0.7711599), (-0.9624091, 0.00959976, -0.2714344), (-0.61502105, 0.07779938, -0.7846632), (-0.6590452, 0.03698613, -0.75119334), (-0.96476614, 0.007960939, -0.26298848), (-0.61502105, 0.07779938, -0.7846632), (-0.2695986, 0.12275454, -0.9551167), (-0.26905984, 0.06201567, -0.9611248), (-0.6590452, 0.03698613, -0.75119334), (-0.2695986, 0.12275454, -0.9551167), (-0.13982011, 0.072719455, -0.987503), (-0.094256505, 0.07696794, -0.99256825), (-0.26905984, 0.06201567, -0.9611248), (-0.13982011, 0.072719455, -0.987503), (-0.08183289, 0.035950713, -0.9959974), (-0.09792102, 0.08750417, -0.9913398), (-0.094256505, 0.07696794, -0.99256825), (-0.08183289, 0.035950713, -0.9959974), (-0.14135872, 0.11100772, -0.9837149), (-0.1967492, 0.08479444, -0.97678024), (-0.09792102, 0.08750417, -0.9913398), (-0.14135872, 0.11100772, -0.9837149), (-0.13091166, 0.15524174, -0.97916394), (-0.1133598, 0.07523009, -0.9907018), (-0.1967492, 0.08479444, -0.97678024), (-0.13091166, 0.15524174, -0.97916394), (-0.025227955, 0.085639365, -0.9960067), (0.022636842, 0.08707984, -0.9959441), (-0.1133598, 0.07523009, -0.9907018), (-0.025227955, 0.085639365, -0.9960067), (-0.028655646, 0.050514456, -0.9983121), (-0.05623933, 0.108287506, -0.99252754), (0.022636842, 0.08707984, -0.9959441), (-0.028655646, 0.050514456, -0.9983121), (-0.12013081, 0.12902741, -0.9843376), (-0.16662787, 0.10068598, -0.98086566), (-0.05623933, 0.108287506, -0.99252754), (-0.12013081, 0.12902741, -0.9843376), (-0.0767074, 0.16442333, -0.9834027), (-0.046642937, 0.074403755, -0.99613684), (-0.16662787, 0.10068598, -0.98086566), (-0.0767074, 0.16442333, -0.9834027), (0.030205823, 0.091064855, -0.9953868), (0.06717483, 0.08976885, -0.9936947), (-0.046642937, 0.074403755, -0.99613684), (0.030205823, 0.091064855, -0.9953868), (-0.021002509, 0.064784884, -0.99767816), (-0.056800034, 0.12476472, -0.99055916), (0.06717483, 0.08976885, -0.9936947), (-0.021002509, 0.064784884, -0.99767816), (-0.11416546, 0.13900274, -0.98368925), (-0.14460231, 0.10935608, -0.9834284), (-0.056800034, 0.12476472, -0.99055916), (-0.11416546, 0.13900274, -0.98368925), (-0.028878056, 0.16491725, -0.98588455), (0.0075249663, 0.06773198, -0.9976752), (-0.14460231, 0.10935608, -0.9834284), (-0.028878056, 0.16491725, -0.98588455), (0.06540925, 0.095837146, -0.9932456), (0.085797235, 0.09103292, -0.99214506), (0.0075249663, 0.06773198, -0.9976752), (0.06540925, 0.095837146, -0.9932456), (-0.0284448, 0.07835416, -0.9965197), (-0.066495575, 0.1380532, -0.98819005), (0.085797235, 0.09103292, -0.99214506), (-0.0284448, 0.07835416, -0.9965197), (-0.10429885, 0.14228626, -0.9843152), (-0.11517704, 0.11185235, -0.9870275), (-0.066495575, 0.1380532, -0.98819005), (-0.10429885, 0.14228626, -0.9843152), (0.018211894, 0.16033682, -0.9868943), (0.054425664, 0.058687843, -0.99679166), (-0.11517704, 0.11185235, -0.9870275), (0.018211894, 0.16033682, -0.9868943), (0.08606343, 0.10132465, -0.99112386), (0.08812025, 0.092438705, -0.9918114), (0.054425664, 0.058687843, -0.99679166), (0.08606343, 0.10132465, -0.99112386), (-0.040379457, 0.09017487, -0.995107), (-0.074199684, 0.14701283, -0.98634756), (0.08812025, 0.092438705, -0.9918114), (-0.040379457, 0.09017487, -0.995107), (-0.08488324, 0.13959053, -0.98656446), (-0.07591852, 0.10903567, -0.99113446), (-0.074199684, 0.14701283, -0.98634756), (-0.08488324, 0.13959053, -0.98656446), (0.06329621, 0.15220627, -0.98631984), (0.093355335, 0.049915522, -0.99438083), (-0.07591852, 0.10903567, -0.99113446), (0.06329621, 0.15220627, -0.98631984), (0.095338196, 0.107350625, -0.9896396), (0.08037676, 0.09371746, -0.992349), (0.093355335, 0.049915522, -0.99438083), (0.095338196, 0.107350625, -0.9896396), (-0.049340293, 0.099317946, -0.99383175), (-0.072976895, 0.15024677, -0.9859514), (0.08037676, 0.09371746, -0.992349), (-0.049340293, 0.099317946, -0.99383175), (-0.054373022, 0.1314604, -0.98982906), (-0.027984165, 0.10221667, -0.9943685), (-0.072976895, 0.15024677, -0.9859514), (-0.054373022, 0.1314604, -0.98982906), (0.10438362, 0.14111517, -0.9844748), (0.12355061, 0.043162312, -0.9913991), (-0.027984165, 0.10221667, -0.9943685), (0.10438362, 0.14111517, -0.9844748), (0.09770398, 0.11292997, -0.98878753), (0.06941024, 0.09355454, -0.9931917), (0.12355061, 0.043162312, -0.9913991), (0.09770398, 0.11292997, -0.98878753), (-0.04819925, 0.10482583, -0.9933219), (-0.05713238, 0.14671007, -0.98752826), (0.06941024, 0.09355454, -0.9931917), (-0.04819925, 0.10482583, -0.9933219), (-0.01237948, 0.11823428, -0.99290854), (0.027032075, 0.092761405, -0.99532133), (-0.05713238, 0.14671007, -0.98752826), (-0.01237948, 0.11823428, -0.99290854), (0.14136533, 0.12699291, -0.9817784), (0.14690466, 0.03888712, -0.988386), (0.027032075, 0.092761405, -0.99532133), (0.14136533, 0.12699291, -0.9817784), (0.100962095, 0.11623884, -0.9880765), (0.06497825, 0.09007582, -0.9938129), (0.14690466, 0.03888712, -0.988386), (0.100962095, 0.11623884, -0.9880765), (-0.027177118, 0.10515535, -0.9940844), (-0.019286549, 0.13562007, -0.99057317), (0.06497825, 0.09007582, -0.9938129), (-0.027177118, 0.10515535, -0.9940844), (0.0451261, 0.09975924, -0.9939878), (0.09179641, 0.08128191, -0.99245495), (-0.019286549, 0.13562007, -0.99057317), (0.0451261, 0.09975924, -0.9939878), (0.18174672, 0.10857083, -0.9773334), (0.17429917, 0.03581601, -0.98404115), (0.09179641, 0.08128191, -0.99245495), (0.18174672, 0.10857083, -0.9773334), (0.12555966, 0.113241285, -0.985602), (0.09012458, 0.08030698, -0.99268746), (0.17429917, 0.03581601, -0.98404115), (0.12555966, 0.113241285, -0.985602), (0.044163395, 0.096431665, -0.9943594), (0.067546934, 0.11457316, -0.99111575), (0.09012458, 0.08030698, -0.99268746), (0.044163395, 0.096431665, -0.9943594), (0.15691015, 0.07342413, -0.98487973), (0.20409508, 0.06552817, -0.97675556), (0.067546934, 0.11457316, -0.99111575), (0.15691015, 0.07342413, -0.98487973), (0.3046074, 0.07667648, -0.9493867), (0.29566363, 0.027976472, -0.95488244), (0.20409508, 0.06552817, -0.97675556), (0.3046074, 0.07667648, -0.9493867), (0.6467106, 0.059957348, -0.7603752), (0.6150188, 0.023513738, -0.78816175), (0.29566363, 0.027976472, -0.95488244), (0.6467106, 0.059957348, -0.7603752), (0.9631878, 0.014812585, -0.2684209), (0.96628237, 0.0073886653, -0.2573787), (0.6150188, 0.023513738, -0.78816175), (-0.9595048, 0.010542352, -0.28149483), (-0.6035713, 0.0587727, -0.7951399), (-0.61502105, 0.07779938, -0.7846632), (-0.9624091, 0.00959976, -0.2714344), (-0.6035713, 0.0587727, -0.7951399), (-0.27633113, 0.09014285, -0.9568257), (-0.2695986, 0.12275454, -0.9551167), (-0.61502105, 0.07779938, -0.7846632), (-0.27633113, 0.09014285, -0.9568257), (-0.1926067, 0.08940323, -0.97719485), (-0.13982011, 0.072719455, -0.987503), (-0.2695986, 0.12275454, -0.9551167), (-0.1926067, 0.08940323, -0.97719485), (-0.05079526, 0.10935039, -0.9927046), (-0.08183289, 0.035950713, -0.9959974), (-0.13982011, 0.072719455, -0.987503), (-0.05079526, 0.10935039, -0.9927046), (-0.0664533, 0.13429728, -0.98871034), (-0.14135872, 0.11100772, -0.9837149), (-0.08183289, 0.035950713, -0.9959974), (-0.0664533, 0.13429728, -0.98871034), (-0.16436881, 0.12299437, -0.9787008), (-0.13091166, 0.15524174, -0.97916394), (-0.14135872, 0.11100772, -0.9837149), (-0.16436881, 0.12299437, -0.9787008), (-0.09542479, 0.100630365, -0.99033713), (-0.025227955, 0.085639365, -0.9960067), (-0.13091166, 0.15524174, -0.97916394), (-0.09542479, 0.100630365, -0.99033713), (0.022359787, 0.1259211, -0.99178827), (-0.028655646, 0.050514456, -0.9983121), (-0.025227955, 0.085639365, -0.9960067), (0.022359787, 0.1259211, -0.99178827), (-0.041928377, 0.16161431, -0.9859629), (-0.12013081, 0.12902741, -0.9843376), (-0.028655646, 0.050514456, -0.9983121), (-0.041928377, 0.16161431, -0.9859629), (-0.13552466, 0.13835554, -0.98106617), (-0.0767074, 0.16442333, -0.9834027), (-0.12013081, 0.12902741, -0.9843376), (-0.13552466, 0.13835554, -0.98106617), (-0.04041987, 0.10332439, -0.9938261), (0.030205823, 0.091064855, -0.9953868), (-0.0767074, 0.16442333, -0.9834027), (-0.04041987, 0.10332439, -0.9938261), (0.050567724, 0.13715586, -0.9892579), (-0.021002509, 0.064784884, -0.99767816), (0.030205823, 0.091064855, -0.9953868), (0.050567724, 0.13715586, -0.9892579), (-0.04362252, 0.18108216, -0.9825), (-0.11416546, 0.13900274, -0.98368925), (-0.021002509, 0.064784884, -0.99767816), (-0.04362252, 0.18108216, -0.9825), (-0.10900795, 0.14692964, -0.98312205), (-0.028878056, 0.16491725, -0.98588455), (-0.11416546, 0.13900274, -0.98368925), (-0.10900795, 0.14692964, -0.98312205), (0.0052681454, 0.103495866, -0.9946159), (0.06540925, 0.095837146, -0.9932456), (-0.028878056, 0.16491725, -0.98588455), (0.0052681454, 0.103495866, -0.9946159), (0.059188344, 0.14584029, -0.987536), (-0.0284448, 0.07835416, -0.9965197), (0.06540925, 0.095837146, -0.9932456), (0.059188344, 0.14584029, -0.987536), (-0.05006839, 0.19504409, -0.9795157), (-0.10429885, 0.14228626, -0.9843152), (-0.0284448, 0.07835416, -0.9965197), (-0.05006839, 0.19504409, -0.9795157), (-0.07574922, 0.15121846, -0.9855937), (0.018211894, 0.16033682, -0.9868943), (-0.10429885, 0.14228626, -0.9843152), (-0.07574922, 0.15121846, -0.9855937), (0.0438052, 0.102004126, -0.993819), (0.08606343, 0.10132465, -0.99112386), (0.018211894, 0.16033682, -0.9868943), (0.0438052, 0.102004126, -0.993819), (0.055570867, 0.15205374, -0.9868088), (-0.040379457, 0.09017487, -0.995107), (0.08606343, 0.10132465, -0.99112386), (0.055570867, 0.15205374, -0.9868088), (-0.05224541, 0.20437631, -0.97749716), (-0.08488324, 0.13959053, -0.98656446), (-0.040379457, 0.09017487, -0.995107), (-0.05224541, 0.20437631, -0.97749716), (-0.035029903, 0.15172423, -0.9878019), (0.06329621, 0.15220627, -0.98631984), (-0.08488324, 0.13959053, -0.98656446), (-0.035029903, 0.15172423, -0.9878019), (0.074137725, 0.09856489, -0.9923652), (0.095338196, 0.107350625, -0.9896396), (0.06329621, 0.15220627, -0.98631984), (0.074137725, 0.09856489, -0.9923652), (0.045504928, 0.15547907, -0.98679054), (-0.049340293, 0.099317946, -0.99383175), (0.095338196, 0.107350625, -0.9896396), (0.045504928, 0.15547907, -0.98679054), (-0.044412337, 0.20895629, -0.976916), (-0.054373022, 0.1314604, -0.98982906), (-0.049340293, 0.099317946, -0.99383175), (-0.044412337, 0.20895629, -0.976916), (0.011268116, 0.1477979, -0.98895335), (0.10438362, 0.14111517, -0.9844748), (-0.054373022, 0.1314604, -0.98982906), (0.011268116, 0.1477979, -0.98895335), (0.09623006, 0.0928853, -0.9910157), (0.09770398, 0.11292997, -0.98878753), (0.10438362, 0.14111517, -0.9844748), (0.09623006, 0.0928853, -0.9910157), (0.03595233, 0.15552357, -0.9871777), (-0.04819925, 0.10482583, -0.9933219), (0.09770398, 0.11292997, -0.98878753), (0.03595233, 0.15552357, -0.9871777), (-0.022113036, 0.20725131, -0.9780378), (-0.01237948, 0.11823428, -0.99290854), (-0.04819925, 0.10482583, -0.9933219), (-0.022113036, 0.20725131, -0.9780378), (0.06156431, 0.1382956, -0.9884757), (0.14136533, 0.12699291, -0.9817784), (-0.01237948, 0.11823428, -0.99290854), (0.06156431, 0.1382956, -0.9884757), (0.1138712, 0.08485908, -0.9898648), (0.100962095, 0.11623884, -0.9880765), (0.14136533, 0.12699291, -0.9817784), (0.1138712, 0.08485908, -0.9898648), (0.03762525, 0.15042643, -0.987905), (-0.027177118, 0.10515535, -0.9940844), (0.100962095, 0.11623884, -0.9880765), (0.03762525, 0.15042643, -0.987905), (0.021549882, 0.19573459, -0.98042005), (0.0451261, 0.09975924, -0.9939878), (-0.027177118, 0.10515535, -0.9940844), (0.021549882, 0.19573459, -0.98042005), (0.1207668, 0.12165973, -0.9851976), (0.18174672, 0.10857083, -0.9773334), (0.0451261, 0.09975924, -0.9939878), (0.1207668, 0.12165973, -0.9851976), (0.14379723, 0.07332449, -0.9868869), (0.12555966, 0.113241285, -0.985602), (0.18174672, 0.10857083, -0.9773334), (0.14379723, 0.07332449, -0.9868869), (0.08131626, 0.13399048, -0.9876407), (0.044163395, 0.096431665, -0.9943594), (0.12555966, 0.113241285, -0.985602), (0.08131626, 0.13399048, -0.9876407), (0.12622444, 0.16504906, -0.9781749), (0.15691015, 0.07342413, -0.98487973), (0.044163395, 0.096431665, -0.9943594), (0.12622444, 0.16504906, -0.9781749), (0.26384184, 0.09155835, -0.9602107), (0.3046074, 0.07667648, -0.9493867), (0.15691015, 0.07342413, -0.98487973), (0.26384184, 0.09155835, -0.9602107), (0.62260884, 0.024802577, -0.78214), (0.6467106, 0.059957348, -0.7603752), (0.3046074, 0.07667648, -0.9493867), (0.62260884, 0.024802577, -0.78214), (0.96058047, 0.0036135535, -0.2779787), (0.9631878, 0.014812585, -0.2684209), (0.6467106, 0.059957348, -0.7603752), (-0.9573487, 0.0036306654, -0.2889125), (-0.5685748, 0.05031546, -0.82109135), (-0.6035713, 0.0587727, -0.7951399), (-0.9595048, 0.010542352, -0.28149483), (-0.5685748, 0.05031546, -0.82109135), (-0.2372105, 0.12743546, -0.96306354), (-0.27633113, 0.09014285, -0.9568257), (-0.6035713, 0.0587727, -0.7951399), (-0.2372105, 0.12743546, -0.96306354), (-0.1983512, 0.16929814, -0.96539885), (-0.1926067, 0.08940323, -0.97719485), (-0.27633113, 0.09014285, -0.9568257), (-0.1983512, 0.16929814, -0.96539885), (-0.07339585, 0.141378, -0.98723114), (-0.05079526, 0.10935039, -0.9927046), (-0.1926067, 0.08940323, -0.97719485), (-0.07339585, 0.141378, -0.98723114), (-0.040940806, 0.11713918, -0.99227124), (-0.0664533, 0.13429728, -0.98871034), (-0.05079526, 0.10935039, -0.9927046), (-0.040940806, 0.11713918, -0.99227124), (-0.13627571, 0.16269256, -0.97722065), (-0.16436881, 0.12299437, -0.9787008), (-0.0664533, 0.13429728, -0.98871034), (-0.13627571, 0.16269256, -0.97722065), (-0.119300835, 0.19853543, -0.97280574), (-0.09542479, 0.100630365, -0.99033713), (-0.16436881, 0.12299437, -0.9787008), (-0.119300835, 0.19853543, -0.97280574), (0.009998407, 0.16702041, -0.98590267), (0.022359787, 0.1259211, -0.99178827), (-0.09542479, 0.100630365, -0.99033713), (0.009998407, 0.16702041, -0.98590267), (-0.0051829596, 0.14130518, -0.9899525), (-0.041928377, 0.16161431, -0.9859629), (0.022359787, 0.1259211, -0.99178827), (-0.0051829596, 0.14130518, -0.9899525), (-0.12565893, 0.17867237, -0.9758515), (-0.13552466, 0.13835554, -0.98106617), (-0.041928377, 0.16161431, -0.9859629), (-0.12565893, 0.17867237, -0.9758515), (-0.07609212, 0.21039143, -0.9746514), (-0.04041987, 0.10332439, -0.9938261), (-0.13552466, 0.13835554, -0.98106617), (-0.07609212, 0.21039143, -0.9746514), (0.056363974, 0.18295261, -0.9815047), (0.050567724, 0.13715586, -0.9892579), (-0.04041987, 0.10332439, -0.9938261), (0.056363974, 0.18295261, -0.9815047), (-0.00057603844, 0.15897089, -0.9872831), (-0.04362252, 0.18108216, -0.9825), (0.050567724, 0.13715586, -0.9892579), (-0.00057603844, 0.15897089, -0.9872831), (-0.12175517, 0.18722898, -0.9747415), (-0.10900795, 0.14692964, -0.98312205), (-0.04362252, 0.18108216, -0.9825), (-0.12175517, 0.18722898, -0.9747415), (-0.035182822, 0.21544603, -0.97588176), (0.0052681454, 0.103495866, -0.9946159), (-0.10900795, 0.14692964, -0.98312205), (-0.035182822, 0.21544603, -0.97588176), (0.08567644, 0.19362709, -0.977327), (0.059188344, 0.14584029, -0.987536), (0.0052681454, 0.103495866, -0.9946159), (0.08567644, 0.19362709, -0.977327), (-0.00824885, 0.1715563, -0.9851398), (-0.05006839, 0.19504409, -0.9795157), (0.059188344, 0.14584029, -0.987536), (-0.00824885, 0.1715563, -0.9851398), (-0.11206595, 0.19137597, -0.97509813), (-0.07574922, 0.15121846, -0.9855937), (-0.05006839, 0.19504409, -0.9795157), (-0.11206595, 0.19137597, -0.97509813), (0.0062580123, 0.21600865, -0.9763714), (0.0438052, 0.102004126, -0.993819), (-0.07574922, 0.15121846, -0.9855937), (0.0062580123, 0.21600865, -0.9763714), (0.10156848, 0.1997528, -0.97456795), (0.055570867, 0.15205374, -0.9868088), (0.0438052, 0.102004126, -0.993819), (0.10156848, 0.1997528, -0.97456795), (-0.019781617, 0.17955706, -0.9835487), (-0.05224541, 0.20437631, -0.97749716), (0.055570867, 0.15205374, -0.9868088), (-0.019781617, 0.17955706, -0.9835487), (-0.0922556, 0.19189186, -0.9770703), (-0.035029903, 0.15172423, -0.9878019), (-0.05224541, 0.20437631, -0.97749716), (-0.0922556, 0.19189186, -0.9770703), (0.046727, 0.21213846, -0.9761219), (0.074137725, 0.09856489, -0.9923652), (-0.035029903, 0.15172423, -0.9878019), (0.046727, 0.21213846, -0.9761219), (0.10659346, 0.20148362, -0.97367465), (0.045504928, 0.15547907, -0.98679054), (0.074137725, 0.09856489, -0.9923652), (0.10659346, 0.20148362, -0.97367465), (-0.028389532, 0.1832419, -0.98265785), (-0.044412337, 0.20895629, -0.976916), (0.045504928, 0.15547907, -0.98679054), (-0.028389532, 0.1832419, -0.98265785), (-0.060971264, 0.18794999, -0.98028433), (0.011268116, 0.1477979, -0.98895335), (-0.044412337, 0.20895629, -0.976916), (-0.060971264, 0.18794999, -0.98028433), (0.08425782, 0.20305029, -0.97553635), (0.09623006, 0.0928853, -0.9910157), (0.011268116, 0.1477979, -0.98895335), (0.08425782, 0.20305029, -0.97553635), (0.10497747, 0.19879445, -0.9744027), (0.03595233, 0.15552357, -0.9871777), (0.09623006, 0.0928853, -0.9910157), (0.10497747, 0.19879445, -0.9744027), (-0.026994212, 0.18207225, -0.9829145), (-0.022113036, 0.20725131, -0.9780378), (0.03595233, 0.15552357, -0.9871777), (-0.026994212, 0.18207225, -0.9829145), (-0.017565994, 0.17744872, -0.9839733), (0.06156431, 0.1382956, -0.9884757), (-0.022113036, 0.20725131, -0.9780378), (-0.017565994, 0.17744872, -0.9839733), (0.11899638, 0.18752019, -0.97502613), (0.1138712, 0.08485908, -0.9898648), (0.06156431, 0.1382956, -0.9884757), (0.11899638, 0.18752019, -0.97502613), (0.10509445, 0.19061674, -0.9760228), (0.03762525, 0.15042643, -0.987905), (0.1138712, 0.08485908, -0.9898648), (0.10509445, 0.19061674, -0.9760228), (-0.004775028, 0.17349808, -0.9848227), (0.021549882, 0.19573459, -0.98042005), (0.03762525, 0.15042643, -0.987905), (-0.004775028, 0.17349808, -0.9848227), (0.043634113, 0.15693784, -0.98664415), (0.1207668, 0.12165973, -0.9851976), (0.021549882, 0.19573459, -0.98042005), (0.043634113, 0.15693784, -0.98664415), (0.16145323, 0.16241689, -0.9734236), (0.14379723, 0.07332449, -0.9868869), (0.1207668, 0.12165973, -0.9851976), (0.16145323, 0.16241689, -0.9734236), (0.1338352, 0.17112738, -0.97611654), (0.08131626, 0.13399048, -0.9876407), (0.14379723, 0.07332449, -0.9868869), (0.1338352, 0.17112738, -0.97611654), (0.08251526, 0.14846058, -0.9854698), (0.12622444, 0.16504906, -0.9781749), (0.08131626, 0.13399048, -0.9876407), (0.08251526, 0.14846058, -0.9854698), (0.19569078, 0.11490339, -0.97391087), (0.26384184, 0.09155835, -0.9602107), (0.12622444, 0.16504906, -0.9781749), (0.19569078, 0.11490339, -0.97391087), (0.5899892, 0.07366083, -0.8040441), (0.62260884, 0.024802577, -0.78214), (0.26384184, 0.09155835, -0.9602107), (0.5899892, 0.07366083, -0.8040441), (0.9571984, 0.018399067, -0.28884727), (0.96058047, 0.0036135535, -0.2779787), (0.62260884, 0.024802577, -0.78214), (-0.95234865, 0.02527078, -0.3039627), (-0.52131295, 0.12117214, -0.84471893), (-0.5685748, 0.05031546, -0.82109135), (-0.9573487, 0.0036306654, -0.2889125), (-0.52131295, 0.12117214, -0.84471893), (-0.1826417, 0.18206035, -0.966176), (-0.2372105, 0.12743546, -0.96306354), (-0.5685748, 0.05031546, -0.82109135), (-0.1826417, 0.18206035, -0.966176), (-0.19165769, 0.19866559, -0.9611448), (-0.1983512, 0.16929814, -0.96539885), (-0.2372105, 0.12743546, -0.96306354), (-0.19165769, 0.19866559, -0.9611448), (-0.104792245, 0.2095449, -0.97216743), (-0.07339585, 0.141378, -0.98723114), (-0.1983512, 0.16929814, -0.96539885), (-0.104792245, 0.2095449, -0.97216743), (-0.023012597, 0.22528213, -0.97402173), (-0.040940806, 0.11713918, -0.99227124), (-0.07339585, 0.141378, -0.98723114), (-0.023012597, 0.22528213, -0.97402173), (-0.0819082, 0.2368424, -0.9680893), (-0.13627571, 0.16269256, -0.97722065), (-0.040940806, 0.11713918, -0.99227124), (-0.0819082, 0.2368424, -0.9680893), (-0.12443081, 0.24171433, -0.9623363), (-0.119300835, 0.19853543, -0.97280574), (-0.13627571, 0.16269256, -0.97722065), (-0.12443081, 0.24171433, -0.9623363), (-0.03131499, 0.24129978, -0.96994525), (0.009998407, 0.16702041, -0.98590267), (-0.119300835, 0.19853543, -0.97280574), (-0.03131499, 0.24129978, -0.96994525), (0.013564444, 0.25156298, -0.96774584), (-0.0051829596, 0.14130518, -0.9899525), (0.009998407, 0.16702041, -0.98590267), (0.013564444, 0.25156298, -0.96774584), (-0.073667, 0.26145172, -0.96240133), (-0.12565893, 0.17867237, -0.9758515), (-0.0051829596, 0.14130518, -0.9899525), (-0.073667, 0.26145172, -0.96240133), (-0.088933796, 0.2647267, -0.9602138), (-0.07609212, 0.21039143, -0.9746514), (-0.12565893, 0.17867237, -0.9758515), (-0.088933796, 0.2647267, -0.9602138), (0.01462572, 0.25860003, -0.9658738), (0.056363974, 0.18295261, -0.9815047), (-0.07609212, 0.21039143, -0.9746514), (0.01462572, 0.25860003, -0.9658738), (0.020432075, 0.26547495, -0.9639013), (-0.00057603844, 0.15897089, -0.9872831), (0.056363974, 0.18295261, -0.9815047), (0.020432075, 0.26547495, -0.9639013), (-0.07600374, 0.27528417, -0.9583538), (-0.12175517, 0.18722898, -0.9747415), (-0.00057603844, 0.15897089, -0.9872831), (-0.07600374, 0.27528417, -0.9583538), (-0.053410556, 0.27843338, -0.9589693), (-0.035182822, 0.21544603, -0.97588176), (-0.12175517, 0.18722898, -0.9747415), (-0.053410556, 0.27843338, -0.9589693), (0.049059242, 0.2680374, -0.96215856), (0.08567644, 0.19362709, -0.977327), (-0.035182822, 0.21544603, -0.97588176), (0.049059242, 0.2680374, -0.96215856), (0.013887647, 0.2719793, -0.9622029), (-0.00824885, 0.1715563, -0.9851398), (0.08567644, 0.19362709, -0.977327), (0.013887647, 0.2719793, -0.9622029), (-0.07614658, 0.28242934, -0.95626116), (-0.11206595, 0.19137597, -0.97509813), (-0.00824885, 0.1715563, -0.9851398), (-0.07614658, 0.28242934, -0.95626116), (-0.014620968, 0.28505602, -0.9583993), (0.0062580123, 0.21600865, -0.9763714), (-0.11206595, 0.19137597, -0.97509813), (-0.014620968, 0.28505602, -0.9583993), (0.07345479, 0.27115554, -0.95972866), (0.10156848, 0.1997528, -0.97456795), (0.0062580123, 0.21600865, -0.9763714), (0.07345479, 0.27115554, -0.95972866), (0.0009267161, 0.27270454, -0.9620974), (-0.019781617, 0.17955706, -0.9835487), (0.10156848, 0.1997528, -0.97456795), (0.0009267161, 0.27270454, -0.9620974), (-0.068531305, 0.28426978, -0.95629185), (-0.0922556, 0.19189186, -0.9770703), (-0.019781617, 0.17955706, -0.9835487), (-0.068531305, 0.28426978, -0.95629185), (0.026229866, 0.284802, -0.95822746), (0.046727, 0.21213846, -0.9761219), (-0.0922556, 0.19189186, -0.9770703), (0.026229866, 0.284802, -0.95822746), (0.0880495, 0.26818687, -0.95933473), (0.10659346, 0.20148362, -0.97367465), (0.046727, 0.21213846, -0.9761219), (0.0880495, 0.26818687, -0.95933473), (-0.012444572, 0.26818243, -0.9632877), (-0.028389532, 0.1832419, -0.98265785), (0.10659346, 0.20148362, -0.97367465), (-0.012444572, 0.26818243, -0.9632877), (-0.050043926, 0.2806837, -0.9584948), (-0.060971264, 0.18794999, -0.98028433), (-0.028389532, 0.1832419, -0.98265785), (-0.050043926, 0.2806837, -0.9584948), (0.06693839, 0.27700496, -0.95853406), (0.08425782, 0.20305029, -0.97553635), (-0.060971264, 0.18794999, -0.98028433), (0.06693839, 0.27700496, -0.95853406), (0.09471388, 0.25864398, -0.96131814), (0.10497747, 0.19879445, -0.9744027), (0.08425782, 0.20305029, -0.97553635), (0.09471388, 0.25864398, -0.96131814), (-0.019311309, 0.25796026, -0.96596247), (-0.026994212, 0.18207225, -0.9829145), (0.10497747, 0.19879445, -0.9744027), (-0.019311309, 0.25796026, -0.96596247), (-0.01834489, 0.26993322, -0.96270436), (-0.017565994, 0.17744872, -0.9839733), (-0.026994212, 0.18207225, -0.9829145), (-0.01834489, 0.26993322, -0.96270436), (0.10659826, 0.26008913, -0.95968246), (0.11899638, 0.18752019, -0.97502613), (-0.017565994, 0.17744872, -0.9839733), (0.10659826, 0.26008913, -0.95968246), (0.099589124, 0.24072036, -0.9654718), (0.10509445, 0.19061674, -0.9760228), (0.11899638, 0.18752019, -0.97502613), (0.099589124, 0.24072036, -0.9654718), (-0.008678997, 0.23946358, -0.9708665), (-0.004775028, 0.17349808, -0.9848227), (0.10509445, 0.19061674, -0.9760228), (-0.008678997, 0.23946358, -0.9708665), (0.03291372, 0.24735776, -0.968365), (0.043634113, 0.15693784, -0.98664415), (-0.004775028, 0.17349808, -0.9848227), (0.03291372, 0.24735776, -0.968365), (0.1529086, 0.22936946, -0.9612537), (0.16145323, 0.16241689, -0.9734236), (0.043634113, 0.15693784, -0.98664415), (0.1529086, 0.22936946, -0.9612537), (0.12618628, 0.20755582, -0.97005033), (0.1338352, 0.17112738, -0.97611654), (0.16145323, 0.16241689, -0.9734236), (0.12618628, 0.20755582, -0.97005033), (0.06161429, 0.20147806, -0.9775532), (0.08251526, 0.14846058, -0.9854698), (0.1338352, 0.17112738, -0.97611654), (0.06161429, 0.20147806, -0.9775532), (0.17106003, 0.19301917, -0.9661687), (0.19569078, 0.11490339, -0.97391087), (0.08251526, 0.14846058, -0.9854698), (0.17106003, 0.19301917, -0.9661687), (0.57500833, 0.119262256, -0.80940837), (0.5899892, 0.07366083, -0.8040441), (0.19569078, 0.11490339, -0.97391087), (0.57500833, 0.119262256, -0.80940837), (0.9496616, 0.0259089, -0.3122044), (0.9571984, 0.018399067, -0.28884727), (0.5899892, 0.07366083, -0.8040441), (-0.91090584, 0.14664212, -0.3856769), (-0.40952548, 0.4126157, -0.8136567), (-0.52131295, 0.12117214, -0.84471893), (-0.95234865, 0.02527078, -0.3039627), (-0.40952548, 0.4126157, -0.8136567), (-0.12678908, 0.521165, -0.8439855), (-0.1826417, 0.18206035, -0.966176), (-0.52131295, 0.12117214, -0.84471893), (-0.12678908, 0.521165, -0.8439855), (-0.12102803, 0.5528764, -0.82442707), (-0.19165769, 0.19866559, -0.9611448), (-0.1826417, 0.18206035, -0.966176), (-0.12102803, 0.5528764, -0.82442707), (-0.056667827, 0.61253947, -0.78840613), (-0.104792245, 0.2095449, -0.97216743), (-0.19165769, 0.19866559, -0.9611448), (-0.056667827, 0.61253947, -0.78840613), (-0.017070452, 0.6290621, -0.7771677), (-0.023012597, 0.22528213, -0.97402173), (-0.104792245, 0.2095449, -0.97216743), (-0.017070452, 0.6290621, -0.7771677), (-0.061896037, 0.5973479, -0.79959005), (-0.0819082, 0.2368424, -0.9680893), (-0.023012597, 0.22528213, -0.97402173), (-0.061896037, 0.5973479, -0.79959005), (-0.07733456, 0.6008068, -0.7956448), (-0.12443081, 0.24171433, -0.9623363), (-0.0819082, 0.2368424, -0.9680893), (-0.07733456, 0.6008068, -0.7956448), (-0.008649462, 0.65596676, -0.7547402), (-0.03131499, 0.24129978, -0.96994525), (-0.12443081, 0.24171433, -0.9623363), (-0.008649462, 0.65596676, -0.7547402), (0.0045392257, 0.6681765, -0.743989), (0.013564444, 0.25156298, -0.96774584), (-0.03131499, 0.24129978, -0.96994525), (0.0045392257, 0.6681765, -0.743989), (-0.05727168, 0.62509036, -0.77844846), (-0.073667, 0.26145172, -0.96240133), (0.013564444, 0.25156298, -0.96774584), (-0.05727168, 0.62509036, -0.77844846), (-0.054924283, 0.6197473, -0.7828772), (-0.088933796, 0.2647267, -0.9602138), (-0.073667, 0.26145172, -0.96240133), (-0.054924283, 0.6197473, -0.7828772), (0.019967172, 0.67623895, -0.73641175), (0.01462572, 0.25860003, -0.9658738), (-0.088933796, 0.2647267, -0.9602138), (0.019967172, 0.67623895, -0.73641175), (0.007819543, 0.6884964, -0.7251976), (0.020432075, 0.26547495, -0.9639013), (0.01462572, 0.25860003, -0.9658738), (0.007819543, 0.6884964, -0.7251976), (-0.05859269, 0.6387972, -0.76714087), (-0.07600374, 0.27528417, -0.9583538), (0.020432075, 0.26547495, -0.9639013), (-0.05859269, 0.6387972, -0.76714087), (-0.032308474, 0.62834394, -0.77726454), (-0.053410556, 0.27843338, -0.9589693), (-0.07600374, 0.27528417, -0.9583538), (-0.032308474, 0.62834394, -0.77726454), (0.040169176, 0.68597066, -0.7265196), (0.049059242, 0.2680374, -0.96215856), (-0.053410556, 0.27843338, -0.9589693), (0.040169176, 0.68597066, -0.7265196), (0.0037577152, 0.69864833, -0.7154553), (0.013887647, 0.2719793, -0.9622029), (0.049059242, 0.2680374, -0.96215856), (0.0037577152, 0.69864833, -0.7154553), (-0.05786292, 0.64468205, -0.76225775), (-0.07614658, 0.28242934, -0.95626116), (0.013887647, 0.2719793, -0.9622029), (-0.05786292, 0.64468205, -0.76225775), (-0.007577997, 0.63099587, -0.77574915), (-0.014620968, 0.28505602, -0.9583993), (-0.07614658, 0.28242934, -0.95626116), (-0.007577997, 0.63099587, -0.77574915), (0.05354132, 0.6884276, -0.7233262), (0.07345479, 0.27115554, -0.95972866), (-0.014620968, 0.28505602, -0.9583993), (0.05354132, 0.6884276, -0.7233262), (-0.003184822, 0.7009293, -0.7132237), (0.0009267161, 0.27270454, -0.9620974), (0.07345479, 0.27115554, -0.95972866), (-0.003184822, 0.7009293, -0.7132237), (-0.05194008, 0.64485174, -0.7625409), (-0.068531305, 0.28426978, -0.95629185), (0.0009267161, 0.27270454, -0.9620974), (-0.05194008, 0.64485174, -0.7625409), (0.01822525, 0.6289973, -0.7771938), (0.026229866, 0.284802, -0.95822746), (-0.068531305, 0.28426978, -0.95629185), (0.01822525, 0.6289973, -0.7771938), (0.06102644, 0.68424225, -0.72669685), (0.0880495, 0.26818687, -0.95933473), (0.026229866, 0.284802, -0.95822746), (0.06102644, 0.68424225, -0.72669685), (-0.00973225, 0.6956313, -0.718333), (-0.012444572, 0.26818243, -0.9632877), (0.0880495, 0.26818687, -0.95933473), (-0.00973225, 0.6956313, -0.718333), (-0.03927458, 0.63971484, -0.76760817), (-0.050043926, 0.2806837, -0.9584948), (-0.012444572, 0.26818243, -0.9632877), (-0.03927458, 0.63971484, -0.76760817), (0.043609995, 0.62203413, -0.78177464), (0.06693839, 0.27700496, -0.95853406), (-0.050043926, 0.2806837, -0.9584948), (0.043609995, 0.62203413, -0.78177464), (0.064419605, 0.67231774, -0.73745435), (0.09471388, 0.25864398, -0.96131814), (0.06693839, 0.27700496, -0.95853406), (0.064419605, 0.67231774, -0.73745435), (-0.012373916, 0.6815357, -0.7316802), (-0.019311309, 0.25796026, -0.96596247), (0.09471388, 0.25864398, -0.96131814), (-0.012373916, 0.6815357, -0.7316802), (-0.018651035, 0.62793213, -0.7780446), (-0.01834489, 0.26993322, -0.96270436), (-0.019311309, 0.25796026, -0.96596247), (-0.018651035, 0.62793213, -0.7780446), (0.06826113, 0.607776, -0.7911693), (0.10659826, 0.26008913, -0.95968246), (-0.01834489, 0.26993322, -0.96270436), (0.06826113, 0.607776, -0.7911693), (0.06775591, 0.6488887, -0.7578606), (0.099589124, 0.24072036, -0.9654718), (0.10659826, 0.26008913, -0.95968246), (0.06775591, 0.6488887, -0.7578606), (-0.0050110235, 0.6542487, -0.75626284), (-0.008678997, 0.23946358, -0.9708665), (0.099589124, 0.24072036, -0.9654718), (-0.0050110235, 0.6542487, -0.75626284), (0.014123765, 0.60397416, -0.7968788), (0.03291372, 0.24735776, -0.968365), (-0.008678997, 0.23946358, -0.9708665), (0.014123765, 0.60397416, -0.7968788), (0.09795236, 0.578109, -0.81005883), (0.1529086, 0.22936946, -0.9612537), (0.03291372, 0.24735776, -0.968365), (0.09795236, 0.578109, -0.81005883), (0.08576221, 0.60058266, -0.7949499), (0.12618628, 0.20755582, -0.97005033), (0.1529086, 0.22936946, -0.9612537), (0.08576221, 0.60058266, -0.7949499), (0.038988225, 0.5936086, -0.80380887), (0.06161429, 0.20147806, -0.9775532), (0.12618628, 0.20755582, -0.97005033), (0.038988225, 0.5936086, -0.80380887), (0.10570849, 0.53559136, -0.8378351), (0.17106003, 0.19301917, -0.9661687), (0.06161429, 0.20147806, -0.9775532), (0.10570849, 0.53559136, -0.8378351), (0.42827484, 0.40024444, -0.81017596), (0.57500833, 0.119262256, -0.80940837), (0.17106003, 0.19301917, -0.9661687), (0.42827484, 0.40024444, -0.81017596), (0.91211915, 0.13714634, -0.3863024), (0.9496616, 0.0259089, -0.3122044), (0.57500833, 0.119262256, -0.80940837), (-0.66437113, 0.6582227, -0.35405338), (-0.14724751, 0.9069514, -0.39466098), (-0.40952548, 0.4126157, -0.8136567), (-0.91090584, 0.14664212, -0.3856769), (-0.14724751, 0.9069514, -0.39466098), (-0.032748956, 0.9484551, -0.31521496), (-0.12678908, 0.521165, -0.8439855), (-0.40952548, 0.4126157, -0.8136567), (-0.032748956, 0.9484551, -0.31521496), (-0.018495511, 0.9569244, -0.28974786), (-0.12102803, 0.5528764, -0.82442707), (-0.12678908, 0.521165, -0.8439855), (-0.018495511, 0.9569244, -0.28974786), (-0.0053762025, 0.9603908, -0.27860484), (-0.056667827, 0.61253947, -0.78840613), (-0.12102803, 0.5528764, -0.82442707), (-0.0053762025, 0.9603908, -0.27860484), (-0.009382963, 0.9624354, -0.27134833), (-0.017070452, 0.6290621, -0.7771677), (-0.056667827, 0.61253947, -0.78840613), (-0.009382963, 0.9624354, -0.27134833), (-0.01739203, 0.9658155, -0.2586465), (-0.061896037, 0.5973479, -0.79959005), (-0.017070452, 0.6290621, -0.7771677), (-0.01739203, 0.9658155, -0.2586465), (-0.0071843313, 0.9686947, -0.24815117), (-0.07733456, 0.6008068, -0.7956448), (-0.061896037, 0.5973479, -0.79959005), (-0.0071843313, 0.9686947, -0.24815117), (0.0048787356, 0.9688269, -0.24769075), (-0.008649462, 0.65596676, -0.7547402), (-0.07733456, 0.6008068, -0.7956448), (0.0048787356, 0.9688269, -0.24769075), (-0.0053813285, 0.969041, -0.24684134), (0.0045392257, 0.6681765, -0.743989), (-0.008649462, 0.65596676, -0.7547402), (-0.0053813285, 0.969041, -0.24684134), (-0.016217727, 0.9713765, -0.23699078), (-0.05727168, 0.62509036, -0.77844846), (0.0045392257, 0.6681765, -0.743989), (-0.016217727, 0.9713765, -0.23699078), (-0.0023993107, 0.9731932, -0.22997649), (-0.054924283, 0.6197473, -0.7828772), (-0.05727168, 0.62509036, -0.77844846), (-0.0023993107, 0.9731932, -0.22997649), (0.010167602, 0.97220284, -0.23391958), (0.019967172, 0.67623895, -0.73641175), (-0.054924283, 0.6197473, -0.7828772), (0.010167602, 0.97220284, -0.23391958), (-0.0048125153, 0.97195756, -0.23510684), (0.007819543, 0.6884964, -0.7251976), (0.019967172, 0.67623895, -0.73641175), (-0.0048125153, 0.97195756, -0.23510684), (-0.016231116, 0.9740602, -0.22570622), (-0.05859269, 0.6387972, -0.76714087), (0.007819543, 0.6884964, -0.7251976), (-0.016231116, 0.9740602, -0.22570622), (0.0015062052, 0.9753011, -0.22087464), (-0.032308474, 0.62834394, -0.77726454), (-0.05859269, 0.6387972, -0.76714087), (0.0015062052, 0.9753011, -0.22087464), (0.0136039285, 0.97362155, -0.22776328), (0.040169176, 0.68597066, -0.7265196), (-0.032308474, 0.62834394, -0.77726454), (0.0136039285, 0.97362155, -0.22776328), (-0.0053665736, 0.9732464, -0.2297012), (0.0037577152, 0.69864833, -0.7154553), (0.040169176, 0.68597066, -0.7265196), (-0.0053665736, 0.9732464, -0.2297012), (-0.015951406, 0.97529155, -0.22034502), (-0.05786292, 0.64468205, -0.76225775), (0.0037577152, 0.69864833, -0.7154553), (-0.015951406, 0.97529155, -0.22034502), (0.0051942896, 0.9760578, -0.21744893), (-0.007577997, 0.63099587, -0.77574915), (-0.05786292, 0.64468205, -0.76225775), (0.0051942896, 0.9760578, -0.21744893), (0.01578508, 0.9738661, -0.22657391), (0.05354132, 0.6884276, -0.7233262), (-0.007577997, 0.63099587, -0.77574915), (0.01578508, 0.9738661, -0.22657391), (-0.006218338, 0.973451, -0.22881079), (-0.003184822, 0.7009293, -0.7132237), (0.05354132, 0.6884276, -0.7233262), (-0.006218338, 0.973451, -0.22881079), (-0.014910151, 0.975461, -0.21966666), (-0.05194008, 0.64485174, -0.7625409), (-0.003184822, 0.7009293, -0.7132237), (-0.014910151, 0.975461, -0.21966666), (0.008725953, 0.9757553, -0.21869032), (0.01822525, 0.6289973, -0.7771938), (-0.05194008, 0.64485174, -0.7625409), (0.008725953, 0.9757553, -0.21869032), (0.017022235, 0.97312546, -0.22964554), (0.06102644, 0.68424225, -0.72669685), (0.01822525, 0.6289973, -0.7771938), (0.017022235, 0.97312546, -0.22964554), (-0.0067996974, 0.97264284, -0.23220651), (-0.00973225, 0.6956313, -0.718333), (0.06102644, 0.68424225, -0.72669685), (-0.0067996974, 0.97264284, -0.23220651), (-0.012868515, 0.9745655, -0.22373301), (-0.03927458, 0.63971484, -0.76760817), (-0.00973225, 0.6956313, -0.718333), (-0.012868515, 0.9745655, -0.22373301), (0.012114452, 0.97432727, -0.2248104), (0.043609995, 0.62203413, -0.78177464), (-0.03927458, 0.63971484, -0.76760817), (0.012114452, 0.97432727, -0.2248104), (0.017716432, 0.97121996, -0.23752461), (0.064419605, 0.67231774, -0.73745435), (0.043609995, 0.62203413, -0.78177464), (0.017716432, 0.97121996, -0.23752461), (-0.0065056565, 0.97052723, -0.24090406), (-0.012373916, 0.6815357, -0.7316802), (0.064419605, 0.67231774, -0.73745435), (-0.0065056565, 0.97052723, -0.24090406), (-0.009507771, 0.9722123, -0.2339076), (-0.018651035, 0.62793213, -0.7780446), (-0.012373916, 0.6815357, -0.7316802), (-0.009507771, 0.9722123, -0.2339076), (0.015657945, 0.97124296, -0.23757522), (0.06826113, 0.607776, -0.7911693), (-0.018651035, 0.62793213, -0.7780446), (0.015657945, 0.97124296, -0.23757522), (0.01871387, 0.96736175, -0.25270727), (0.06775591, 0.6488887, -0.7578606), (0.06826113, 0.607776, -0.7911693), (0.01871387, 0.96736175, -0.25270727), (-0.00418, 0.96604025, -0.25835785), (-0.0050110235, 0.6542487, -0.75626284), (0.06775591, 0.6488887, -0.7578606), (-0.00418, 0.96604025, -0.25835785), (-0.003632242, 0.9669945, -0.25477102), (0.014123765, 0.60397416, -0.7968788), (-0.0050110235, 0.6542487, -0.75626284), (-0.003632242, 0.9669945, -0.25477102), (0.02116295, 0.96448123, -0.26330224), (0.09795236, 0.578109, -0.81005883), (0.014123765, 0.60397416, -0.7968788), (0.02116295, 0.96448123, -0.26330224), (0.023432534, 0.95836675, -0.28457722), (0.08576221, 0.60058266, -0.7949499), (0.09795236, 0.578109, -0.81005883), (0.023432534, 0.95836675, -0.28457722), (0.0062934854, 0.9541589, -0.2992343), (0.038988225, 0.5936086, -0.80380887), (0.08576221, 0.60058266, -0.7949499), (0.0062934854, 0.9541589, -0.2992343), (0.01743531, 0.95019627, -0.3111639), (0.10570849, 0.53559136, -0.8378351), (0.038988225, 0.5936086, -0.80380887), (0.01743531, 0.95019627, -0.3111639), (0.15016331, 0.9112029, -0.38361466), (0.42827484, 0.40024444, -0.81017596), (0.10570849, 0.53559136, -0.8378351), (0.15016331, 0.9112029, -0.38361466), (0.6661965, 0.66101605, -0.3453114), (0.91211915, 0.13714634, -0.3863024), (0.42827484, 0.40024444, -0.81017596), (-0.14447084, -0.9019337, 0.40699345), (-0.66104, -0.655611, 0.36496633), (-0.66104, -0.655611, -0.36496633), (-0.14447084, -0.9019337, -0.40699345), (-0.040732305, -0.9462099, 0.3209794), (-0.14447084, -0.9019337, 0.40699345), (-0.14447084, -0.9019337, -0.40699345), (-0.040732294, -0.9462099, -0.3209793), (-0.026116155, -0.9576064, 0.28689378), (-0.040732305, -0.9462099, 0.3209794), (-0.040732294, -0.9462099, -0.3209793), (-0.026116142, -0.9576064, -0.2868936), (0.0016273186, -0.961466, 0.27491915), (-0.026116155, -0.9576064, 0.28689378), (-0.026116142, -0.9576064, -0.2868936), (0.0016273235, -0.961466, -0.27491912), (-0.001988652, -0.9614833, 0.27485603), (0.0016273186, -0.961466, 0.27491915), (0.0016273235, -0.961466, -0.27491912), (-0.001988647, -0.9614833, -0.27485603), (-0.022751464, -0.9642762, 0.26392), (-0.001988652, -0.9614833, 0.27485603), (-0.001988647, -0.9614833, -0.27485603), (-0.022751456, -0.9642762, -0.26391992), (-0.013947212, -0.9688887, 0.24710353), (-0.022751464, -0.9642762, 0.26392), (-0.022751456, -0.9642762, -0.26391992), (-0.013947212, -0.96888876, -0.24710353), (0.008424721, -0.9697604, 0.24391311), (-0.013947212, -0.9688887, 0.24710353), (-0.013947212, -0.96888876, -0.24710353), (0.008424723, -0.9697604, -0.24391314), (0.0010775357, -0.96865577, 0.24840489), (0.008424721, -0.9697604, 0.24391311), (0.008424723, -0.9697604, -0.24391314), (0.0010775381, -0.9686557, -0.24840492), (-0.018182803, -0.9700995, 0.24202552), (0.0010775357, -0.96865577, 0.24840489), (0.0010775381, -0.9686557, -0.24840492), (-0.018182805, -0.9700996, -0.24202535), (-0.008624834, -0.973106, 0.23019613), (-0.018182803, -0.9700995, 0.24202552), (-0.018182805, -0.9700996, -0.24202535), (-0.008624835, -0.9731061, -0.23019591), (0.010024705, -0.97318816, 0.2297918), (-0.008624834, -0.973106, 0.23019613), (-0.008624835, -0.9731061, -0.23019591), (0.010024706, -0.97318816, -0.2297918), (0.001292373, -0.971983, 0.2350475), (0.010024705, -0.97318816, 0.2297918), (0.010024706, -0.97318816, -0.2297918), (0.0012923768, -0.971983, -0.23504755), (-0.014606956, -0.972937, 0.23060852), (0.001292373, -0.971983, 0.2350475), (0.0012923768, -0.971983, -0.23504755), (-0.014606955, -0.972937, -0.2306085), (-0.004721759, -0.97501653, 0.22208188), (-0.014606956, -0.972937, 0.23060852), (-0.014606955, -0.972937, -0.2306085), (-0.0047217594, -0.97501653, -0.22208188), (0.009798998, -0.97472507, 0.22319269), (-0.004721759, -0.97501653, 0.22208188), (-0.0047217594, -0.97501653, -0.22208188), (0.009798998, -0.97472507, -0.22319286), (0.0009705576, -0.97361374, 0.22820053), (0.009798998, -0.97472507, 0.22319269), (0.009798998, -0.97472507, -0.22319286), (0.00097055605, -0.9736136, -0.22820069), (-0.010782347, -0.9742729, 0.22511333), (0.0009705576, -0.97361374, 0.22820053), (0.00097055605, -0.9736136, -0.22820069), (-0.010782347, -0.9742729, -0.22511335), (-0.001574501, -0.97561306, 0.219492), (-0.010782347, -0.9742729, 0.22511333), (-0.010782347, -0.9742729, -0.22511335), (-0.0015744994, -0.97561306, -0.21949184), (0.008555437, -0.9751074, 0.22156811), (-0.001574501, -0.97561306, 0.219492), (-0.0015744994, -0.97561306, -0.21949184), (0.008555437, -0.9751074, -0.22156791), (0.0008944439, -0.9741374, 0.22595465), (0.008555437, -0.9751074, 0.22156811), (0.008555437, -0.9751074, -0.22156791), (0.0008944436, -0.9741374, -0.22595464), (-0.006442566, -0.9745026, 0.22428358), (0.0008944439, -0.9741374, 0.22595465), (0.0008944436, -0.9741374, -0.22595464), (-0.006442566, -0.9745026, -0.22428358), (0.0009342638, -0.975152, 0.22153492), (-0.006442566, -0.9745026, 0.22428358), (-0.006442566, -0.9745026, -0.22428358), (0.0009342638, -0.975152, -0.22153492), (0.0067817885, -0.97451305, 0.22422834), (0.0009342638, -0.975152, 0.22153492), (0.0009342638, -0.975152, -0.22153492), (0.006781789, -0.97451305, -0.22422834), (0.0015632776, -0.97365886, 0.22800402), (0.0067817885, -0.97451305, 0.22422834), (0.006781789, -0.97451305, -0.22422834), (0.0015632778, -0.97365886, -0.22800402), (-0.0015370814, -0.97360235, 0.22824553), (0.0015632776, -0.97365886, 0.22800402), (0.0015632778, -0.97365886, -0.22800402), (-0.0015370814, -0.97360235, -0.22824553), (0.002909732, -0.9735368, 0.22851186), (-0.0015370814, -0.97360235, 0.22824553), (-0.0015370814, -0.97360235, -0.22824553), (0.002909732, -0.9735368, -0.22851186), (0.0050335387, -0.97278494, 0.23165533), (0.002909732, -0.9735368, 0.22851186), (0.002909732, -0.9735368, -0.22851186), (0.0050335387, -0.97278494, -0.23165533), (0.0034816337, -0.9719116, 0.23532037), (0.0050335387, -0.97278494, 0.23165533), (0.0050335387, -0.97278494, -0.23165533), (0.0034816337, -0.9719116, -0.23532037), (0.0040746196, -0.97113705, 0.2384873), (0.0034816337, -0.9719116, 0.23532037), (0.0034816337, -0.9719116, -0.23532037), (0.00407462, -0.971137, -0.23848732), (0.0047854306, -0.9702037, 0.24224328), (0.0040746196, -0.97113705, 0.2384873), (0.00407462, -0.971137, -0.23848732), (0.0047854325, -0.9702037, -0.24224332), (0.004310013, -0.96920395, 0.24622148), (0.0047854306, -0.9702037, 0.24224328), (0.0047854325, -0.9702037, -0.24224332), (0.0043100137, -0.96920395, -0.2462215), (0.007649954, -0.96787196, 0.25132737), (0.004310013, -0.96920395, 0.24622148), (0.0043100137, -0.96920395, -0.2462215), (0.007649954, -0.96787196, -0.25132737), (0.011413464, -0.9656122, 0.25973636), (0.007649954, -0.96787196, 0.25132737), (0.007649954, -0.96787196, -0.25132737), (0.011413463, -0.9656122, -0.25973636), (0.008606868, -0.96306837, 0.26911953), (0.011413464, -0.9656122, 0.25973636), (0.011413463, -0.9656122, -0.25973636), (0.008606867, -0.96306837, -0.26911956), (0.008260589, -0.96079063, 0.27715176), (0.008606868, -0.96306837, 0.26911953), (0.008606867, -0.96306837, -0.26911956), (0.00826059, -0.96079063, -0.2771518), (0.019846218, -0.9566984, 0.2904036), (0.008260589, -0.96079063, 0.27715176), (0.00826059, -0.96079063, -0.2771518), (0.019846218, -0.9566984, -0.29040363), (0.032803725, -0.94791806, 0.3168206), (0.019846218, -0.9566984, 0.2904036), (0.019846218, -0.9566984, -0.29040363), (0.03280373, -0.94791806, -0.31682065), (0.14612308, -0.90638846, 0.3963685), (0.032803725, -0.94791806, 0.3168206), (0.03280373, -0.94791806, -0.31682065), (0.1461231, -0.9063884, -0.39636862), (0.6636539, -0.6581145, 0.35559645), (0.14612308, -0.90638846, 0.3963685), (0.1461231, -0.9063884, -0.39636862), (0.66365397, -0.65811425, -0.35559648), (0.910526, -0.15008305, 0.3852501), (0.6636539, -0.6581145, 0.35559645), (0.66365397, -0.65811425, -0.35559648), (0.9105259, -0.1500832, -0.38525), (0.9530733, -0.025692793, 0.30164707), (0.910526, -0.15008305, 0.3852501), (0.9105259, -0.1500832, -0.38525), (0.95307344, -0.025693046, -0.30164698), (0.9588704, -0.009162896, 0.28369617), (0.9530733, -0.025692793, 0.30164707), (0.95307344, -0.025693046, -0.30164698), (0.9588704, -0.009162896, -0.28369617), (0.9617736, -0.01061505, 0.27363998), (0.9588704, -0.009162896, 0.28369617), (0.9588704, -0.009162896, -0.28369617), (0.9617736, -0.01061505, -0.27363998), (0.9647603, -0.011296366, 0.26288766), (0.9617736, -0.01061505, 0.27363998), (0.9617736, -0.01061505, -0.27363998), (0.9647603, -0.011296366, -0.26288766), (0.9671244, -0.007141078, 0.2542033), (0.9647603, -0.011296366, 0.26288766), (0.9647603, -0.011296366, -0.26288766), (0.9671244, -0.007141078, -0.2542033), (0.9689434, -0.00805838, 0.2471512), (0.9671244, -0.007141078, 0.2542033), (0.9671244, -0.007141078, -0.2542033), (0.9689434, -0.00805838, -0.2471512), (0.97154284, -0.015806632, 0.23633605), (0.9689434, -0.00805838, 0.2471512), (0.9689434, -0.00805838, -0.2471512), (0.97154284, -0.01580663, -0.23633608), (0.9730737, 0.002632223, 0.23047927), (0.97154284, -0.015806632, 0.23633605), (0.97154284, -0.01580663, -0.23633608), (0.9730737, 0.0026322235, -0.2304793), (0.972571, 0.0020832578, 0.2325966), (0.9730737, 0.002632223, 0.23047927), (0.9730737, 0.0026322235, -0.2304793), (0.972571, 0.0020832578, -0.2325966), (0.97231835, 0.0001653204, 0.2336599), (0.972571, 0.0020832578, 0.2325966), (0.972571, 0.0020832578, -0.2325966), (0.97231835, 0.000165321, -0.2336599), (0.9726483, -0.0031919172, 0.23226048), (0.97231835, 0.0001653204, 0.2336599), (0.97231835, 0.000165321, -0.2336599), (0.97264844, -0.0031919172, -0.23226047), (0.97344106, -0.0046202517, 0.22889106), (0.9726483, -0.0031919172, 0.23226048), (0.97264844, -0.0031919172, -0.23226047), (0.97344106, -0.0046202517, -0.22889106), (0.97408813, -0.0019397008, 0.22616024), (0.97344106, -0.0046202517, 0.22889106), (0.97344106, -0.0046202517, -0.22889106), (0.97408813, -0.0019397008, -0.22616024), (0.9744849, -0.002180007, 0.22444251), (0.97408813, -0.0019397008, 0.22616024), (0.97408813, -0.0019397008, -0.22616024), (0.9744849, -0.002180007, -0.22444251), (0.97482014, -0.0011845498, 0.22298932), (0.9744849, -0.002180007, 0.22444251), (0.9744849, -0.002180007, -0.22444251), (0.97482014, -0.0011845498, -0.2229893), (0.9747574, 0.0019533888, 0.22325817), (0.97482014, -0.0011845498, 0.22298932), (0.97482014, -0.0011845498, -0.2229893), (0.9747574, 0.0019533888, -0.22325817), (0.9727532, 0.016277472, 0.23127079), (0.9747574, 0.0019533888, 0.22325817), (0.9747574, 0.0019533888, -0.22325817), (0.9727532, 0.016277848, -0.23127076), (0.97059697, 0.0046794727, 0.24066521), (0.9727532, 0.016277472, 0.23127079), (0.9727532, 0.016277848, -0.23127076), (0.97059697, 0.0046798494, -0.24066521), (0.97003466, 0.00019763569, 0.24296638), (0.97059697, 0.0046794727, 0.24066521), (0.97059697, 0.0046798494, -0.24066521), (0.97003466, 0.00019763569, -0.24296638), (0.96963304, 0.0033604994, 0.2445413), (0.97003466, 0.00019763569, 0.24296638), (0.97003466, 0.00019763569, -0.24296638), (0.96963304, 0.0033604994, -0.2445413), (0.9684526, 0.006650508, 0.24910957), (0.96963304, 0.0033604994, 0.2445413), (0.96963304, 0.0033604994, -0.2445413), (0.9684526, 0.006650508, -0.24910957), (0.9674499, 0.0018978098, 0.25305554), (0.9684526, 0.006650508, 0.24910957), (0.9684526, 0.006650508, -0.24910957), (0.9674499, 0.0018978098, -0.25305554), (0.96628237, 0.0073886653, 0.2573787), (0.9674499, 0.0018978098, 0.25305554), (0.9674499, 0.0018978098, -0.25305554), (0.96628237, 0.0073886653, -0.2573787), (0.9631878, 0.014812585, 0.2684209), (0.96628237, 0.0073886653, 0.2573787), (0.96628237, 0.0073886653, -0.2573787), (0.9631878, 0.014812585, -0.2684209), (0.96058047, 0.0036135535, 0.2779787), (0.9631878, 0.014812585, 0.2684209), (0.9631878, 0.014812585, -0.2684209), (0.96058047, 0.0036135535, -0.2779787), (0.9571984, 0.018398836, 0.2888473), (0.96058047, 0.0036135535, 0.2779787), (0.96058047, 0.0036135535, -0.2779787), (0.9571984, 0.018399067, -0.28884727), (0.9496617, 0.02590867, 0.3122044), (0.9571984, 0.018398836, 0.2888473), (0.9571984, 0.018399067, -0.28884727), (0.9496616, 0.0259089, -0.3122044), (0.91211915, 0.13714643, 0.38630247), (0.9496617, 0.02590867, 0.3122044), (0.9496616, 0.0259089, -0.3122044), (0.91211915, 0.13714634, -0.3863024), (0.6661964, 0.66101617, 0.3453113), (0.91211915, 0.13714643, 0.38630247), (0.91211915, 0.13714634, -0.3863024), (0.6661965, 0.66101605, -0.3453114), (0.15016326, 0.911203, 0.38361454), (0.6661964, 0.66101617, 0.3453113), (0.6661965, 0.66101605, -0.3453114), (0.15016331, 0.9112029, -0.38361466), (0.017435307, 0.9501964, 0.3111638), (0.15016326, 0.911203, 0.38361454), (0.15016331, 0.9112029, -0.38361466), (0.01743531, 0.95019627, -0.3111639), (0.0062934845, 0.9541589, 0.29923424), (0.017435307, 0.9501964, 0.3111638), (0.01743531, 0.95019627, -0.3111639), (0.0062934854, 0.9541589, -0.2992343), (0.023432529, 0.95836675, 0.28457722), (0.0062934845, 0.9541589, 0.29923424), (0.0062934854, 0.9541589, -0.2992343), (0.023432534, 0.95836675, -0.28457722), (0.02116295, 0.96448123, 0.26330227), (0.023432529, 0.95836675, 0.28457722), (0.023432534, 0.95836675, -0.28457722), (0.02116295, 0.96448123, -0.26330224), (-0.0036322412, 0.9669945, 0.25477102), (0.02116295, 0.96448123, 0.26330227), (0.02116295, 0.96448123, -0.26330224), (-0.003632242, 0.9669945, -0.25477102), (-0.004179999, 0.96604025, 0.25835785), (-0.0036322412, 0.9669945, 0.25477102), (-0.003632242, 0.9669945, -0.25477102), (-0.00418, 0.96604025, -0.25835785), (0.018713862, 0.96736175, 0.2527074), (-0.004179999, 0.96604025, 0.25835785), (-0.00418, 0.96604025, -0.25835785), (0.01871387, 0.96736175, -0.25270727), (0.015657937, 0.9712429, 0.23757531), (0.018713862, 0.96736175, 0.2527074), (0.01871387, 0.96736175, -0.25270727), (0.015657945, 0.97124296, -0.23757522), (-0.009507776, 0.9722123, 0.23390761), (0.015657937, 0.9712429, 0.23757531), (0.015657945, 0.97124296, -0.23757522), (-0.009507771, 0.9722123, -0.2339076), (-0.006505663, 0.9705271, 0.24090412), (-0.009507776, 0.9722123, 0.23390761), (-0.009507771, 0.9722123, -0.2339076), (-0.0065056565, 0.97052723, -0.24090406), (0.017716432, 0.97121996, 0.23752461), (-0.006505663, 0.9705271, 0.24090412), (-0.0065056565, 0.97052723, -0.24090406), (0.017716432, 0.97121996, -0.23752461), (0.012114453, 0.97432727, 0.22481027), (0.017716432, 0.97121996, 0.23752461), (0.017716432, 0.97121996, -0.23752461), (0.012114452, 0.97432727, -0.2248104), (-0.012868517, 0.97456557, 0.22373286), (0.012114453, 0.97432727, 0.22481027), (0.012114452, 0.97432727, -0.2248104), (-0.012868515, 0.9745655, -0.22373301), (-0.0067996974, 0.97264284, 0.23220654), (-0.012868517, 0.97456557, 0.22373286), (-0.012868515, 0.9745655, -0.22373301), (-0.0067996974, 0.97264284, -0.23220651), (0.017022237, 0.97312546, 0.22964558), (-0.0067996974, 0.97264284, 0.23220654), (-0.0067996974, 0.97264284, -0.23220651), (0.017022235, 0.97312546, -0.22964554), (0.008725955, 0.9757553, 0.21869032), (0.017022237, 0.97312546, 0.22964558), (0.017022235, 0.97312546, -0.22964554), (0.008725953, 0.9757553, -0.21869032), (-0.014910151, 0.975461, 0.21966666), (0.008725955, 0.9757553, 0.21869032), (0.008725953, 0.9757553, -0.21869032), (-0.014910151, 0.975461, -0.21966666), (-0.006218338, 0.973451, 0.22881079), (-0.014910151, 0.975461, 0.21966666), (-0.014910151, 0.975461, -0.21966666), (-0.006218338, 0.973451, -0.22881079), (0.015785081, 0.9738661, 0.22657377), (-0.006218338, 0.973451, 0.22881079), (-0.006218338, 0.973451, -0.22881079), (0.01578508, 0.9738661, -0.22657391), (0.0051942905, 0.9760579, 0.21744862), (0.015785081, 0.9738661, 0.22657377), (0.01578508, 0.9738661, -0.22657391), (0.0051942896, 0.9760578, -0.21744893), (-0.01595141, 0.97529155, 0.22034489), (0.0051942905, 0.9760579, 0.21744862), (0.0051942896, 0.9760578, -0.21744893), (-0.015951406, 0.97529155, -0.22034502), (-0.005366575, 0.9732464, 0.2297012), (-0.01595141, 0.97529155, 0.22034489), (-0.015951406, 0.97529155, -0.22034502), (-0.0053665736, 0.9732464, -0.2297012), (0.0136039285, 0.97362155, 0.22776328), (-0.005366575, 0.9732464, 0.2297012), (-0.0053665736, 0.9732464, -0.2297012), (0.0136039285, 0.97362155, -0.22776328), (0.0015062063, 0.9753011, 0.22087464), (0.0136039285, 0.97362155, 0.22776328), (0.0136039285, 0.97362155, -0.22776328), (0.0015062052, 0.9753011, -0.22087464), (-0.016231114, 0.9740601, 0.22570638), (0.0015062063, 0.9753011, 0.22087464), (0.0015062052, 0.9753011, -0.22087464), (-0.016231116, 0.9740602, -0.22570622), (-0.0048125167, 0.97195756, 0.23510696), (-0.016231114, 0.9740601, 0.22570638), (-0.016231116, 0.9740602, -0.22570622), (-0.0048125153, 0.97195756, -0.23510684), (0.010167599, 0.97220284, 0.23391952), (-0.0048125167, 0.97195756, 0.23510696), (-0.0048125153, 0.97195756, -0.23510684), (0.010167602, 0.97220284, -0.23391958), (-0.0023993119, 0.9731932, 0.2299765), (0.010167599, 0.97220284, 0.23391952), (0.010167602, 0.97220284, -0.23391958), (-0.0023993107, 0.9731932, -0.22997649), (-0.016217727, 0.9713765, 0.23699093), (-0.0023993119, 0.9731932, 0.2299765), (-0.0023993107, 0.9731932, -0.22997649), (-0.016217727, 0.9713765, -0.23699078), (-0.005381325, 0.969041, 0.24684148), (-0.016217727, 0.9713765, 0.23699093), (-0.016217727, 0.9713765, -0.23699078), (-0.0053813285, 0.969041, -0.24684134), (0.004878736, 0.96882683, 0.24769092), (-0.005381325, 0.969041, 0.24684148), (-0.0053813285, 0.969041, -0.24684134), (0.0048787356, 0.9688269, -0.24769075), (-0.007184332, 0.9686946, 0.24815133), (0.004878736, 0.96882683, 0.24769092), (0.0048787356, 0.9688269, -0.24769075), (-0.0071843313, 0.9686947, -0.24815117), (-0.01739203, 0.9658155, 0.25864652), (-0.007184332, 0.9686946, 0.24815133), (-0.0071843313, 0.9686947, -0.24815117), (-0.01739203, 0.9658155, -0.2586465), (-0.009382963, 0.9624354, 0.2713483), (-0.01739203, 0.9658155, 0.25864652), (-0.01739203, 0.9658155, -0.2586465), (-0.009382963, 0.9624354, -0.27134833), (-0.005376201, 0.9603908, 0.27860478), (-0.009382963, 0.9624354, 0.2713483), (-0.009382963, 0.9624354, -0.27134833), (-0.0053762025, 0.9603908, -0.27860484), (-0.018495515, 0.95692426, 0.28974786), (-0.005376201, 0.9603908, 0.27860478), (-0.0053762025, 0.9603908, -0.27860484), (-0.018495511, 0.9569244, -0.28974786), (-0.032748964, 0.9484551, 0.31521508), (-0.018495515, 0.95692426, 0.28974786), (-0.018495511, 0.9569244, -0.28974786), (-0.032748956, 0.9484551, -0.31521496), (-0.14724748, 0.9069515, 0.3946609), (-0.032748964, 0.9484551, 0.31521508), (-0.032748956, 0.9484551, -0.31521496), (-0.14724751, 0.9069514, -0.39466098), (-0.6643711, 0.65822285, 0.3540533), (-0.14724748, 0.9069515, 0.3946609), (-0.14724751, 0.9069514, -0.39466098), (-0.66437113, 0.6582227, -0.35405338), (-0.91090584, 0.14664254, 0.38567686), (-0.6643711, 0.65822285, 0.3540533), (-0.66437113, 0.6582227, -0.35405338), (-0.91090584, 0.14664212, -0.3856769), (-0.95234865, 0.025271034, 0.3039627), (-0.91090584, 0.14664254, 0.38567686), (-0.91090584, 0.14664212, -0.3856769), (-0.95234865, 0.02527078, -0.3039627), (-0.9573487, 0.0036306654, 0.2889125), (-0.95234865, 0.025271034, 0.3039627), (-0.95234865, 0.02527078, -0.3039627), (-0.9573487, 0.0036306654, -0.2889125), (-0.9595048, 0.010542352, 0.28149483), (-0.9573487, 0.0036306654, 0.2889125), (-0.9573487, 0.0036306654, -0.2889125), (-0.9595048, 0.010542352, -0.28149483), (-0.9624091, 0.00959976, 0.2714344), (-0.9595048, 0.010542352, 0.28149483), (-0.9595048, 0.010542352, -0.28149483), (-0.9624091, 0.00959976, -0.2714344), (-0.96476614, 0.007960939, 0.26298848), (-0.9624091, 0.00959976, 0.2714344), (-0.9624091, 0.00959976, -0.2714344), (-0.96476614, 0.007960939, -0.26298848), (-0.9666428, 0.006647177, 0.25604197), (-0.96476614, 0.007960939, 0.26298848), (-0.96476614, 0.007960939, -0.26298848), (-0.9666428, 0.006647177, -0.25604197), (-0.96861863, 0.009476601, 0.24837081), (-0.9666428, 0.006647177, 0.25604197), (-0.9666428, 0.006647177, -0.25604197), (-0.96861863, 0.009476601, -0.24837081), (-0.9717742, 0.019159507, 0.23513342), (-0.96861863, 0.009476601, 0.24837081), (-0.96861863, 0.009476601, -0.24837081), (-0.9717742, 0.019159507, -0.23513342), (-0.97403646, 0.00051015115, 0.22639053), (-0.9717742, 0.019159507, 0.23513342), (-0.9717742, 0.019159507, -0.23513342), (-0.97403646, 0.00051015115, -0.22639053), (-0.9736678, -0.0039478866, 0.22793701), (-0.97403646, 0.00051015115, 0.22639053), (-0.97403646, 0.00051015115, -0.22639053), (-0.9736678, -0.0039478866, -0.22793706), (-0.9734657, 0.0020720884, 0.22882366), (-0.9736678, -0.0039478866, 0.22793701), (-0.9736678, -0.0039478866, -0.22793706), (-0.9734657, 0.0020720884, -0.22882369), (-0.9725518, -0.010703026, 0.23244026), (-0.9734657, 0.0020720884, 0.22882366), (-0.9734657, 0.0020720884, -0.22882369), (-0.9725518, -0.010703026, -0.23244026), (-0.9713338, -0.0016102502, 0.23771405), (-0.9725518, -0.010703026, 0.23244026), (-0.9725518, -0.010703026, -0.23244026), (-0.9713338, -0.0016102502, -0.23771407), (-0.9715142, 0.0034807813, 0.23695572), (-0.9713338, -0.0016102502, 0.23771405), (-0.9713338, -0.0016102502, -0.23771407), (-0.9715142, 0.0034807813, -0.23695572), (-0.9725882, 0.006434554, 0.23244525), (-0.9715142, 0.0034807813, 0.23695572), (-0.9715142, 0.0034807813, -0.23695572), (-0.9725882, 0.006434554, -0.23244525), (-0.9743097, 0.010563807, 0.22496459), (-0.9725882, 0.006434554, 0.23244525), (-0.9725882, 0.006434554, -0.23244525), (-0.9743097, 0.010563807, -0.22496459), (-0.9740836, -0.012722807, 0.22583005), (-0.9743097, 0.010563807, 0.22496459), (-0.9743097, 0.010563807, -0.22496459), (-0.9740836, -0.012722806, -0.22583006), (-0.97221094, -0.0061155963, 0.23402646), (-0.9740836, -0.012722807, 0.22583005), (-0.9740836, -0.012722806, -0.22583006), (-0.97221094, -0.0061155935, -0.23402646), (-0.9718224, 0.0027478358, 0.23569833), (-0.97221094, -0.0061155963, 0.23402646), (-0.97221094, -0.0061155935, -0.23402646), (-0.9718224, 0.0027478358, -0.23569833), (-0.9712986, -0.007343946, 0.23775014), (-0.9718224, 0.0027478358, 0.23569833), (-0.9718224, 0.0027478358, -0.23569833), (-0.9712986, -0.0073439456, -0.23775008), (-0.97058034, 0.00045283957, 0.24077708), (-0.9712986, -0.007343946, 0.23775014), (-0.9712986, -0.0073439456, -0.23775008), (-0.97058034, 0.00045283957, -0.24077705), (-0.96993107, -0.006190965, 0.24330117), (-0.97058034, 0.00045283957, 0.24077708), (-0.97058034, 0.00045283957, -0.24077705), (-0.96993107, -0.006190965, -0.24330117), (-0.96857816, -0.005278171, 0.24865344), (-0.96993107, -0.006190965, 0.24330117), (-0.96993107, -0.006190965, -0.24330117), (-0.96857816, -0.005278171, -0.24865344), (-0.96717197, -0.006063486, 0.2540504), (-0.96857816, -0.005278171, 0.24865344), (-0.96857816, -0.005278171, -0.24865344), (-0.96717197, -0.006063486, -0.2540504), (-0.96203715, -0.029778665, 0.2712892), (-0.96717197, -0.006063486, 0.2540504), (-0.96717197, -0.006063486, -0.2540504), (-0.96203715, -0.029778665, -0.2712892), (-0.9545416, -0.020699684, 0.29735783), (-0.96203715, -0.029778665, 0.2712892), (-0.96203715, -0.029778665, -0.2712892), (-0.9545416, -0.020699924, -0.29735783), (-0.94660985, -0.024393065, 0.32145727), (-0.9545416, -0.020699684, 0.29735783), (-0.9545416, -0.020699924, -0.29735783), (-0.9466098, -0.024393298, -0.3214574), (-0.9047995, -0.1435101, 0.4009273), (-0.94660985, -0.024393065, 0.32145727), (-0.9466098, -0.024393298, -0.3214574), (-0.90479946, -0.1435101, -0.4009274), (-0.66104, -0.655611, 0.36496633), (-0.9047995, -0.1435101, 0.4009273), (-0.90479946, -0.1435101, -0.4009274), (-0.66104, -0.655611, -0.36496633)] (
                    interpolation = "faceVarying"
                )
                point3f[] points = [(-0.12, -0.0925, 0.0006), (-0.114, -0.0925, 0.0006), (-0.108, -0.0925, 0.0006), (-0.102, -0.0925, 0.0006), (-0.096, -0.0925, 0.0006), (-0.09, -0.0925, 0.0006), (-0.084, -0.0925, 0.0006), (-0.078, -0.0925, 0.0006), (-0.072, -0.0925, 0.0006), (-0.066, -0.0925, 0.0006), (-0.06, -0.0925, 0.0006), (-0.054, -0.0925, 0.0006), (-0.048, -0.0925, 0.0006), (-0.042, -0.0925, 0.0006), (-0.036, -0.0925, 0.0006), (-0.03, -0.0925, 0.0006), (-0.024, -0.0925, 0.0006), (-0.018, -0.0925, 0.0006), (-0.012, -0.0925, 0.0006), (-0.006, -0.0925, 0.0006), (0, -0.0925, 0.0006), (0.006, -0.0925, 0.0006), (0.012, -0.0925, 0.0006), (0.018, -0.0925, 0.0006), (0.024, -0.0925, 0.0006), (0.03, -0.0925, 0.0006), (0.036, -0.0925, 0.0006), (0.042, -0.0925, 0.0006), (0.048, -0.0925, 0.0006), (0.054, -0.0925, 0.0006), (0.06, -0.0925, 0.0006), (0.066, -0.0925, 0.0006), (0.072, -0.0925, 0.0006), (0.078, -0.0925, 0.0006), (0.084, -0.0925, 0.0006), (0.09, -0.0925, 0.0006), (0.096, -0.0925, 0.0006), (0.102, -0.0925, 0.0006), (0.108, -0.0925, 0.0006), (0.114, -0.0925, 0.0006), (0.12, -0.0925, 0.0006), (-0.12, -0.086333334, 0.0006), (-0.11391289, -0.086333334, 0.007252688), (-0.107826315, -0.086333334, 0.008594689), (-0.101740815, -0.086333334, 0.010349466), (-0.09565691, -0.086333334, 0.010721702), (-0.08957512, -0.086333334, 0.010191564), (-0.08349595, -0.086333334, 0.010929267), (-0.077419885, -0.086333334, 0.012315019), (-0.0713474, -0.086333334, 0.012216439), (-0.06527894, -0.086333334, 0.011469147), (-0.059214924, -0.086333334, 0.012158502), (-0.053155746, -0.086333334, 0.013313062), (-0.047101777, -0.086333334, 0.012981806), (-0.041053344, -0.086333334, 0.012251607), (-0.035010748, -0.086333334, 0.012905406), (-0.028974248, -0.086333334, 0.013793144), (-0.022944074, -0.086333334, 0.013343873), (-0.016920412, -0.086333334, 0.012732075), (-0.010903404, -0.086333334, 0.013295574), (-0.004893157, -0.086333334, 0.013884662), (0.0011102653, -0.086333334, 0.013412047), (0.0071068425, -0.086333334, 0.0129586), (0.013096596, -0.086333334, 0.013357314), (0.019079588, -0.086333334, 0.013640286), (0.025055924, -0.086333334, 0.013223265), (0.03102575, -0.086333334, 0.012920083), (0.036989253, -0.086333334, 0.013079232), (0.042946655, -0.086333334, 0.013073286), (0.048898224, -0.086333334, 0.01276302), (0.054844253, -0.086333334, 0.0125574665), (0.060785078, -0.086333334, 0.012411617), (0.06672106, -0.086333334, 0.012145848), (0.0726526, -0.086333334, 0.011941769), (0.07858011, -0.086333334, 0.011727961), (0.08450405, -0.086333334, 0.011210685), (0.09042488, -0.086333334, 0.010680062), (0.09634309, -0.086333334, 0.01045084), (0.10225919, -0.086333334, 0.009968168), (0.10817368, -0.086333334, 0.0088319), (0.11408711, -0.086333334, 0.007507951), (0.12, -0.086333334, 0.000602951), (-0.12, -0.08016667, 0.0006), (-0.113882855, -0.08016667, 0.00894267), (-0.10776643, -0.08016667, 0.010209289), (-0.10165144, -0.08016667, 0.011334438), (-0.0955386, -0.08016667, 0.012310832), (-0.08942861, -0.08016667, 0.012572331), (-0.083322145, -0.08016667, 0.012711549), (-0.07721985, -0.08016667, 0.013581287), (-0.07112237, -0.08016667, 0.014341115), (-0.0650303, -0.08016667, 0.014037747), (-0.05894421, -0.08016667, 0.013856213), (-0.05286463, -0.08016667, 0.014854693), (-0.046792045, -0.08016667, 0.015528918), (-0.04072691, -0.08016667, 0.014785444), (-0.034669627, -0.08016667, 0.014459096), (-0.028620545, -0.08016667, 0.015641809), (-0.022579966, -0.08016667, 0.016193097), (-0.016548144, -0.08016667, 0.015077057), (-0.01052527, -0.08016667, 0.014718322), (-0.004511491, -0.08016667, 0.01605589), (0.001493112, -0.08016667, 0.016420431), (0.007488509, -0.08016667, 0.015011668), (0.013474729, -0.08016667, 0.01469918), (0.019451857, -0.08016667, 0.016111473), (0.025420034, -0.08016667, 0.016231505), (0.031379454, -0.08016667, 0.014626975), (0.037330374, -0.08016667, 0.014401231), (0.043273088, -0.08016667, 0.015770948), (0.049207952, -0.08016667, 0.015606398), (0.055135373, -0.08016667, 0.013908326), (0.06105579, -0.08016667, 0.013759182), (0.0669697, -0.08016667, 0.014934867), (0.07287763, -0.08016667, 0.014457105), (0.07878015, -0.08016667, 0.012744463), (0.08467786, -0.08016667, 0.012578267), (0.09057139, -0.08016667, 0.013335286), (0.0964614, -0.08016667, 0.012457459), (0.10234856, -0.08016667, 0.010666425), (0.10823357, -0.08016667, 0.010059418), (0.114117146, -0.08016667, 0.009459889), (0.12, -0.08016667, 0.00060353434), (-0.12, -0.074, 0.0006), (-0.11392957, -0.074, 0.009046311), (-0.10785957, -0.074, 0.011321751), (-0.101790436, -0.074, 0.013179802), (-0.09572259, -0.074, 0.013063992), (-0.089656465, -0.074, 0.012875985), (-0.08359245, -0.074, 0.014401744), (-0.07753095, -0.074, 0.01561823), (-0.07147234, -0.074, 0.014956285), (-0.065416984, -0.074, 0.014606572), (-0.059365224, -0.074, 0.015962932), (-0.053317375, -0.074, 0.0168084), (-0.04727374, -0.074, 0.015988812), (-0.04123458, -0.074, 0.015694048), (-0.035200138, -0.074, 0.016841656), (-0.029170625, -0.074, 0.017352847), (-0.023146229, -0.074, 0.016557505), (-0.017127095, -0.074, 0.016366232), (-0.011113344, -0.074, 0.017218558), (-0.005105059, -0.074, 0.017433515), (0.00089770823, -0.074, 0.016783249), (0.006894941, -0.074, 0.01667266), (0.0128866555, -0.074, 0.017150322), (0.018872904, -0.074, 0.017126257), (0.024853772, -0.074, 0.016692163), (0.030829374, -0.074, 0.016594823), (0.036799863, -0.074, 0.016644213), (0.042765424, -0.074, 0.016448198), (0.04872626, -0.074, 0.01624355), (0.054682624, -0.074, 0.016061125), (0.060634777, -0.074, 0.015658313), (0.066583015, -0.074, 0.0153422505), (0.07252766, -0.074, 0.015301182), (0.07846905, -0.074, 0.014901538), (0.08440755, -0.074, 0.014029019), (0.090343535, -0.074, 0.013561649), (0.09627741, -0.074, 0.013447325), (0.10220957, -0.074, 0.012547454), (0.10814043, -0.074, 0.01095728), (0.11407043, -0.074, 0.009563478), (0.12, -0.074, 0.0006039987), (-0.12, -0.067833334, 0.0006), (-0.11402243, -0.067833334, 0.010504426), (-0.108044714, -0.067833334, 0.0118103735), (-0.10206673, -0.067833334, 0.012847326), (-0.096088335, -0.067833334, 0.01425164), (-0.09010939, -0.067833334, 0.014952809), (-0.08412977, -0.067833334, 0.01475634), (-0.078149356, -0.067833334, 0.015262664), (-0.07216802, -0.067833334, 0.016609855), (-0.066185646, -0.067833334, 0.016865196), (-0.06020213, -0.067833334, 0.016084297), (-0.054217365, -0.067833334, 0.016554518), (-0.04823126, -0.067833334, 0.018023197), (-0.04224373, -0.067833334, 0.01791824), (-0.036254697, -0.067833334, 0.016741566), (-0.030264093, -0.067833334, 0.017311076), (-0.02427186, -0.067833334, 0.018861517), (-0.018277954, -0.067833334, 0.018397067), (-0.012282332, -0.067833334, 0.016966552), (-0.006284971, -0.067833334, 0.017683191), (-0.00028585194, -0.067833334, 0.019214822), (0.0057150293, -0.067833334, 0.018401029), (0.011717668, -0.067833334, 0.016849969), (0.017722046, -0.067833334, 0.017701056), (0.023728138, -0.067833334, 0.019090045), (0.029735908, -0.067833334, 0.017964311), (0.035745304, -0.067833334, 0.016410256), (0.041756272, -0.067833334, 0.017326986), (0.04776874, -0.067833334, 0.0184438), (0.05378264, -0.067833334, 0.017067153), (0.05979787, -0.067833334, 0.015591973), (0.06581435, -0.067833334, 0.016444463), (0.07183198, -0.067833334, 0.017152388), (0.07785064, -0.067833334, 0.015582331), (0.083870225, -0.067833334, 0.014189298), (0.08989061, -0.067833334, 0.0147384), (0.09591167, -0.067833334, 0.014811616), (0.10193327, -0.067833334, 0.01295856), (0.107955284, -0.067833334, 0.01130335), (0.113977574, -0.067833334, 0.01048417), (0.12, -0.067833334, 0.0006044429), (-0.12, -0.061666667, 0.0006), (-0.1141006, -0.061666667, 0.011450503), (-0.10820057, -0.061666667, 0.0121435085), (-0.10229931, -0.061666667, 0.012980527), (-0.0963962, -0.061666667, 0.015095964), (-0.09049065, -0.061666667, 0.016038112), (-0.084582075, -0.061666667, 0.015333351), (-0.07866991, -0.061666667, 0.015687019), (-0.072753616, -0.061666667, 0.017402126), (-0.06683268, -0.061666667, 0.017838828), (-0.0609066, -0.061666667, 0.016944576), (-0.05497494, -0.061666667, 0.017251208), (-0.049037263, -0.061666667, 0.018623063), (-0.043093193, -0.061666667, 0.018745001), (-0.037142385, -0.061666667, 0.017928146), (-0.031184532, -0.061666667, 0.018219532), (-0.025219377, -0.061666667, 0.019184418), (-0.019246703, -0.061666667, 0.01910377), (-0.013266344, -0.061666667, 0.018494658), (-0.0072781765, -0.061666667, 0.018715514), (-0.0012821289, -0.061666667, 0.01922259), (0.0047218236, -0.061666667, 0.019043284), (0.010733657, -0.061666667, 0.018694935), (0.016753297, -0.061666667, 0.018756486), (0.022780623, -0.061666667, 0.018790647), (0.028815467, -0.061666667, 0.018604562), (0.034857616, -0.061666667, 0.01850195), (0.040906806, -0.061666667, 0.018306565), (0.046962734, -0.061666667, 0.01788921), (0.053025063, -0.061666667, 0.017754797), (0.059093397, -0.061666667, 0.017812077), (0.06516732, -0.061666667, 0.017263783), (0.071246386, -0.061666667, 0.016433978), (0.07733009, -0.061666667, 0.016332403), (0.08341792, -0.061666667, 0.016361425), (0.08950935, -0.061666667, 0.0153343445), (0.0956038, -0.061666667, 0.014060545), (0.10170069, -0.061666667, 0.013711255), (0.10779943, -0.061666667, 0.013103998), (0.1138994, -0.061666667, 0.010786099), (0.12, -0.061666667, 0.00060343463), (-0.12, -0.0555, 0.0006), (-0.114112854, -0.0555, 0.010918574), (-0.10822501, -0.0555, 0.012790002), (-0.10233579, -0.0555, 0.014650365), (-0.09644449, -0.0555, 0.015404592), (-0.090550445, -0.0555, 0.015276485), (-0.08465301, -0.0555, 0.016154287), (-0.07875156, -0.0555, 0.017705366), (-0.07284546, -0.0555, 0.01776032), (-0.06693416, -0.0555, 0.016977934), (-0.061017092, -0.0555, 0.017854145), (-0.055093758, -0.0555, 0.019438444), (-0.04916368, -0.0555, 0.01901011), (-0.043226425, -0.0555, 0.017857818), (-0.03728161, -0.0555, 0.018880919), (-0.031328894, -0.0555, 0.020460524), (-0.025367986, -0.0555, 0.019600146), (-0.019398645, -0.0555, 0.018252544), (-0.013420678, -0.0555, 0.019446371), (-0.0074339523, -0.0555, 0.020917378), (-0.0014383864, -0.0555, 0.019678922), (0.004566048, -0.0555, 0.018279389), (0.010579322, -0.0555, 0.019597497), (0.016601356, -0.0555, 0.020842563), (0.022632014, -0.0555, 0.019305205), (0.028671104, -0.0555, 0.017965045), (0.034718387, -0.0555, 0.019305302), (0.040773574, -0.0555, 0.020214904), (0.04683632, -0.0555, 0.018477255), (0.05290624, -0.0555, 0.01725974), (0.05898291, -0.0555, 0.018468546), (0.065065846, -0.0555, 0.01894297), (0.071154535, -0.0555, 0.01709658), (0.07724845, -0.0555, 0.015984314), (0.083346985, -0.0555, 0.016830308), (0.089449555, -0.0555, 0.016727164), (0.095555514, -0.0555, 0.014759044), (0.101664215, -0.0555, 0.013497823), (0.10777499, -0.0555, 0.013349365), (0.113887146, -0.0555, 0.0117096715), (0.12, -0.0555, 0.00060384657), (-0.12, -0.049333334, 0.0006), (-0.11405118, -0.049333334, 0.012081223), (-0.10810203, -0.049333334, 0.012850995), (-0.102152266, -0.049333334, 0.013999142), (-0.096201554, -0.049333334, 0.016181838), (-0.090249605, -0.049333334, 0.016924623), (-0.084296115, -0.049333334, 0.016295267), (-0.0783408, -0.049333334, 0.01693014), (-0.07238338, -0.049333334, 0.018598635), (-0.0664236, -0.049333334, 0.018830305), (-0.06046121, -0.049333334, 0.01807586), (-0.054495975, -0.049333334, 0.01860722), (-0.04852768, -0.049333334, 0.019842451), (-0.042556133, -0.049333334, 0.019809373), (-0.03658116, -0.049333334, 0.01918991), (-0.030602599, -0.049333334, 0.019618861), (-0.024620324, -0.049333334, 0.020382872), (-0.018634226, -0.049333334, 0.020229392), (-0.012644218, -0.049333334, 0.0198504), (-0.006650238, -0.049333334, 0.020101737), (-0.00065224833, -0.049333334, 0.020376425), (0.0053497623, -0.049333334, 0.020221444), (0.011355782, -0.049333334, 0.020102445), (0.017365774, -0.049333334, 0.020081755), (0.023379674, -0.049333334, 0.019887535), (0.029397402, -0.049333334, 0.019820707), (0.035418842, -0.049333334, 0.01991117), (0.041443866, -0.049333334, 0.01953036), (0.04747232, -0.049333334, 0.018921018), (0.053504027, -0.049333334, 0.018981336), (0.05953879, -0.049333334, 0.019163528), (0.0655764, -0.049333334, 0.01835005), (0.07161662, -0.049333334, 0.017387005), (0.077659205, -0.049333334, 0.017518291), (0.08370388, -0.049333334, 0.017578974), (0.089750394, -0.049333334, 0.016240032), (0.09579845, -0.049333334, 0.014892542), (0.10184774, -0.049333334, 0.014745851), (0.10789797, -0.049333334, 0.014042983), (0.11394882, -0.049333334, 0.011376224), (0.12, -0.049333334, 0.00060362124), (-0.12, -0.043166667, 0.0006), (-0.11395597, -0.043166667, 0.011824704), (-0.107912205, -0.043166667, 0.013156541), (-0.10186899, -0.043166667, 0.014947418), (-0.09582657, -0.043166667, 0.016648093), (-0.089785226, -0.043166667, 0.016682556), (-0.08374521, -0.043166667, 0.016480852), (-0.07770676, -0.043166667, 0.017971387), (-0.07167012, -0.043166667, 0.019360565), (-0.06563551, -0.043166667, 0.018636696), (-0.05960315, -0.043166667, 0.018048165), (-0.05357324, -0.043166667, 0.01968305), (-0.04754596, -0.043166667, 0.020902308), (-0.041521475, -0.043166667, 0.019641371), (-0.03549994, -0.043166667, 0.018919516), (-0.029481495, -0.043166667, 0.020727187), (-0.023466242, -0.043166667, 0.021720195), (-0.01745428, -0.043166667, 0.020052224), (-0.0114456825, -0.043166667, 0.019345148), (-0.0054405034, -0.043166667, 0.021253124), (0.00056122686, -0.043166667, 0.021944093), (0.0065594967, -0.043166667, 0.020002324), (0.012554317, -0.043166667, 0.019400032), (0.01854572, -0.043166667, 0.021282228), (0.024533758, -0.043166667, 0.0216133), (0.030518506, -0.043166667, 0.019538222), (0.036500055, -0.043166667, 0.019072771), (0.042478524, -0.043166667, 0.020770123), (0.048454043, -0.043166667, 0.020710908), (0.05442676, -0.043166667, 0.018632192), (0.060396846, -0.043166667, 0.018267224), (0.06636449, -0.043166667, 0.01959375), (0.07232988, -0.043166667, 0.019126287), (0.07829324, -0.043166667, 0.017122315), (0.084254794, -0.043166667, 0.01671625), (0.090214774, -0.043166667, 0.017410472), (0.09617343, -0.043166667, 0.016427418), (0.10213102, -0.043166667, 0.014355962), (0.10808779, -0.043166667, 0.013342909), (0.11404403, -0.043166667, 0.012243142), (0.12, -0.043166667, 0.00060467474), (-0.12, -0.037, 0.0006), (-0.113889605, -0.037, 0.012339761), (-0.1077799, -0.037, 0.014641585), (-0.10167154, -0.037, 0.0148259485), (-0.095565215, -0.037, 0.015544362), (-0.089461565, -0.037, 0.017487036), (-0.08336124, -0.037, 0.018315632), (-0.077264845, -0.037, 0.017757045), (-0.07117298, -0.037, 0.018156597), (-0.06508622, -0.037, 0.019607237), (-0.0590051, -0.037, 0.019981774), (-0.05293011, -0.037, 0.019400349), (-0.046861712, -0.037, 0.019728703), (-0.040800337, -0.037, 0.020705251), (-0.034746353, -0.037, 0.02081358), (-0.028700102, -0.037, 0.020423764), (-0.022661863, -0.037, 0.020667339), (-0.016631875, -0.037, 0.021130206), (-0.0106103225, -0.037, 0.021103356), (-0.0045973375, -0.037, 0.020991586), (0.001407, -0.037, 0.021071423), (0.0074026627, -0.037, 0.021009326), (0.013389678, -0.037, 0.020960128), (0.019368125, -0.037, 0.021129325), (0.025338136, -0.037, 0.020948753), (0.0312999, -0.037, 0.020391876), (0.037253644, -0.037, 0.020403974), (0.043199666, -0.037, 0.020783905), (0.049138285, -0.037, 0.020251693), (0.05506989, -0.037, 0.01926381), (0.0609949, -0.037, 0.019364892), (0.066913776, -0.037, 0.019808838), (0.07282701, -0.037, 0.01884313), (0.07873516, -0.037, 0.017488457), (0.08463877, -0.037, 0.017589122), (0.090538435, -0.037, 0.017817155), (0.09643479, -0.037, 0.016272979), (0.10232846, -0.037, 0.014452273), (0.1082201, -0.037, 0.013969146), (0.114110395, -0.037, 0.012701963), (0.12, -0.037, 0.0006044319), (-0.12, -0.030833334, 0.0006), (-0.11389557, -0.030833334, 0.0127001405), (-0.1077918, -0.030833334, 0.014378705), (-0.1016893, -0.030833334, 0.0147521505), (-0.095588714, -0.030833334, 0.016266998), (-0.089490674, -0.030833334, 0.01817812), (-0.083395764, -0.030833334, 0.018135512), (-0.07730459, -0.030833334, 0.017469846), (-0.07121769, -0.030833334, 0.018857963), (-0.06513562, -0.030833334, 0.020604331), (-0.059058882, -0.030833334, 0.019899), (-0.052987944, -0.030833334, 0.01885845), (-0.046923246, -0.030833334, 0.020388527), (-0.040865187, -0.030833334, 0.022001956), (-0.034814123, -0.030833334, 0.020798182), (-0.02877037, -0.030833334, 0.019621257), (-0.0227342, -0.030833334, 0.021304054), (-0.016705833, -0.030833334, 0.022697445), (-0.010685445, -0.030833334, 0.021112185), (-0.0046731615, -0.030833334, 0.019954566), (0.0013309412, -0.030833334, 0.021713281), (0.007326838, -0.030833334, 0.022790598), (0.013314555, -0.030833334, 0.020950893), (0.019294167, -0.030833334, 0.019912846), (0.0252658, -0.030833334, 0.02161882), (0.03122963, -0.030833334, 0.022304483), (0.037185878, -0.030833334, 0.020345315), (0.043134812, -0.030833334, 0.019467132), (0.049076755, -0.030833334, 0.020957075), (0.055012055, -0.030833334, 0.021201972), (0.06094112, -0.030833334, 0.019243559), (0.06686438, -0.030833334, 0.01848999), (0.07278231, -0.030833334, 0.019565875), (0.07869542, -0.030833334, 0.019322427), (0.08460423, -0.030833334, 0.017414732), (0.09050933, -0.030833334, 0.016615715), (0.09641128, -0.030833334, 0.016955001), (0.1023107, -0.030833334, 0.015994383), (0.1082082, -0.030833334, 0.013782895), (0.11410443, -0.030833334, 0.011846603), (0.12, -0.030833334, 0.0006048925), (-0.12, -0.024666667, 0.0006), (-0.11396996, -0.024666667, 0.011901831), (-0.10794011, -0.024666667, 0.014902799), (-0.10191062, -0.024666667, 0.016113358), (-0.095881686, -0.024666667, 0.016074127), (-0.08985348, -0.024666667, 0.017084092), (-0.08382618, -0.024666667, 0.018746909), (-0.077799946, -0.024666667, 0.019069487), (-0.071774945, -0.024666667, 0.018695457), (-0.06575134, -0.024666667, 0.019409703), (-0.059729263, -0.024666667, 0.020508097), (-0.053708855, -0.024666667, 0.020554958), (-0.047690243, -0.024666667, 0.02029027), (-0.041673537, -0.024666667, 0.020784864), (-0.035658848, -0.024666667, 0.02135393), (-0.029646263, -0.024666667, 0.021333668), (-0.023635857, -0.024666667, 0.021299383), (-0.017627697, -0.024666667, 0.021510843), (-0.011621832, -0.024666667, 0.021572972), (-0.005618298, -0.024666667, 0.021624867), (0.0003828823, -0.024666667, 0.021827653), (0.006381702, -0.024666667, 0.021672212), (0.012378168, -0.024666667, 0.021282377), (0.018372303, -0.024666667, 0.021497836), (0.024364144, -0.024666667, 0.02187034), (0.030353738, -0.024666667, 0.021279931), (0.03634115, -0.024666667, 0.02052291), (0.04232646, -0.024666667, 0.020933872), (0.04830976, -0.024666667, 0.021351289), (0.054291148, -0.024666667, 0.020288), (0.060270738, -0.024666667, 0.019256657), (0.06624866, -0.024666667, 0.019809298), (0.07222505, -0.024666667, 0.020088108), (0.07820006, -0.024666667, 0.018533232), (0.08417383, -0.024666667, 0.017273273), (0.09014652, -0.024666667, 0.017746078), (0.096118316, -0.024666667, 0.017551893), (0.10208938, -0.024666667, 0.015361907), (0.1080599, -0.024666667, 0.013539128), (0.11403004, -0.024666667, 0.012631626), (0.12, -0.024666667, 0.000605399), (-0.12, -0.0185, 0.0006), (-0.11406402, -0.0185, 0.013037712), (-0.10812765, -0.0185, 0.01471345), (-0.1021905, -0.0185, 0.01497581), (-0.096252166, -0.0185, 0.01657592), (-0.09031228, -0.0185, 0.01864422), (-0.08437047, -0.0185, 0.018544992), (-0.078426376, -0.0185, 0.01776055), (-0.07247965, -0.0185, 0.019232737), (-0.06652997, -0.0185, 0.021106128), (-0.06057702, -0.0185, 0.020337848), (-0.054620516, -0.0185, 0.019203063), (-0.048660185, -0.0185, 0.020803818), (-0.042695783, -0.0185, 0.022505714), (-0.03672709, -0.0185, 0.02125218), (-0.030753914, -0.0185, 0.02001431), (-0.024776092, -0.0185, 0.02174037), (-0.018793484, -0.0185, 0.023182487), (-0.012805985, -0.0185, 0.02157559), (-0.006813516, -0.0185, 0.020389494), (-0.00081603165, -0.0185, 0.022152208), (0.0051864837, -0.0185, 0.023243528), (0.011194015, -0.0185, 0.021420656), (0.017206516, -0.0185, 0.020379355), (0.023223909, -0.0185, 0.022042634), (0.029246084, -0.0185, 0.022717094), (0.03527291, -0.0185, 0.020817544), (0.04130422, -0.0185, 0.019949896), (0.047339816, -0.0185, 0.021349022), (0.053379484, -0.0185, 0.021569308), (0.059422977, -0.0185, 0.019710043), (0.06547003, -0.0185, 0.018967217), (0.07152035, -0.0185, 0.019909745), (0.07757363, -0.0185, 0.01963943), (0.083629526, -0.0185, 0.017857103), (0.08968772, -0.0185, 0.017054258), (0.095747836, -0.0185, 0.017230704), (0.1018095, -0.0185, 0.016245723), (0.107872345, -0.0185, 0.0141485585), (0.11393598, -0.0185, 0.012159686), (0.12, -0.0185, 0.0006049166), (-0.12, -0.0123333335, 0.0006), (-0.11411614, -0.0123333335, 0.012967201), (-0.10823157, -0.0123333335, 0.014941694), (-0.10234557, -0.0123333335, 0.015388562), (-0.09645744, -0.0123333335, 0.016580211), (-0.090566486, -0.0123333335, 0.018258382), (-0.08467204, -0.0123333335, 0.018723806), (-0.078773454, -0.0123333335, 0.018568328), (-0.0728701, -0.0123333335, 0.019315856), (-0.06696138, -0.0123333335, 0.02034428), (-0.06104673, -0.0123333335, 0.020495156), (-0.05512563, -0.0123333335, 0.020414691), (-0.049197588, -0.0123333335, 0.020894898), (-0.043262165, -0.0123333335, 0.021368314), (-0.03731896, -0.0123333335, 0.02145544), (-0.03136762, -0.0123333335, 0.02159394), (-0.02540785, -0.0123333335, 0.021760322), (-0.019439401, -0.0123333335, 0.02171991), (-0.013462077, -0.0123333335, 0.02189219), (-0.0074757384, -0.0123333335, 0.02225763), (-0.0014803017, -0.0123333335, 0.022034759), (0.0045242617, -0.0123333335, 0.021547804), (0.010537923, -0.0123333335, 0.021898175), (0.0165606, -0.0123333335, 0.02242086), (0.02259215, -0.0123333335, 0.021749102), (0.02863238, -0.0123333335, 0.02091059), (0.03468104, -0.0123333335, 0.021470442), (0.040737834, -0.0123333335, 0.0220256), (0.04680241, -0.0123333335, 0.020878179), (0.05287437, -0.0123333335, 0.01979158), (0.05895327, -0.0123333335, 0.020511054), (0.06503862, -0.0123333335, 0.020925414), (0.0711299, -0.0123333335, 0.019303586), (0.07722654, -0.0123333335, 0.018036911), (0.08332796, -0.0123333335, 0.018729651), (0.08943351, -0.0123333335, 0.018731609), (0.095542565, -0.0123333335, 0.016583128), (0.10165443, -0.0123333335, 0.0149854245), (0.10776843, -0.0123333335, 0.014929145), (0.11388386, -0.0123333335, 0.013269692), (0.12, -0.0123333335, 0.0006042688), (-0.12, -0.0061666667, 0.0006), (-0.114092164, -0.0061666667, 0.0118405465), (-0.108183764, -0.0061666667, 0.014574274), (-0.10227423, -0.0061666667, 0.016923904), (-0.09636301, -0.0061666667, 0.01697871), (-0.09044954, -0.0061666667, 0.016701428), (-0.08453331, -0.0061666667, 0.01858847), (-0.07861379, -0.0061666667, 0.020327022), (-0.07269048, -0.0061666667, 0.019438071), (-0.06676292, -0.0061666667, 0.018726647), (-0.06083065, -0.0061666667, 0.020681674), (-0.05489326, -0.0061666667, 0.022132916), (-0.048950363, -0.0061666667, 0.020704895), (-0.043001607, -0.0061666667, 0.01990399), (-0.03704668, -0.0061666667, 0.021947438), (-0.031085294, -0.0061666667, 0.023077412), (-0.02511722, -0.0061666667, 0.021304647), (-0.019142257, -0.0061666667, 0.02057369), (-0.013160252, -0.0061666667, 0.022608392), (-0.007171093, -0.0061666667, 0.023363005), (-0.0011747143, -0.0061666667, 0.021414934), (0.004828907, -0.0061666667, 0.020830417), (0.010839748, -0.0061666667, 0.022714285), (0.016857743, -0.0061666667, 0.023064785), (0.02288278, -0.0061666667, 0.021098504), (0.028914705, -0.0061666667, 0.020668225), (0.034953322, -0.0061666667, 0.02224276), (0.04099839, -0.0061666667, 0.022192946), (0.047049638, -0.0061666667, 0.020336483), (0.05310674, -0.0061666667, 0.019999592), (0.059169352, -0.0061666667, 0.021102646), (0.06523708, -0.0061666667, 0.020672379), (0.07130952, -0.0061666667, 0.018988837), (0.077386215, -0.0061666667, 0.018597519), (0.083466694, -0.0061666667, 0.0190385), (0.08955046, -0.0061666667, 0.018187817), (0.09563699, -0.0061666667, 0.016558573), (0.10172577, -0.0061666667, 0.015712287), (0.107816234, -0.0061666667, 0.014926995), (0.11390784, -0.0061666667, 0.01270133), (0.12, -0.0061666667, 0.0006044742), (-0.12, 0, 0.0006), (-0.11400781, 0, 0.012475888), (-0.10801556, 0, 0.01515079), (-0.10202322, 0, 0.016057843), (-0.09603074, 0, 0.016516592), (-0.09003807, 0, 0.01780107), (-0.084045164, 0, 0.018946955), (-0.07805198, 0, 0.019126242), (-0.07205848, 0, 0.019315416), (-0.06606461, 0, 0.020077214), (-0.060070343, 0, 0.020637553), (-0.054075647, 0, 0.020776218), (-0.04808048, 0, 0.02103041), (-0.042084824, 0, 0.02132213), (-0.036088638, 0, 0.02143996), (-0.03009191, 0, 0.021748317), (-0.024094613, 0, 0.022093367), (-0.018096734, 0, 0.02187611), (-0.012098258, 0, 0.02166124), (-0.006099176, 0, 0.022235604), (-0.000099482844, 0, 0.0226045), (0.005900824, 0, 0.021855522), (0.011901742, 0, 0.021422345), (0.017903266, 0, 0.022279592), (0.023905385, 0, 0.022563059), (0.029908089, 0, 0.02129956), (0.03591136, 0, 0.020755542), (0.04191518, 0, 0.021834964), (0.047919516, 0, 0.021905692), (0.053924352, 0, 0.020185182), (0.059929654, 0, 0.019602926), (0.06593539, 0, 0.02075409), (0.071941525, 0, 0.020469995), (0.07794802, 0, 0.018364742), (0.08395483, 0, 0.017721018), (0.08996193, 0, 0.018633064), (0.09596926, 0, 0.017751157), (0.101976775, 0, 0.015192643), (0.10798444, 0, 0.014005717), (0.11399219, 0, 0.013263528), (0.12, 0, 0.0006052742), (-0.12, 0.0061666667, 0.0006), (-0.11391833, 0.0061666667, 0.0118209), (-0.10783716, 0.0061666667, 0.014946314), (-0.101757, 0.0061666667, 0.016909458), (-0.09567834, 0.0061666667, 0.016533507), (-0.08960165, 0.0061666667, 0.016762493), (-0.08352743, 0.0061666667, 0.019081078), (-0.07745612, 0.0061666667, 0.020213027), (-0.071388155, 0.0061666667, 0.01891619), (-0.06532397, 0.0061666667, 0.018896488), (-0.059263952, 0.0061666667, 0.021216897), (-0.053208474, 0.0061666667, 0.021907128), (-0.047157872, 0.0061666667, 0.020171128), (-0.041112464, 0.0061666667, 0.020183265), (-0.035072528, 0.0061666667, 0.02246597), (-0.029038308, 0.0061666667, 0.022749461), (-0.02301002, 0.0061666667, 0.020813923), (-0.016987834, 0.0061666667, 0.020943392), (-0.010971888, 0.0061666667, 0.023060217), (-0.0049622813, 0.0061666667, 0.022960315), (0.0010409273, 0.0061666667, 0.02101133), (0.0070377183, 0.0061666667, 0.021255847), (0.013028111, 0.0061666667, 0.02306237), (0.019012166, 0.0061666667, 0.02262797), (0.024989981, 0.0061666667, 0.02081099), (0.030961692, 0.0061666667, 0.02110439), (0.036927473, 0.0061666667, 0.022467041), (0.042887535, 0.0061666667, 0.021769695), (0.04884213, 0.0061666667, 0.020175617), (0.05479153, 0.0061666667, 0.020397892), (0.060736045, 0.0061666667, 0.021202417), (0.06667603, 0.0061666667, 0.020310394), (0.07261184, 0.0061666667, 0.018945338), (0.07854389, 0.0061666667, 0.018912885), (0.084472574, 0.0061666667, 0.019033074), (0.09039835, 0.0061666667, 0.017928036), (0.096321665, 0.0061666667, 0.01660275), (0.102243, 0.0061666667, 0.015908645), (0.108162835, 0.0061666667, 0.014858717), (0.11408167, 0.0061666667, 0.012578838), (0.12, 0.0061666667, 0.00060456264), (-0.12, 0.0123333335, 0.0006), (-0.11388236, 0.0123333335, 0.012888945), (-0.10776545, 0.0123333335, 0.014678354), (-0.101649985, 0.0123333335, 0.015530272), (-0.09553668, 0.0123333335, 0.01684557), (-0.08942623, 0.0123333335, 0.018058412), (-0.083319314, 0.0123333335, 0.018483663), (-0.077216595, 0.0123333335, 0.018820511), (-0.071118705, 0.0123333335, 0.019513465), (-0.06502625, 0.0123333335, 0.020048084), (-0.0589398, 0.0123333335, 0.020352695), (-0.052859887, 0.0123333335, 0.020744814), (-0.046787, 0.0123333335, 0.020973101), (-0.040721595, 0.0123333335, 0.021015804), (-0.034664072, 0.0123333335, 0.021447446), (-0.028614784, 0.0123333335, 0.021956347), (-0.022574035, 0.0123333335, 0.0216952), (-0.016542079, 0.0123333335, 0.021360528), (-0.010519112, 0.0123333335, 0.022030361), (-0.004505275, 0.0123333335, 0.022601169), (0.0014993474, 0.0123333335, 0.021826481), (0.0074947253, 0.0123333335, 0.021232301), (0.013480888, 0.0123333335, 0.022170898), (0.01945792, 0.0123333335, 0.02269728), (0.025425965, 0.0123333335, 0.0214201), (0.031385217, 0.0123333335, 0.020682687), (0.03733593, 0.0123333335, 0.021845328), (0.043278404, 0.0123333335, 0.022197628), (0.049212996, 0.0123333335, 0.020469727), (0.05514011, 0.0123333335, 0.01968031), (0.061060198, 0.0123333335, 0.020939155), (0.066973746, 0.0123333335, 0.020973923), (0.0728813, 0.0123333335, 0.018871123), (0.07878341, 0.0123333335, 0.01804982), (0.08468069, 0.0123333335, 0.019149803), (0.09057377, 0.0123333335, 0.01866272), (0.09646332, 0.0123333335, 0.016194234), (0.10235002, 0.0123333335, 0.015098816), (0.10823455, 0.0123333335, 0.015260686), (0.11411764, 0.0123333335, 0.013138917), (0.12, 0.0123333335, 0.0006039677), (-0.12, 0.0185, 0.0006), (-0.11392347, 0.0185, 0.012927155), (-0.10784741, 0.0185, 0.015228246), (-0.10177229, 0.0185, 0.0151269855), (-0.09569857, 0.0185, 0.015971432), (-0.08962672, 0.0185, 0.018465115), (-0.083557166, 0.0185, 0.019210778), (-0.07749034, 0.0185, 0.017961362), (-0.07142665, 0.0185, 0.01852141), (-0.06536651, 0.0185, 0.020888336), (-0.059310265, 0.0185, 0.021082688), (-0.053258277, 0.0185, 0.01943387), (-0.047210857, 0.0185, 0.02003606), (-0.041168306, 0.0185, 0.022265248), (-0.035130884, 0.0185, 0.022032902), (-0.029098818, 0.0185, 0.020261679), (-0.02307231, 0.0185, 0.020956282), (-0.01705152, 0.0185, 0.02293037), (-0.011036578, 0.0185, 0.022353752), (-0.005027575, 0.0185, 0.020644806), (0.00097543176, 0.0185, 0.02138893), (0.0069724247, 0.0185, 0.022985999), (0.012963423, 0.0185, 0.022160519), (0.01894848, 0.0185, 0.020638626), (0.02492769, 0.0185, 0.021334184), (0.03090118, 0.0185, 0.022456164), (0.036869116, 0.0185, 0.021487197), (0.042831693, 0.0185, 0.020212637), (0.04878914, 0.0185, 0.020724855), (0.054741725, 0.0185, 0.021304607), (0.060689736, 0.0185, 0.020282725), (0.06663349, 0.0185, 0.019233672), (0.07257334, 0.0185, 0.019393977), (0.07850966, 0.0185, 0.01937233), (0.08444284, 0.0185, 0.018310731), (0.090373285, 0.0185, 0.01731892), (0.09630142, 0.0185, 0.016845396), (0.10222771, 0.0185, 0.015991317), (0.10815259, 0.0185, 0.014453879), (0.11407653, 0.0185, 0.012377825), (0.12, 0.0185, 0.00060465554), (-0.12, 0.024666667, 0.0006), (-0.114014715, 0.024666667, 0.012401739), (-0.10802934, 0.024666667, 0.014067922), (-0.102043785, 0.024666667, 0.015617659), (-0.09605796, 0.024666667, 0.016881462), (-0.090071775, 0.024666667, 0.01750675), (-0.08408515, 0.024666667, 0.018057037), (-0.078098, 0.024666667, 0.018733338), (-0.07211024, 0.024666667, 0.019211868), (-0.06612181, 0.024666667, 0.019664759), (-0.060132626, 0.024666667, 0.020205107), (-0.054142624, 0.024666667, 0.020365017), (-0.048151743, 0.024666667, 0.020351605), (-0.042159922, 0.024666667, 0.020932404), (-0.03616712, 0.024666667, 0.021552116), (-0.030173285, 0.024666667, 0.021201652), (-0.024178382, 0.024666667, 0.020833677), (-0.01818238, 0.024666667, 0.021656284), (-0.012185253, 0.024666667, 0.022304643), (-0.0061869845, 0.024666667, 0.021436863), (-0.00018756285, 0.024666667, 0.020840798), (0.005813015, 0.024666667, 0.02193035), (0.011814746, 0.024666667, 0.022504888), (0.01781762, 0.024666667, 0.021145197), (0.023821617, 0.024666667, 0.020439837), (0.029826714, 0.024666667, 0.021746686), (0.035832882, 0.024666667, 0.02212633), (0.041840076, 0.024666667, 0.020339604), (0.04784826, 0.024666667, 0.019616658), (0.053857375, 0.024666667, 0.021015532), (0.059867375, 0.024666667, 0.021074789), (0.06587819, 0.024666667, 0.018951975), (0.07188975, 0.024666667, 0.018240025), (0.077902, 0.024666667, 0.019505484), (0.083914846, 0.024666667, 0.01909069), (0.089928225, 0.024666667, 0.016689232), (0.09594204, 0.024666667, 0.015838396), (0.10195621, 0.024666667, 0.016446173), (0.10797066, 0.024666667, 0.015037771), (0.113985285, 0.024666667, 0.01166318), (0.12, 0.024666667, 0.00060399063), (-0.12, 0.030833334, 0.0006), (-0.11409632, 0.030833334, 0.013013888), (-0.10819205, 0.030833334, 0.014324743), (-0.10228659, 0.030833334, 0.01441947), (-0.09637937, 0.030833334, 0.016369665), (-0.09046981, 0.030833334, 0.018474482), (-0.084557354, 0.030833334, 0.017989822), (-0.07864146, 0.030833334, 0.017236134), (-0.07272161, 0.030833334, 0.01903727), (-0.06679731, 0.030833334, 0.020758422), (-0.060868096, 0.030833334, 0.019697977), (-0.05493353, 0.030833334, 0.018795138), (-0.048993208, 0.030833334, 0.020597743), (-0.04304676, 0.030833334, 0.021968054), (-0.037093863, 0.030833334, 0.020595144), (-0.03113422, 0.030833334, 0.01975455), (-0.025167584, 0.030833334, 0.021486416), (-0.01919375, 0.030833334, 0.022466542), (-0.013212556, 0.030833334, 0.020964429), (-0.0072238864, 0.030833334, 0.020277608), (-0.0012276709, 0.030833334, 0.02181373), (0.0047761137, 0.030833334, 0.022384252), (0.010787444, 0.030833334, 0.020908609), (0.01680625, 0.030833334, 0.020390663), (0.022832416, 0.030833334, 0.021594496), (0.02886578, 0.030833334, 0.021769587), (0.034906138, 0.030833334, 0.02044177), (0.040953238, 0.030833334, 0.020042628), (0.047006793, 0.030833334, 0.020786354), (0.053066473, 0.030833334, 0.02060397), (0.059131905, 0.030833334, 0.019486822), (0.06520269, 0.030833334, 0.019091198), (0.07127839, 0.030833334, 0.019256212), (0.077358544, 0.030833334, 0.01873832), (0.08344265, 0.030833334, 0.017779274), (0.08953019, 0.030833334, 0.017160973), (0.09562063, 0.030833334, 0.016554825), (0.101713404, 0.030833334, 0.015513846), (0.10780795, 0.030833334, 0.014183048), (0.11390368, 0.030833334, 0.012214497), (0.12, 0.030833334, 0.0006044679), (-0.12, 0.037, 0.0006), (-0.11411482, 0.037, 0.012143771), (-0.10822893, 0.037, 0.013865533), (-0.10234163, 0.037, 0.015167247), (-0.09645223, 0.037, 0.01627479), (-0.090560034, 0.037, 0.017024402), (-0.08466439, 0.037, 0.017713865), (-0.07876465, 0.037, 0.018315114), (-0.07286019, 0.037, 0.018581256), (-0.066950426, 0.037, 0.018984437), (-0.061034806, 0.037, 0.01976564), (-0.05511281, 0.037, 0.020053502), (-0.049183946, 0.037, 0.0197174), (-0.043247785, 0.037, 0.02005824), (-0.037303932, 0.037, 0.021060405), (-0.031352043, 0.037, 0.021027653), (-0.025391813, 0.037, 0.020186815), (-0.019423004, 0.037, 0.020605266), (-0.013445422, 0.037, 0.021806583), (-0.0074589276, 0.037, 0.021404492), (-0.001463439, 0.037, 0.020164873), (0.004541072, 0.037, 0.020737294), (0.010554578, 0.037, 0.022043157), (0.016576996, 0.037, 0.021237265), (0.022608187, 0.037, 0.019722477), (0.02864796, 0.037, 0.020464381), (0.034696065, 0.037, 0.021735067), (0.040752213, 0.037, 0.02052258), (0.046816055, 0.037, 0.018858178), (0.052887194, 0.037, 0.019713342), (0.05896519, 0.037, 0.02077568), (0.065049574, 0.037, 0.019181812), (0.07113981, 0.037, 0.017462052), (0.077235356, 0.037, 0.018270591), (0.083335616, 0.037, 0.01889182), (0.089439966, 0.037, 0.016917259), (0.09554777, 0.037, 0.015101317), (0.10165837, 0.037, 0.0154077485), (0.10777107, 0.037, 0.014939661), (0.11388518, 0.037, 0.0118312435), (0.12, 0.037, 0.0006035764), (-0.12, 0.043166667, 0.0006), (-0.11405809, 0.043166667, 0.01108348), (-0.10811582, 0.043166667, 0.0142685445), (-0.102172844, 0.043166667, 0.01581283), (-0.09622879, 0.043166667, 0.015228662), (-0.090283334, 0.043166667, 0.015813494), (-0.08433613, 0.043166667, 0.018150149), (-0.07838686, 0.043166667, 0.01878204), (-0.07243519, 0.043166667, 0.01748441), (-0.06648085, 0.043166667, 0.017928997), (-0.06052354, 0.043166667, 0.020088483), (-0.054563005, 0.043166667, 0.020254105), (-0.048598994, 0.043166667, 0.018742848), (-0.042631295, 0.043166667, 0.01923143), (-0.0366597, 0.043166667, 0.02115076), (-0.030684039, 0.043166667, 0.02096037), (-0.02470416, 0.043166667, 0.019465974), (-0.018719941, 0.043166667, 0.020002732), (-0.012731282, 0.043166667, 0.021573381), (-0.0067381156, 0.043166667, 0.021120556), (-0.0007403977, 0.043166667, 0.019789508), (0.0052618845, 0.043166667, 0.020307098), (0.011268718, 0.043166667, 0.02143611), (0.017280059, 0.043166667, 0.020822778), (0.02329584, 0.043166667, 0.01973632), (0.029315962, 0.043166667, 0.02012793), (0.0353403, 0.043166667, 0.020755708), (0.041368708, 0.043166667, 0.02008046), (0.047401007, 0.043166667, 0.01925011), (0.053437, 0.043166667, 0.01938679), (0.05947646, 0.043166667, 0.019485677), (0.06551915, 0.043166667, 0.018812692), (0.07156481, 0.043166667, 0.018161628), (0.077613145, 0.043166667, 0.017889092), (0.083663866, 0.043166667, 0.017425133), (0.089716665, 0.043166667, 0.016700275), (0.0957712, 0.043166667, 0.015966062), (0.10182716, 0.043166667, 0.014964257), (0.107884176, 0.043166667, 0.0135764545), (0.11394191, 0.043166667, 0.01180262), (0.12, 0.043166667, 0.0006046086), (-0.12, 0.049333334, 0.0006), (-0.1139633, 0.049333334, 0.011453054), (-0.10792683, 0.049333334, 0.013382765), (-0.10189081, 0.049333334, 0.014610631), (-0.09585546, 0.049333334, 0.0155399805), (-0.089821, 0.049333334, 0.016445389), (-0.08378765, 0.049333334, 0.016995387), (-0.07775561, 0.049333334, 0.017227612), (-0.07172507, 0.049333334, 0.01788434), (-0.06569623, 0.049333334, 0.018740933), (-0.059669264, 0.049333334, 0.018762108), (-0.053644333, 0.049333334, 0.018476933), (-0.047621597, 0.049333334, 0.019224836), (-0.041601192, 0.049333334, 0.02015918), (-0.035583246, 0.049333334, 0.019700874), (-0.02956787, 0.049333334, 0.019059679), (-0.023555158, 0.049333334, 0.020012755), (-0.01754519, 0.049333334, 0.020979129), (-0.011538025, 0.049333334, 0.020050567), (-0.005533708, 0.049333334, 0.01918767), (0.000467734, 0.049333334, 0.020369012), (0.0064662923, 0.049333334, 0.021267544), (0.012461975, 0.049333334, 0.019901648), (0.01845481, 0.049333334, 0.018940538), (0.02444484, 0.049333334, 0.020303784), (0.03043213, 0.049333334, 0.021017006), (0.036416754, 0.049333334, 0.019281141), (0.04239881, 0.049333334, 0.018320559), (0.048378404, 0.049333334, 0.019753672), (0.054355666, 0.049333334, 0.020163046), (0.060330737, 0.049333334, 0.018149443), (0.06630377, 0.049333334, 0.017236598), (0.07227493, 0.049333334, 0.018550416), (0.07824439, 0.049333334, 0.018525904), (0.08421235, 0.049333334, 0.016311279), (0.090179, 0.049333334, 0.015372766), (0.096144535, 0.049333334, 0.016200548), (0.102109194, 0.049333334, 0.015439497), (0.10807317, 0.049333334, 0.012801786), (0.1140367, 0.049333334, 0.010906253), (0.12, 0.049333334, 0.00060487905), (-0.12, 0.0555, 0.0006), (-0.113892555, 0.0555, 0.010745504), (-0.107785776, 0.0555, 0.013806487), (-0.101680316, 0.0555, 0.014724128), (-0.09557683, 0.0555, 0.0141955605), (-0.089475945, 0.0555, 0.015357166), (-0.0833783, 0.0555, 0.017479677), (-0.07728448, 0.0555, 0.017445179), (-0.07119507, 0.0555, 0.016373958), (-0.06511063, 0.0555, 0.017428864), (-0.059031677, 0.0555, 0.019252338), (-0.052958686, 0.0555, 0.018795984), (-0.046892118, 0.0555, 0.017645597), (-0.040832378, 0.0555, 0.018683542), (-0.03477984, 0.0555, 0.020169819), (-0.028734824, 0.0555, 0.019467866), (-0.022697607, 0.0555, 0.01842449), (-0.016668418, 0.0555, 0.019388715), (-0.010647442, 0.0555, 0.020476397), (-0.0046348036, 0.0555, 0.019667137), (0.0013694179, 0.0555, 0.018820722), (0.0073651965, 0.0555, 0.019609466), (0.013352558, 0.0555, 0.020264694), (0.01933158, 0.0555, 0.01947034), (0.025302393, 0.0555, 0.018840509), (0.031265177, 0.0555, 0.019339727), (0.03722016, 0.0555, 0.019564137), (0.04316762, 0.0555, 0.018877953), (0.049107883, 0.0555, 0.01841923), (0.055041313, 0.0555, 0.01851977), (0.060968325, 0.0555, 0.018339364), (0.06688937, 0.0555, 0.0177966), (0.07280492, 0.0555, 0.017390657), (0.07871552, 0.0555, 0.01698398), (0.084621705, 0.0555, 0.016402932), (0.090524055, 0.0555, 0.015902732), (0.09642317, 0.0555, 0.015276467), (0.10231969, 0.0555, 0.014122261), (0.10821422, 0.0555, 0.012807753), (0.114107445, 0.0555, 0.011318452), (0.12, 0.0555, 0.0006044305), (-0.12, 0.061666667, 0.0006), (-0.113892205, 0.061666667, 0.010816798), (-0.107785076, 0.061666667, 0.012644822), (-0.10167927, 0.061666667, 0.013677017), (-0.095575444, 0.061666667, 0.014405758), (-0.08947423, 0.061666667, 0.015389568), (-0.083376266, 0.061666667, 0.01618436), (-0.077282146, 0.061666667, 0.016231982), (-0.07119244, 0.061666667, 0.016418045), (-0.065107726, 0.061666667, 0.017435564), (-0.05902851, 0.061666667, 0.018030573), (-0.052955285, 0.061666667, 0.017485734), (-0.046888497, 0.061666667, 0.017469592), (-0.040828563, 0.061666667, 0.018696953), (-0.034775853, 0.061666667, 0.019112349), (-0.028730689, 0.061666667, 0.018072056), (-0.02269335, 0.061666667, 0.01800724), (-0.016664067, 0.061666667, 0.01944746), (-0.010643022, 0.061666667, 0.019627435), (-0.0046303426, 0.061666667, 0.018182939), (0.0013738927, 0.061666667, 0.01816979), (0.0073696575, 0.061666667, 0.019749865), (0.013356978, 0.061666667, 0.019635376), (0.019335931, 0.061666667, 0.017897666), (0.02530665, 0.061666667, 0.017990446), (0.031269312, 0.061666667, 0.01958777), (0.037224147, 0.061666667, 0.019139733), (0.043171436, 0.061666667, 0.017231949), (0.049111504, 0.061666667, 0.017429238), (0.055044714, 0.061666667, 0.01888373), (0.060971487, 0.061666667, 0.018086623), (0.06689227, 0.061666667, 0.016120771), (0.07280755, 0.061666667, 0.016343677), (0.07871786, 0.061666667, 0.017446749), (0.08462373, 0.061666667, 0.016278844), (0.09052577, 0.061666667, 0.014294374), (0.09642456, 0.061666667, 0.014291585), (0.10232073, 0.061666667, 0.014623672), (0.10821492, 0.061666667, 0.012771988), (0.114107795, 0.061666667, 0.010094388), (0.12, 0.061666667, 0.0006038675), (-0.12, 0.067833334, 0.0006), (-0.11396248, 0.067833334, 0.009776749), (-0.10792519, 0.067833334, 0.011459474), (-0.10188836, 0.067833334, 0.013828512), (-0.09585222, 0.067833334, 0.014517417), (-0.08981699, 0.067833334, 0.0138092935), (-0.08378289, 0.067833334, 0.014625688), (-0.077750124, 0.067833334, 0.016517157), (-0.07171891, 0.067833334, 0.01657738), (-0.065689415, 0.067833334, 0.0155446315), (-0.059661843, 0.067833334, 0.016295454), (-0.053636353, 0.067833334, 0.017898059), (-0.047613107, 0.067833334, 0.017627688), (-0.041592244, 0.067833334, 0.016593475), (-0.035573896, 0.067833334, 0.01731833), (-0.029558176, 0.067833334, 0.01857732), (-0.02354518, 0.067833334, 0.018114582), (-0.017534986, 0.067833334, 0.017226046), (-0.011527661, 0.067833334, 0.017865365), (-0.0055232476, 0.067833334, 0.018726444), (0.00047822666, 0.067833334, 0.018188732), (0.0064767525, 0.067833334, 0.017512837), (0.012472339, 0.067833334, 0.017973466), (0.018465012, 0.067833334, 0.018413099), (0.02445482, 0.067833334, 0.017903097), (0.030441824, 0.067833334, 0.017442476), (0.036426105, 0.067833334, 0.017623903), (0.042407755, 0.067833334, 0.017652217), (0.048386894, 0.067833334, 0.017241655), (0.054363646, 0.067833334, 0.016936757), (0.06033816, 0.067833334, 0.016744321), (0.066310585, 0.067833334, 0.016390376), (0.07228109, 0.067833334, 0.016087009), (0.07824987, 0.067833334, 0.015801383), (0.08421711, 0.067833334, 0.01513253), (0.09018301, 0.067833334, 0.014384485), (0.09614778, 0.067833334, 0.014023968), (0.10211164, 0.067833334, 0.013401749), (0.108074814, 0.067833334, 0.0118981935), (0.11403752, 0.067833334, 0.010040999), (0.12, 0.067833334, 0.0006039794), (-0.12, 0.074, 0.0006), (-0.11405733, 0.074, 0.009620146), (-0.10811432, 0.074, 0.011310535), (-0.102170594, 0.074, 0.012578463), (-0.09622582, 0.074, 0.013110222), (-0.09027965, 0.074, 0.013407374), (-0.08433176, 0.074, 0.014332086), (-0.07838182, 0.074, 0.0151997255), (-0.07242953, 0.074, 0.015032372), (-0.066474594, 0.074, 0.014886913), (-0.060516726, 0.074, 0.015900262), (-0.054555677, 0.074, 0.016680844), (-0.0485912, 0.074, 0.016016934), (-0.042623077, 0.074, 0.015662454), (-0.036651112, 0.074, 0.016869213), (-0.030675136, 0.074, 0.01754286), (-0.024694996, 0.074, 0.016454276), (-0.01871057, 0.074, 0.01602482), (-0.012721765, 0.074, 0.017415259), (-0.006728509, 0.074, 0.017913735), (-0.0007307618, 0.074, 0.01647844), (0.005271491, 0.074, 0.016071046), (0.011278235, 0.074, 0.017573865), (0.01728943, 0.074, 0.017827831), (0.023305004, 0.074, 0.016144032), (0.029324865, 0.074, 0.015817871), (0.035348885, 0.074, 0.017317362), (0.041376922, 0.074, 0.017273676), (0.0474088, 0.074, 0.015450999), (0.053444326, 0.074, 0.015215367), (0.059483275, 0.074, 0.016557973), (0.065525405, 0.074, 0.016179409), (0.07157047, 0.074, 0.014314343), (0.07761818, 0.074, 0.01410203), (0.08366824, 0.074, 0.015073573), (0.089720346, 0.074, 0.014293937), (0.09577418, 0.074, 0.012389158), (0.10182941, 0.074, 0.011915651), (0.10788568, 0.074, 0.011950661), (0.11394267, 0.074, 0.010035667), (0.12, 0.074, 0.000602997), (-0.12, 0.08016667, 0.0006), (-0.11411463, 0.08016667, 0.009238857), (-0.10822855, 0.08016667, 0.009723898), (-0.102341056, 0.08016667, 0.011004092), (-0.09645147, 0.08016667, 0.012778637), (-0.09055909, 0.08016667, 0.012903394), (-0.084663264, 0.08016667, 0.012309164), (-0.07876336, 0.08016667, 0.0132546965), (-0.072858736, 0.08016667, 0.014650685), (-0.06694882, 0.08016667, 0.014363305), (-0.061033063, 0.08016667, 0.01365739), (-0.05511093, 0.08016667, 0.014522477), (-0.049181953, 0.08016667, 0.01560563), (-0.043245684, 0.08016667, 0.015134291), (-0.037301738, 0.08016667, 0.014510374), (-0.031349763, 0.08016667, 0.015265358), (-0.025389468, 0.08016667, 0.016012881), (-0.019420607, 0.08016667, 0.015492093), (-0.013442986, 0.08016667, 0.015023889), (-0.0074564693, 0.08016667, 0.0155921485), (-0.0014609729, 0.08016667, 0.015997274), (0.0045435308, 0.08016667, 0.015532609), (0.010557014, 0.08016667, 0.0152283935), (0.016579393, 0.08016667, 0.015527164), (0.022610532, 0.08016667, 0.015611094), (0.028650237, 0.08016667, 0.015277856), (0.034698263, 0.08016667, 0.01509512), (0.040754315, 0.08016667, 0.015053853), (0.046818048, 0.08016667, 0.014859135), (0.052889068, 0.08016667, 0.014687095), (0.058966935, 0.08016667, 0.014537717), (0.065051176, 0.08016667, 0.014103894), (0.071141265, 0.08016667, 0.013671223), (0.077236645, 0.08016667, 0.013612017), (0.08333673, 0.08016667, 0.013345317), (0.08944091, 0.08016667, 0.012455535), (0.09554853, 0.08016667, 0.011739903), (0.10165894, 0.08016667, 0.011517435), (0.107771456, 0.08016667, 0.01068207), (0.11388537, 0.08016667, 0.008737015), (0.12, 0.08016667, 0.00060295366), (-0.12, 0.086333334, 0.0006), (-0.11409682, 0.086333334, 0.007561309), (-0.10819304, 0.086333334, 0.008902653), (-0.10228807, 0.086333334, 0.010021651), (-0.09638132, 0.086333334, 0.010409414), (-0.09047223, 0.086333334, 0.0104842875), (-0.08456022, 0.086333334, 0.011228817), (-0.07864476, 0.086333334, 0.012083657), (-0.07272532, 0.086333334, 0.0119332215), (-0.066801414, 0.086333334, 0.0116216345), (-0.060872562, 0.086333334, 0.012427604), (-0.054938335, 0.086333334, 0.013251674), (-0.04899832, 0.086333334, 0.0127213), (-0.043052148, 0.086333334, 0.012213915), (-0.03709949, 0.086333334, 0.013164819), (-0.03114006, 0.086333334, 0.013934048), (-0.025173595, 0.086333334, 0.013076997), (-0.019199895, 0.086333334, 0.012487477), (-0.013218798, 0.086333334, 0.013578758), (-0.0072301864, 0.086333334, 0.014229951), (-0.0012339904, 0.086333334, 0.013104103), (0.0047698137, 0.086333334, 0.012518919), (0.0107812015, 0.086333334, 0.013697466), (0.016800106, 0.086333334, 0.014164989), (0.022826405, 0.086333334, 0.012845048), (0.028859941, 0.086333334, 0.01232253), (0.034900505, 0.086333334, 0.013499246), (0.04094785, 0.086333334, 0.013729001), (0.047001682, 0.086333334, 0.012300129), (0.053061668, 0.086333334, 0.011860533), (0.05912744, 0.086333334, 0.012915242), (0.065198585, 0.086333334, 0.012864934), (0.071274675, 0.086333334, 0.011403496), (0.07735524, 0.086333334, 0.0110081155), (0.08343978, 0.086333334, 0.01177231), (0.08952777, 0.086333334, 0.0113757765), (0.09561867, 0.086333334, 0.009885348), (0.10171193, 0.086333334, 0.009329581), (0.10780696, 0.086333334, 0.00936273), (0.11390318, 0.086333334, 0.0080209635), (0.12, 0.086333334, 0.0006024134), (-0.12, 0.0925, 0.0006), (-0.11401558, 0.0925, 0.00060219166), (-0.10803106, 0.0925, 0.00060268934), (-0.10204635, 0.0925, 0.00060390297), (-0.09606135, 0.0925, 0.0006039773), (-0.09007597, 0.0925, 0.00060319185), (-0.08409013, 0.0925, 0.0006035679), (-0.07810373, 0.0925, 0.00060465175), (-0.07211669, 0.0925, 0.00060447835), (-0.06612893, 0.0925, 0.00060366996), (-0.06014038, 0.0925, 0.0006040832), (-0.05415096, 0.0925, 0.00060498377), (-0.048160613, 0.0925, 0.00060469133), (-0.042169273, 0.0925, 0.0006040167), (-0.03617689, 0.0925, 0.00060442666), (-0.030183416, 0.0925, 0.00060508115), (-0.024188811, 0.0925, 0.0006047604), (-0.018193042, 0.0925, 0.00060429005), (-0.012196084, 0.0925, 0.0006046262), (-0.0061979154, 0.0925, 0.0006050046), (-0.00019852763, 0.0925, 0.0006047405), (0.005802084, 0.0925, 0.0006044935), (0.011803917, 0.0925, 0.0006046809), (0.017806958, 0.0925, 0.0006047889), (0.02381119, 0.0925, 0.0006046533), (0.029816585, 0.0925, 0.00060460635), (0.03582311, 0.0925, 0.0006045816), (0.041830726, 0.0925, 0.0006044565), (0.04783939, 0.0925, 0.0006044952), (0.053849038, 0.0925, 0.0006045887), (0.05985962, 0.0925, 0.0006043118), (0.06587107, 0.0925, 0.0006040123), (0.071883306, 0.0925, 0.0006042277), (0.07789627, 0.0925, 0.00060436846), (0.08390987, 0.0925, 0.00060382806), (0.08992403, 0.0925, 0.0006034121), (0.09593865, 0.0925, 0.0006037227), (0.101953655, 0.0925, 0.00060374785), (0.10796894, 0.0925, 0.0006029173), (0.11398442, 0.0925, 0.0006022792), (0.12, 0.0925, 0.0006000012), (-0.12, -0.0925, -0.0006), (-0.114, -0.0925, -0.0006), (-0.108, -0.0925, -0.0006), (-0.102, -0.0925, -0.0006), (-0.096, -0.0925, -0.0006), (-0.09, -0.0925, -0.0006), (-0.084, -0.0925, -0.0006), (-0.078, -0.0925, -0.0006), (-0.072, -0.0925, -0.0006), (-0.066, -0.0925, -0.0006), (-0.06, -0.0925, -0.0006), (-0.054, -0.0925, -0.0006), (-0.048, -0.0925, -0.0006), (-0.042, -0.0925, -0.0006), (-0.036, -0.0925, -0.0006), (-0.03, -0.0925, -0.0006), (-0.024, -0.0925, -0.0006), (-0.018, -0.0925, -0.0006), (-0.012, -0.0925, -0.0006), (-0.006, -0.0925, -0.0006), (0, -0.0925, -0.0006), (0.006, -0.0925, -0.0006), (0.012, -0.0925, -0.0006), (0.018, -0.0925, -0.0006), (0.024, -0.0925, -0.0006), (0.03, -0.0925, -0.0006), (0.036, -0.0925, -0.0006), (0.042, -0.0925, -0.0006), (0.048, -0.0925, -0.0006), (0.054, -0.0925, -0.0006), (0.06, -0.0925, -0.0006), (0.066, -0.0925, -0.0006), (0.072, -0.0925, -0.0006), (0.078, -0.0925, -0.0006), (0.084, -0.0925, -0.0006), (0.09, -0.0925, -0.0006), (0.096, -0.0925, -0.0006), (0.102, -0.0925, -0.0006), (0.108, -0.0925, -0.0006), (0.114, -0.0925, -0.0006), (0.12, -0.0925, -0.0006), (-0.12, -0.086333334, -0.0006), (-0.11391289, -0.086333334, -0.007252688), (-0.107826315, -0.086333334, -0.008594689), (-0.101740815, -0.086333334, -0.010349466), (-0.09565691, -0.086333334, -0.010721702), (-0.08957512, -0.086333334, -0.010191564), (-0.08349595, -0.086333334, -0.010929267), (-0.077419885, -0.086333334, -0.012315019), (-0.0713474, -0.086333334, -0.012216439), (-0.06527894, -0.086333334, -0.011469147), (-0.059214924, -0.086333334, -0.012158502), (-0.053155746, -0.086333334, -0.013313062), (-0.047101777, -0.086333334, -0.012981806), (-0.041053344, -0.086333334, -0.012251607), (-0.035010748, -0.086333334, -0.012905406), (-0.028974248, -0.086333334, -0.013793144), (-0.022944074, -0.086333334, -0.013343873), (-0.016920412, -0.086333334, -0.012732075), (-0.010903404, -0.086333334, -0.013295574), (-0.004893157, -0.086333334, -0.013884662), (0.0011102653, -0.086333334, -0.013412047), (0.0071068425, -0.086333334, -0.0129586), (0.013096596, -0.086333334, -0.013357314), (0.019079588, -0.086333334, -0.013640286), (0.025055924, -0.086333334, -0.013223265), (0.03102575, -0.086333334, -0.012920083), (0.036989253, -0.086333334, -0.013079232), (0.042946655, -0.086333334, -0.013073286), (0.048898224, -0.086333334, -0.01276302), (0.054844253, -0.086333334, -0.0125574665), (0.060785078, -0.086333334, -0.012411617), (0.06672106, -0.086333334, -0.012145848), (0.0726526, -0.086333334, -0.011941769), (0.07858011, -0.086333334, -0.011727961), (0.08450405, -0.086333334, -0.011210685), (0.09042488, -0.086333334, -0.010680062), (0.09634309, -0.086333334, -0.01045084), (0.10225919, -0.086333334, -0.009968168), (0.10817368, -0.086333334, -0.0088319), (0.11408711, -0.086333334, -0.007507951), (0.12, -0.086333334, -0.000602951), (-0.12, -0.08016667, -0.0006), (-0.113882855, -0.08016667, -0.00894267), (-0.10776643, -0.08016667, -0.010209289), (-0.10165144, -0.08016667, -0.011334438), (-0.0955386, -0.08016667, -0.012310832), (-0.08942861, -0.08016667, -0.012572331), (-0.083322145, -0.08016667, -0.012711549), (-0.07721985, -0.08016667, -0.013581287), (-0.07112237, -0.08016667, -0.014341115), (-0.0650303, -0.08016667, -0.014037747), (-0.05894421, -0.08016667, -0.013856213), (-0.05286463, -0.08016667, -0.014854693), (-0.046792045, -0.08016667, -0.015528918), (-0.04072691, -0.08016667, -0.014785444), (-0.034669627, -0.08016667, -0.014459096), (-0.028620545, -0.08016667, -0.015641809), (-0.022579966, -0.08016667, -0.016193097), (-0.016548144, -0.08016667, -0.015077057), (-0.01052527, -0.08016667, -0.014718322), (-0.004511491, -0.08016667, -0.01605589), (0.001493112, -0.08016667, -0.016420431), (0.007488509, -0.08016667, -0.015011668), (0.013474729, -0.08016667, -0.01469918), (0.019451857, -0.08016667, -0.016111473), (0.025420034, -0.08016667, -0.016231505), (0.031379454, -0.08016667, -0.014626975), (0.037330374, -0.08016667, -0.014401231), (0.043273088, -0.08016667, -0.015770948), (0.049207952, -0.08016667, -0.015606398), (0.055135373, -0.08016667, -0.013908326), (0.06105579, -0.08016667, -0.013759182), (0.0669697, -0.08016667, -0.014934867), (0.07287763, -0.08016667, -0.014457105), (0.07878015, -0.08016667, -0.012744463), (0.08467786, -0.08016667, -0.012578267), (0.09057139, -0.08016667, -0.013335286), (0.0964614, -0.08016667, -0.012457459), (0.10234856, -0.08016667, -0.010666425), (0.10823357, -0.08016667, -0.010059418), (0.114117146, -0.08016667, -0.009459889), (0.12, -0.08016667, -0.00060353434), (-0.12, -0.074, -0.0006), (-0.11392957, -0.074, -0.009046311), (-0.10785957, -0.074, -0.011321751), (-0.101790436, -0.074, -0.013179802), (-0.09572259, -0.074, -0.013063992), (-0.089656465, -0.074, -0.012875985), (-0.08359245, -0.074, -0.014401744), (-0.07753095, -0.074, -0.01561823), (-0.07147234, -0.074, -0.014956285), (-0.065416984, -0.074, -0.014606572), (-0.059365224, -0.074, -0.015962932), (-0.053317375, -0.074, -0.0168084), (-0.04727374, -0.074, -0.015988812), (-0.04123458, -0.074, -0.015694048), (-0.035200138, -0.074, -0.016841656), (-0.029170625, -0.074, -0.017352847), (-0.023146229, -0.074, -0.016557505), (-0.017127095, -0.074, -0.016366232), (-0.011113344, -0.074, -0.017218558), (-0.005105059, -0.074, -0.017433515), (0.00089770823, -0.074, -0.016783249), (0.006894941, -0.074, -0.01667266), (0.0128866555, -0.074, -0.017150322), (0.018872904, -0.074, -0.017126257), (0.024853772, -0.074, -0.016692163), (0.030829374, -0.074, -0.016594823), (0.036799863, -0.074, -0.016644213), (0.042765424, -0.074, -0.016448198), (0.04872626, -0.074, -0.01624355), (0.054682624, -0.074, -0.016061125), (0.060634777, -0.074, -0.015658313), (0.066583015, -0.074, -0.0153422505), (0.07252766, -0.074, -0.015301182), (0.07846905, -0.074, -0.014901538), (0.08440755, -0.074, -0.014029019), (0.090343535, -0.074, -0.013561649), (0.09627741, -0.074, -0.013447325), (0.10220957, -0.074, -0.012547454), (0.10814043, -0.074, -0.01095728), (0.11407043, -0.074, -0.009563478), (0.12, -0.074, -0.0006039987), (-0.12, -0.067833334, -0.0006), (-0.11402243, -0.067833334, -0.010504426), (-0.108044714, -0.067833334, -0.0118103735), (-0.10206673, -0.067833334, -0.012847326), (-0.096088335, -0.067833334, -0.01425164), (-0.09010939, -0.067833334, -0.014952809), (-0.08412977, -0.067833334, -0.01475634), (-0.078149356, -0.067833334, -0.015262664), (-0.07216802, -0.067833334, -0.016609855), (-0.066185646, -0.067833334, -0.016865196), (-0.06020213, -0.067833334, -0.016084297), (-0.054217365, -0.067833334, -0.016554518), (-0.04823126, -0.067833334, -0.018023197), (-0.04224373, -0.067833334, -0.01791824), (-0.036254697, -0.067833334, -0.016741566), (-0.030264093, -0.067833334, -0.017311076), (-0.02427186, -0.067833334, -0.018861517), (-0.018277954, -0.067833334, -0.018397067), (-0.012282332, -0.067833334, -0.016966552), (-0.006284971, -0.067833334, -0.017683191), (-0.00028585194, -0.067833334, -0.019214822), (0.0057150293, -0.067833334, -0.018401029), (0.011717668, -0.067833334, -0.016849969), (0.017722046, -0.067833334, -0.017701056), (0.023728138, -0.067833334, -0.019090045), (0.029735908, -0.067833334, -0.017964311), (0.035745304, -0.067833334, -0.016410256), (0.041756272, -0.067833334, -0.017326986), (0.04776874, -0.067833334, -0.0184438), (0.05378264, -0.067833334, -0.017067153), (0.05979787, -0.067833334, -0.015591973), (0.06581435, -0.067833334, -0.016444463), (0.07183198, -0.067833334, -0.017152388), (0.07785064, -0.067833334, -0.015582331), (0.083870225, -0.067833334, -0.014189298), (0.08989061, -0.067833334, -0.0147384), (0.09591167, -0.067833334, -0.014811616), (0.10193327, -0.067833334, -0.01295856), (0.107955284, -0.067833334, -0.01130335), (0.113977574, -0.067833334, -0.01048417), (0.12, -0.067833334, -0.0006044429), (-0.12, -0.061666667, -0.0006), (-0.1141006, -0.061666667, -0.011450503), (-0.10820057, -0.061666667, -0.0121435085), (-0.10229931, -0.061666667, -0.012980527), (-0.0963962, -0.061666667, -0.015095964), (-0.09049065, -0.061666667, -0.016038112), (-0.084582075, -0.061666667, -0.015333351), (-0.07866991, -0.061666667, -0.015687019), (-0.072753616, -0.061666667, -0.017402126), (-0.06683268, -0.061666667, -0.017838828), (-0.0609066, -0.061666667, -0.016944576), (-0.05497494, -0.061666667, -0.017251208), (-0.049037263, -0.061666667, -0.018623063), (-0.043093193, -0.061666667, -0.018745001), (-0.037142385, -0.061666667, -0.017928146), (-0.031184532, -0.061666667, -0.018219532), (-0.025219377, -0.061666667, -0.019184418), (-0.019246703, -0.061666667, -0.01910377), (-0.013266344, -0.061666667, -0.018494658), (-0.0072781765, -0.061666667, -0.018715514), (-0.0012821289, -0.061666667, -0.01922259), (0.0047218236, -0.061666667, -0.019043284), (0.010733657, -0.061666667, -0.018694935), (0.016753297, -0.061666667, -0.018756486), (0.022780623, -0.061666667, -0.018790647), (0.028815467, -0.061666667, -0.018604562), (0.034857616, -0.061666667, -0.01850195), (0.040906806, -0.061666667, -0.018306565), (0.046962734, -0.061666667, -0.01788921), (0.053025063, -0.061666667, -0.017754797), (0.059093397, -0.061666667, -0.017812077), (0.06516732, -0.061666667, -0.017263783), (0.071246386, -0.061666667, -0.016433978), (0.07733009, -0.061666667, -0.016332403), (0.08341792, -0.061666667, -0.016361425), (0.08950935, -0.061666667, -0.0153343445), (0.0956038, -0.061666667, -0.014060545), (0.10170069, -0.061666667, -0.013711255), (0.10779943, -0.061666667, -0.013103998), (0.1138994, -0.061666667, -0.010786099), (0.12, -0.061666667, -0.00060343463), (-0.12, -0.0555, -0.0006), (-0.114112854, -0.0555, -0.010918574), (-0.10822501, -0.0555, -0.012790002), (-0.10233579, -0.0555, -0.014650365), (-0.09644449, -0.0555, -0.015404592), (-0.090550445, -0.0555, -0.015276485), (-0.08465301, -0.0555, -0.016154287), (-0.07875156, -0.0555, -0.017705366), (-0.07284546, -0.0555, -0.01776032), (-0.06693416, -0.0555, -0.016977934), (-0.061017092, -0.0555, -0.017854145), (-0.055093758, -0.0555, -0.019438444), (-0.04916368, -0.0555, -0.01901011), (-0.043226425, -0.0555, -0.017857818), (-0.03728161, -0.0555, -0.018880919), (-0.031328894, -0.0555, -0.020460524), (-0.025367986, -0.0555, -0.019600146), (-0.019398645, -0.0555, -0.018252544), (-0.013420678, -0.0555, -0.019446371), (-0.0074339523, -0.0555, -0.020917378), (-0.0014383864, -0.0555, -0.019678922), (0.004566048, -0.0555, -0.018279389), (0.010579322, -0.0555, -0.019597497), (0.016601356, -0.0555, -0.020842563), (0.022632014, -0.0555, -0.019305205), (0.028671104, -0.0555, -0.017965045), (0.034718387, -0.0555, -0.019305302), (0.040773574, -0.0555, -0.020214904), (0.04683632, -0.0555, -0.018477255), (0.05290624, -0.0555, -0.01725974), (0.05898291, -0.0555, -0.018468546), (0.065065846, -0.0555, -0.01894297), (0.071154535, -0.0555, -0.01709658), (0.07724845, -0.0555, -0.015984314), (0.083346985, -0.0555, -0.016830308), (0.089449555, -0.0555, -0.016727164), (0.095555514, -0.0555, -0.014759044), (0.101664215, -0.0555, -0.013497823), (0.10777499, -0.0555, -0.013349365), (0.113887146, -0.0555, -0.0117096715), (0.12, -0.0555, -0.00060384657), (-0.12, -0.049333334, -0.0006), (-0.11405118, -0.049333334, -0.012081223), (-0.10810203, -0.049333334, -0.012850995), (-0.102152266, -0.049333334, -0.013999142), (-0.096201554, -0.049333334, -0.016181838), (-0.090249605, -0.049333334, -0.016924623), (-0.084296115, -0.049333334, -0.016295267), (-0.0783408, -0.049333334, -0.01693014), (-0.07238338, -0.049333334, -0.018598635), (-0.0664236, -0.049333334, -0.018830305), (-0.06046121, -0.049333334, -0.01807586), (-0.054495975, -0.049333334, -0.01860722), (-0.04852768, -0.049333334, -0.019842451), (-0.042556133, -0.049333334, -0.019809373), (-0.03658116, -0.049333334, -0.01918991), (-0.030602599, -0.049333334, -0.019618861), (-0.024620324, -0.049333334, -0.020382872), (-0.018634226, -0.049333334, -0.020229392), (-0.012644218, -0.049333334, -0.0198504), (-0.006650238, -0.049333334, -0.020101737), (-0.00065224833, -0.049333334, -0.020376425), (0.0053497623, -0.049333334, -0.020221444), (0.011355782, -0.049333334, -0.020102445), (0.017365774, -0.049333334, -0.020081755), (0.023379674, -0.049333334, -0.019887535), (0.029397402, -0.049333334, -0.019820707), (0.035418842, -0.049333334, -0.01991117), (0.041443866, -0.049333334, -0.01953036), (0.04747232, -0.049333334, -0.018921018), (0.053504027, -0.049333334, -0.018981336), (0.05953879, -0.049333334, -0.019163528), (0.0655764, -0.049333334, -0.01835005), (0.07161662, -0.049333334, -0.017387005), (0.077659205, -0.049333334, -0.017518291), (0.08370388, -0.049333334, -0.017578974), (0.089750394, -0.049333334, -0.016240032), (0.09579845, -0.049333334, -0.014892542), (0.10184774, -0.049333334, -0.014745851), (0.10789797, -0.049333334, -0.014042983), (0.11394882, -0.049333334, -0.011376224), (0.12, -0.049333334, -0.00060362124), (-0.12, -0.043166667, -0.0006), (-0.11395597, -0.043166667, -0.011824704), (-0.107912205, -0.043166667, -0.013156541), (-0.10186899, -0.043166667, -0.014947418), (-0.09582657, -0.043166667, -0.016648093), (-0.089785226, -0.043166667, -0.016682556), (-0.08374521, -0.043166667, -0.016480852), (-0.07770676, -0.043166667, -0.017971387), (-0.07167012, -0.043166667, -0.019360565), (-0.06563551, -0.043166667, -0.018636696), (-0.05960315, -0.043166667, -0.018048165), (-0.05357324, -0.043166667, -0.01968305), (-0.04754596, -0.043166667, -0.020902308), (-0.041521475, -0.043166667, -0.019641371), (-0.03549994, -0.043166667, -0.018919516), (-0.029481495, -0.043166667, -0.020727187), (-0.023466242, -0.043166667, -0.021720195), (-0.01745428, -0.043166667, -0.020052224), (-0.0114456825, -0.043166667, -0.019345148), (-0.0054405034, -0.043166667, -0.021253124), (0.00056122686, -0.043166667, -0.021944093), (0.0065594967, -0.043166667, -0.020002324), (0.012554317, -0.043166667, -0.019400032), (0.01854572, -0.043166667, -0.021282228), (0.024533758, -0.043166667, -0.0216133), (0.030518506, -0.043166667, -0.019538222), (0.036500055, -0.043166667, -0.019072771), (0.042478524, -0.043166667, -0.020770123), (0.048454043, -0.043166667, -0.020710908), (0.05442676, -0.043166667, -0.018632192), (0.060396846, -0.043166667, -0.018267224), (0.06636449, -0.043166667, -0.01959375), (0.07232988, -0.043166667, -0.019126287), (0.07829324, -0.043166667, -0.017122315), (0.084254794, -0.043166667, -0.01671625), (0.090214774, -0.043166667, -0.017410472), (0.09617343, -0.043166667, -0.016427418), (0.10213102, -0.043166667, -0.014355962), (0.10808779, -0.043166667, -0.013342909), (0.11404403, -0.043166667, -0.012243142), (0.12, -0.043166667, -0.00060467474), (-0.12, -0.037, -0.0006), (-0.113889605, -0.037, -0.012339761), (-0.1077799, -0.037, -0.014641585), (-0.10167154, -0.037, -0.0148259485), (-0.095565215, -0.037, -0.015544362), (-0.089461565, -0.037, -0.017487036), (-0.08336124, -0.037, -0.018315632), (-0.077264845, -0.037, -0.017757045), (-0.07117298, -0.037, -0.018156597), (-0.06508622, -0.037, -0.019607237), (-0.0590051, -0.037, -0.019981774), (-0.05293011, -0.037, -0.019400349), (-0.046861712, -0.037, -0.019728703), (-0.040800337, -0.037, -0.020705251), (-0.034746353, -0.037, -0.02081358), (-0.028700102, -0.037, -0.020423764), (-0.022661863, -0.037, -0.020667339), (-0.016631875, -0.037, -0.021130206), (-0.0106103225, -0.037, -0.021103356), (-0.0045973375, -0.037, -0.020991586), (0.001407, -0.037, -0.021071423), (0.0074026627, -0.037, -0.021009326), (0.013389678, -0.037, -0.020960128), (0.019368125, -0.037, -0.021129325), (0.025338136, -0.037, -0.020948753), (0.0312999, -0.037, -0.020391876), (0.037253644, -0.037, -0.020403974), (0.043199666, -0.037, -0.020783905), (0.049138285, -0.037, -0.020251693), (0.05506989, -0.037, -0.01926381), (0.0609949, -0.037, -0.019364892), (0.066913776, -0.037, -0.019808838), (0.07282701, -0.037, -0.01884313), (0.07873516, -0.037, -0.017488457), (0.08463877, -0.037, -0.017589122), (0.090538435, -0.037, -0.017817155), (0.09643479, -0.037, -0.016272979), (0.10232846, -0.037, -0.014452273), (0.1082201, -0.037, -0.013969146), (0.114110395, -0.037, -0.012701963), (0.12, -0.037, -0.0006044319), (-0.12, -0.030833334, -0.0006), (-0.11389557, -0.030833334, -0.0127001405), (-0.1077918, -0.030833334, -0.014378705), (-0.1016893, -0.030833334, -0.0147521505), (-0.095588714, -0.030833334, -0.016266998), (-0.089490674, -0.030833334, -0.01817812), (-0.083395764, -0.030833334, -0.018135512), (-0.07730459, -0.030833334, -0.017469846), (-0.07121769, -0.030833334, -0.018857963), (-0.06513562, -0.030833334, -0.020604331), (-0.059058882, -0.030833334, -0.019899), (-0.052987944, -0.030833334, -0.01885845), (-0.046923246, -0.030833334, -0.020388527), (-0.040865187, -0.030833334, -0.022001956), (-0.034814123, -0.030833334, -0.020798182), (-0.02877037, -0.030833334, -0.019621257), (-0.0227342, -0.030833334, -0.021304054), (-0.016705833, -0.030833334, -0.022697445), (-0.010685445, -0.030833334, -0.021112185), (-0.0046731615, -0.030833334, -0.019954566), (0.0013309412, -0.030833334, -0.021713281), (0.007326838, -0.030833334, -0.022790598), (0.013314555, -0.030833334, -0.020950893), (0.019294167, -0.030833334, -0.019912846), (0.0252658, -0.030833334, -0.02161882), (0.03122963, -0.030833334, -0.022304483), (0.037185878, -0.030833334, -0.020345315), (0.043134812, -0.030833334, -0.019467132), (0.049076755, -0.030833334, -0.020957075), (0.055012055, -0.030833334, -0.021201972), (0.06094112, -0.030833334, -0.019243559), (0.06686438, -0.030833334, -0.01848999), (0.07278231, -0.030833334, -0.019565875), (0.07869542, -0.030833334, -0.019322427), (0.08460423, -0.030833334, -0.017414732), (0.09050933, -0.030833334, -0.016615715), (0.09641128, -0.030833334, -0.016955001), (0.1023107, -0.030833334, -0.015994383), (0.1082082, -0.030833334, -0.013782895), (0.11410443, -0.030833334, -0.011846603), (0.12, -0.030833334, -0.0006048925), (-0.12, -0.024666667, -0.0006), (-0.11396996, -0.024666667, -0.011901831), (-0.10794011, -0.024666667, -0.014902799), (-0.10191062, -0.024666667, -0.016113358), (-0.095881686, -0.024666667, -0.016074127), (-0.08985348, -0.024666667, -0.017084092), (-0.08382618, -0.024666667, -0.018746909), (-0.077799946, -0.024666667, -0.019069487), (-0.071774945, -0.024666667, -0.018695457), (-0.06575134, -0.024666667, -0.019409703), (-0.059729263, -0.024666667, -0.020508097), (-0.053708855, -0.024666667, -0.020554958), (-0.047690243, -0.024666667, -0.02029027), (-0.041673537, -0.024666667, -0.020784864), (-0.035658848, -0.024666667, -0.02135393), (-0.029646263, -0.024666667, -0.021333668), (-0.023635857, -0.024666667, -0.021299383), (-0.017627697, -0.024666667, -0.021510843), (-0.011621832, -0.024666667, -0.021572972), (-0.005618298, -0.024666667, -0.021624867), (0.0003828823, -0.024666667, -0.021827653), (0.006381702, -0.024666667, -0.021672212), (0.012378168, -0.024666667, -0.021282377), (0.018372303, -0.024666667, -0.021497836), (0.024364144, -0.024666667, -0.02187034), (0.030353738, -0.024666667, -0.021279931), (0.03634115, -0.024666667, -0.02052291), (0.04232646, -0.024666667, -0.020933872), (0.04830976, -0.024666667, -0.021351289), (0.054291148, -0.024666667, -0.020288), (0.060270738, -0.024666667, -0.019256657), (0.06624866, -0.024666667, -0.019809298), (0.07222505, -0.024666667, -0.020088108), (0.07820006, -0.024666667, -0.018533232), (0.08417383, -0.024666667, -0.017273273), (0.09014652, -0.024666667, -0.017746078), (0.096118316, -0.024666667, -0.017551893), (0.10208938, -0.024666667, -0.015361907), (0.1080599, -0.024666667, -0.013539128), (0.11403004, -0.024666667, -0.012631626), (0.12, -0.024666667, -0.000605399), (-0.12, -0.0185, -0.0006), (-0.11406402, -0.0185, -0.013037712), (-0.10812765, -0.0185, -0.01471345), (-0.1021905, -0.0185, -0.01497581), (-0.096252166, -0.0185, -0.01657592), (-0.09031228, -0.0185, -0.01864422), (-0.08437047, -0.0185, -0.018544992), (-0.078426376, -0.0185, -0.01776055), (-0.07247965, -0.0185, -0.019232737), (-0.06652997, -0.0185, -0.021106128), (-0.06057702, -0.0185, -0.020337848), (-0.054620516, -0.0185, -0.019203063), (-0.048660185, -0.0185, -0.020803818), (-0.042695783, -0.0185, -0.022505714), (-0.03672709, -0.0185, -0.02125218), (-0.030753914, -0.0185, -0.02001431), (-0.024776092, -0.0185, -0.02174037), (-0.018793484, -0.0185, -0.023182487), (-0.012805985, -0.0185, -0.02157559), (-0.006813516, -0.0185, -0.020389494), (-0.00081603165, -0.0185, -0.022152208), (0.0051864837, -0.0185, -0.023243528), (0.011194015, -0.0185, -0.021420656), (0.017206516, -0.0185, -0.020379355), (0.023223909, -0.0185, -0.022042634), (0.029246084, -0.0185, -0.022717094), (0.03527291, -0.0185, -0.020817544), (0.04130422, -0.0185, -0.019949896), (0.047339816, -0.0185, -0.021349022), (0.053379484, -0.0185, -0.021569308), (0.059422977, -0.0185, -0.019710043), (0.06547003, -0.0185, -0.018967217), (0.07152035, -0.0185, -0.019909745), (0.07757363, -0.0185, -0.01963943), (0.083629526, -0.0185, -0.017857103), (0.08968772, -0.0185, -0.017054258), (0.095747836, -0.0185, -0.017230704), (0.1018095, -0.0185, -0.016245723), (0.107872345, -0.0185, -0.0141485585), (0.11393598, -0.0185, -0.012159686), (0.12, -0.0185, -0.0006049166), (-0.12, -0.0123333335, -0.0006), (-0.11411614, -0.0123333335, -0.012967201), (-0.10823157, -0.0123333335, -0.014941694), (-0.10234557, -0.0123333335, -0.015388562), (-0.09645744, -0.0123333335, -0.016580211), (-0.090566486, -0.0123333335, -0.018258382), (-0.08467204, -0.0123333335, -0.018723806), (-0.078773454, -0.0123333335, -0.018568328), (-0.0728701, -0.0123333335, -0.019315856), (-0.06696138, -0.0123333335, -0.02034428), (-0.06104673, -0.0123333335, -0.020495156), (-0.05512563, -0.0123333335, -0.020414691), (-0.049197588, -0.0123333335, -0.020894898), (-0.043262165, -0.0123333335, -0.021368314), (-0.03731896, -0.0123333335, -0.02145544), (-0.03136762, -0.0123333335, -0.02159394), (-0.02540785, -0.0123333335, -0.021760322), (-0.019439401, -0.0123333335, -0.02171991), (-0.013462077, -0.0123333335, -0.02189219), (-0.0074757384, -0.0123333335, -0.02225763), (-0.0014803017, -0.0123333335, -0.022034759), (0.0045242617, -0.0123333335, -0.021547804), (0.010537923, -0.0123333335, -0.021898175), (0.0165606, -0.0123333335, -0.02242086), (0.02259215, -0.0123333335, -0.021749102), (0.02863238, -0.0123333335, -0.02091059), (0.03468104, -0.0123333335, -0.021470442), (0.040737834, -0.0123333335, -0.0220256), (0.04680241, -0.0123333335, -0.020878179), (0.05287437, -0.0123333335, -0.01979158), (0.05895327, -0.0123333335, -0.020511054), (0.06503862, -0.0123333335, -0.020925414), (0.0711299, -0.0123333335, -0.019303586), (0.07722654, -0.0123333335, -0.018036911), (0.08332796, -0.0123333335, -0.018729651), (0.08943351, -0.0123333335, -0.018731609), (0.095542565, -0.0123333335, -0.016583128), (0.10165443, -0.0123333335, -0.0149854245), (0.10776843, -0.0123333335, -0.014929145), (0.11388386, -0.0123333335, -0.013269692), (0.12, -0.0123333335, -0.0006042688), (-0.12, -0.0061666667, -0.0006), (-0.114092164, -0.0061666667, -0.0118405465), (-0.108183764, -0.0061666667, -0.014574274), (-0.10227423, -0.0061666667, -0.016923904), (-0.09636301, -0.0061666667, -0.01697871), (-0.09044954, -0.0061666667, -0.016701428), (-0.08453331, -0.0061666667, -0.01858847), (-0.07861379, -0.0061666667, -0.020327022), (-0.07269048, -0.0061666667, -0.019438071), (-0.06676292, -0.0061666667, -0.018726647), (-0.06083065, -0.0061666667, -0.020681674), (-0.05489326, -0.0061666667, -0.022132916), (-0.048950363, -0.0061666667, -0.020704895), (-0.043001607, -0.0061666667, -0.01990399), (-0.03704668, -0.0061666667, -0.021947438), (-0.031085294, -0.0061666667, -0.023077412), (-0.02511722, -0.0061666667, -0.021304647), (-0.019142257, -0.0061666667, -0.02057369), (-0.013160252, -0.0061666667, -0.022608392), (-0.007171093, -0.0061666667, -0.023363005), (-0.0011747143, -0.0061666667, -0.021414934), (0.004828907, -0.0061666667, -0.020830417), (0.010839748, -0.0061666667, -0.022714285), (0.016857743, -0.0061666667, -0.023064785), (0.02288278, -0.0061666667, -0.021098504), (0.028914705, -0.0061666667, -0.020668225), (0.034953322, -0.0061666667, -0.02224276), (0.04099839, -0.0061666667, -0.022192946), (0.047049638, -0.0061666667, -0.020336483), (0.05310674, -0.0061666667, -0.019999592), (0.059169352, -0.0061666667, -0.021102646), (0.06523708, -0.0061666667, -0.020672379), (0.07130952, -0.0061666667, -0.018988837), (0.077386215, -0.0061666667, -0.018597519), (0.083466694, -0.0061666667, -0.0190385), (0.08955046, -0.0061666667, -0.018187817), (0.09563699, -0.0061666667, -0.016558573), (0.10172577, -0.0061666667, -0.015712287), (0.107816234, -0.0061666667, -0.014926995), (0.11390784, -0.0061666667, -0.01270133), (0.12, -0.0061666667, -0.0006044742), (-0.12, 0, -0.0006), (-0.11400781, 0, -0.012475888), (-0.10801556, 0, -0.01515079), (-0.10202322, 0, -0.016057843), (-0.09603074, 0, -0.016516592), (-0.09003807, 0, -0.01780107), (-0.084045164, 0, -0.018946955), (-0.07805198, 0, -0.019126242), (-0.07205848, 0, -0.019315416), (-0.06606461, 0, -0.020077214), (-0.060070343, 0, -0.020637553), (-0.054075647, 0, -0.020776218), (-0.04808048, 0, -0.02103041), (-0.042084824, 0, -0.02132213), (-0.036088638, 0, -0.02143996), (-0.03009191, 0, -0.021748317), (-0.024094613, 0, -0.022093367), (-0.018096734, 0, -0.02187611), (-0.012098258, 0, -0.02166124), (-0.006099176, 0, -0.022235604), (-0.000099482844, 0, -0.0226045), (0.005900824, 0, -0.021855522), (0.011901742, 0, -0.021422345), (0.017903266, 0, -0.022279592), (0.023905385, 0, -0.022563059), (0.029908089, 0, -0.02129956), (0.03591136, 0, -0.020755542), (0.04191518, 0, -0.021834964), (0.047919516, 0, -0.021905692), (0.053924352, 0, -0.020185182), (0.059929654, 0, -0.019602926), (0.06593539, 0, -0.02075409), (0.071941525, 0, -0.020469995), (0.07794802, 0, -0.018364742), (0.08395483, 0, -0.017721018), (0.08996193, 0, -0.018633064), (0.09596926, 0, -0.017751157), (0.101976775, 0, -0.015192643), (0.10798444, 0, -0.014005717), (0.11399219, 0, -0.013263528), (0.12, 0, -0.0006052742), (-0.12, 0.0061666667, -0.0006), (-0.11391833, 0.0061666667, -0.0118209), (-0.10783716, 0.0061666667, -0.014946314), (-0.101757, 0.0061666667, -0.016909458), (-0.09567834, 0.0061666667, -0.016533507), (-0.08960165, 0.0061666667, -0.016762493), (-0.08352743, 0.0061666667, -0.019081078), (-0.07745612, 0.0061666667, -0.020213027), (-0.071388155, 0.0061666667, -0.01891619), (-0.06532397, 0.0061666667, -0.018896488), (-0.059263952, 0.0061666667, -0.021216897), (-0.053208474, 0.0061666667, -0.021907128), (-0.047157872, 0.0061666667, -0.020171128), (-0.041112464, 0.0061666667, -0.020183265), (-0.035072528, 0.0061666667, -0.02246597), (-0.029038308, 0.0061666667, -0.022749461), (-0.02301002, 0.0061666667, -0.020813923), (-0.016987834, 0.0061666667, -0.020943392), (-0.010971888, 0.0061666667, -0.023060217), (-0.0049622813, 0.0061666667, -0.022960315), (0.0010409273, 0.0061666667, -0.02101133), (0.0070377183, 0.0061666667, -0.021255847), (0.013028111, 0.0061666667, -0.02306237), (0.019012166, 0.0061666667, -0.02262797), (0.024989981, 0.0061666667, -0.02081099), (0.030961692, 0.0061666667, -0.02110439), (0.036927473, 0.0061666667, -0.022467041), (0.042887535, 0.0061666667, -0.021769695), (0.04884213, 0.0061666667, -0.020175617), (0.05479153, 0.0061666667, -0.020397892), (0.060736045, 0.0061666667, -0.021202417), (0.06667603, 0.0061666667, -0.020310394), (0.07261184, 0.0061666667, -0.018945338), (0.07854389, 0.0061666667, -0.018912885), (0.084472574, 0.0061666667, -0.019033074), (0.09039835, 0.0061666667, -0.017928036), (0.096321665, 0.0061666667, -0.01660275), (0.102243, 0.0061666667, -0.015908645), (0.108162835, 0.0061666667, -0.014858717), (0.11408167, 0.0061666667, -0.012578838), (0.12, 0.0061666667, -0.00060456264), (-0.12, 0.0123333335, -0.0006), (-0.11388236, 0.0123333335, -0.012888945), (-0.10776545, 0.0123333335, -0.014678354), (-0.101649985, 0.0123333335, -0.015530272), (-0.09553668, 0.0123333335, -0.01684557), (-0.08942623, 0.0123333335, -0.018058412), (-0.083319314, 0.0123333335, -0.018483663), (-0.077216595, 0.0123333335, -0.018820511), (-0.071118705, 0.0123333335, -0.019513465), (-0.06502625, 0.0123333335, -0.020048084), (-0.0589398, 0.0123333335, -0.020352695), (-0.052859887, 0.0123333335, -0.020744814), (-0.046787, 0.0123333335, -0.020973101), (-0.040721595, 0.0123333335, -0.021015804), (-0.034664072, 0.0123333335, -0.021447446), (-0.028614784, 0.0123333335, -0.021956347), (-0.022574035, 0.0123333335, -0.0216952), (-0.016542079, 0.0123333335, -0.021360528), (-0.010519112, 0.0123333335, -0.022030361), (-0.004505275, 0.0123333335, -0.022601169), (0.0014993474, 0.0123333335, -0.021826481), (0.0074947253, 0.0123333335, -0.021232301), (0.013480888, 0.0123333335, -0.022170898), (0.01945792, 0.0123333335, -0.02269728), (0.025425965, 0.0123333335, -0.0214201), (0.031385217, 0.0123333335, -0.020682687), (0.03733593, 0.0123333335, -0.021845328), (0.043278404, 0.0123333335, -0.022197628), (0.049212996, 0.0123333335, -0.020469727), (0.05514011, 0.0123333335, -0.01968031), (0.061060198, 0.0123333335, -0.020939155), (0.066973746, 0.0123333335, -0.020973923), (0.0728813, 0.0123333335, -0.018871123), (0.07878341, 0.0123333335, -0.01804982), (0.08468069, 0.0123333335, -0.019149803), (0.09057377, 0.0123333335, -0.01866272), (0.09646332, 0.0123333335, -0.016194234), (0.10235002, 0.0123333335, -0.015098816), (0.10823455, 0.0123333335, -0.015260686), (0.11411764, 0.0123333335, -0.013138917), (0.12, 0.0123333335, -0.0006039677), (-0.12, 0.0185, -0.0006), (-0.11392347, 0.0185, -0.012927155), (-0.10784741, 0.0185, -0.015228246), (-0.10177229, 0.0185, -0.0151269855), (-0.09569857, 0.0185, -0.015971432), (-0.08962672, 0.0185, -0.018465115), (-0.083557166, 0.0185, -0.019210778), (-0.07749034, 0.0185, -0.017961362), (-0.07142665, 0.0185, -0.01852141), (-0.06536651, 0.0185, -0.020888336), (-0.059310265, 0.0185, -0.021082688), (-0.053258277, 0.0185, -0.01943387), (-0.047210857, 0.0185, -0.02003606), (-0.041168306, 0.0185, -0.022265248), (-0.035130884, 0.0185, -0.022032902), (-0.029098818, 0.0185, -0.020261679), (-0.02307231, 0.0185, -0.020956282), (-0.01705152, 0.0185, -0.02293037), (-0.011036578, 0.0185, -0.022353752), (-0.005027575, 0.0185, -0.020644806), (0.00097543176, 0.0185, -0.02138893), (0.0069724247, 0.0185, -0.022985999), (0.012963423, 0.0185, -0.022160519), (0.01894848, 0.0185, -0.020638626), (0.02492769, 0.0185, -0.021334184), (0.03090118, 0.0185, -0.022456164), (0.036869116, 0.0185, -0.021487197), (0.042831693, 0.0185, -0.020212637), (0.04878914, 0.0185, -0.020724855), (0.054741725, 0.0185, -0.021304607), (0.060689736, 0.0185, -0.020282725), (0.06663349, 0.0185, -0.019233672), (0.07257334, 0.0185, -0.019393977), (0.07850966, 0.0185, -0.01937233), (0.08444284, 0.0185, -0.018310731), (0.090373285, 0.0185, -0.01731892), (0.09630142, 0.0185, -0.016845396), (0.10222771, 0.0185, -0.015991317), (0.10815259, 0.0185, -0.014453879), (0.11407653, 0.0185, -0.012377825), (0.12, 0.0185, -0.00060465554), (-0.12, 0.024666667, -0.0006), (-0.114014715, 0.024666667, -0.012401739), (-0.10802934, 0.024666667, -0.014067922), (-0.102043785, 0.024666667, -0.015617659), (-0.09605796, 0.024666667, -0.016881462), (-0.090071775, 0.024666667, -0.01750675), (-0.08408515, 0.024666667, -0.018057037), (-0.078098, 0.024666667, -0.018733338), (-0.07211024, 0.024666667, -0.019211868), (-0.06612181, 0.024666667, -0.019664759), (-0.060132626, 0.024666667, -0.020205107), (-0.054142624, 0.024666667, -0.020365017), (-0.048151743, 0.024666667, -0.020351605), (-0.042159922, 0.024666667, -0.020932404), (-0.03616712, 0.024666667, -0.021552116), (-0.030173285, 0.024666667, -0.021201652), (-0.024178382, 0.024666667, -0.020833677), (-0.01818238, 0.024666667, -0.021656284), (-0.012185253, 0.024666667, -0.022304643), (-0.0061869845, 0.024666667, -0.021436863), (-0.00018756285, 0.024666667, -0.020840798), (0.005813015, 0.024666667, -0.02193035), (0.011814746, 0.024666667, -0.022504888), (0.01781762, 0.024666667, -0.021145197), (0.023821617, 0.024666667, -0.020439837), (0.029826714, 0.024666667, -0.021746686), (0.035832882, 0.024666667, -0.02212633), (0.041840076, 0.024666667, -0.020339604), (0.04784826, 0.024666667, -0.019616658), (0.053857375, 0.024666667, -0.021015532), (0.059867375, 0.024666667, -0.021074789), (0.06587819, 0.024666667, -0.018951975), (0.07188975, 0.024666667, -0.018240025), (0.077902, 0.024666667, -0.019505484), (0.083914846, 0.024666667, -0.01909069), (0.089928225, 0.024666667, -0.016689232), (0.09594204, 0.024666667, -0.015838396), (0.10195621, 0.024666667, -0.016446173), (0.10797066, 0.024666667, -0.015037771), (0.113985285, 0.024666667, -0.01166318), (0.12, 0.024666667, -0.00060399063), (-0.12, 0.030833334, -0.0006), (-0.11409632, 0.030833334, -0.013013888), (-0.10819205, 0.030833334, -0.014324743), (-0.10228659, 0.030833334, -0.01441947), (-0.09637937, 0.030833334, -0.016369665), (-0.09046981, 0.030833334, -0.018474482), (-0.084557354, 0.030833334, -0.017989822), (-0.07864146, 0.030833334, -0.017236134), (-0.07272161, 0.030833334, -0.01903727), (-0.06679731, 0.030833334, -0.020758422), (-0.060868096, 0.030833334, -0.019697977), (-0.05493353, 0.030833334, -0.018795138), (-0.048993208, 0.030833334, -0.020597743), (-0.04304676, 0.030833334, -0.021968054), (-0.037093863, 0.030833334, -0.020595144), (-0.03113422, 0.030833334, -0.01975455), (-0.025167584, 0.030833334, -0.021486416), (-0.01919375, 0.030833334, -0.022466542), (-0.013212556, 0.030833334, -0.020964429), (-0.0072238864, 0.030833334, -0.020277608), (-0.0012276709, 0.030833334, -0.02181373), (0.0047761137, 0.030833334, -0.022384252), (0.010787444, 0.030833334, -0.020908609), (0.01680625, 0.030833334, -0.020390663), (0.022832416, 0.030833334, -0.021594496), (0.02886578, 0.030833334, -0.021769587), (0.034906138, 0.030833334, -0.02044177), (0.040953238, 0.030833334, -0.020042628), (0.047006793, 0.030833334, -0.020786354), (0.053066473, 0.030833334, -0.02060397), (0.059131905, 0.030833334, -0.019486822), (0.06520269, 0.030833334, -0.019091198), (0.07127839, 0.030833334, -0.019256212), (0.077358544, 0.030833334, -0.01873832), (0.08344265, 0.030833334, -0.017779274), (0.08953019, 0.030833334, -0.017160973), (0.09562063, 0.030833334, -0.016554825), (0.101713404, 0.030833334, -0.015513846), (0.10780795, 0.030833334, -0.014183048), (0.11390368, 0.030833334, -0.012214497), (0.12, 0.030833334, -0.0006044679), (-0.12, 0.037, -0.0006), (-0.11411482, 0.037, -0.012143771), (-0.10822893, 0.037, -0.013865533), (-0.10234163, 0.037, -0.015167247), (-0.09645223, 0.037, -0.01627479), (-0.090560034, 0.037, -0.017024402), (-0.08466439, 0.037, -0.017713865), (-0.07876465, 0.037, -0.018315114), (-0.07286019, 0.037, -0.018581256), (-0.066950426, 0.037, -0.018984437), (-0.061034806, 0.037, -0.01976564), (-0.05511281, 0.037, -0.020053502), (-0.049183946, 0.037, -0.0197174), (-0.043247785, 0.037, -0.02005824), (-0.037303932, 0.037, -0.021060405), (-0.031352043, 0.037, -0.021027653), (-0.025391813, 0.037, -0.020186815), (-0.019423004, 0.037, -0.020605266), (-0.013445422, 0.037, -0.021806583), (-0.0074589276, 0.037, -0.021404492), (-0.001463439, 0.037, -0.020164873), (0.004541072, 0.037, -0.020737294), (0.010554578, 0.037, -0.022043157), (0.016576996, 0.037, -0.021237265), (0.022608187, 0.037, -0.019722477), (0.02864796, 0.037, -0.020464381), (0.034696065, 0.037, -0.021735067), (0.040752213, 0.037, -0.02052258), (0.046816055, 0.037, -0.018858178), (0.052887194, 0.037, -0.019713342), (0.05896519, 0.037, -0.02077568), (0.065049574, 0.037, -0.019181812), (0.07113981, 0.037, -0.017462052), (0.077235356, 0.037, -0.018270591), (0.083335616, 0.037, -0.01889182), (0.089439966, 0.037, -0.016917259), (0.09554777, 0.037, -0.015101317), (0.10165837, 0.037, -0.0154077485), (0.10777107, 0.037, -0.014939661), (0.11388518, 0.037, -0.0118312435), (0.12, 0.037, -0.0006035764), (-0.12, 0.043166667, -0.0006), (-0.11405809, 0.043166667, -0.01108348), (-0.10811582, 0.043166667, -0.0142685445), (-0.102172844, 0.043166667, -0.01581283), (-0.09622879, 0.043166667, -0.015228662), (-0.090283334, 0.043166667, -0.015813494), (-0.08433613, 0.043166667, -0.018150149), (-0.07838686, 0.043166667, -0.01878204), (-0.07243519, 0.043166667, -0.01748441), (-0.06648085, 0.043166667, -0.017928997), (-0.06052354, 0.043166667, -0.020088483), (-0.054563005, 0.043166667, -0.020254105), (-0.048598994, 0.043166667, -0.018742848), (-0.042631295, 0.043166667, -0.01923143), (-0.0366597, 0.043166667, -0.02115076), (-0.030684039, 0.043166667, -0.02096037), (-0.02470416, 0.043166667, -0.019465974), (-0.018719941, 0.043166667, -0.020002732), (-0.012731282, 0.043166667, -0.021573381), (-0.0067381156, 0.043166667, -0.021120556), (-0.0007403977, 0.043166667, -0.019789508), (0.0052618845, 0.043166667, -0.020307098), (0.011268718, 0.043166667, -0.02143611), (0.017280059, 0.043166667, -0.020822778), (0.02329584, 0.043166667, -0.01973632), (0.029315962, 0.043166667, -0.02012793), (0.0353403, 0.043166667, -0.020755708), (0.041368708, 0.043166667, -0.02008046), (0.047401007, 0.043166667, -0.01925011), (0.053437, 0.043166667, -0.01938679), (0.05947646, 0.043166667, -0.019485677), (0.06551915, 0.043166667, -0.018812692), (0.07156481, 0.043166667, -0.018161628), (0.077613145, 0.043166667, -0.017889092), (0.083663866, 0.043166667, -0.017425133), (0.089716665, 0.043166667, -0.016700275), (0.0957712, 0.043166667, -0.015966062), (0.10182716, 0.043166667, -0.014964257), (0.107884176, 0.043166667, -0.0135764545), (0.11394191, 0.043166667, -0.01180262), (0.12, 0.043166667, -0.0006046086), (-0.12, 0.049333334, -0.0006), (-0.1139633, 0.049333334, -0.011453054), (-0.10792683, 0.049333334, -0.013382765), (-0.10189081, 0.049333334, -0.014610631), (-0.09585546, 0.049333334, -0.0155399805), (-0.089821, 0.049333334, -0.016445389), (-0.08378765, 0.049333334, -0.016995387), (-0.07775561, 0.049333334, -0.017227612), (-0.07172507, 0.049333334, -0.01788434), (-0.06569623, 0.049333334, -0.018740933), (-0.059669264, 0.049333334, -0.018762108), (-0.053644333, 0.049333334, -0.018476933), (-0.047621597, 0.049333334, -0.019224836), (-0.041601192, 0.049333334, -0.02015918), (-0.035583246, 0.049333334, -0.019700874), (-0.02956787, 0.049333334, -0.019059679), (-0.023555158, 0.049333334, -0.020012755), (-0.01754519, 0.049333334, -0.020979129), (-0.011538025, 0.049333334, -0.020050567), (-0.005533708, 0.049333334, -0.01918767), (0.000467734, 0.049333334, -0.020369012), (0.0064662923, 0.049333334, -0.021267544), (0.012461975, 0.049333334, -0.019901648), (0.01845481, 0.049333334, -0.018940538), (0.02444484, 0.049333334, -0.020303784), (0.03043213, 0.049333334, -0.021017006), (0.036416754, 0.049333334, -0.019281141), (0.04239881, 0.049333334, -0.018320559), (0.048378404, 0.049333334, -0.019753672), (0.054355666, 0.049333334, -0.020163046), (0.060330737, 0.049333334, -0.018149443), (0.06630377, 0.049333334, -0.017236598), (0.07227493, 0.049333334, -0.018550416), (0.07824439, 0.049333334, -0.018525904), (0.08421235, 0.049333334, -0.016311279), (0.090179, 0.049333334, -0.015372766), (0.096144535, 0.049333334, -0.016200548), (0.102109194, 0.049333334, -0.015439497), (0.10807317, 0.049333334, -0.012801786), (0.1140367, 0.049333334, -0.010906253), (0.12, 0.049333334, -0.00060487905), (-0.12, 0.0555, -0.0006), (-0.113892555, 0.0555, -0.010745504), (-0.107785776, 0.0555, -0.013806487), (-0.101680316, 0.0555, -0.014724128), (-0.09557683, 0.0555, -0.0141955605), (-0.089475945, 0.0555, -0.015357166), (-0.0833783, 0.0555, -0.017479677), (-0.07728448, 0.0555, -0.017445179), (-0.07119507, 0.0555, -0.016373958), (-0.06511063, 0.0555, -0.017428864), (-0.059031677, 0.0555, -0.019252338), (-0.052958686, 0.0555, -0.018795984), (-0.046892118, 0.0555, -0.017645597), (-0.040832378, 0.0555, -0.018683542), (-0.03477984, 0.0555, -0.020169819), (-0.028734824, 0.0555, -0.019467866), (-0.022697607, 0.0555, -0.01842449), (-0.016668418, 0.0555, -0.019388715), (-0.010647442, 0.0555, -0.020476397), (-0.0046348036, 0.0555, -0.019667137), (0.0013694179, 0.0555, -0.018820722), (0.0073651965, 0.0555, -0.019609466), (0.013352558, 0.0555, -0.020264694), (0.01933158, 0.0555, -0.01947034), (0.025302393, 0.0555, -0.018840509), (0.031265177, 0.0555, -0.019339727), (0.03722016, 0.0555, -0.019564137), (0.04316762, 0.0555, -0.018877953), (0.049107883, 0.0555, -0.01841923), (0.055041313, 0.0555, -0.01851977), (0.060968325, 0.0555, -0.018339364), (0.06688937, 0.0555, -0.0177966), (0.07280492, 0.0555, -0.017390657), (0.07871552, 0.0555, -0.01698398), (0.084621705, 0.0555, -0.016402932), (0.090524055, 0.0555, -0.015902732), (0.09642317, 0.0555, -0.015276467), (0.10231969, 0.0555, -0.014122261), (0.10821422, 0.0555, -0.012807753), (0.114107445, 0.0555, -0.011318452), (0.12, 0.0555, -0.0006044305), (-0.12, 0.061666667, -0.0006), (-0.113892205, 0.061666667, -0.010816798), (-0.107785076, 0.061666667, -0.012644822), (-0.10167927, 0.061666667, -0.013677017), (-0.095575444, 0.061666667, -0.014405758), (-0.08947423, 0.061666667, -0.015389568), (-0.083376266, 0.061666667, -0.01618436), (-0.077282146, 0.061666667, -0.016231982), (-0.07119244, 0.061666667, -0.016418045), (-0.065107726, 0.061666667, -0.017435564), (-0.05902851, 0.061666667, -0.018030573), (-0.052955285, 0.061666667, -0.017485734), (-0.046888497, 0.061666667, -0.017469592), (-0.040828563, 0.061666667, -0.018696953), (-0.034775853, 0.061666667, -0.019112349), (-0.028730689, 0.061666667, -0.018072056), (-0.02269335, 0.061666667, -0.01800724), (-0.016664067, 0.061666667, -0.01944746), (-0.010643022, 0.061666667, -0.019627435), (-0.0046303426, 0.061666667, -0.018182939), (0.0013738927, 0.061666667, -0.01816979), (0.0073696575, 0.061666667, -0.019749865), (0.013356978, 0.061666667, -0.019635376), (0.019335931, 0.061666667, -0.017897666), (0.02530665, 0.061666667, -0.017990446), (0.031269312, 0.061666667, -0.01958777), (0.037224147, 0.061666667, -0.019139733), (0.043171436, 0.061666667, -0.017231949), (0.049111504, 0.061666667, -0.017429238), (0.055044714, 0.061666667, -0.01888373), (0.060971487, 0.061666667, -0.018086623), (0.06689227, 0.061666667, -0.016120771), (0.07280755, 0.061666667, -0.016343677), (0.07871786, 0.061666667, -0.017446749), (0.08462373, 0.061666667, -0.016278844), (0.09052577, 0.061666667, -0.014294374), (0.09642456, 0.061666667, -0.014291585), (0.10232073, 0.061666667, -0.014623672), (0.10821492, 0.061666667, -0.012771988), (0.114107795, 0.061666667, -0.010094388), (0.12, 0.061666667, -0.0006038675), (-0.12, 0.067833334, -0.0006), (-0.11396248, 0.067833334, -0.009776749), (-0.10792519, 0.067833334, -0.011459474), (-0.10188836, 0.067833334, -0.013828512), (-0.09585222, 0.067833334, -0.014517417), (-0.08981699, 0.067833334, -0.0138092935), (-0.08378289, 0.067833334, -0.014625688), (-0.077750124, 0.067833334, -0.016517157), (-0.07171891, 0.067833334, -0.01657738), (-0.065689415, 0.067833334, -0.0155446315), (-0.059661843, 0.067833334, -0.016295454), (-0.053636353, 0.067833334, -0.017898059), (-0.047613107, 0.067833334, -0.017627688), (-0.041592244, 0.067833334, -0.016593475), (-0.035573896, 0.067833334, -0.01731833), (-0.029558176, 0.067833334, -0.01857732), (-0.02354518, 0.067833334, -0.018114582), (-0.017534986, 0.067833334, -0.017226046), (-0.011527661, 0.067833334, -0.017865365), (-0.0055232476, 0.067833334, -0.018726444), (0.00047822666, 0.067833334, -0.018188732), (0.0064767525, 0.067833334, -0.017512837), (0.012472339, 0.067833334, -0.017973466), (0.018465012, 0.067833334, -0.018413099), (0.02445482, 0.067833334, -0.017903097), (0.030441824, 0.067833334, -0.017442476), (0.036426105, 0.067833334, -0.017623903), (0.042407755, 0.067833334, -0.017652217), (0.048386894, 0.067833334, -0.017241655), (0.054363646, 0.067833334, -0.016936757), (0.06033816, 0.067833334, -0.016744321), (0.066310585, 0.067833334, -0.016390376), (0.07228109, 0.067833334, -0.016087009), (0.07824987, 0.067833334, -0.015801383), (0.08421711, 0.067833334, -0.01513253), (0.09018301, 0.067833334, -0.014384485), (0.09614778, 0.067833334, -0.014023968), (0.10211164, 0.067833334, -0.013401749), (0.108074814, 0.067833334, -0.0118981935), (0.11403752, 0.067833334, -0.010040999), (0.12, 0.067833334, -0.0006039794), (-0.12, 0.074, -0.0006), (-0.11405733, 0.074, -0.009620146), (-0.10811432, 0.074, -0.011310535), (-0.102170594, 0.074, -0.012578463), (-0.09622582, 0.074, -0.013110222), (-0.09027965, 0.074, -0.013407374), (-0.08433176, 0.074, -0.014332086), (-0.07838182, 0.074, -0.0151997255), (-0.07242953, 0.074, -0.015032372), (-0.066474594, 0.074, -0.014886913), (-0.060516726, 0.074, -0.015900262), (-0.054555677, 0.074, -0.016680844), (-0.0485912, 0.074, -0.016016934), (-0.042623077, 0.074, -0.015662454), (-0.036651112, 0.074, -0.016869213), (-0.030675136, 0.074, -0.01754286), (-0.024694996, 0.074, -0.016454276), (-0.01871057, 0.074, -0.01602482), (-0.012721765, 0.074, -0.017415259), (-0.006728509, 0.074, -0.017913735), (-0.0007307618, 0.074, -0.01647844), (0.005271491, 0.074, -0.016071046), (0.011278235, 0.074, -0.017573865), (0.01728943, 0.074, -0.017827831), (0.023305004, 0.074, -0.016144032), (0.029324865, 0.074, -0.015817871), (0.035348885, 0.074, -0.017317362), (0.041376922, 0.074, -0.017273676), (0.0474088, 0.074, -0.015450999), (0.053444326, 0.074, -0.015215367), (0.059483275, 0.074, -0.016557973), (0.065525405, 0.074, -0.016179409), (0.07157047, 0.074, -0.014314343), (0.07761818, 0.074, -0.01410203), (0.08366824, 0.074, -0.015073573), (0.089720346, 0.074, -0.014293937), (0.09577418, 0.074, -0.012389158), (0.10182941, 0.074, -0.011915651), (0.10788568, 0.074, -0.011950661), (0.11394267, 0.074, -0.010035667), (0.12, 0.074, -0.000602997), (-0.12, 0.08016667, -0.0006), (-0.11411463, 0.08016667, -0.009238857), (-0.10822855, 0.08016667, -0.009723898), (-0.102341056, 0.08016667, -0.011004092), (-0.09645147, 0.08016667, -0.012778637), (-0.09055909, 0.08016667, -0.012903394), (-0.084663264, 0.08016667, -0.012309164), (-0.07876336, 0.08016667, -0.0132546965), (-0.072858736, 0.08016667, -0.014650685), (-0.06694882, 0.08016667, -0.014363305), (-0.061033063, 0.08016667, -0.01365739), (-0.05511093, 0.08016667, -0.014522477), (-0.049181953, 0.08016667, -0.01560563), (-0.043245684, 0.08016667, -0.015134291), (-0.037301738, 0.08016667, -0.014510374), (-0.031349763, 0.08016667, -0.015265358), (-0.025389468, 0.08016667, -0.016012881), (-0.019420607, 0.08016667, -0.015492093), (-0.013442986, 0.08016667, -0.015023889), (-0.0074564693, 0.08016667, -0.0155921485), (-0.0014609729, 0.08016667, -0.015997274), (0.0045435308, 0.08016667, -0.015532609), (0.010557014, 0.08016667, -0.0152283935), (0.016579393, 0.08016667, -0.015527164), (0.022610532, 0.08016667, -0.015611094), (0.028650237, 0.08016667, -0.015277856), (0.034698263, 0.08016667, -0.01509512), (0.040754315, 0.08016667, -0.015053853), (0.046818048, 0.08016667, -0.014859135), (0.052889068, 0.08016667, -0.014687095), (0.058966935, 0.08016667, -0.014537717), (0.065051176, 0.08016667, -0.014103894), (0.071141265, 0.08016667, -0.013671223), (0.077236645, 0.08016667, -0.013612017), (0.08333673, 0.08016667, -0.013345317), (0.08944091, 0.08016667, -0.012455535), (0.09554853, 0.08016667, -0.011739903), (0.10165894, 0.08016667, -0.011517435), (0.107771456, 0.08016667, -0.01068207), (0.11388537, 0.08016667, -0.008737015), (0.12, 0.08016667, -0.00060295366), (-0.12, 0.086333334, -0.0006), (-0.11409682, 0.086333334, -0.007561309), (-0.10819304, 0.086333334, -0.008902653), (-0.10228807, 0.086333334, -0.010021651), (-0.09638132, 0.086333334, -0.010409414), (-0.09047223, 0.086333334, -0.0104842875), (-0.08456022, 0.086333334, -0.011228817), (-0.07864476, 0.086333334, -0.012083657), (-0.07272532, 0.086333334, -0.0119332215), (-0.066801414, 0.086333334, -0.0116216345), (-0.060872562, 0.086333334, -0.012427604), (-0.054938335, 0.086333334, -0.013251674), (-0.04899832, 0.086333334, -0.0127213), (-0.043052148, 0.086333334, -0.012213915), (-0.03709949, 0.086333334, -0.013164819), (-0.03114006, 0.086333334, -0.013934048), (-0.025173595, 0.086333334, -0.013076997), (-0.019199895, 0.086333334, -0.012487477), (-0.013218798, 0.086333334, -0.013578758), (-0.0072301864, 0.086333334, -0.014229951), (-0.0012339904, 0.086333334, -0.013104103), (0.0047698137, 0.086333334, -0.012518919), (0.0107812015, 0.086333334, -0.013697466), (0.016800106, 0.086333334, -0.014164989), (0.022826405, 0.086333334, -0.012845048), (0.028859941, 0.086333334, -0.01232253), (0.034900505, 0.086333334, -0.013499246), (0.04094785, 0.086333334, -0.013729001), (0.047001682, 0.086333334, -0.012300129), (0.053061668, 0.086333334, -0.011860533), (0.05912744, 0.086333334, -0.012915242), (0.065198585, 0.086333334, -0.012864934), (0.071274675, 0.086333334, -0.011403496), (0.07735524, 0.086333334, -0.0110081155), (0.08343978, 0.086333334, -0.01177231), (0.08952777, 0.086333334, -0.0113757765), (0.09561867, 0.086333334, -0.009885348), (0.10171193, 0.086333334, -0.009329581), (0.10780696, 0.086333334, -0.00936273), (0.11390318, 0.086333334, -0.0080209635), (0.12, 0.086333334, -0.0006024134), (-0.12, 0.0925, -0.0006), (-0.11401558, 0.0925, -0.00060219166), (-0.10803106, 0.0925, -0.00060268934), (-0.10204635, 0.0925, -0.00060390297), (-0.09606135, 0.0925, -0.0006039773), (-0.09007597, 0.0925, -0.00060319185), (-0.08409013, 0.0925, -0.0006035679), (-0.07810373, 0.0925, -0.00060465175), (-0.07211669, 0.0925, -0.00060447835), (-0.06612893, 0.0925, -0.00060366996), (-0.06014038, 0.0925, -0.0006040832), (-0.05415096, 0.0925, -0.00060498377), (-0.048160613, 0.0925, -0.00060469133), (-0.042169273, 0.0925, -0.0006040167), (-0.03617689, 0.0925, -0.00060442666), (-0.030183416, 0.0925, -0.00060508115), (-0.024188811, 0.0925, -0.0006047604), (-0.018193042, 0.0925, -0.00060429005), (-0.012196084, 0.0925, -0.0006046262), (-0.0061979154, 0.0925, -0.0006050046), (-0.00019852763, 0.0925, -0.0006047405), (0.005802084, 0.0925, -0.0006044935), (0.011803917, 0.0925, -0.0006046809), (0.017806958, 0.0925, -0.0006047889), (0.02381119, 0.0925, -0.0006046533), (0.029816585, 0.0925, -0.00060460635), (0.03582311, 0.0925, -0.0006045816), (0.041830726, 0.0925, -0.0006044565), (0.04783939, 0.0925, -0.0006044952), (0.053849038, 0.0925, -0.0006045887), (0.05985962, 0.0925, -0.0006043118), (0.06587107, 0.0925, -0.0006040123), (0.071883306, 0.0925, -0.0006042277), (0.07789627, 0.0925, -0.00060436846), (0.08390987, 0.0925, -0.00060382806), (0.08992403, 0.0925, -0.0006034121), (0.09593865, 0.0925, -0.0006037227), (0.101953655, 0.0925, -0.00060374785), (0.10796894, 0.0925, -0.0006029173), (0.11398442, 0.0925, -0.0006022792), (0.12, 0.0925, -0.0006000012)]
                uniform token subdivisionScheme = "none"
                custom string userProperties:blender:data_name = "Wrinkled mailer.002"
            }
        }
    }

    def Scope "_materials"
    {
        def Material "Shipping_label_paper"
        {
            token outputs:surface.connect = </Asset/_materials/Shipping_label_paper/Principled_BSDF.outputs:surface>
            custom string userProperties:blender:data_name = "Shipping label paper"

            def Shader "Principled_BSDF"
            {
                uniform token info:id = "UsdPreviewSurface"
                float inputs:clearcoat = 0
                float inputs:clearcoatRoughness = 0.03
                color3f inputs:diffuseColor = (0.82, 0.8, 0.73)
                float inputs:ior = 1.5
                float inputs:metallic = 0
                float inputs:opacity = 1
                float inputs:roughness = 0.83
                float inputs:specular = 0.5
                token outputs:surface
            }
        }

        def Material "Printed_dark_ink"
        {
            token outputs:surface.connect = </Asset/_materials/Printed_dark_ink/Principled_BSDF.outputs:surface>
            custom string userProperties:blender:data_name = "Printed dark ink"

            def Shader "Principled_BSDF"
            {
                uniform token info:id = "UsdPreviewSurface"
                float inputs:clearcoat = 0
                float inputs:clearcoatRoughness = 0.03
                color3f inputs:diffuseColor = (0.018, 0.019, 0.018)
                float inputs:ior = 1.5
                float inputs:metallic = 0
                float inputs:opacity = 1
                float inputs:roughness = 0.84
                float inputs:specular = 0.5
                token outputs:surface
            }
        }

        def Material "KraftMailer_coated_film"
        {
            token outputs:surface.connect = </Asset/_materials/KraftMailer_coated_film/Principled_BSDF.outputs:surface>
            custom string userProperties:blender:data_name = "KraftMailer coated film"

            def Shader "Principled_BSDF"
            {
                uniform token info:id = "UsdPreviewSurface"
                float inputs:clearcoat = 0
                float inputs:clearcoatRoughness = 0.03
                color3f inputs:diffuseColor = (0.46, 0.36, 0.24)
                float inputs:ior = 1.5
                float inputs:metallic = 0
                float inputs:opacity = 1
                float inputs:roughness = 0.71
                float inputs:specular = 0.5
                token outputs:surface
            }
        }
    }
}
