#usda 1.0
(
    defaultPrim = "Asset"
    doc = "Blender v4.5.13 LTS"
    metersPerUnit = 1
    upAxis = "Z"
)

def Xform "Asset" (
    customData = {
        dictionary Blender = {
            bool generated = 1
        }
    }
)
{
    def Xform "PurpleMailer"
    {
        custom string userProperties:blender:object_name = "PurpleMailer"

        def Xform "Shipping_label_003"
        {
            custom string userProperties:blender:object_name = "Shipping_label.003"
            float3 xformOp:rotateXYZ = (0, 0, -4.583662)
            float3 xformOp:scale = (1, 1, 1)
            double3 xformOp:translate = (0, 0, 0.024000000208616257)
            uniform token[] xformOpOrder = ["xformOp:translate", "xformOp:rotateXYZ", "xformOp:scale"]

            def Xform "Barcode_line_078"
            {
                custom string userProperties:blender:object_name = "Barcode line.078"
                float3 xformOp:rotateXYZ = (0, -0, 4.2688688e-7)
                float3 xformOp:scale = (0.99999994, 0.99999994, 1)
                double3 xformOp:translate = (-0.025262219831347466, -0.003999999724328518, 0.0002500005066394806)
                uniform token[] xformOpOrder = ["xformOp:translate", "xformOp:rotateXYZ", "xformOp:scale"]

                def Mesh "Cube_131" (
                    active = true
                    prepend apiSchemas = ["MaterialBindingAPI"]
                )
                {
                    uniform bool doubleSided = 1
                    float3[] extent = [(-0.0013533334, -0.008, -0.000065), (0.0013533334, 0.008, 0.000065)]
                    int[] faceVertexCounts = [4, 4, 4, 4, 4, 4]
                    int[] faceVertexIndices = [0, 1, 3, 2, 2, 3, 7, 6, 6, 7, 5, 4, 4, 5, 1, 0, 2, 6, 4, 0, 7, 3, 1, 5]
                    rel material:binding = </Asset/_materials/Printed_dark_ink>
                    normal3f[] normals = [(-1, 0, 0), (-1, 0, 0), (-1, 0, 0), (-1, 0, 0), (0, 1, 0), (0, 1, 0), (0, 1, 0), (0, 1, 0), (1, 0, 0), (1, 0, 0), (1, 0, 0), (1, 0, 0), (0, -1, 0), (0, -1, 0), (0, -1, 0), (0, -1, 0), (0, 0, -1), (0, 0, -1), (0, 0, -1), (0, 0, -1), (0, 0, 1), (0, 0, 1), (0, 0, 1), (0, 0, 1)] (
                        interpolation = "faceVarying"
                    )
                    point3f[] points = [(-0.0013533334, -0.008, -0.000065), (-0.0013533334, -0.008, 0.000065), (-0.0013533334, 0.008, -0.000065), (-0.0013533334, 0.008, 0.000065), (0.0013533334, -0.008, -0.000065), (0.0013533334, -0.008, 0.000065), (0.0013533334, 0.008, -0.000065), (0.0013533334, 0.008, 0.000065)]
                    texCoord2f[] primvars:st = [(0.375, 0), (0.625, 0), (0.625, 0.25), (0.375, 0.25), (0.375, 0.25), (0.625, 0.25), (0.625, 0.5), (0.375, 0.5), (0.375, 0.5), (0.625, 0.5), (0.625, 0.75), (0.375, 0.75), (0.375, 0.75), (0.625, 0.75), (0.625, 1), (0.375, 1), (0.125, 0.5), (0.375, 0.5), (0.375, 0.75), (0.125, 0.75), (0.625, 0.5), (0.875, 0.5), (0.875, 0.75), (0.625, 0.75)] (
                        interpolation = "faceVarying"
                    )
                    uniform token subdivisionScheme = "none"
                    custom string userProperties:blender:data_name = "Cube.131"
                }
            }

            def Xform "Barcode_line_092"
            {
                custom string userProperties:blender:object_name = "Barcode line.092"
                float3 xformOp:rotateXYZ = (0, -0, 4.2688688e-7)
                float3 xformOp:scale = (0.99999994, 0.99999994, 1)
                double3 xformOp:translate = (0.013533332385122776, -0.004000000189989805, 0.0002500005066394806)
                uniform token[] xformOpOrder = ["xformOp:translate", "xformOp:rotateXYZ", "xformOp:scale"]

                def Mesh "Cube_145" (
                    active = true
                    prepend apiSchemas = ["MaterialBindingAPI"]
                )
                {
                    uniform bool doubleSided = 1
                    float3[] extent = [(-0.00045111112, -0.008, -0.000065), (0.00045111112, 0.008, 0.000065)]
                    int[] faceVertexCounts = [4, 4, 4, 4, 4, 4]
                    int[] faceVertexIndices = [0, 1, 3, 2, 2, 3, 7, 6, 6, 7, 5, 4, 4, 5, 1, 0, 2, 6, 4, 0, 7, 3, 1, 5]
                    rel material:binding = </Asset/_materials/Printed_dark_ink>
                    normal3f[] normals = [(-1, 0, 0), (-1, 0, 0), (-1, 0, 0), (-1, 0, 0), (0, 1, 0), (0, 1, 0), (0, 1, 0), (0, 1, 0), (1, 0, 0), (1, 0, 0), (1, 0, 0), (1, 0, 0), (0, -1, 0), (0, -1, 0), (0, -1, 0), (0, -1, 0), (0, 0, -1), (0, 0, -1), (0, 0, -1), (0, 0, -1), (0, 0, 1), (0, 0, 1), (0, 0, 1), (0, 0, 1)] (
                        interpolation = "faceVarying"
                    )
                    point3f[] points = [(-0.00045111112, -0.008, -0.000065), (-0.00045111112, -0.008, 0.000065), (-0.00045111112, 0.008, -0.000065), (-0.00045111112, 0.008, 0.000065), (0.00045111112, -0.008, -0.000065), (0.00045111112, -0.008, 0.000065), (0.00045111112, 0.008, -0.000065), (0.00045111112, 0.008, 0.000065)]
                    texCoord2f[] primvars:st = [(0.375, 0), (0.625, 0), (0.625, 0.25), (0.375, 0.25), (0.375, 0.25), (0.625, 0.25), (0.625, 0.5), (0.375, 0.5), (0.375, 0.5), (0.625, 0.5), (0.625, 0.75), (0.375, 0.75), (0.375, 0.75), (0.625, 0.75), (0.625, 1), (0.375, 1), (0.125, 0.5), (0.375, 0.5), (0.375, 0.75), (0.125, 0.75), (0.625, 0.5), (0.875, 0.5), (0.875, 0.75), (0.625, 0.75)] (
                        interpolation = "faceVarying"
                    )
                    uniform token subdivisionScheme = "none"
                    custom string userProperties:blender:data_name = "Cube.145"
                }
            }

            def Xform "Print_EXPRESS_005"
            {
                custom string userProperties:blender:object_name = "Print_EXPRESS.005"
                float3 xformOp:rotateXYZ = (0, -0, 4.2688688e-7)
                float3 xformOp:scale = (0.99999994, 0.99999994, 1)
                double3 xformOp:translate = (-0.03914999961853027, 0.01769999973475933, 0.00019999966025352478)
                uniform token[] xformOpOrder = ["xformOp:translate", "xformOp:rotateXYZ", "xformOp:scale"]

                def Mesh "Printing_019" (
                    active = true
                    prepend apiSchemas = ["MaterialBindingAPI"]
                )
                {
                    uniform bool doubleSided = 1
                    float3[] extent = [(0.00041250003, -0.000049500002, 0), (0.020383, 0.0038005002, 0)]
                    int[] faceVertexCounts = [3, 3, 3, 3, 3, 3, 3, 3, 3, 3, 3, 3, 3, 3, 3, 3, 3, 3, 3, 3, 3, 3, 3, 3, 3, 3, 3, 3, 3, 3, 3, 3, 3, 3, 3, 3, 3, 3, 3, 3, 3, 3, 3, 3, 3, 3, 3, 3, 3, 3, 3, 3, 3, 3, 3, 3, 3, 3, 3, 3, 3, 3, 3, 3, 3, 3, 3, 3, 3, 3, 3, 3, 3, 3, 3, 3, 3, 3, 3, 3, 3, 3, 3, 3, 3, 3, 3, 3, 3, 3, 3, 3, 3, 3, 3, 3, 3, 3, 3, 3, 3, 3, 3, 3, 3, 3, 3, 3, 3, 3]
                    int[] faceVertexIndices = [3, 1, 2, 3, 0, 1, 3, 20, 0, 20, 21, 0, 4, 18, 3, 18, 19, 3, 19, 20, 3, 4, 17, 18, 4, 16, 17, 5, 16, 4, 5, 15, 16, 6, 15, 5, 11, 9, 10, 6, 14, 15, 7, 14, 6, 8, 14, 7, 11, 8, 9, 11, 14, 8, 12, 14, 11, 12, 13, 14, 25, 23, 24, 25, 22, 23, 25, 42, 22, 42, 43, 22, 26, 40, 25, 40, 41, 25, 41, 42, 25, 26, 39, 40, 26, 38, 39, 27, 38, 26, 27, 37, 38, 28, 37, 27, 33, 31, 32, 28, 36, 37, 29, 36, 28, 30, 36, 29, 33, 30, 31, 33, 36, 30, 34, 36, 33, 34, 35, 36, 46, 54, 45, 54, 44, 45, 54, 55, 44, 46, 53, 54, 46, 50, 53, 50, 52, 53, 50, 51, 52, 46, 49, 50, 46, 48, 49, 46, 47, 48, 57, 73, 56, 73, 72, 56, 73, 71, 72, 73, 74, 71, 74, 75, 71, 75, 70, 71, 57, 79, 73, 76, 70, 75, 77, 70, 76, 77, 69, 70, 78, 69, 77, 78, 68, 69, 57, 59, 79, 59, 78, 79, 59, 68, 78, 59, 60, 68, 60, 67, 68, 57, 58, 59, 61, 67, 60, 62, 67, 61, 62, 66, 67, 63, 66, 62, 63, 65, 66, 63, 64, 65, 81, 89, 80, 89, 88, 80, 89, 87, 88, 89, 90, 87, 90, 91, 87, 91, 86, 87, 81, 95, 89, 92, 86, 91, 93, 86, 92, 93, 85, 86, 94, 85, 93, 81, 83, 95, 83, 94, 95, 83, 85, 94, 83, 84, 85, 81, 82, 83, 101, 99, 100, 101, 98, 99, 98, 96, 97, 98, 107, 96, 101, 107, 98, 102, 107, 101, 102, 104, 107, 104, 106, 107, 102, 103, 104, 105, 106, 104, 110, 118, 109, 118, 108, 109, 118, 119, 108, 110, 117, 118, 110, 114, 117, 114, 116, 117, 114, 115, 116, 110, 113, 114, 110, 112, 113, 110, 111, 112]
                    rel material:binding = </Asset/_materials/Printed_dark_ink>
                    normal3f[] normals = [(0, 0, 1), (0, 0, 1), (0, 0, 1), (0, 0, 0.99999994), (0, 0, 0.99999994), (0, 0, 0.99999994), (0, 0, 1), (0, 0, 1), (0, 0, 1), (0, 0, 0.99999994), (0, 0, 0.99999994), (0, 0, 0.99999994), (0, 0, 1), (0, 0, 1), (0, 0, 1), (0, 0, 1), (0, 0, 1), (0, 0, 1), (0, 0, 1), (0, 0, 1), (0, 0, 1), (0, 0, 1), (0, 0, 1), (0, 0, 1), (0, 0, 0.99999994), (0, 0, 0.99999994), (0, 0, 0.99999994), (0, 0, 0.99999994), (0, 0, 0.99999994), (0, 0, 0.99999994), (0, 0, 1), (0, 0, 1), (0, 0, 1), (0, 0, 1), (0, 0, 1), (0, 0, 1), (0, 0, 1), (0, 0, 1), (0, 0, 1), (0, 0, 0.99999994), (0, 0, 0.99999994), (0, 0, 0.99999994), (0, 0, 1), (0, 0, 1), (0, 0, 1), (0, 0, 1), (0, 0, 1), (0, 0, 1), (0, 0, 1), (0, 0, 1), (0, 0, 1), (0, 0, 1), (0, 0, 1), (0, 0, 1), (0, 0, 0.99999994), (0, 0, 0.99999994), (0, 0, 0.99999994), (0, 0, 1), (0, 0, 1), (0, 0, 1), (0, 0, 1), (0, 0, 1), (0, 0, 1), (0, 0, 1), (0, 0, 1), (0, 0, 1), (0, 0, 1), (0, 0, 1), (0, 0, 1), (0, 0, 0.99999994), (0, 0, 0.99999994), (0, 0, 0.99999994), (0, 0, 1), (0, 0, 1), (0, 0, 1), (0, 0, 1), (0, 0, 1), (0, 0, 1), (0, 0, 1), (0, 0, 1), (0, 0, 1), (0, 0, 1), (0, 0, 1), (0, 0, 1), (0, 0, 0.99999994), (0, 0, 0.99999994), (0, 0, 0.99999994), (0, 0, 0.99999994), (0, 0, 0.99999994), (0, 0, 0.99999994), (0, 0, 1), (0, 0, 1), (0, 0, 1), (0, 0, 1), (0, 0, 1), (0, 0, 1), (0, 0, 1), (0, 0, 1), (0, 0, 1), (0, 0, 0.99999994), (0, 0, 0.99999994), (0, 0, 0.99999994), (0, 0, 1), (0, 0, 1), (0, 0, 1), (0, 0, 1), (0, 0, 1), (0, 0, 1), (0, 0, 1), (0, 0, 1), (0, 0, 1), (0, 0, 1), (0, 0, 1), (0, 0, 1), (0, 0, 1), (0, 0, 1), (0, 0, 1), (0, 0, 1), (0, 0, 1), (0, 0, 1), (0, 0, 1), (0, 0, 1), (0, 0, 1), (0, 0, 1), (0, 0, 1), (0, 0, 1), (0, 0, 1), (0, 0, 1), (0, 0, 1), (0, 0, 1), (0, 0, 1), (0, 0, 1), (0, 0, 1), (0, 0, 1), (0, 0, 1), (0, 0, 1), (0, 0, 1), (0, 0, 1), (0, 0, 1), (0, 0, 1), (0, 0, 1), (0, 0, 1), (0, 0, 1), (0, 0, 1), (0, 0, 0.99999994), (0, 0, 0.99999994), (0, 0, 0.99999994), (0, 0, 1), (0, 0, 1), (0, 0, 1), (0, 0, 1), (0, 0, 1), (0, 0, 1), (0, 0, 1), (0, 0, 1), (0, 0, 1), (0, 0, 0.99999994), (0, 0, 0.99999994), (0, 0, 0.99999994), (0, 0, 1), (0, 0, 1), (0, 0, 1), (0, 0, 1), (0, 0, 1), (0, 0, 1), (0, 0, 0.99999994), (0, 0, 0.99999994), (0, 0, 0.99999994), (0, 0, 1), (0, 0, 1), (0, 0, 1), (0, 0, 1), (0, 0, 1), (0, 0, 1), (0, 0, 1), (0, 0, 1), (0, 0, 1), (0, 0, 1), (0, 0, 1), (0, 0, 1), (0, 0, 1), (0, 0, 1), (0, 0, 1), (0, 0, 1), (0, 0, 1), (0, 0, 1), (0, 0, 1), (0, 0, 1), (0, 0, 1), (0, 0, 1), (0, 0, 1), (0, 0, 1), (0, 0, 1), (0, 0, 1), (0, 0, 1), (0, 0, 1), (0, 0, 1), (0, 0, 1), (0, 0, 1), (0, 0, 1), (0, 0, 1), (0, 0, 1), (0, 0, 1), (0, 0, 1), (0, 0, 1), (0, 0, 1), (0, 0, 1), (0, 0, 1), (0, 0, 1), (0, 0, 1), (0, 0, 1), (0, 0, 1), (0, 0, 1), (0, 0, 1), (0, 0, 1), (0, 0, 1), (0, 0, 0.99999994), (0, 0, 0.99999994), (0, 0, 0.99999994), (0, 0, 1), (0, 0, 1), (0, 0, 1), (0, 0, 1), (0, 0, 1), (0, 0, 1), (0, 0, 1), (0, 0, 1), (0, 0, 1), (0, 0, 1), (0, 0, 1), (0, 0, 1), (0, 0, 1), (0, 0, 1), (0, 0, 1), (0, 0, 1), (0, 0, 1), (0, 0, 1), (0, 0, 1), (0, 0, 1), (0, 0, 1), (0, 0, 1), (0, 0, 1), (0, 0, 1), (0, 0, 1), (0, 0, 1), (0, 0, 1), (0, 0, 1), (0, 0, 1), (0, 0, 1), (0, 0, 0.99999994), (0, 0, 0.99999994), (0, 0, 0.99999994), (0, 0, 1), (0, 0, 1), (0, 0, 1), (0, 0, 1), (0, 0, 1), (0, 0, 1), (0, 0, 1), (0, 0, 1), (0, 0, 1), (0, 0, 1), (0, 0, 1), (0, 0, 1), (0, 0, 1), (0, 0, 1), (0, 0, 1), (0, 0, 0.99999994), (0, 0, 0.99999994), (0, 0, 0.99999994), (0, 0, 1), (0, 0, 1), (0, 0, 1), (0, 0, 1), (0, 0, 1), (0, 0, 1), (0, 0, 0.99999994), (0, 0, 0.99999994), (0, 0, 0.99999994), (0, 0, 1), (0, 0, 1), (0, 0, 1), (0, 0, 1), (0, 0, 1), (0, 0, 1), (0, 0, 0.99999994), (0, 0, 0.99999994), (0, 0, 0.99999994), (0, 0, 1), (0, 0, 1), (0, 0, 1), (0, 0, 1), (0, 0, 1), (0, 0, 1), (0, 0, 1), (0, 0, 1), (0, 0, 1), (0, 0, 1), (0, 0, 1), (0, 0, 1), (0, 0, 1), (0, 0, 1), (0, 0, 1), (0, 0, 1), (0, 0, 1), (0, 0, 1), (0, 0, 1), (0, 0, 1), (0, 0, 1), (0, 0, 1), (0, 0, 1), (0, 0, 1), (0, 0, 1), (0, 0, 1), (0, 0, 1), (0, 0, 1), (0, 0, 1), (0, 0, 1), (0, 0, 1), (0, 0, 1), (0, 0, 1), (0, 0, 1), (0, 0, 1), (0, 0, 1), (0, 0, 1), (0, 0, 1), (0, 0, 1), (0, 0, 1), (0, 0, 1), (0, 0, 1)] (
                        interpolation = "faceVarying"
                    )
                    point3f[] points = [(0.0202345, 0.0035365, 0), (0.01982475, 0.0037345001, 0), (0.0193985, 0.0038005002, 0), (0.018571436, 0.0035289377, 0), (0.01826, 0.0027995, 0), (0.019071251, 0.0017586251, 0), (0.0198825, 0.00090750004, 0), (0.019733999, 0.000592625, 0), (0.019272, 0.00043450002, 0), (0.018741937, 0.00057475, 0), (0.018282, 0.000979, 0), (0.018282, 0.00029700002, 0), (0.018772187, 0.00003506249, 0), (0.019332498, -0.000049500002, 0), (0.020084625, 0.00023856253, 0), (0.020383, 0.0009680001, 0), (0.019571751, 0.002096875, 0), (0.0187605, 0.002871, 0), (0.018927563, 0.0031927503, 0), (0.0193545, 0.0033165002, 0), (0.01976975, 0.0032346877, 0), (0.0202345, 0.002926, 0), (0.017715499, 0.0035365, 0), (0.01730575, 0.0037345001, 0), (0.0168795, 0.0038005002, 0), (0.016052438, 0.0035289377, 0), (0.015741, 0.0027995, 0), (0.01655225, 0.0017586251, 0), (0.0173635, 0.00090750004, 0), (0.017214999, 0.000592625, 0), (0.016753, 0.00043450002, 0), (0.016222939, 0.00057475, 0), (0.015763, 0.000979, 0), (0.015763, 0.00029700002, 0), (0.016253188, 0.00003506249, 0), (0.016813502, -0.000049500002, 0), (0.017565625, 0.00023856253, 0), (0.017864, 0.0009680001, 0), (0.017052751, 0.002096875, 0), (0.0162415, 0.002871, 0), (0.016408563, 0.0031927503, 0), (0.016835501, 0.0033165002, 0), (0.01725075, 0.0032346877, 0), (0.017715499, 0.002926, 0), (0.015311999, 0.0037510002, 0), (0.013183501, 0.0037510002, 0), (0.013183501, 0, 0), (0.0153615, 0, 0), (0.0153615, 0.00048400005, 0), (0.013722501, 0.00048400005, 0), (0.013722501, 0.0016500001, 0), (0.015257001, 0.0016500001, 0), (0.015257001, 0.002134, 0), (0.013722501, 0.002134, 0), (0.013722501, 0.0032670002, 0), (0.015311999, 0.0032670002, 0), (0.0098725, 0.0037510002, 0), (0.0098725, 0, 0), (0.010411499, 0, 0), (0.010411499, 0.001628, 0), (0.010636999, 0.001628, 0), (0.01105225, 0.00148775, 0), (0.0116325, 0.00077, 0), (0.012127499, 0, 0), (0.012771, 0, 0), (0.012478125, 0.00040837502, 0), (0.0122595, 0.0007425, 0), (0.011862125, 0.001353, 0), (0.011423499, 0.001782, 0), (0.011887562, 0.002138125, 0), (0.0120505, 0.0027005002, 0), (0.011719125, 0.0034691251, 0), (0.0108185, 0.0037510002, 0), (0.010411499, 0.0032890004, 0), (0.0107579995, 0.0032890004, 0), (0.011320375, 0.00313775, 0), (0.011495, 0.0027225001, 0), (0.011345125, 0.0022996876, 0), (0.0107579995, 0.002112, 0), (0.010411499, 0.002112, 0), (0.0070289997, 0.0037510002, 0), (0.0070289997, 0, 0), (0.0075679994, 0, 0), (0.0075679994, 0.0016225001, 0), (0.008129, 0.0016225001, 0), (0.009087374, 0.0019270625, 0), (0.009393999, 0.002673, 0), (0.009104562, 0.0034347503, 0), (0.008200499, 0.0037510002, 0), (0.0075679994, 0.0032670002, 0), (0.008200499, 0.0032670002, 0), (0.008703062, 0.003084125, 0), (0.0088385, 0.002695, 0), (0.008659062, 0.0022605, 0), (0.0081784995, 0.0021065, 0), (0.0075679994, 0.0021065, 0), (0.0065285, 0.0037510002, 0), (0.0058795, 0.0037510002, 0), (0.004708, 0.0023210002, 0), (0.003531, 0.0037510002, 0), (0.0028765, 0.0037510002, 0), (0.004378, 0.0019415001, 0), (0.0027609998, 0, 0), (0.0034155, 0, 0), (0.004708, 0.001551, 0), (0.0059840004, 0, 0), (0.0066330004, 0, 0), (0.0050325003, 0.0019415001, 0), (0.002541, 0.0037510002, 0), (0.00041250003, 0.0037510002, 0), (0.00041250003, 0, 0), (0.0025905, 0, 0), (0.0025905, 0.00048400005, 0), (0.0009515, 0.00048400005, 0), (0.0009515, 0.0016500001, 0), (0.002486, 0.0016500001, 0), (0.002486, 0.002134, 0), (0.0009515, 0.002134, 0), (0.0009515, 0.0032670002, 0), (0.002541, 0.0032670002, 0)]
                    texCoord2f[] primvars:st = [(0.14285715, 0), (0.04761905, 0), (0.0952381, 0), (0.14285715, 0), (0, 0), (0.04761905, 0), (0.14285715, 0), (0.95238096, 0), (0, 0), (0.95238096, 0), (1, 0), (0, 0), (0.1904762, 0), (0.85714287, 0), (0.14285715, 0), (0.85714287, 0), (0.9047619, 0), (0.14285715, 0), (0.9047619, 0), (0.95238096, 0), (0.14285715, 0), (0.1904762, 0), (0.8095238, 0), (0.85714287, 0), (0.1904762, 0), (0.7619048, 0), (0.8095238, 0), (0.23809524, 0), (0.7619048, 0), (0.1904762, 0), (0.23809524, 0), (0.71428573, 0), (0.7619048, 0), (0.2857143, 0), (0.71428573, 0), (0.23809524, 0), (0.52380955, 0), (0.42857143, 0), (0.47619048, 0), (0.2857143, 0), (0.6666667, 0), (0.71428573, 0), (0.33333334, 0), (0.6666667, 0), (0.2857143, 0), (0.3809524, 0), (0.6666667, 0), (0.33333334, 0), (0.52380955, 0), (0.3809524, 0), (0.42857143, 0), (0.52380955, 0), (0.6666667, 0), (0.3809524, 0), (0.5714286, 0), (0.6666667, 0), (0.52380955, 0), (0.5714286, 0), (0.61904764, 0), (0.6666667, 0), (0.14285715, 0), (0.04761905, 0), (0.0952381, 0), (0.14285715, 0), (0, 0), (0.04761905, 0), (0.14285715, 0), (0.95238096, 0), (0, 0), (0.95238096, 0), (1, 0), (0, 0), (0.1904762, 0), (0.85714287, 0), (0.14285715, 0), (0.85714287, 0), (0.9047619, 0), (0.14285715, 0), (0.9047619, 0), (0.95238096, 0), (0.14285715, 0), (0.1904762, 0), (0.8095238, 0), (0.85714287, 0), (0.1904762, 0), (0.7619048, 0), (0.8095238, 0), (0.23809524, 0), (0.7619048, 0), (0.1904762, 0), (0.23809524, 0), (0.71428573, 0), (0.7619048, 0), (0.2857143, 0), (0.71428573, 0), (0.23809524, 0), (0.52380955, 0), (0.42857143, 0), (0.47619048, 0), (0.2857143, 0), (0.6666667, 0), (0.71428573, 0), (0.33333334, 0), (0.6666667, 0), (0.2857143, 0), (0.3809524, 0), (0.6666667, 0), (0.33333334, 0), (0.52380955, 0), (0.3809524, 0), (0.42857143, 0), (0.52380955, 0), (0.6666667, 0), (0.3809524, 0), (0.5714286, 0), (0.6666667, 0), (0.52380955, 0), (0.5714286, 0), (0.61904764, 0), (0.6666667, 0), (0.18181819, 0), (0.90909094, 0), (0.09090909, 0), (0.90909094, 0), (0, 0), (0.09090909, 0), (0.90909094, 0), (1, 0), (0, 0), (0.18181819, 0), (0.8181818, 0), (0.90909094, 0), (0.18181819, 0), (0.54545456, 0), (0.8181818, 0), (0.54545456, 0), (0.72727275, 0), (0.8181818, 0), (0.54545456, 0), (0.6363636, 0), (0.72727275, 0), (0.18181819, 0), (0.45454547, 0), (0.54545456, 0), (0.18181819, 0), (0.36363637, 0), (0.45454547, 0), (0.18181819, 0), (0.27272728, 0), (0.36363637, 0), (0.04347826, 0), (0.73913044, 0), (0, 0), (0.73913044, 0), (0.6956522, 0), (0, 0), (0.73913044, 0), (0.65217394, 0), (0.6956522, 0), (0.73913044, 0), (0.7826087, 0), (0.65217394, 0), (0.7826087, 0), (0.82608694, 0), (0.65217394, 0), (0.82608694, 0), (0.6086956, 0), (0.65217394, 0), (0.04347826, 0), (1, 0), (0.73913044, 0), (0.8695652, 0), (0.6086956, 0), (0.82608694, 0), (0.9130435, 0), (0.6086956, 0), (0.8695652, 0), (0.9130435, 0), (0.5652174, 0), (0.6086956, 0), (0.95652175, 0), (0.5652174, 0), (0.9130435, 0), (0.95652175, 0), (0.5217391, 0), (0.5652174, 0), (0.04347826, 0), (0.13043478, 0), (1, 0), (0.13043478, 0), (0.95652175, 0), (1, 0), (0.13043478, 0), (0.5217391, 0), (0.95652175, 0), (0.13043478, 0), (0.17391305, 0), (0.5217391, 0), (0.17391305, 0), (0.47826087, 0), (0.5217391, 0), (0.04347826, 0), (0.08695652, 0), (0.13043478, 0), (0.2173913, 0), (0.47826087, 0), (0.17391305, 0), (0.26086956, 0), (0.47826087, 0), (0.2173913, 0), (0.26086956, 0), (0.4347826, 0), (0.47826087, 0), (0.3043478, 0), (0.4347826, 0), (0.26086956, 0), (0.3043478, 0), (0.39130434, 0), (0.4347826, 0), (0.3043478, 0), (0.3478261, 0), (0.39130434, 0), (0.06666667, 0), (0.6, 0), (0, 0), (0.6, 0), (0.53333336, 0), (0, 0), (0.6, 0), (0.46666667, 0), (0.53333336, 0), (0.6, 0), (0.6666667, 0), (0.46666667, 0), (0.6666667, 0), (0.73333335, 0), (0.46666667, 0), (0.73333335, 0), (0.4, 0), (0.46666667, 0), (0.06666667, 0), (1, 0), (0.6, 0), (0.8, 0), (0.4, 0), (0.73333335, 0), (0.8666667, 0), (0.4, 0), (0.8, 0), (0.8666667, 0), (0.33333334, 0), (0.4, 0), (0.93333334, 0), (0.33333334, 0), (0.8666667, 0), (0.06666667, 0), (0.2, 0), (1, 0), (0.2, 0), (0.93333334, 0), (1, 0), (0.2, 0), (0.33333334, 0), (0.93333334, 0), (0.2, 0), (0.26666668, 0), (0.33333334, 0), (0.06666667, 0), (0.13333334, 0), (0.2, 0), (0.45454547, 0), (0.27272728, 0), (0.36363637, 0), (0.45454547, 0), (0.18181819, 0), (0.27272728, 0), (0.18181819, 0), (0, 0), (0.09090909, 0), (0.18181819, 0), (1, 0), (0, 0), (0.45454547, 0), (1, 0), (0.18181819, 0), (0.54545456, 0), (1, 0), (0.45454547, 0), (0.54545456, 0), (0.72727275, 0), (1, 0), (0.72727275, 0), (0.90909094, 0), (1, 0), (0.54545456, 0), (0.6363636, 0), (0.72727275, 0), (0.8181818, 0), (0.90909094, 0), (0.72727275, 0), (0.18181819, 0), (0.90909094, 0), (0.09090909, 0), (0.90909094, 0), (0, 0), (0.09090909, 0), (0.90909094, 0), (1, 0), (0, 0), (0.18181819, 0), (0.8181818, 0), (0.90909094, 0), (0.18181819, 0), (0.54545456, 0), (0.8181818, 0), (0.54545456, 0), (0.72727275, 0), (0.8181818, 0), (0.54545456, 0), (0.6363636, 0), (0.72727275, 0), (0.18181819, 0), (0.45454547, 0), (0.54545456, 0), (0.18181819, 0), (0.36363637, 0), (0.45454547, 0), (0.18181819, 0), (0.27272728, 0), (0.36363637, 0)] (
                        interpolation = "faceVarying"
                    )
                    uniform token subdivisionScheme = "none"
                    custom string userProperties:blender:data_name = "Printing.019"
                }
            }

            def Xform "Barcode_line_081"
            {
                custom string userProperties:blender:object_name = "Barcode line.081"
                float3 xformOp:rotateXYZ = (0, -0, 4.2688688e-7)
                float3 xformOp:scale = (0.99999994, 0.99999994, 1)
                double3 xformOp:translate = (-0.017142221331596375, -0.003999999724328518, 0.0002500005066394806)
                uniform token[] xformOpOrder = ["xformOp:translate", "xformOp:rotateXYZ", "xformOp:scale"]

                def Mesh "Cube_134" (
                    active = true
                    prepend apiSchemas = ["MaterialBindingAPI"]
                )
                {
                    uniform bool doubleSided = 1
                    float3[] extent = [(-0.00045111112, -0.008, -0.000065), (0.00045111112, 0.008, 0.000065)]
                    int[] faceVertexCounts = [4, 4, 4, 4, 4, 4]
                    int[] faceVertexIndices = [0, 1, 3, 2, 2, 3, 7, 6, 6, 7, 5, 4, 4, 5, 1, 0, 2, 6, 4, 0, 7, 3, 1, 5]
                    rel material:binding = </Asset/_materials/Printed_dark_ink>
                    normal3f[] normals = [(-1, 0, 0), (-1, 0, 0), (-1, 0, 0), (-1, 0, 0), (0, 1, 0), (0, 1, 0), (0, 1, 0), (0, 1, 0), (1, 0, 0), (1, 0, 0), (1, 0, 0), (1, 0, 0), (0, -1, 0), (0, -1, 0), (0, -1, 0), (0, -1, 0), (0, 0, -1), (0, 0, -1), (0, 0, -1), (0, 0, -1), (0, 0, 1), (0, 0, 1), (0, 0, 1), (0, 0, 1)] (
                        interpolation = "faceVarying"
                    )
                    point3f[] points = [(-0.00045111112, -0.008, -0.000065), (-0.00045111112, -0.008, 0.000065), (-0.00045111112, 0.008, -0.000065), (-0.00045111112, 0.008, 0.000065), (0.00045111112, -0.008, -0.000065), (0.00045111112, -0.008, 0.000065), (0.00045111112, 0.008, -0.000065), (0.00045111112, 0.008, 0.000065)]
                    texCoord2f[] primvars:st = [(0.375, 0), (0.625, 0), (0.625, 0.25), (0.375, 0.25), (0.375, 0.25), (0.625, 0.25), (0.625, 0.5), (0.375, 0.5), (0.375, 0.5), (0.625, 0.5), (0.625, 0.75), (0.375, 0.75), (0.375, 0.75), (0.625, 0.75), (0.625, 1), (0.375, 1), (0.125, 0.5), (0.375, 0.5), (0.375, 0.75), (0.125, 0.75), (0.625, 0.5), (0.875, 0.5), (0.875, 0.75), (0.625, 0.75)] (
                        interpolation = "faceVarying"
                    )
                    uniform token subdivisionScheme = "none"
                    custom string userProperties:blender:data_name = "Cube.134"
                }
            }

            def Xform "Barcode_line_091"
            {
                custom string userProperties:blender:object_name = "Barcode line.091"
                float3 xformOp:rotateXYZ = (0, -0, 4.2688688e-7)
                float3 xformOp:scale = (0.99999994, 0.99999994, 1)
                double3 xformOp:translate = (0.011728889308869839, -0.003999999724328518, 0.0002500005066394806)
                uniform token[] xformOpOrder = ["xformOp:translate", "xformOp:rotateXYZ", "xformOp:scale"]

                def Mesh "Cube_144" (
                    active = true
                    prepend apiSchemas = ["MaterialBindingAPI"]
                )
                {
                    uniform bool doubleSided = 1
                    float3[] extent = [(-0.00045111112, -0.008, -0.000065), (0.00045111112, 0.008, 0.000065)]
                    int[] faceVertexCounts = [4, 4, 4, 4, 4, 4]
                    int[] faceVertexIndices = [0, 1, 3, 2, 2, 3, 7, 6, 6, 7, 5, 4, 4, 5, 1, 0, 2, 6, 4, 0, 7, 3, 1, 5]
                    rel material:binding = </Asset/_materials/Printed_dark_ink>
                    normal3f[] normals = [(-1, 0, 0), (-1, 0, 0), (-1, 0, 0), (-1, 0, 0), (0, 1, 0), (0, 1, 0), (0, 1, 0), (0, 1, 0), (1, 0, 0), (1, 0, 0), (1, 0, 0), (1, 0, 0), (0, -1, 0), (0, -1, 0), (0, -1, 0), (0, -1, 0), (0, 0, -1), (0, 0, -1), (0, 0, -1), (0, 0, -1), (0, 0, 1), (0, 0, 1), (0, 0, 1), (0, 0, 1)] (
                        interpolation = "faceVarying"
                    )
                    point3f[] points = [(-0.00045111112, -0.008, -0.000065), (-0.00045111112, -0.008, 0.000065), (-0.00045111112, 0.008, -0.000065), (-0.00045111112, 0.008, 0.000065), (0.00045111112, -0.008, -0.000065), (0.00045111112, -0.008, 0.000065), (0.00045111112, 0.008, -0.000065), (0.00045111112, 0.008, 0.000065)]
                    texCoord2f[] primvars:st = [(0.375, 0), (0.625, 0), (0.625, 0.25), (0.375, 0.25), (0.375, 0.25), (0.625, 0.25), (0.625, 0.5), (0.375, 0.5), (0.375, 0.5), (0.625, 0.5), (0.625, 0.75), (0.375, 0.75), (0.375, 0.75), (0.625, 0.75), (0.625, 1), (0.375, 1), (0.125, 0.5), (0.375, 0.5), (0.375, 0.75), (0.125, 0.75), (0.625, 0.5), (0.875, 0.5), (0.875, 0.75), (0.625, 0.75)] (
                        interpolation = "faceVarying"
                    )
                    uniform token subdivisionScheme = "none"
                    custom string userProperties:blender:data_name = "Cube.144"
                }
            }

            def Xform "Barcode_line_099"
            {
                custom string userProperties:blender:object_name = "Barcode line.099"
                float3 xformOp:rotateXYZ = (0, -0, 4.2688688e-7)
                float3 xformOp:scale = (0.99999994, 0.99999994, 1)
                double3 xformOp:translate = (0.03608888387680054, -0.003999999724328518, 0.0002500005066394806)
                uniform token[] xformOpOrder = ["xformOp:translate", "xformOp:rotateXYZ", "xformOp:scale"]

                def Mesh "Cube_152" (
                    active = true
                    prepend apiSchemas = ["MaterialBindingAPI"]
                )
                {
                    uniform bool doubleSided = 1
                    float3[] extent = [(-0.00045111112, -0.008, -0.000065), (0.00045111112, 0.008, 0.000065)]
                    int[] faceVertexCounts = [4, 4, 4, 4, 4, 4]
                    int[] faceVertexIndices = [0, 1, 3, 2, 2, 3, 7, 6, 6, 7, 5, 4, 4, 5, 1, 0, 2, 6, 4, 0, 7, 3, 1, 5]
                    rel material:binding = </Asset/_materials/Printed_dark_ink>
                    normal3f[] normals = [(-1, 0, 0), (-1, 0, 0), (-1, 0, 0), (-1, 0, 0), (0, 1, 0), (0, 1, 0), (0, 1, 0), (0, 1, 0), (1, 0, 0), (1, 0, 0), (1, 0, 0), (1, 0, 0), (0, -1, 0), (0, -1, 0), (0, -1, 0), (0, -1, 0), (0, 0, -1), (0, 0, -1), (0, 0, -1), (0, 0, -1), (0, 0, 1), (0, 0, 1), (0, 0, 1), (0, 0, 1)] (
                        interpolation = "faceVarying"
                    )
                    point3f[] points = [(-0.00045111112, -0.008, -0.000065), (-0.00045111112, -0.008, 0.000065), (-0.00045111112, 0.008, -0.000065), (-0.00045111112, 0.008, 0.000065), (0.00045111112, -0.008, -0.000065), (0.00045111112, -0.008, 0.000065), (0.00045111112, 0.008, -0.000065), (0.00045111112, 0.008, 0.000065)]
                    texCoord2f[] primvars:st = [(0.375, 0), (0.625, 0), (0.625, 0.25), (0.375, 0.25), (0.375, 0.25), (0.625, 0.25), (0.625, 0.5), (0.375, 0.5), (0.375, 0.5), (0.625, 0.5), (0.625, 0.75), (0.375, 0.75), (0.375, 0.75), (0.625, 0.75), (0.625, 1), (0.375, 1), (0.125, 0.5), (0.375, 0.5), (0.375, 0.75), (0.125, 0.75), (0.625, 0.5), (0.875, 0.5), (0.875, 0.75), (0.625, 0.75)] (
                        interpolation = "faceVarying"
                    )
                    uniform token subdivisionScheme = "none"
                    custom string userProperties:blender:data_name = "Cube.152"
                }
            }

            def Xform "Barcode_line_076"
            {
                custom string userProperties:blender:object_name = "Barcode line.076"
                float3 xformOp:rotateXYZ = (0, -0, 4.2688688e-7)
                float3 xformOp:scale = (0.99999994, 0.99999994, 1)
                double3 xformOp:translate = (-0.03248000144958496, -0.003999999724328518, 0.0002500005066394806)
                uniform token[] xformOpOrder = ["xformOp:translate", "xformOp:rotateXYZ", "xformOp:scale"]

                def Mesh "Cube_129" (
                    active = true
                    prepend apiSchemas = ["MaterialBindingAPI"]
                )
                {
                    uniform bool doubleSided = 1
                    float3[] extent = [(-0.00045111112, -0.008, -0.000065), (0.00045111112, 0.008, 0.000065)]
                    int[] faceVertexCounts = [4, 4, 4, 4, 4, 4]
                    int[] faceVertexIndices = [0, 1, 3, 2, 2, 3, 7, 6, 6, 7, 5, 4, 4, 5, 1, 0, 2, 6, 4, 0, 7, 3, 1, 5]
                    rel material:binding = </Asset/_materials/Printed_dark_ink>
                    normal3f[] normals = [(-1, 0, 0), (-1, 0, 0), (-1, 0, 0), (-1, 0, 0), (0, 1, 0), (0, 1, 0), (0, 1, 0), (0, 1, 0), (1, 0, 0), (1, 0, 0), (1, 0, 0), (1, 0, 0), (0, -1, 0), (0, -1, 0), (0, -1, 0), (0, -1, 0), (0, 0, -1), (0, 0, -1), (0, 0, -1), (0, 0, -1), (0, 0, 1), (0, 0, 1), (0, 0, 1), (0, 0, 1)] (
                        interpolation = "faceVarying"
                    )
                    point3f[] points = [(-0.00045111112, -0.008, -0.000065), (-0.00045111112, -0.008, 0.000065), (-0.00045111112, 0.008, -0.000065), (-0.00045111112, 0.008, 0.000065), (0.00045111112, -0.008, -0.000065), (0.00045111112, -0.008, 0.000065), (0.00045111112, 0.008, -0.000065), (0.00045111112, 0.008, 0.000065)]
                    texCoord2f[] primvars:st = [(0.375, 0), (0.625, 0), (0.625, 0.25), (0.375, 0.25), (0.375, 0.25), (0.625, 0.25), (0.625, 0.5), (0.375, 0.5), (0.375, 0.5), (0.625, 0.5), (0.625, 0.75), (0.375, 0.75), (0.375, 0.75), (0.625, 0.75), (0.625, 1), (0.375, 1), (0.125, 0.5), (0.375, 0.5), (0.375, 0.75), (0.125, 0.75), (0.625, 0.5), (0.875, 0.5), (0.875, 0.75), (0.625, 0.75)] (
                        interpolation = "faceVarying"
                    )
                    uniform token subdivisionScheme = "none"
                    custom string userProperties:blender:data_name = "Cube.129"
                }
            }

            def Xform "Print_STANDARD___SORT_003"
            {
                custom string userProperties:blender:object_name = "Print_STANDARD___SORT.003"
                float3 xformOp:rotateXYZ = (0, -0, 4.2688688e-7)
                float3 xformOp:scale = (0.99999994, 0.99999994, 1)
                double3 xformOp:translate = (-0.03914999961853027, 0.007079999893903732, 0.00019999966025352478)
                uniform token[] xformOpOrder = ["xformOp:translate", "xformOp:rotateXYZ", "xformOp:scale"]

                def Mesh "Printing_021" (
                    active = true
                    prepend apiSchemas = ["MaterialBindingAPI"]
                )
                {
                    uniform bool doubleSided = 1
                    float3[] extent = [(0.00010800001, -0.000024300001, 0), (0.023184901, 0.0018657001, 0)]
                    int[] faceVertexCounts = [3, 3, 3, 3, 3, 3, 3, 3, 3, 3, 3, 3, 3, 3, 3, 3, 3, 3, 3, 3, 3, 3, 3, 3, 3, 3, 3, 3, 3, 3, 3, 3, 3, 3, 3, 3, 3, 3, 3, 3, 3, 3, 3, 3, 3, 3, 3, 3, 3, 3, 3, 3, 3, 3, 3, 3, 3, 3, 3, 3, 3, 3, 3, 3, 3, 3, 3, 3, 3, 3, 3, 3, 3, 3, 3, 3, 3, 3, 3, 3, 3, 3, 3, 3, 3, 3, 3, 3, 3, 3, 3, 3, 3, 3, 3, 3, 3, 3, 3, 3, 3, 3, 3, 3, 3, 3, 3, 3, 3, 3, 3, 3, 3, 3, 3, 3, 3, 3, 3, 3, 3, 3, 3, 3, 3, 3, 3, 3, 3, 3, 3, 3, 3, 3, 3, 3, 3, 3, 3, 3, 3, 3, 3, 3, 3, 3, 3, 3, 3, 3, 3, 3, 3, 3, 3, 3, 3, 3, 3, 3, 3, 3, 3, 3, 3, 3, 3, 3, 3, 3, 3, 3, 3, 3]
                    int[] faceVertexIndices = [2, 0, 1, 2, 7, 0, 3, 7, 2, 4, 6, 3, 6, 7, 3, 4, 5, 6, 9, 25, 8, 25, 24, 8, 25, 23, 24, 25, 26, 23, 26, 27, 23, 27, 22, 23, 9, 31, 25, 28, 22, 27, 29, 22, 28, 29, 21, 22, 30, 21, 29, 30, 20, 21, 9, 11, 31, 11, 30, 31, 11, 20, 30, 11, 12, 20, 12, 19, 20, 9, 10, 11, 13, 19, 12, 14, 19, 13, 14, 18, 19, 15, 18, 14, 15, 17, 18, 15, 16, 17, 39, 42, 38, 42, 37, 38, 39, 41, 42, 43, 37, 42, 43, 36, 37, 32, 41, 39, 32, 40, 41, 44, 36, 43, 33, 40, 32, 33, 47, 40, 45, 36, 44, 45, 35, 36, 33, 46, 47, 46, 35, 45, 46, 34, 35, 34, 46, 33, 51, 49, 50, 51, 48, 49, 51, 68, 48, 68, 69, 48, 52, 66, 51, 66, 67, 51, 67, 68, 51, 52, 65, 66, 52, 64, 65, 53, 64, 52, 53, 63, 64, 54, 63, 53, 59, 57, 58, 54, 62, 63, 55, 62, 54, 56, 62, 55, 59, 56, 57, 59, 62, 56, 60, 62, 59, 60, 61, 62, 70, 77, 76, 77, 75, 76, 77, 78, 75, 78, 74, 75, 70, 83, 77, 79, 74, 78, 79, 73, 74, 80, 73, 79, 81, 73, 80, 81, 72, 73, 82, 72, 81, 82, 71, 72, 70, 82, 83, 70, 71, 82, 85, 101, 84, 101, 100, 84, 101, 99, 100, 101, 102, 99, 102, 103, 99, 103, 98, 99, 85, 107, 101, 104, 98, 103, 105, 98, 104, 105, 97, 98, 106, 97, 105, 106, 96, 97, 85, 87, 107, 87, 106, 107, 87, 96, 106, 87, 88, 96, 88, 95, 96, 85, 86, 87, 89, 95, 88, 90, 95, 89, 90, 94, 95, 91, 94, 90, 91, 93, 94, 91, 92, 93, 110, 108, 109, 110, 116, 108, 116, 115, 108, 110, 118, 116, 117, 115, 116, 110, 112, 118, 112, 117, 118, 112, 113, 117, 113, 115, 117, 110, 111, 112, 114, 115, 113, 119, 126, 125, 126, 124, 125, 126, 127, 124, 127, 123, 124, 119, 132, 126, 128, 123, 127, 128, 122, 123, 129, 122, 128, 130, 122, 129, 130, 121, 122, 131, 121, 130, 131, 120, 121, 119, 131, 132, 119, 120, 131, 138, 136, 137, 138, 140, 136, 140, 135, 136, 135, 133, 134, 135, 142, 133, 138, 139, 140, 141, 135, 140, 141, 142, 135, 145, 143, 144, 145, 151, 143, 151, 150, 143, 145, 153, 151, 152, 150, 151, 145, 147, 153, 147, 152, 153, 147, 148, 152, 148, 150, 152, 145, 146, 147, 149, 150, 148, 156, 154, 155, 156, 161, 154, 157, 161, 156, 158, 160, 157, 160, 161, 157, 158, 159, 160, 165, 163, 164, 165, 162, 163, 165, 182, 162, 182, 183, 162, 166, 180, 165, 180, 181, 165, 181, 182, 165, 166, 179, 180, 166, 178, 179, 167, 178, 166, 167, 177, 178, 168, 177, 167, 173, 171, 172, 168, 176, 177, 169, 176, 168, 170, 176, 169, 173, 170, 171, 173, 176, 170, 174, 176, 173, 174, 175, 176]
                    rel material:binding = </Asset/_materials/Printed_dark_ink>
                    normal3f[] normals = [(0, 0, 1), (0, 0, 1), (0, 0, 1), (0, 0, 1), (0, 0, 1), (0, 0, 1), (0, 0, 1), (0, 0, 1), (0, 0, 1), (0, 0, 1), (0, 0, 1), (0, 0, 1), (0, 0, 1), (0, 0, 1), (0, 0, 1), (0, 0, 1), (0, 0, 1), (0, 0, 1), (0, 0, 1), (0, 0, 1), (0, 0, 1), (0, 0, 1), (0, 0, 1), (0, 0, 1), (0, 0, 1), (0, 0, 1), (0, 0, 1), (0, 0, 1), (0, 0, 1), (0, 0, 1), (0, 0, 0.99999994), (0, 0, 0.99999994), (0, 0, 0.99999994), (0, 0, 1), (0, 0, 1), (0, 0, 1), (0, 0, 1), (0, 0, 1), (0, 0, 1), (0, 0, 1), (0, 0, 1), (0, 0, 1), (0, 0, 0.99999994), (0, 0, 0.99999994), (0, 0, 0.99999994), (0, 0, 1), (0, 0, 1), (0, 0, 1), (0, 0, 0.99999994), (0, 0, 0.99999994), (0, 0, 0.99999994), (0, 0, 0.99999994), (0, 0, 0.99999994), (0, 0, 0.99999994), (0, 0, 1), (0, 0, 1), (0, 0, 1), (0, 0, 1), (0, 0, 1), (0, 0, 1), (0, 0, 1), (0, 0, 1), (0, 0, 1), (0, 0, 1), (0, 0, 1), (0, 0, 1), (0, 0, 1), (0, 0, 1), (0, 0, 1), (0, 0, 0.99999994), (0, 0, 0.99999994), (0, 0, 0.99999994), (0, 0, 0.99999994), (0, 0, 0.99999994), (0, 0, 0.99999994), (0, 0, 1), (0, 0, 1), (0, 0, 1), (0, 0, 1), (0, 0, 1), (0, 0, 1), (0, 0, 1), (0, 0, 1), (0, 0, 1), (0, 0, 1), (0, 0, 1), (0, 0, 1), (0, 0, 1), (0, 0, 1), (0, 0, 1), (0, 0, 1), (0, 0, 1), (0, 0, 1), (0, 0, 1), (0, 0, 1), (0, 0, 1), (0, 0, 1), (0, 0, 1), (0, 0, 1), (0, 0, 1), (0, 0, 1), (0, 0, 1), (0, 0, 1), (0, 0, 1), (0, 0, 1), (0, 0, 1), (0, 0, 1), (0, 0, 1), (0, 0, 1), (0, 0, 1), (0, 0, 1), (0, 0, 1), (0, 0, 1), (0, 0, 1), (0, 0, 1), (0, 0, 1), (0, 0, 1), (0, 0, 1), (0, 0, 1), (0, 0, 1), (0, 0, 1), (0, 0, 1), (0, 0, 1), (0, 0, 1), (0, 0, 1), (0, 0, 1), (0, 0, 1), (0, 0, 1), (0, 0, 1), (0, 0, 1), (0, 0, 1), (0, 0, 1), (0, 0, 1), (0, 0, 1), (0, 0, 1), (0, 0, 1), (0, 0, 1), (0, 0, 1), (0, 0, 0.99999994), (0, 0, 0.99999994), (0, 0, 0.99999994), (0, 0, 1), (0, 0, 1), (0, 0, 1), (0, 0, 1), (0, 0, 1), (0, 0, 1), (0, 0, 1), (0, 0, 1), (0, 0, 1), (0, 0, 1), (0, 0, 1), (0, 0, 1), (0, 0, 1), (0, 0, 1), (0, 0, 1), (0, 0, 1), (0, 0, 1), (0, 0, 1), (0, 0, 1), (0, 0, 1), (0, 0, 1), (0, 0, 0.99999994), (0, 0, 0.99999994), (0, 0, 0.99999994), (0, 0, 1), (0, 0, 1), (0, 0, 1), (0, 0, 1), (0, 0, 1), (0, 0, 1), (0, 0, 0.99999994), (0, 0, 0.99999994), (0, 0, 0.99999994), (0, 0, 1), (0, 0, 1), (0, 0, 1), (0, 0, 1), (0, 0, 1), (0, 0, 1), (0, 0, 1), (0, 0, 1), (0, 0, 1), (0, 0, 0.99999994), (0, 0, 0.99999994), (0, 0, 0.99999994), (0, 0, 0.99999994), (0, 0, 0.99999994), (0, 0, 0.99999994), (0, 0, 1), (0, 0, 1), (0, 0, 1), (0, 0, 1), (0, 0, 1), (0, 0, 1), (0, 0, 1), (0, 0, 1), (0, 0, 1), (0, 0, 1), (0, 0, 1), (0, 0, 1), (0, 0, 1), (0, 0, 1), (0, 0, 1), (0, 0, 1), (0, 0, 1), (0, 0, 1), (0, 0, 0.99999994), (0, 0, 0.99999994), (0, 0, 0.99999994), (0, 0, 0.99999994), (0, 0, 0.99999994), (0, 0, 0.99999994), (0, 0, 1), (0, 0, 1), (0, 0, 1), (0, 0, 0.99999994), (0, 0, 0.99999994), (0, 0, 0.99999994), (0, 0, 1), (0, 0, 1), (0, 0, 1), (0, 0, 1), (0, 0, 1), (0, 0, 1), (0, 0, 0.99999994), (0, 0, 0.99999994), (0, 0, 0.99999994), (0, 0, 0.99999994), (0, 0, 0.99999994), (0, 0, 0.99999994), (0, 0, 1), (0, 0, 1), (0, 0, 1), (0, 0, 0.99999994), (0, 0, 0.99999994), (0, 0, 0.99999994), (0, 0, 1), (0, 0, 1), (0, 0, 1), (0, 0, 1), (0, 0, 1), (0, 0, 1), (0, 0, 1), (0, 0, 1), (0, 0, 1), (0, 0, 1), (0, 0, 1), (0, 0, 1), (0, 0, 1), (0, 0, 1), (0, 0, 1), (0, 0, 0.99999994), (0, 0, 0.99999994), (0, 0, 0.99999994), (0, 0, 0.99999994), (0, 0, 0.99999994), (0, 0, 0.99999994), (0, 0, 1), (0, 0, 1), (0, 0, 1), (0, 0, 1), (0, 0, 1), (0, 0, 1), (0, 0, 1), (0, 0, 1), (0, 0, 1), (0, 0, 1), (0, 0, 1), (0, 0, 1), (0, 0, 1), (0, 0, 1), (0, 0, 1), (0, 0, 1), (0, 0, 1), (0, 0, 1), (0, 0, 1), (0, 0, 1), (0, 0, 1), (0, 0, 1), (0, 0, 1), (0, 0, 1), (0, 0, 0.99999994), (0, 0, 0.99999994), (0, 0, 0.99999994), (0, 0, 1), (0, 0, 1), (0, 0, 1), (0, 0, 1), (0, 0, 1), (0, 0, 1), (0, 0, 1), (0, 0, 1), (0, 0, 1), (0, 0, 1), (0, 0, 1), (0, 0, 1), (0, 0, 1), (0, 0, 1), (0, 0, 1), (0, 0, 1), (0, 0, 1), (0, 0, 1), (0, 0, 1), (0, 0, 1), (0, 0, 1), (0, 0, 1), (0, 0, 1), (0, 0, 1), (0, 0, 1), (0, 0, 1), (0, 0, 1), (0, 0, 1), (0, 0, 1), (0, 0, 1), (0, 0, 0.99999994), (0, 0, 0.99999994), (0, 0, 0.99999994), (0, 0, 1), (0, 0, 1), (0, 0, 1), (0, 0, 1), (0, 0, 1), (0, 0, 1), (0, 0, 1), (0, 0, 1), (0, 0, 1), (0, 0, 1), (0, 0, 1), (0, 0, 1), (0, 0, 1), (0, 0, 1), (0, 0, 1), (0, 0, 1), (0, 0, 1), (0, 0, 1), (0, 0, 1), (0, 0, 1), (0, 0, 1), (0, 0, 1), (0, 0, 1), (0, 0, 1), (0, 0, 0.99999994), (0, 0, 0.99999994), (0, 0, 0.99999994), (0, 0, 1), (0, 0, 1), (0, 0, 1), (0, 0, 1), (0, 0, 1), (0, 0, 1), (0, 0, 1), (0, 0, 1), (0, 0, 1), (0, 0, 1), (0, 0, 1), (0, 0, 1), (0, 0, 1), (0, 0, 1), (0, 0, 1), (0, 0, 1), (0, 0, 1), (0, 0, 1), (0, 0, 0.99999994), (0, 0, 0.99999994), (0, 0, 0.99999994), (0, 0, 1), (0, 0, 1), (0, 0, 1), (0, 0, 1), (0, 0, 1), (0, 0, 1), (0, 0, 1), (0, 0, 1), (0, 0, 1), (0, 0, 1), (0, 0, 1), (0, 0, 1), (0, 0, 1), (0, 0, 1), (0, 0, 1), (0, 0, 0.99999994), (0, 0, 0.99999994), (0, 0, 0.99999994), (0, 0, 1), (0, 0, 1), (0, 0, 1), (0, 0, 1), (0, 0, 1), (0, 0, 1), (0, 0, 0.99999994), (0, 0, 0.99999994), (0, 0, 0.99999994), (0, 0, 1), (0, 0, 1), (0, 0, 1), (0, 0, 1), (0, 0, 1), (0, 0, 1), (0, 0, 0.99999994), (0, 0, 0.99999994), (0, 0, 0.99999994), (0, 0, 1), (0, 0, 1), (0, 0, 1), (0, 0, 1), (0, 0, 1), (0, 0, 1), (0, 0, 1), (0, 0, 1), (0, 0, 1), (0, 0, 1), (0, 0, 1), (0, 0, 1), (0, 0, 1), (0, 0, 1), (0, 0, 1), (0, 0, 1), (0, 0, 1), (0, 0, 1), (0, 0, 1), (0, 0, 1), (0, 0, 1), (0, 0, 1), (0, 0, 1), (0, 0, 1), (0, 0, 1), (0, 0, 1), (0, 0, 1), (0, 0, 1), (0, 0, 1), (0, 0, 1), (0, 0, 1), (0, 0, 1), (0, 0, 1), (0, 0, 1), (0, 0, 1), (0, 0, 1), (0, 0, 1), (0, 0, 1), (0, 0, 1), (0, 0, 1), (0, 0, 1), (0, 0, 1), (0, 0, 1), (0, 0, 1), (0, 0, 1), (0, 0, 1), (0, 0, 1), (0, 0, 1), (0, 0, 1), (0, 0, 1), (0, 0, 1), (0, 0, 1), (0, 0, 1), (0, 0, 1), (0, 0, 1), (0, 0, 1), (0, 0, 1), (0, 0, 1), (0, 0, 1), (0, 0, 1), (0, 0, 1), (0, 0, 1), (0, 0, 1), (0, 0, 1), (0, 0, 1), (0, 0, 1), (0, 0, 1), (0, 0, 1), (0, 0, 1), (0, 0, 1), (0, 0, 1), (0, 0, 1), (0, 0, 1), (0, 0, 1), (0, 0, 1), (0, 0, 1), (0, 0, 1), (0, 0, 1), (0, 0, 1), (0, 0, 1), (0, 0, 1), (0, 0, 1), (0, 0, 1), (0, 0, 1), (0, 0, 0.99999994), (0, 0, 0.99999994), (0, 0, 0.99999994), (0, 0, 1), (0, 0, 1), (0, 0, 1), (0, 0, 1), (0, 0, 1), (0, 0, 1), (0, 0, 0.99999994), (0, 0, 0.99999994), (0, 0, 0.99999994), (0, 0, 1), (0, 0, 1), (0, 0, 1), (0, 0, 1), (0, 0, 1), (0, 0, 1), (0, 0, 1), (0, 0, 1), (0, 0, 1), (0, 0, 1), (0, 0, 1), (0, 0, 1), (0, 0, 1), (0, 0, 1), (0, 0, 1), (0, 0, 1), (0, 0, 1), (0, 0, 1), (0, 0, 0.99999994), (0, 0, 0.99999994), (0, 0, 0.99999994), (0, 0, 1), (0, 0, 1), (0, 0, 1)] (
                        interpolation = "faceVarying"
                    )
                    point3f[] points = [(0.023184901, 0.0018414002, 0), (0.021645902, 0.0018414002, 0), (0.021645902, 0.0016038001, 0), (0.022283101, 0.0016038001, 0), (0.022283101, 0, 0), (0.0225477, 0, 0), (0.0225477, 0.0016038001, 0), (0.023184901, 0.0016038001, 0), (0.0201771, 0.0018414002, 0), (0.0201771, 0, 0), (0.020441702, 0, 0), (0.020441702, 0.00079920003, 0), (0.0205524, 0.00079920003, 0), (0.02075625, 0.00073035003, 0), (0.021041099, 0.000378, 0), (0.0212841, 0, 0), (0.0216, 0, 0), (0.021456227, 0.00020047501, 0), (0.021348901, 0.0003645, 0), (0.021153826, 0.00066420005, 0), (0.0209385, 0.0008748, 0), (0.021166313, 0.0010496251, 0), (0.021246301, 0.0013257001, 0), (0.021083625, 0.0017030251, 0), (0.0206415, 0.0018414002, 0), (0.020441702, 0.0016146002, 0), (0.0206118, 0.0016146002, 0), (0.020887876, 0.0015403501, 0), (0.0209736, 0.0013365002, 0), (0.020900026, 0.0011289376, 0), (0.0206118, 0.0010368, 0), (0.020441702, 0.0010368, 0), (0.0178686, 0.0009207001, 0), (0.018134212, 0.00026088755, 0), (0.0188514, -0.000024300001, 0), (0.019583438, 0.00026190002, 0), (0.0198477, 0.0009207001, 0), (0.019580062, 0.0015855752, 0), (0.018856801, 0.0018657001, 0), (0.018138938, 0.0015845626, 0), (0.0181413, 0.0009207001, 0), (0.018345151, 0.001423575, 0), (0.018856801, 0.0016227, 0), (0.019370813, 0.001423575, 0), (0.019575, 0.0009207001, 0), (0.019370813, 0.00041883753, 0), (0.018856801, 0.0002187, 0), (0.018345151, 0.00041883753, 0), (0.0175878, 0.0017361001, 0), (0.017386649, 0.0018333001, 0), (0.017177401, 0.0018657001, 0), (0.016771387, 0.0017323876, 0), (0.0166185, 0.0013743, 0), (0.01701675, 0.000863325, 0), (0.017415, 0.00044550002, 0), (0.0173421, 0.00029092503, 0), (0.0171153, 0.00021330001, 0), (0.016855087, 0.00028215, 0), (0.016629301, 0.00048060002, 0), (0.016629301, 0.0001458, 0), (0.016869938, 0.0000172125, 0), (0.017145, -0.000024300001, 0), (0.017514225, 0.00011711251, 0), (0.0176607, 0.00047520004, 0), (0.01726245, 0.0010293751, 0), (0.0168642, 0.0014094, 0), (0.016946211, 0.0015673501, 0), (0.0171558, 0.0016281002, 0), (0.01735965, 0.0015879376, 0), (0.0175878, 0.0014364, 0), (0.012438902, 0, 0), (0.0131571, 0, 0), (0.013873613, 0.00028316252, 0), (0.014134501, 0.0009207001, 0), (0.013899601, 0.0015440627, 0), (0.0131544005, 0.0018414002, 0), (0.012438902, 0.0018414002, 0), (0.0127035, 0.0016038001, 0), (0.0131112, 0.0016038001, 0), (0.013679888, 0.0014009626, 0), (0.0138618015, 0.0009207001, 0), (0.013718026, 0.00049410004, 0), (0.013124701, 0.00023760002, 0), (0.0127035, 0.00023760002, 0), (0.010810801, 0.0018414002, 0), (0.010810801, 0, 0), (0.011075401, 0, 0), (0.011075401, 0.00079920003, 0), (0.011186101, 0.00079920003, 0), (0.011389951, 0.00073035003, 0), (0.011674801, 0.000378, 0), (0.011917802, 0, 0), (0.012233701, 0, 0), (0.012089926, 0.00020047501, 0), (0.011982601, 0.0003645, 0), (0.011787526, 0.00066420005, 0), (0.011572201, 0.0008748, 0), (0.0118000135, 0.0010496251, 0), (0.01188, 0.0013257001, 0), (0.011717325, 0.0017030251, 0), (0.0112752, 0.0018414002, 0), (0.011075401, 0.0016146002, 0), (0.011245501, 0.0016146002, 0), (0.011521576, 0.0015403501, 0), (0.011607301, 0.0013365002, 0), (0.011533726, 0.0011289376, 0), (0.011245501, 0.0010368, 0), (0.011075401, 0.0010368, 0), (0.009779401, 0.0018522001, 0), (0.009593101, 0.0018522001, 0), (0.008802, 0, 0), (0.009072, 0, 0), (0.009304201, 0.0005427, 0), (0.010087201, 0.0005427, 0), (0.010332901, 0, 0), (0.010602901, 0, 0), (0.009682201, 0.0014472001, 0), (0.0099792015, 0.0007803, 0), (0.0094068, 0.0007803, 0), (0.006982201, 0, 0), (0.007700401, 0, 0), (0.0084169125, 0.00028316252, 0), (0.008677801, 0.0009207001, 0), (0.008442901, 0.0015440627, 0), (0.007697701, 0.0018414002, 0), (0.006982201, 0.0018414002, 0), (0.0072468007, 0.0016038001, 0), (0.007654501, 0.0016038001, 0), (0.008223189, 0.0014009626, 0), (0.0084051015, 0.0009207001, 0), (0.008261326, 0.00049410004, 0), (0.0076680006, 0.00023760002, 0), (0.0072468007, 0.00023760002, 0), (0.006574501, 0.0018414002, 0), (0.006326101, 0.0018414002, 0), (0.006326101, 0.00041580005, 0), (0.0050787004, 0.0018414002, 0), (0.0048681004, 0.0018414002, 0), (0.0048681004, 0, 0), (0.0051165004, 0, 0), (0.0051165004, 0.0014175001, 0), (0.0063477005, 0, 0), (0.006574501, 0, 0), (0.0038448002, 0.0018522001, 0), (0.0036585, 0.0018522001, 0), (0.0028674002, 0, 0), (0.0031374001, 0, 0), (0.0033696, 0.0005427, 0), (0.0041526, 0.0005427, 0), (0.0043983003, 0, 0), (0.0046683005, 0, 0), (0.0037476001, 0.0014472001, 0), (0.0040446003, 0.0007803, 0), (0.0034722001, 0.0007803, 0), (0.0028215002, 0.0018414002, 0), (0.0012825001, 0.0018414002, 0), (0.0012825001, 0.0016038001, 0), (0.0019197003, 0.0016038001, 0), (0.0019197003, 0, 0), (0.0021843, 0, 0), (0.0021843, 0.0016038001, 0), (0.0028215002, 0.0016038001, 0), (0.0010773, 0.0017361001, 0), (0.0008761501, 0.0018333001, 0), (0.0006669, 0.0018657001, 0), (0.00026088752, 0.0017323876, 0), (0.00010800001, 0.0013743, 0), (0.00050625, 0.000863325, 0), (0.0009045, 0.00044550002, 0), (0.00083160005, 0.00029092503, 0), (0.0006048, 0.00021330001, 0), (0.00034458752, 0.00028215, 0), (0.00011880001, 0.00048060002, 0), (0.00011880001, 0.0001458, 0), (0.00035943752, 0.0000172125, 0), (0.00063450006, -0.000024300001, 0), (0.0010037251, 0.00011711251, 0), (0.0011502001, 0.00047520004, 0), (0.0007519501, 0.0010293751, 0), (0.00035370004, 0.0014094, 0), (0.00043571254, 0.0015673501, 0), (0.0006453, 0.0016281002, 0), (0.00084915006, 0.0015879376, 0), (0.0010773, 0.0014364, 0)]
                    texCoord2f[] primvars:st = [(0.2857143, 0), (0, 0), (0.14285715, 0), (0.2857143, 0), (1, 0), (0, 0), (0.42857143, 0), (1, 0), (0.2857143, 0), (0.5714286, 0), (0.85714287, 0), (0.42857143, 0), (0.85714287, 0), (1, 0), (0.42857143, 0), (0.5714286, 0), (0.71428573, 0), (0.85714287, 0), (0.04347826, 0), (0.73913044, 0), (0, 0), (0.73913044, 0), (0.6956522, 0), (0, 0), (0.73913044, 0), (0.65217394, 0), (0.6956522, 0), (0.73913044, 0), (0.7826087, 0), (0.65217394, 0), (0.7826087, 0), (0.82608694, 0), (0.65217394, 0), (0.82608694, 0), (0.6086956, 0), (0.65217394, 0), (0.04347826, 0), (1, 0), (0.73913044, 0), (0.8695652, 0), (0.6086956, 0), (0.82608694, 0), (0.9130435, 0), (0.6086956, 0), (0.8695652, 0), (0.9130435, 0), (0.5652174, 0), (0.6086956, 0), (0.95652175, 0), (0.5652174, 0), (0.9130435, 0), (0.95652175, 0), (0.5217391, 0), (0.5652174, 0), (0.04347826, 0), (0.13043478, 0), (1, 0), (0.13043478, 0), (0.95652175, 0), (1, 0), (0.13043478, 0), (0.5217391, 0), (0.95652175, 0), (0.13043478, 0), (0.17391305, 0), (0.5217391, 0), (0.17391305, 0), (0.47826087, 0), (0.5217391, 0), (0.04347826, 0), (0.08695652, 0), (0.13043478, 0), (0.2173913, 0), (0.47826087, 0), (0.17391305, 0), (0.26086956, 0), (0.47826087, 0), (0.2173913, 0), (0.26086956, 0), (0.4347826, 0), (0.47826087, 0), (0.3043478, 0), (0.4347826, 0), (0.26086956, 0), (0.3043478, 0), (0.39130434, 0), (0.4347826, 0), (0.3043478, 0), (0.3478261, 0), (0.39130434, 0), (0.46666667, 0), (0.6666667, 0), (0.4, 0), (0.6666667, 0), (0.33333334, 0), (0.4, 0), (0.46666667, 0), (0.6, 0), (0.6666667, 0), (0.73333335, 0), (0.33333334, 0), (0.6666667, 0), (0.73333335, 0), (0.26666668, 0), (0.33333334, 0), (0, 0), (0.6, 0), (0.46666667, 0), (0, 0), (0.53333336, 0), (0.6, 0), (0.8, 0), (0.26666668, 0), (0.73333335, 0), (0.06666667, 0), (0.53333336, 0), (0, 0), (0.06666667, 0), (1, 0), (0.53333336, 0), (0.8666667, 0), (0.26666668, 0), (0.8, 0), (0.8666667, 0), (0.2, 0), (0.26666668, 0), (0.06666667, 0), (0.93333334, 0), (1, 0), (0.93333334, 0), (0.2, 0), (0.8666667, 0), (0.93333334, 0), (0.13333334, 0), (0.2, 0), (0.13333334, 0), (0.93333334, 0), (0.06666667, 0), (0.14285715, 0), (0.04761905, 0), (0.0952381, 0), (0.14285715, 0), (0, 0), (0.04761905, 0), (0.14285715, 0), (0.95238096, 0), (0, 0), (0.95238096, 0), (1, 0), (0, 0), (0.1904762, 0), (0.85714287, 0), (0.14285715, 0), (0.85714287, 0), (0.9047619, 0), (0.14285715, 0), (0.9047619, 0), (0.95238096, 0), (0.14285715, 0), (0.1904762, 0), (0.8095238, 0), (0.85714287, 0), (0.1904762, 0), (0.7619048, 0), (0.8095238, 0), (0.23809524, 0), (0.7619048, 0), (0.1904762, 0), (0.23809524, 0), (0.71428573, 0), (0.7619048, 0), (0.2857143, 0), (0.71428573, 0), (0.23809524, 0), (0.52380955, 0), (0.42857143, 0), (0.47619048, 0), (0.2857143, 0), (0.6666667, 0), (0.71428573, 0), (0.33333334, 0), (0.6666667, 0), (0.2857143, 0), (0.3809524, 0), (0.6666667, 0), (0.33333334, 0), (0.52380955, 0), (0.3809524, 0), (0.42857143, 0), (0.52380955, 0), (0.6666667, 0), (0.3809524, 0), (0.5714286, 0), (0.6666667, 0), (0.52380955, 0), (0.5714286, 0), (0.61904764, 0), (0.6666667, 0), (0, 0), (0.53846157, 0), (0.46153846, 0), (0.53846157, 0), (0.3846154, 0), (0.46153846, 0), (0.53846157, 0), (0.61538464, 0), (0.3846154, 0), (0.61538464, 0), (0.30769232, 0), (0.3846154, 0), (0, 0), (1, 0), (0.53846157, 0), (0.6923077, 0), (0.30769232, 0), (0.61538464, 0), (0.6923077, 0), (0.23076923, 0), (0.30769232, 0), (0.7692308, 0), (0.23076923, 0), (0.6923077, 0), (0.84615386, 0), (0.23076923, 0), (0.7692308, 0), (0.84615386, 0), (0.15384616, 0), (0.23076923, 0), (0.9230769, 0), (0.15384616, 0), (0.84615386, 0), (0.9230769, 0), (0.07692308, 0), (0.15384616, 0), (0, 0), (0.9230769, 0), (1, 0), (0, 0), (0.07692308, 0), (0.9230769, 0), (0.04347826, 0), (0.73913044, 0), (0, 0), (0.73913044, 0), (0.6956522, 0), (0, 0), (0.73913044, 0), (0.65217394, 0), (0.6956522, 0), (0.73913044, 0), (0.7826087, 0), (0.65217394, 0), (0.7826087, 0), (0.82608694, 0), (0.65217394, 0), (0.82608694, 0), (0.6086956, 0), (0.65217394, 0), (0.04347826, 0), (1, 0), (0.73913044, 0), (0.8695652, 0), (0.6086956, 0), (0.82608694, 0), (0.9130435, 0), (0.6086956, 0), (0.8695652, 0), (0.9130435, 0), (0.5652174, 0), (0.6086956, 0), (0.95652175, 0), (0.5652174, 0), (0.9130435, 0), (0.95652175, 0), (0.5217391, 0), (0.5652174, 0), (0.04347826, 0), (0.13043478, 0), (1, 0), (0.13043478, 0), (0.95652175, 0), (1, 0), (0.13043478, 0), (0.5217391, 0), (0.95652175, 0), (0.13043478, 0), (0.17391305, 0), (0.5217391, 0), (0.17391305, 0), (0.47826087, 0), (0.5217391, 0), (0.04347826, 0), (0.08695652, 0), (0.13043478, 0), (0.2173913, 0), (0.47826087, 0), (0.17391305, 0), (0.26086956, 0), (0.47826087, 0), (0.2173913, 0), (0.26086956, 0), (0.4347826, 0), (0.47826087, 0), (0.3043478, 0), (0.4347826, 0), (0.26086956, 0), (0.3043478, 0), (0.39130434, 0), (0.4347826, 0), (0.3043478, 0), (0.3478261, 0), (0.39130434, 0), (0.2, 0), (0, 0), (0.1, 0), (0.2, 0), (0.8, 0), (0, 0), (0.8, 0), (0.7, 0), (0, 0), (0.2, 0), (1, 0), (0.8, 0), (0.9, 0), (0.7, 0), (0.8, 0), (0.2, 0), (0.4, 0), (1, 0), (0.4, 0), (0.9, 0), (1, 0), (0.4, 0), (0.5, 0), (0.9, 0), (0.5, 0), (0.7, 0), (0.9, 0), (0.2, 0), (0.3, 0), (0.4, 0), (0.6, 0), (0.7, 0), (0.5, 0), (0, 0), (0.53846157, 0), (0.46153846, 0), (0.53846157, 0), (0.3846154, 0), (0.46153846, 0), (0.53846157, 0), (0.61538464, 0), (0.3846154, 0), (0.61538464, 0), (0.30769232, 0), (0.3846154, 0), (0, 0), (1, 0), (0.53846157, 0), (0.6923077, 0), (0.30769232, 0), (0.61538464, 0), (0.6923077, 0), (0.23076923, 0), (0.30769232, 0), (0.7692308, 0), (0.23076923, 0), (0.6923077, 0), (0.84615386, 0), (0.23076923, 0), (0.7692308, 0), (0.84615386, 0), (0.15384616, 0), (0.23076923, 0), (0.9230769, 0), (0.15384616, 0), (0.84615386, 0), (0.9230769, 0), (0.07692308, 0), (0.15384616, 0), (0, 0), (0.9230769, 0), (1, 0), (0, 0), (0.07692308, 0), (0.9230769, 0), (0.5555556, 0), (0.33333334, 0), (0.44444445, 0), (0.5555556, 0), (0.7777778, 0), (0.33333334, 0), (0.7777778, 0), (0.22222222, 0), (0.33333334, 0), (0.22222222, 0), (0, 0), (0.11111111, 0), (0.22222222, 0), (1, 0), (0, 0), (0.5555556, 0), (0.6666667, 0), (0.7777778, 0), (0.8888889, 0), (0.22222222, 0), (0.7777778, 0), (0.8888889, 0), (1, 0), (0.22222222, 0), (0.2, 0), (0, 0), (0.1, 0), (0.2, 0), (0.8, 0), (0, 0), (0.8, 0), (0.7, 0), (0, 0), (0.2, 0), (1, 0), (0.8, 0), (0.9, 0), (0.7, 0), (0.8, 0), (0.2, 0), (0.4, 0), (1, 0), (0.4, 0), (0.9, 0), (1, 0), (0.4, 0), (0.5, 0), (0.9, 0), (0.5, 0), (0.7, 0), (0.9, 0), (0.2, 0), (0.3, 0), (0.4, 0), (0.6, 0), (0.7, 0), (0.5, 0), (0.2857143, 0), (0, 0), (0.14285715, 0), (0.2857143, 0), (1, 0), (0, 0), (0.42857143, 0), (1, 0), (0.2857143, 0), (0.5714286, 0), (0.85714287, 0), (0.42857143, 0), (0.85714287, 0), (1, 0), (0.42857143, 0), (0.5714286, 0), (0.71428573, 0), (0.85714287, 0), (0.14285715, 0), (0.04761905, 0), (0.0952381, 0), (0.14285715, 0), (0, 0), (0.04761905, 0), (0.14285715, 0), (0.95238096, 0), (0, 0), (0.95238096, 0), (1, 0), (0, 0), (0.1904762, 0), (0.85714287, 0), (0.14285715, 0), (0.85714287, 0), (0.9047619, 0), (0.14285715, 0), (0.9047619, 0), (0.95238096, 0), (0.14285715, 0), (0.1904762, 0), (0.8095238, 0), (0.85714287, 0), (0.1904762, 0), (0.7619048, 0), (0.8095238, 0), (0.23809524, 0), (0.7619048, 0), (0.1904762, 0), (0.23809524, 0), (0.71428573, 0), (0.7619048, 0), (0.2857143, 0), (0.71428573, 0), (0.23809524, 0), (0.52380955, 0), (0.42857143, 0), (0.47619048, 0), (0.2857143, 0), (0.6666667, 0), (0.71428573, 0), (0.33333334, 0), (0.6666667, 0), (0.2857143, 0), (0.3809524, 0), (0.6666667, 0), (0.33333334, 0), (0.52380955, 0), (0.3809524, 0), (0.42857143, 0), (0.52380955, 0), (0.6666667, 0), (0.3809524, 0), (0.5714286, 0), (0.6666667, 0), (0.52380955, 0), (0.5714286, 0), (0.61904764, 0), (0.6666667, 0)] (
                        interpolation = "faceVarying"
                    )
                    uniform token subdivisionScheme = "none"
                    custom string userProperties:blender:data_name = "Printing.021"
                }
            }

            def Xform "Barcode_line_098"
            {
                custom string userProperties:blender:object_name = "Barcode line.098"
                float3 xformOp:rotateXYZ = (0, -0, 4.2688688e-7)
                float3 xformOp:scale = (0.99999994, 0.99999994, 1)
                double3 xformOp:translate = (0.03248000144958496, -0.004000000189989805, 0.0002500005066394806)
                uniform token[] xformOpOrder = ["xformOp:translate", "xformOp:rotateXYZ", "xformOp:scale"]

                def Mesh "Cube_151" (
                    active = true
                    prepend apiSchemas = ["MaterialBindingAPI"]
                )
                {
                    uniform bool doubleSided = 1
                    float3[] extent = [(-0.00045111112, -0.008, -0.000065), (0.00045111112, 0.008, 0.000065)]
                    int[] faceVertexCounts = [4, 4, 4, 4, 4, 4]
                    int[] faceVertexIndices = [0, 1, 3, 2, 2, 3, 7, 6, 6, 7, 5, 4, 4, 5, 1, 0, 2, 6, 4, 0, 7, 3, 1, 5]
                    rel material:binding = </Asset/_materials/Printed_dark_ink>
                    normal3f[] normals = [(-1, 0, 0), (-1, 0, 0), (-1, 0, 0), (-1, 0, 0), (0, 1, 0), (0, 1, 0), (0, 1, 0), (0, 1, 0), (1, 0, 0), (1, 0, 0), (1, 0, 0), (1, 0, 0), (0, -1, 0), (0, -1, 0), (0, -1, 0), (0, -1, 0), (0, 0, -1), (0, 0, -1), (0, 0, -1), (0, 0, -1), (0, 0, 1), (0, 0, 1), (0, 0, 1), (0, 0, 1)] (
                        interpolation = "faceVarying"
                    )
                    point3f[] points = [(-0.00045111112, -0.008, -0.000065), (-0.00045111112, -0.008, 0.000065), (-0.00045111112, 0.008, -0.000065), (-0.00045111112, 0.008, 0.000065), (0.00045111112, -0.008, -0.000065), (0.00045111112, -0.008, 0.000065), (0.00045111112, 0.008, -0.000065), (0.00045111112, 0.008, 0.000065)]
                    texCoord2f[] primvars:st = [(0.375, 0), (0.625, 0), (0.625, 0.25), (0.375, 0.25), (0.375, 0.25), (0.625, 0.25), (0.625, 0.5), (0.375, 0.5), (0.375, 0.5), (0.625, 0.5), (0.625, 0.75), (0.375, 0.75), (0.375, 0.75), (0.625, 0.75), (0.625, 1), (0.375, 1), (0.125, 0.5), (0.375, 0.5), (0.375, 0.75), (0.125, 0.75), (0.625, 0.5), (0.875, 0.5), (0.875, 0.75), (0.625, 0.75)] (
                        interpolation = "faceVarying"
                    )
                    uniform token subdivisionScheme = "none"
                    custom string userProperties:blender:data_name = "Cube.151"
                }
            }

            def Xform "Barcode_line_089"
            {
                custom string userProperties:blender:object_name = "Barcode line.089"
                float3 xformOp:rotateXYZ = (0, -0, 4.2688688e-7)
                float3 xformOp:scale = (0.99999994, 0.99999994, 1)
                double3 xformOp:translate = (0.004962221719324589, -0.003999999724328518, 0.0002500005066394806)
                uniform token[] xformOpOrder = ["xformOp:translate", "xformOp:rotateXYZ", "xformOp:scale"]

                def Mesh "Cube_142" (
                    active = true
                    prepend apiSchemas = ["MaterialBindingAPI"]
                )
                {
                    uniform bool doubleSided = 1
                    float3[] extent = [(-0.00090222224, -0.008, -0.000065), (0.00090222224, 0.008, 0.000065)]
                    int[] faceVertexCounts = [4, 4, 4, 4, 4, 4]
                    int[] faceVertexIndices = [0, 1, 3, 2, 2, 3, 7, 6, 6, 7, 5, 4, 4, 5, 1, 0, 2, 6, 4, 0, 7, 3, 1, 5]
                    rel material:binding = </Asset/_materials/Printed_dark_ink>
                    normal3f[] normals = [(-1, 0, 0), (-1, 0, 0), (-1, 0, 0), (-1, 0, 0), (0, 1, 0), (0, 1, 0), (0, 1, 0), (0, 1, 0), (1, 0, 0), (1, 0, 0), (1, 0, 0), (1, 0, 0), (0, -1, 0), (0, -1, 0), (0, -1, 0), (0, -1, 0), (0, 0, -1), (0, 0, -1), (0, 0, -1), (0, 0, -1), (0, 0, 1), (0, 0, 1), (0, 0, 1), (0, 0, 1)] (
                        interpolation = "faceVarying"
                    )
                    point3f[] points = [(-0.00090222224, -0.008, -0.000065), (-0.00090222224, -0.008, 0.000065), (-0.00090222224, 0.008, -0.000065), (-0.00090222224, 0.008, 0.000065), (0.00090222224, -0.008, -0.000065), (0.00090222224, -0.008, 0.000065), (0.00090222224, 0.008, -0.000065), (0.00090222224, 0.008, 0.000065)]
                    texCoord2f[] primvars:st = [(0.375, 0), (0.625, 0), (0.625, 0.25), (0.375, 0.25), (0.375, 0.25), (0.625, 0.25), (0.625, 0.5), (0.375, 0.5), (0.375, 0.5), (0.625, 0.5), (0.625, 0.75), (0.375, 0.75), (0.375, 0.75), (0.625, 0.75), (0.625, 1), (0.375, 1), (0.125, 0.5), (0.375, 0.5), (0.375, 0.75), (0.125, 0.75), (0.625, 0.5), (0.875, 0.5), (0.875, 0.75), (0.625, 0.75)] (
                        interpolation = "faceVarying"
                    )
                    uniform token subdivisionScheme = "none"
                    custom string userProperties:blender:data_name = "Cube.142"
                }
            }

            def Xform "Barcode_line_087"
            {
                custom string userProperties:blender:object_name = "Barcode line.087"
                float3 xformOp:rotateXYZ = (0, -0, 4.2688688e-7)
                float3 xformOp:scale = (0.99999994, 0.99999994, 1)
                double3 xformOp:translate = (-0.001804444589652121, -0.004000000189989805, 0.0002500005066394806)
                uniform token[] xformOpOrder = ["xformOp:translate", "xformOp:rotateXYZ", "xformOp:scale"]

                def Mesh "Cube_140" (
                    active = true
                    prepend apiSchemas = ["MaterialBindingAPI"]
                )
                {
                    uniform bool doubleSided = 1
                    float3[] extent = [(-0.00045111112, -0.008, -0.000065), (0.00045111112, 0.008, 0.000065)]
                    int[] faceVertexCounts = [4, 4, 4, 4, 4, 4]
                    int[] faceVertexIndices = [0, 1, 3, 2, 2, 3, 7, 6, 6, 7, 5, 4, 4, 5, 1, 0, 2, 6, 4, 0, 7, 3, 1, 5]
                    rel material:binding = </Asset/_materials/Printed_dark_ink>
                    normal3f[] normals = [(-1, 0, 0), (-1, 0, 0), (-1, 0, 0), (-1, 0, 0), (0, 1, 0), (0, 1, 0), (0, 1, 0), (0, 1, 0), (1, 0, 0), (1, 0, 0), (1, 0, 0), (1, 0, 0), (0, -1, 0), (0, -1, 0), (0, -1, 0), (0, -1, 0), (0, 0, -1), (0, 0, -1), (0, 0, -1), (0, 0, -1), (0, 0, 1), (0, 0, 1), (0, 0, 1), (0, 0, 1)] (
                        interpolation = "faceVarying"
                    )
                    point3f[] points = [(-0.00045111112, -0.008, -0.000065), (-0.00045111112, -0.008, 0.000065), (-0.00045111112, 0.008, -0.000065), (-0.00045111112, 0.008, 0.000065), (0.00045111112, -0.008, -0.000065), (0.00045111112, -0.008, 0.000065), (0.00045111112, 0.008, -0.000065), (0.00045111112, 0.008, 0.000065)]
                    texCoord2f[] primvars:st = [(0.375, 0), (0.625, 0), (0.625, 0.25), (0.375, 0.25), (0.375, 0.25), (0.625, 0.25), (0.625, 0.5), (0.375, 0.5), (0.375, 0.5), (0.625, 0.5), (0.625, 0.75), (0.375, 0.75), (0.375, 0.75), (0.625, 0.75), (0.625, 1), (0.375, 1), (0.125, 0.5), (0.375, 0.5), (0.375, 0.75), (0.125, 0.75), (0.625, 0.5), (0.875, 0.5), (0.875, 0.75), (0.625, 0.75)] (
                        interpolation = "faceVarying"
                    )
                    uniform token subdivisionScheme = "none"
                    custom string userProperties:blender:data_name = "Cube.140"
                }
            }

            def Xform "Barcode_line_080"
            {
                custom string userProperties:blender:object_name = "Barcode line.080"
                float3 xformOp:rotateXYZ = (0, -0, 4.2688688e-7)
                float3 xformOp:scale = (0.99999994, 0.99999994, 1)
                double3 xformOp:translate = (-0.019397778436541557, -0.003999999724328518, 0.0002500005066394806)
                uniform token[] xformOpOrder = ["xformOp:translate", "xformOp:rotateXYZ", "xformOp:scale"]

                def Mesh "Cube_133" (
                    active = true
                    prepend apiSchemas = ["MaterialBindingAPI"]
                )
                {
                    uniform bool doubleSided = 1
                    float3[] extent = [(-0.00090222224, -0.008, -0.000065), (0.00090222224, 0.008, 0.000065)]
                    int[] faceVertexCounts = [4, 4, 4, 4, 4, 4]
                    int[] faceVertexIndices = [0, 1, 3, 2, 2, 3, 7, 6, 6, 7, 5, 4, 4, 5, 1, 0, 2, 6, 4, 0, 7, 3, 1, 5]
                    rel material:binding = </Asset/_materials/Printed_dark_ink>
                    normal3f[] normals = [(-1, 0, 0), (-1, 0, 0), (-1, 0, 0), (-1, 0, 0), (0, 1, 0), (0, 1, 0), (0, 1, 0), (0, 1, 0), (1, 0, 0), (1, 0, 0), (1, 0, 0), (1, 0, 0), (0, -1, 0), (0, -1, 0), (0, -1, 0), (0, -1, 0), (0, 0, -1), (0, 0, -1), (0, 0, -1), (0, 0, -1), (0, 0, 1), (0, 0, 1), (0, 0, 1), (0, 0, 1)] (
                        interpolation = "faceVarying"
                    )
                    point3f[] points = [(-0.00090222224, -0.008, -0.000065), (-0.00090222224, -0.008, 0.000065), (-0.00090222224, 0.008, -0.000065), (-0.00090222224, 0.008, 0.000065), (0.00090222224, -0.008, -0.000065), (0.00090222224, -0.008, 0.000065), (0.00090222224, 0.008, -0.000065), (0.00090222224, 0.008, 0.000065)]
                    texCoord2f[] primvars:st = [(0.375, 0), (0.625, 0), (0.625, 0.25), (0.375, 0.25), (0.375, 0.25), (0.625, 0.25), (0.625, 0.5), (0.375, 0.5), (0.375, 0.5), (0.625, 0.5), (0.625, 0.75), (0.375, 0.75), (0.375, 0.75), (0.625, 0.75), (0.625, 1), (0.375, 1), (0.125, 0.5), (0.375, 0.5), (0.375, 0.75), (0.125, 0.75), (0.625, 0.5), (0.875, 0.5), (0.875, 0.75), (0.625, 0.75)] (
                        interpolation = "faceVarying"
                    )
                    uniform token subdivisionScheme = "none"
                    custom string userProperties:blender:data_name = "Cube.133"
                }
            }

            def Xform "Barcode_line_097"
            {
                custom string userProperties:blender:object_name = "Barcode line.097"
                float3 xformOp:rotateXYZ = (0, -0, 4.2688688e-7)
                float3 xformOp:scale = (0.99999994, 0.99999994, 1)
                double3 xformOp:translate = (0.03022444248199463, -0.003999999724328518, 0.0002500005066394806)
                uniform token[] xformOpOrder = ["xformOp:translate", "xformOp:rotateXYZ", "xformOp:scale"]

                def Mesh "Cube_150" (
                    active = true
                    prepend apiSchemas = ["MaterialBindingAPI"]
                )
                {
                    uniform bool doubleSided = 1
                    float3[] extent = [(-0.00090222224, -0.008, -0.000065), (0.00090222224, 0.008, 0.000065)]
                    int[] faceVertexCounts = [4, 4, 4, 4, 4, 4]
                    int[] faceVertexIndices = [0, 1, 3, 2, 2, 3, 7, 6, 6, 7, 5, 4, 4, 5, 1, 0, 2, 6, 4, 0, 7, 3, 1, 5]
                    rel material:binding = </Asset/_materials/Printed_dark_ink>
                    normal3f[] normals = [(-1, 0, 0), (-1, 0, 0), (-1, 0, 0), (-1, 0, 0), (0, 1, 0), (0, 1, 0), (0, 1, 0), (0, 1, 0), (1, 0, 0), (1, 0, 0), (1, 0, 0), (1, 0, 0), (0, -1, 0), (0, -1, 0), (0, -1, 0), (0, -1, 0), (0, 0, -1), (0, 0, -1), (0, 0, -1), (0, 0, -1), (0, 0, 1), (0, 0, 1), (0, 0, 1), (0, 0, 1)] (
                        interpolation = "faceVarying"
                    )
                    point3f[] points = [(-0.00090222224, -0.008, -0.000065), (-0.00090222224, -0.008, 0.000065), (-0.00090222224, 0.008, -0.000065), (-0.00090222224, 0.008, 0.000065), (0.00090222224, -0.008, -0.000065), (0.00090222224, -0.008, 0.000065), (0.00090222224, 0.008, -0.000065), (0.00090222224, 0.008, 0.000065)]
                    texCoord2f[] primvars:st = [(0.375, 0), (0.625, 0), (0.625, 0.25), (0.375, 0.25), (0.375, 0.25), (0.625, 0.25), (0.625, 0.5), (0.375, 0.5), (0.375, 0.5), (0.625, 0.5), (0.625, 0.75), (0.375, 0.75), (0.375, 0.75), (0.625, 0.75), (0.625, 1), (0.375, 1), (0.125, 0.5), (0.375, 0.5), (0.375, 0.75), (0.125, 0.75), (0.625, 0.5), (0.875, 0.5), (0.875, 0.75), (0.625, 0.75)] (
                        interpolation = "faceVarying"
                    )
                    uniform token subdivisionScheme = "none"
                    custom string userProperties:blender:data_name = "Cube.150"
                }
            }

            def Xform "Barcode_line_088"
            {
                custom string userProperties:blender:object_name = "Barcode line.088"
                float3 xformOp:rotateXYZ = (0, -0, 4.2688688e-7)
                float3 xformOp:scale = (0.99999994, 0.99999994, 1)
                double3 xformOp:translate = (0.0004511111183091998, -0.003999999724328518, 0.0002500005066394806)
                uniform token[] xformOpOrder = ["xformOp:translate", "xformOp:rotateXYZ", "xformOp:scale"]

                def Mesh "Cube_141" (
                    active = true
                    prepend apiSchemas = ["MaterialBindingAPI"]
                )
                {
                    uniform bool doubleSided = 1
                    float3[] extent = [(-0.00090222224, -0.008, -0.000065), (0.00090222224, 0.008, 0.000065)]
                    int[] faceVertexCounts = [4, 4, 4, 4, 4, 4]
                    int[] faceVertexIndices = [0, 1, 3, 2, 2, 3, 7, 6, 6, 7, 5, 4, 4, 5, 1, 0, 2, 6, 4, 0, 7, 3, 1, 5]
                    rel material:binding = </Asset/_materials/Printed_dark_ink>
                    normal3f[] normals = [(-1, 0, 0), (-1, 0, 0), (-1, 0, 0), (-1, 0, 0), (0, 1, 0), (0, 1, 0), (0, 1, 0), (0, 1, 0), (1, 0, 0), (1, 0, 0), (1, 0, 0), (1, 0, 0), (0, -1, 0), (0, -1, 0), (0, -1, 0), (0, -1, 0), (0, 0, -1), (0, 0, -1), (0, 0, -1), (0, 0, -1), (0, 0, 1), (0, 0, 1), (0, 0, 1), (0, 0, 1)] (
                        interpolation = "faceVarying"
                    )
                    point3f[] points = [(-0.00090222224, -0.008, -0.000065), (-0.00090222224, -0.008, 0.000065), (-0.00090222224, 0.008, -0.000065), (-0.00090222224, 0.008, 0.000065), (0.00090222224, -0.008, -0.000065), (0.00090222224, -0.008, 0.000065), (0.00090222224, 0.008, -0.000065), (0.00090222224, 0.008, 0.000065)]
                    texCoord2f[] primvars:st = [(0.375, 0), (0.625, 0), (0.625, 0.25), (0.375, 0.25), (0.375, 0.25), (0.625, 0.25), (0.625, 0.5), (0.375, 0.5), (0.375, 0.5), (0.625, 0.5), (0.625, 0.75), (0.375, 0.75), (0.375, 0.75), (0.625, 0.75), (0.625, 1), (0.375, 1), (0.125, 0.5), (0.375, 0.5), (0.375, 0.75), (0.125, 0.75), (0.625, 0.5), (0.875, 0.5), (0.875, 0.75), (0.625, 0.75)] (
                        interpolation = "faceVarying"
                    )
                    uniform token subdivisionScheme = "none"
                    custom string userProperties:blender:data_name = "Cube.141"
                }
            }

            def Xform "Barcode_line_079"
            {
                custom string userProperties:blender:object_name = "Barcode line.079"
                float3 xformOp:rotateXYZ = (0, -0, 4.2688688e-7)
                float3 xformOp:scale = (0.99999994, 0.99999994, 1)
                double3 xformOp:translate = (-0.022104443982243538, -0.003999999724328518, 0.0002500005066394806)
                uniform token[] xformOpOrder = ["xformOp:translate", "xformOp:rotateXYZ", "xformOp:scale"]

                def Mesh "Cube_132" (
                    active = true
                    prepend apiSchemas = ["MaterialBindingAPI"]
                )
                {
                    uniform bool doubleSided = 1
                    float3[] extent = [(-0.00090222224, -0.008, -0.000065), (0.00090222224, 0.008, 0.000065)]
                    int[] faceVertexCounts = [4, 4, 4, 4, 4, 4]
                    int[] faceVertexIndices = [0, 1, 3, 2, 2, 3, 7, 6, 6, 7, 5, 4, 4, 5, 1, 0, 2, 6, 4, 0, 7, 3, 1, 5]
                    rel material:binding = </Asset/_materials/Printed_dark_ink>
                    normal3f[] normals = [(-1, 0, 0), (-1, 0, 0), (-1, 0, 0), (-1, 0, 0), (0, 1, 0), (0, 1, 0), (0, 1, 0), (0, 1, 0), (1, 0, 0), (1, 0, 0), (1, 0, 0), (1, 0, 0), (0, -1, 0), (0, -1, 0), (0, -1, 0), (0, -1, 0), (0, 0, -1), (0, 0, -1), (0, 0, -1), (0, 0, -1), (0, 0, 1), (0, 0, 1), (0, 0, 1), (0, 0, 1)] (
                        interpolation = "faceVarying"
                    )
                    point3f[] points = [(-0.00090222224, -0.008, -0.000065), (-0.00090222224, -0.008, 0.000065), (-0.00090222224, 0.008, -0.000065), (-0.00090222224, 0.008, 0.000065), (0.00090222224, -0.008, -0.000065), (0.00090222224, -0.008, 0.000065), (0.00090222224, 0.008, -0.000065), (0.00090222224, 0.008, 0.000065)]
                    texCoord2f[] primvars:st = [(0.375, 0), (0.625, 0), (0.625, 0.25), (0.375, 0.25), (0.375, 0.25), (0.625, 0.25), (0.625, 0.5), (0.375, 0.5), (0.375, 0.5), (0.625, 0.5), (0.625, 0.75), (0.375, 0.75), (0.375, 0.75), (0.625, 0.75), (0.625, 1), (0.375, 1), (0.125, 0.5), (0.375, 0.5), (0.375, 0.75), (0.125, 0.75), (0.625, 0.5), (0.875, 0.5), (0.875, 0.75), (0.625, 0.75)] (
                        interpolation = "faceVarying"
                    )
                    uniform token subdivisionScheme = "none"
                    custom string userProperties:blender:data_name = "Cube.132"
                }
            }

            def Xform "Barcode_line_082"
            {
                custom string userProperties:blender:object_name = "Barcode line.082"
                float3 xformOp:rotateXYZ = (0, -0, 4.2688688e-7)
                float3 xformOp:scale = (0.99999994, 0.99999994, 1)
                double3 xformOp:translate = (-0.013533332385122776, -0.004000000189989805, 0.0002500005066394806)
                uniform token[] xformOpOrder = ["xformOp:translate", "xformOp:rotateXYZ", "xformOp:scale"]

                def Mesh "Cube_135" (
                    active = true
                    prepend apiSchemas = ["MaterialBindingAPI"]
                )
                {
                    uniform bool doubleSided = 1
                    float3[] extent = [(-0.00045111112, -0.008, -0.000065), (0.00045111112, 0.008, 0.000065)]
                    int[] faceVertexCounts = [4, 4, 4, 4, 4, 4]
                    int[] faceVertexIndices = [0, 1, 3, 2, 2, 3, 7, 6, 6, 7, 5, 4, 4, 5, 1, 0, 2, 6, 4, 0, 7, 3, 1, 5]
                    rel material:binding = </Asset/_materials/Printed_dark_ink>
                    normal3f[] normals = [(-1, 0, 0), (-1, 0, 0), (-1, 0, 0), (-1, 0, 0), (0, 1, 0), (0, 1, 0), (0, 1, 0), (0, 1, 0), (1, 0, 0), (1, 0, 0), (1, 0, 0), (1, 0, 0), (0, -1, 0), (0, -1, 0), (0, -1, 0), (0, -1, 0), (0, 0, -1), (0, 0, -1), (0, 0, -1), (0, 0, -1), (0, 0, 1), (0, 0, 1), (0, 0, 1), (0, 0, 1)] (
                        interpolation = "faceVarying"
                    )
                    point3f[] points = [(-0.00045111112, -0.008, -0.000065), (-0.00045111112, -0.008, 0.000065), (-0.00045111112, 0.008, -0.000065), (-0.00045111112, 0.008, 0.000065), (0.00045111112, -0.008, -0.000065), (0.00045111112, -0.008, 0.000065), (0.00045111112, 0.008, -0.000065), (0.00045111112, 0.008, 0.000065)]
                    texCoord2f[] primvars:st = [(0.375, 0), (0.625, 0), (0.625, 0.25), (0.375, 0.25), (0.375, 0.25), (0.625, 0.25), (0.625, 0.5), (0.375, 0.5), (0.375, 0.5), (0.625, 0.5), (0.625, 0.75), (0.375, 0.75), (0.375, 0.75), (0.625, 0.75), (0.625, 1), (0.375, 1), (0.125, 0.5), (0.375, 0.5), (0.375, 0.75), (0.125, 0.75), (0.625, 0.5), (0.875, 0.5), (0.875, 0.75), (0.625, 0.75)] (
                        interpolation = "faceVarying"
                    )
                    uniform token subdivisionScheme = "none"
                    custom string userProperties:blender:data_name = "Cube.135"
                }
            }

            def Xform "Barcode_line_096"
            {
                custom string userProperties:blender:object_name = "Barcode line.096"
                float3 xformOp:rotateXYZ = (0, -0, 4.2688688e-7)
                float3 xformOp:scale = (0.99999994, 0.99999994, 1)
                double3 xformOp:translate = (0.02616444230079651, -0.003999999724328518, 0.0002500005066394806)
                uniform token[] xformOpOrder = ["xformOp:translate", "xformOp:rotateXYZ", "xformOp:scale"]

                def Mesh "Cube_149" (
                    active = true
                    prepend apiSchemas = ["MaterialBindingAPI"]
                )
                {
                    uniform bool doubleSided = 1
                    float3[] extent = [(-0.00045111112, -0.008, -0.000065), (0.00045111112, 0.008, 0.000065)]
                    int[] faceVertexCounts = [4, 4, 4, 4, 4, 4]
                    int[] faceVertexIndices = [0, 1, 3, 2, 2, 3, 7, 6, 6, 7, 5, 4, 4, 5, 1, 0, 2, 6, 4, 0, 7, 3, 1, 5]
                    rel material:binding = </Asset/_materials/Printed_dark_ink>
                    normal3f[] normals = [(-1, 0, 0), (-1, 0, 0), (-1, 0, 0), (-1, 0, 0), (0, 1, 0), (0, 1, 0), (0, 1, 0), (0, 1, 0), (1, 0, 0), (1, 0, 0), (1, 0, 0), (1, 0, 0), (0, -1, 0), (0, -1, 0), (0, -1, 0), (0, -1, 0), (0, 0, -1), (0, 0, -1), (0, 0, -1), (0, 0, -1), (0, 0, 1), (0, 0, 1), (0, 0, 1), (0, 0, 1)] (
                        interpolation = "faceVarying"
                    )
                    point3f[] points = [(-0.00045111112, -0.008, -0.000065), (-0.00045111112, -0.008, 0.000065), (-0.00045111112, 0.008, -0.000065), (-0.00045111112, 0.008, 0.000065), (0.00045111112, -0.008, -0.000065), (0.00045111112, -0.008, 0.000065), (0.00045111112, 0.008, -0.000065), (0.00045111112, 0.008, 0.000065)]
                    texCoord2f[] primvars:st = [(0.375, 0), (0.625, 0), (0.625, 0.25), (0.375, 0.25), (0.375, 0.25), (0.625, 0.25), (0.625, 0.5), (0.375, 0.5), (0.375, 0.5), (0.625, 0.5), (0.625, 0.75), (0.375, 0.75), (0.375, 0.75), (0.625, 0.75), (0.625, 1), (0.375, 1), (0.125, 0.5), (0.375, 0.5), (0.375, 0.75), (0.125, 0.75), (0.625, 0.5), (0.875, 0.5), (0.875, 0.75), (0.625, 0.75)] (
                        interpolation = "faceVarying"
                    )
                    uniform token subdivisionScheme = "none"
                    custom string userProperties:blender:data_name = "Cube.149"
                }
            }

            def Xform "Print_PARCEL___01______A_003"
            {
                custom string userProperties:blender:object_name = "Print_PARCEL___01______A.003"
                float3 xformOp:rotateXYZ = (0, -0, 4.2688688e-7)
                float3 xformOp:scale = (0.99999994, 0.99999994, 1)
                double3 xformOp:translate = (-0.035669997334480286, -0.025369998067617416, 0.00019999966025352478)
                uniform token[] xformOpOrder = ["xformOp:translate", "xformOp:rotateXYZ", "xformOp:scale"]

                def Mesh "Printing_023" (
                    active = true
                    prepend apiSchemas = ["MaterialBindingAPI"]
                )
                {
                    uniform bool doubleSided = 1
                    float3[] extent = [(0.000175, -0.0000225, 0), (0.022342497, 0.0017275001, 0)]
                    int[] faceVertexCounts = [3, 3, 3, 3, 3, 3, 3, 3, 3, 3, 3, 3, 3, 3, 3, 3, 3, 3, 3, 3, 3, 3, 3, 3, 3, 3, 3, 3, 3, 3, 3, 3, 3, 3, 3, 3, 3, 3, 3, 3, 3, 3, 3, 3, 3, 3, 3, 3, 3, 3, 3, 3, 3, 3, 3, 3, 3, 3, 3, 3, 3, 3, 3, 3, 3, 3, 3, 3, 3, 3, 3, 3, 3, 3, 3, 3, 3, 3, 3, 3, 3, 3, 3, 3, 3, 3, 3, 3, 3, 3, 3, 3, 3, 3, 3, 3, 3, 3, 3, 3, 3, 3, 3, 3, 3, 3, 3, 3, 3, 3, 3, 3, 3, 3, 3, 3, 3, 3, 3, 3, 3, 3, 3, 3, 3, 3, 3, 3, 3, 3, 3]
                    int[] faceVertexIndices = [6, 4, 5, 7, 4, 6, 7, 10, 4, 10, 11, 4, 11, 3, 4, 8, 9, 7, 9, 10, 7, 12, 3, 11, 12, 2, 3, 13, 2, 12, 14, 2, 13, 15, 2, 14, 15, 1, 2, 16, 1, 15, 16, 0, 1, 16, 18, 0, 17, 18, 16, 21, 19, 20, 21, 22, 19, 25, 23, 24, 25, 26, 23, 29, 27, 28, 29, 35, 27, 35, 34, 27, 29, 37, 35, 36, 34, 35, 29, 31, 37, 31, 36, 37, 31, 32, 36, 32, 34, 36, 29, 30, 31, 33, 34, 32, 40, 38, 39, 40, 41, 38, 45, 56, 44, 56, 43, 44, 45, 55, 56, 57, 43, 56, 46, 55, 45, 57, 42, 43, 46, 54, 55, 50, 42, 57, 47, 54, 46, 47, 53, 54, 51, 42, 50, 51, 49, 42, 47, 52, 53, 52, 49, 51, 52, 48, 49, 48, 52, 47, 60, 58, 59, 60, 63, 58, 60, 62, 63, 60, 61, 62, 66, 74, 65, 74, 64, 65, 74, 75, 64, 66, 73, 74, 66, 70, 73, 70, 72, 73, 70, 71, 72, 66, 69, 70, 66, 68, 69, 66, 67, 68, 79, 77, 78, 79, 76, 77, 79, 91, 76, 91, 92, 76, 92, 93, 76, 79, 90, 91, 80, 90, 79, 80, 89, 90, 80, 88, 89, 81, 88, 80, 86, 84, 85, 81, 87, 88, 82, 87, 81, 87, 84, 86, 82, 84, 87, 82, 83, 84, 95, 111, 94, 111, 110, 94, 111, 109, 110, 111, 112, 109, 112, 113, 109, 113, 108, 109, 95, 117, 111, 114, 108, 113, 115, 108, 114, 115, 107, 108, 116, 107, 115, 116, 106, 107, 95, 97, 117, 97, 116, 117, 97, 106, 116, 97, 98, 106, 98, 105, 106, 95, 96, 97, 99, 105, 98, 100, 105, 99, 100, 104, 105, 101, 104, 100, 101, 103, 104, 101, 102, 103, 120, 118, 119, 120, 126, 118, 126, 125, 118, 120, 128, 126, 127, 125, 126, 120, 122, 128, 122, 127, 128, 122, 123, 127, 123, 125, 127, 120, 121, 122, 124, 125, 123, 130, 138, 129, 138, 137, 129, 138, 136, 137, 138, 139, 136, 139, 140, 136, 140, 135, 136, 130, 144, 138, 141, 135, 140, 142, 135, 141, 142, 134, 135, 143, 134, 142, 130, 132, 144, 132, 143, 144, 132, 134, 143, 132, 133, 134, 130, 131, 132]
                    rel material:binding = </Asset/_materials/Printed_dark_ink>
                    normal3f[] normals = [(0, 0, 0.99999994), (0, 0, 0.99999994), (0, 0, 0.99999994), (0, 0, 1), (0, 0, 1), (0, 0, 1), (0, 0, 1), (0, 0, 1), (0, 0, 1), (0, 0, 0.99999994), (0, 0, 0.99999994), (0, 0, 0.99999994), (0, 0, 1), (0, 0, 1), (0, 0, 1), (0, 0, 1), (0, 0, 1), (0, 0, 1), (0, 0, 1), (0, 0, 1), (0, 0, 1), (0, 0, 1), (0, 0, 1), (0, 0, 1), (0, 0, 1), (0, 0, 1), (0, 0, 1), (0, 0, 0.99999994), (0, 0, 0.99999994), (0, 0, 0.99999994), (0, 0, 0.99999994), (0, 0, 0.99999994), (0, 0, 0.99999994), (0, 0, 1), (0, 0, 1), (0, 0, 1), (0, 0, 1), (0, 0, 1), (0, 0, 1), (0, 0, 1), (0, 0, 1), (0, 0, 1), (0, 0, 1), (0, 0, 1), (0, 0, 1), (0, 0, 1), (0, 0, 1), (0, 0, 1), (0, 0, 0.99999994), (0, 0, 0.99999994), (0, 0, 0.99999994), (0, 0, 1), (0, 0, 1), (0, 0, 1), (0, 0, 1), (0, 0, 1), (0, 0, 1), (0, 0, 0.99999994), (0, 0, 0.99999994), (0, 0, 0.99999994), (0, 0, 0.99999994), (0, 0, 0.99999994), (0, 0, 0.99999994), (0, 0, 1), (0, 0, 1), (0, 0, 1), (0, 0, 1), (0, 0, 1), (0, 0, 1), (0, 0, 1), (0, 0, 1), (0, 0, 1), (0, 0, 1), (0, 0, 1), (0, 0, 1), (0, 0, 1), (0, 0, 1), (0, 0, 1), (0, 0, 1), (0, 0, 1), (0, 0, 1), (0, 0, 1), (0, 0, 1), (0, 0, 1), (0, 0, 1), (0, 0, 1), (0, 0, 1), (0, 0, 0.99999994), (0, 0, 0.99999994), (0, 0, 0.99999994), (0, 0, 1), (0, 0, 1), (0, 0, 1), (0, 0, 1), (0, 0, 1), (0, 0, 1), (0, 0, 1), (0, 0, 1), (0, 0, 1), (0, 0, 1), (0, 0, 1), (0, 0, 1), (0, 0, 1), (0, 0, 1), (0, 0, 1), (0, 0, 1), (0, 0, 1), (0, 0, 1), (0, 0, 1), (0, 0, 1), (0, 0, 1), (0, 0, 1), (0, 0, 1), (0, 0, 1), (0, 0, 1), (0, 0, 1), (0, 0, 1), (0, 0, 1), (0, 0, 1), (0, 0, 1), (0, 0, 0.99999994), (0, 0, 0.99999994), (0, 0, 0.99999994), (0, 0, 1), (0, 0, 1), (0, 0, 1), (0, 0, 1), (0, 0, 1), (0, 0, 1), (0, 0, 1), (0, 0, 1), (0, 0, 1), (0, 0, 1), (0, 0, 1), (0, 0, 1), (0, 0, 1), (0, 0, 1), (0, 0, 1), (0, 0, 1), (0, 0, 1), (0, 0, 1), (0, 0, 1), (0, 0, 1), (0, 0, 1), (0, 0, 1), (0, 0, 1), (0, 0, 1), (0, 0, 0.99999994), (0, 0, 0.99999994), (0, 0, 0.99999994), (0, 0, 1), (0, 0, 1), (0, 0, 1), (0, 0, 1), (0, 0, 1), (0, 0, 1), (0, 0, 1), (0, 0, 1), (0, 0, 1), (0, 0, 1), (0, 0, 1), (0, 0, 1), (0, 0, 1), (0, 0, 1), (0, 0, 1), (0, 0, 0.99999994), (0, 0, 0.99999994), (0, 0, 0.99999994), (0, 0, 1), (0, 0, 1), (0, 0, 1), (0, 0, 1), (0, 0, 1), (0, 0, 1), (0, 0, 0.99999994), (0, 0, 0.99999994), (0, 0, 0.99999994), (0, 0, 1), (0, 0, 1), (0, 0, 1), (0, 0, 1), (0, 0, 1), (0, 0, 1), (0, 0, 1), (0, 0, 1), (0, 0, 1), (0, 0, 1), (0, 0, 1), (0, 0, 1), (0, 0, 1), (0, 0, 1), (0, 0, 1), (0, 0, 1), (0, 0, 1), (0, 0, 1), (0, 0, 1), (0, 0, 1), (0, 0, 1), (0, 0, 1), (0, 0, 1), (0, 0, 1), (0, 0, 1), (0, 0, 1), (0, 0, 1), (0, 0, 1), (0, 0, 1), (0, 0, 1), (0, 0, 1), (0, 0, 1), (0, 0, 1), (0, 0, 1), (0, 0, 1), (0, 0, 1), (0, 0, 1), (0, 0, 1), (0, 0, 1), (0, 0, 1), (0, 0, 1), (0, 0, 1), (0, 0, 1), (0, 0, 1), (0, 0, 1), (0, 0, 1), (0, 0, 1), (0, 0, 1), (0, 0, 1), (0, 0, 1), (0, 0, 1), (0, 0, 1), (0, 0, 1), (0, 0, 1), (0, 0, 1), (0, 0, 1), (0, 0, 1), (0, 0, 1), (0, 0, 1), (0, 0, 1), (0, 0, 1), (0, 0, 1), (0, 0, 1), (0, 0, 1), (0, 0, 1), (0, 0, 1), (0, 0, 1), (0, 0, 1), (0, 0, 1), (0, 0, 1), (0, 0, 1), (0, 0, 1), (0, 0, 1), (0, 0, 1), (0, 0, 1), (0, 0, 0.99999994), (0, 0, 0.99999994), (0, 0, 0.99999994), (0, 0, 1), (0, 0, 1), (0, 0, 1), (0, 0, 1), (0, 0, 1), (0, 0, 1), (0, 0, 1), (0, 0, 1), (0, 0, 1), (0, 0, 1), (0, 0, 1), (0, 0, 1), (0, 0, 1), (0, 0, 1), (0, 0, 1), (0, 0, 0.99999994), (0, 0, 0.99999994), (0, 0, 0.99999994), (0, 0, 1), (0, 0, 1), (0, 0, 1), (0, 0, 1), (0, 0, 1), (0, 0, 1), (0, 0, 1), (0, 0, 1), (0, 0, 1), (0, 0, 1), (0, 0, 1), (0, 0, 1), (0, 0, 1), (0, 0, 1), (0, 0, 1), (0, 0, 0.99999994), (0, 0, 0.99999994), (0, 0, 0.99999994), (0, 0, 1), (0, 0, 1), (0, 0, 1), (0, 0, 1), (0, 0, 1), (0, 0, 1), (0, 0, 1), (0, 0, 1), (0, 0, 1), (0, 0, 1), (0, 0, 1), (0, 0, 1), (0, 0, 1), (0, 0, 1), (0, 0, 1), (0, 0, 1), (0, 0, 1), (0, 0, 1), (0, 0, 0.99999994), (0, 0, 0.99999994), (0, 0, 0.99999994), (0, 0, 1), (0, 0, 1), (0, 0, 1), (0, 0, 1), (0, 0, 1), (0, 0, 1), (0, 0, 0.99999994), (0, 0, 0.99999994), (0, 0, 0.99999994), (0, 0, 1), (0, 0, 1), (0, 0, 1), (0, 0, 1), (0, 0, 1), (0, 0, 1), (0, 0, 1), (0, 0, 1), (0, 0, 1), (0, 0, 1), (0, 0, 1), (0, 0, 1), (0, 0, 0.99999994), (0, 0, 0.99999994), (0, 0, 0.99999994), (0, 0, 1), (0, 0, 1), (0, 0, 1), (0, 0, 1), (0, 0, 1), (0, 0, 1), (0, 0, 1), (0, 0, 1), (0, 0, 1), (0, 0, 0.99999994), (0, 0, 0.99999994), (0, 0, 0.99999994), (0, 0, 1), (0, 0, 1), (0, 0, 1), (0, 0, 1), (0, 0, 1), (0, 0, 1), (0, 0, 0.99999994), (0, 0, 0.99999994), (0, 0, 0.99999994), (0, 0, 0.99999994), (0, 0, 0.99999994), (0, 0, 0.99999994), (0, 0, 1), (0, 0, 1), (0, 0, 1), (0, 0, 1), (0, 0, 1), (0, 0, 1), (0, 0, 1), (0, 0, 1), (0, 0, 1), (0, 0, 1), (0, 0, 1), (0, 0, 1), (0, 0, 0.99999994), (0, 0, 0.99999994), (0, 0, 0.99999994), (0, 0, 1), (0, 0, 1), (0, 0, 1), (0, 0, 1), (0, 0, 1), (0, 0, 1), (0, 0, 1), (0, 0, 1), (0, 0, 1), (0, 0, 1), (0, 0, 1), (0, 0, 1), (0, 0, 1), (0, 0, 1), (0, 0, 1), (0, 0, 1), (0, 0, 1), (0, 0, 1)] (
                        interpolation = "faceVarying"
                    )
                    point3f[] points = [(0.022342497, 0.0002325, 0), (0.021689998, 0.0002325, 0), (0.022097498, 0.00077937497, 0), (0.022219999, 0.001195, 0), (0.02207531, 0.0015793751, 0), (0.021699999, 0.0017275001, 0), (0.021498749, 0.0016875, 0), (0.0212975, 0.001565, 0), (0.0212975, 0.0012575, 0), (0.021495624, 0.001438125, 0), (0.021682497, 0.0014875, 0), (0.021891562, 0.0013978125, 0), (0.021975, 0.0011675, 0), (0.021945, 0.0009831251, 0), (0.021854999, 0.0008025, 0), (0.021574687, 0.0004025, 0), (0.0212625, 0.0000175, 0), (0.0212625, 0, 0), (0.022342497, 0, 0), (0.0206775, 0.0017050001, 0), (0.020432498, 0.0017050001, 0), (0.020432498, 0, 0), (0.0206775, 0, 0), (0.019827498, 0.0006675, 0), (0.019219998, 0.0006675, 0), (0.019219998, 0.00043500002, 0), (0.019827498, 0.00043500002, 0), (0.018357499, 0.0017150001, 0), (0.018184999, 0.0017150001, 0), (0.017452499, 0, 0), (0.017702498, 0, 0), (0.017917497, 0.0005025, 0), (0.018642498, 0.0005025, 0), (0.018869998, 0, 0), (0.019119998, 0, 0), (0.0182675, 0.00134, 0), (0.018542498, 0.0007225, 0), (0.018012498, 0.0007225, 0), (0.012782501, 0.0017050001, 0), (0.012537501, 0.0017050001, 0), (0.012537501, 0, 0), (0.012782501, 0, 0), (0.0119575, 0.00085250003, 0), (0.011806251, 0.0014868751, 0), (0.0114075, 0.0017275001, 0), (0.011008751, 0.0014868751, 0), (0.010857501, 0.00085250003, 0), (0.011008751, 0.000218125, 0), (0.0114075, -0.0000225, 0), (0.011806251, 0.00021812502, 0), (0.011712501, 0.00085250003, 0), (0.01163125, 0.00038125, 0), (0.0114075, 0.00021000001, 0), (0.01118375, 0.00038125, 0), (0.011102499, 0.00085250003, 0), (0.01118375, 0.0013237501, 0), (0.0114075, 0.0014950001, 0), (0.01163125, 0.0013237501, 0), (0.0079025, 0.0017050001, 0), (0.0076575004, 0.0017050001, 0), (0.0076575004, 0, 0), (0.0086725, 0, 0), (0.0086725, 0.00022000002, 0), (0.0079025, 0.00022000002, 0), (0.0073775, 0.0017050001, 0), (0.0064100004, 0.0017050001, 0), (0.0064100004, 0, 0), (0.0074, 0, 0), (0.0074, 0.00022000002, 0), (0.006655, 0.00022000002, 0), (0.006655, 0.00075, 0), (0.0073524998, 0.00075, 0), (0.0073524998, 0.00097, 0), (0.006655, 0.00097, 0), (0.006655, 0.001485, 0), (0.0073775, 0.001485, 0), (0.0060925004, 0.0015875001, 0), (0.0057784375, 0.0016940626, 0), (0.0055075, 0.0017275001, 0), (0.0048365626, 0.0014725, 0), (0.0045725, 0.0008275001, 0), (0.0047925003, 0.0002684375, 0), (0.0054925, -0.0000225, 0), (0.00583875, 0.0000196875, 0), (0.0061100004, 0.00012750001, 0), (0.0061100004, 0.000395, 0), (0.0058125006, 0.000251875, 0), (0.0055150003, 0.0002025, 0), (0.00501625, 0.00038281252, 0), (0.004825, 0.00085, 0), (0.00501875, 0.001316875, 0), (0.0055050002, 0.0015025, 0), (0.0057940627, 0.0014596876, 0), (0.0060925004, 0.0013250001, 0), (0.0031350001, 0.0017050001, 0), (0.0031350001, 0, 0), (0.00338, 0, 0), (0.00338, 0.00074, 0), (0.0034824999, 0.00074, 0), (0.00367125, 0.00067624997, 0), (0.0039350004, 0.00035, 0), (0.00416, 0, 0), (0.0044525, 0, 0), (0.004319375, 0.000185625, 0), (0.00422, 0.0003375, 0), (0.004039375, 0.000615, 0), (0.00384, 0.00081, 0), (0.0040509375, 0.00097187504, 0), (0.004125, 0.0012275, 0), (0.0039743753, 0.0015768751, 0), (0.0035650001, 0.0017050001, 0), (0.00338, 0.0014950001, 0), (0.0035375, 0.0014950001, 0), (0.0037931248, 0.0014262501, 0), (0.0038725, 0.0012375001, 0), (0.0038043752, 0.0010453125, 0), (0.0035375, 0.00096, 0), (0.00338, 0.00096, 0), (0.0021800003, 0.0017150001, 0), (0.0020075003, 0.0017150001, 0), (0.001275, 0, 0), (0.0015250002, 0, 0), (0.0017400001, 0.0005025, 0), (0.0024650001, 0.0005025, 0), (0.0026925004, 0, 0), (0.0029425, 0, 0), (0.00209, 0.00134, 0), (0.002365, 0.0007225, 0), (0.0018350001, 0.0007225, 0), (0.000175, 0.0017050001, 0), (0.000175, 0, 0), (0.00042000003, 0, 0), (0.00042000003, 0.0007375, 0), (0.000675, 0.0007375, 0), (0.001110625, 0.0008759375, 0), (0.00125, 0.001215, 0), (0.0011184375, 0.0015612501, 0), (0.00070750003, 0.0017050001, 0), (0.00042000003, 0.001485, 0), (0.00070750003, 0.001485, 0), (0.0009359375, 0.001401875, 0), (0.0009975, 0.001225, 0), (0.00091593753, 0.0010275, 0), (0.0006975, 0.0009575, 0), (0.00042000003, 0.0009575, 0)]
                    texCoord2f[] primvars:st = [(0.33333334, 0), (0.22222222, 0), (0.2777778, 0), (0.3888889, 0), (0.22222222, 0), (0.33333334, 0), (0.3888889, 0), (0.5555556, 0), (0.22222222, 0), (0.5555556, 0), (0.6111111, 0), (0.22222222, 0), (0.6111111, 0), (0.16666667, 0), (0.22222222, 0), (0.44444445, 0), (0.5, 0), (0.3888889, 0), (0.5, 0), (0.5555556, 0), (0.3888889, 0), (0.6666667, 0), (0.16666667, 0), (0.6111111, 0), (0.6666667, 0), (0.11111111, 0), (0.16666667, 0), (0.7222222, 0), (0.11111111, 0), (0.6666667, 0), (0.7777778, 0), (0.11111111, 0), (0.7222222, 0), (0.8333333, 0), (0.11111111, 0), (0.7777778, 0), (0.8333333, 0), (0.055555556, 0), (0.11111111, 0), (0.8888889, 0), (0.055555556, 0), (0.8333333, 0), (0.8888889, 0), (0, 0), (0.055555556, 0), (0.8888889, 0), (1, 0), (0, 0), (0.9444444, 0), (1, 0), (0.8888889, 0), (0.6666667, 0), (0, 0), (0.33333334, 0), (0.6666667, 0), (1, 0), (0, 0), (0.6666667, 0), (0, 0), (0.33333334, 0), (0.6666667, 0), (1, 0), (0, 0), (0.2, 0), (0, 0), (0.1, 0), (0.2, 0), (0.8, 0), (0, 0), (0.8, 0), (0.7, 0), (0, 0), (0.2, 0), (1, 0), (0.8, 0), (0.9, 0), (0.7, 0), (0.8, 0), (0.2, 0), (0.4, 0), (1, 0), (0.4, 0), (0.9, 0), (1, 0), (0.4, 0), (0.5, 0), (0.9, 0), (0.5, 0), (0.7, 0), (0.9, 0), (0.2, 0), (0.3, 0), (0.4, 0), (0.6, 0), (0.7, 0), (0.5, 0), (0.6666667, 0), (0, 0), (0.33333334, 0), (0.6666667, 0), (1, 0), (0, 0), (0.2, 0), (0.93333334, 0), (0.13333334, 0), (0.93333334, 0), (0.06666667, 0), (0.13333334, 0), (0.2, 0), (0.8666667, 0), (0.93333334, 0), (1, 0), (0.06666667, 0), (0.93333334, 0), (0.26666668, 0), (0.8666667, 0), (0.2, 0), (1, 0), (0, 0), (0.06666667, 0), (0.26666668, 0), (0.8, 0), (0.8666667, 0), (0.53333336, 0), (0, 0), (1, 0), (0.33333334, 0), (0.8, 0), (0.26666668, 0), (0.33333334, 0), (0.73333335, 0), (0.8, 0), (0.6, 0), (0, 0), (0.53333336, 0), (0.6, 0), (0.46666667, 0), (0, 0), (0.33333334, 0), (0.6666667, 0), (0.73333335, 0), (0.6666667, 0), (0.46666667, 0), (0.6, 0), (0.6666667, 0), (0.4, 0), (0.46666667, 0), (0.4, 0), (0.6666667, 0), (0.33333334, 0), (0.4, 0), (0, 0), (0.2, 0), (0.4, 0), (1, 0), (0, 0), (0.4, 0), (0.8, 0), (1, 0), (0.4, 0), (0.6, 0), (0.8, 0), (0.18181819, 0), (0.90909094, 0), (0.09090909, 0), (0.90909094, 0), (0, 0), (0.09090909, 0), (0.90909094, 0), (1, 0), (0, 0), (0.18181819, 0), (0.8181818, 0), (0.90909094, 0), (0.18181819, 0), (0.54545456, 0), (0.8181818, 0), (0.54545456, 0), (0.72727275, 0), (0.8181818, 0), (0.54545456, 0), (0.6363636, 0), (0.72727275, 0), (0.18181819, 0), (0.45454547, 0), (0.54545456, 0), (0.18181819, 0), (0.36363637, 0), (0.45454547, 0), (0.18181819, 0), (0.27272728, 0), (0.36363637, 0), (0.1764706, 0), (0.05882353, 0), (0.11764706, 0), (0.1764706, 0), (0, 0), (0.05882353, 0), (0.1764706, 0), (0.88235295, 0), (0, 0), (0.88235295, 0), (0.9411765, 0), (0, 0), (0.9411765, 0), (1, 0), (0, 0), (0.1764706, 0), (0.8235294, 0), (0.88235295, 0), (0.23529412, 0), (0.8235294, 0), (0.1764706, 0), (0.23529412, 0), (0.7647059, 0), (0.8235294, 0), (0.23529412, 0), (0.7058824, 0), (0.7647059, 0), (0.29411766, 0), (0.7058824, 0), (0.23529412, 0), (0.5882353, 0), (0.47058824, 0), (0.5294118, 0), (0.29411766, 0), (0.64705884, 0), (0.7058824, 0), (0.3529412, 0), (0.64705884, 0), (0.29411766, 0), (0.64705884, 0), (0.47058824, 0), (0.5882353, 0), (0.3529412, 0), (0.47058824, 0), (0.64705884, 0), (0.3529412, 0), (0.4117647, 0), (0.47058824, 0), (0.04347826, 0), (0.73913044, 0), (0, 0), (0.73913044, 0), (0.6956522, 0), (0, 0), (0.73913044, 0), (0.65217394, 0), (0.6956522, 0), (0.73913044, 0), (0.7826087, 0), (0.65217394, 0), (0.7826087, 0), (0.82608694, 0), (0.65217394, 0), (0.82608694, 0), (0.6086956, 0), (0.65217394, 0), (0.04347826, 0), (1, 0), (0.73913044, 0), (0.8695652, 0), (0.6086956, 0), (0.82608694, 0), (0.9130435, 0), (0.6086956, 0), (0.8695652, 0), (0.9130435, 0), (0.5652174, 0), (0.6086956, 0), (0.95652175, 0), (0.5652174, 0), (0.9130435, 0), (0.95652175, 0), (0.5217391, 0), (0.5652174, 0), (0.04347826, 0), (0.13043478, 0), (1, 0), (0.13043478, 0), (0.95652175, 0), (1, 0), (0.13043478, 0), (0.5217391, 0), (0.95652175, 0), (0.13043478, 0), (0.17391305, 0), (0.5217391, 0), (0.17391305, 0), (0.47826087, 0), (0.5217391, 0), (0.04347826, 0), (0.08695652, 0), (0.13043478, 0), (0.2173913, 0), (0.47826087, 0), (0.17391305, 0), (0.26086956, 0), (0.47826087, 0), (0.2173913, 0), (0.26086956, 0), (0.4347826, 0), (0.47826087, 0), (0.3043478, 0), (0.4347826, 0), (0.26086956, 0), (0.3043478, 0), (0.39130434, 0), (0.4347826, 0), (0.3043478, 0), (0.3478261, 0), (0.39130434, 0), (0.2, 0), (0, 0), (0.1, 0), (0.2, 0), (0.8, 0), (0, 0), (0.8, 0), (0.7, 0), (0, 0), (0.2, 0), (1, 0), (0.8, 0), (0.9, 0), (0.7, 0), (0.8, 0), (0.2, 0), (0.4, 0), (1, 0), (0.4, 0), (0.9, 0), (1, 0), (0.4, 0), (0.5, 0), (0.9, 0), (0.5, 0), (0.7, 0), (0.9, 0), (0.2, 0), (0.3, 0), (0.4, 0), (0.6, 0), (0.7, 0), (0.5, 0), (0.06666667, 0), (0.6, 0), (0, 0), (0.6, 0), (0.53333336, 0), (0, 0), (0.6, 0), (0.46666667, 0), (0.53333336, 0), (0.6, 0), (0.6666667, 0), (0.46666667, 0), (0.6666667, 0), (0.73333335, 0), (0.46666667, 0), (0.73333335, 0), (0.4, 0), (0.46666667, 0), (0.06666667, 0), (1, 0), (0.6, 0), (0.8, 0), (0.4, 0), (0.73333335, 0), (0.8666667, 0), (0.4, 0), (0.8, 0), (0.8666667, 0), (0.33333334, 0), (0.4, 0), (0.93333334, 0), (0.33333334, 0), (0.8666667, 0), (0.06666667, 0), (0.2, 0), (1, 0), (0.2, 0), (0.93333334, 0), (1, 0), (0.2, 0), (0.33333334, 0), (0.93333334, 0), (0.2, 0), (0.26666668, 0), (0.33333334, 0), (0.06666667, 0), (0.13333334, 0), (0.2, 0)] (
                        interpolation = "faceVarying"
                    )
                    uniform token subdivisionScheme = "none"
                    custom string userProperties:blender:data_name = "Printing.023"
                }
            }

            def Xform "Barcode_line_077"
            {
                custom string userProperties:blender:object_name = "Barcode line.077"
                float3 xformOp:rotateXYZ = (0, -0, 4.2688688e-7)
                float3 xformOp:scale = (0.99999994, 0.99999994, 1)
                double3 xformOp:translate = (-0.02887110784649849, -0.003999999724328518, 0.0002500005066394806)
                uniform token[] xformOpOrder = ["xformOp:translate", "xformOp:rotateXYZ", "xformOp:scale"]

                def Mesh "Cube_130" (
                    active = true
                    prepend apiSchemas = ["MaterialBindingAPI"]
                )
                {
                    uniform bool doubleSided = 1
                    float3[] extent = [(-0.0013533334, -0.008, -0.000065), (0.0013533334, 0.008, 0.000065)]
                    int[] faceVertexCounts = [4, 4, 4, 4, 4, 4]
                    int[] faceVertexIndices = [0, 1, 3, 2, 2, 3, 7, 6, 6, 7, 5, 4, 4, 5, 1, 0, 2, 6, 4, 0, 7, 3, 1, 5]
                    rel material:binding = </Asset/_materials/Printed_dark_ink>
                    normal3f[] normals = [(-1, 0, 0), (-1, 0, 0), (-1, 0, 0), (-1, 0, 0), (0, 1, 0), (0, 1, 0), (0, 1, 0), (0, 1, 0), (1, 0, 0), (1, 0, 0), (1, 0, 0), (1, 0, 0), (0, -1, 0), (0, -1, 0), (0, -1, 0), (0, -1, 0), (0, 0, -1), (0, 0, -1), (0, 0, -1), (0, 0, -1), (0, 0, 1), (0, 0, 1), (0, 0, 1), (0, 0, 1)] (
                        interpolation = "faceVarying"
                    )
                    point3f[] points = [(-0.0013533334, -0.008, -0.000065), (-0.0013533334, -0.008, 0.000065), (-0.0013533334, 0.008, -0.000065), (-0.0013533334, 0.008, 0.000065), (0.0013533334, -0.008, -0.000065), (0.0013533334, -0.008, 0.000065), (0.0013533334, 0.008, -0.000065), (0.0013533334, 0.008, 0.000065)]
                    texCoord2f[] primvars:st = [(0.375, 0), (0.625, 0), (0.625, 0.25), (0.375, 0.25), (0.375, 0.25), (0.625, 0.25), (0.625, 0.5), (0.375, 0.5), (0.375, 0.5), (0.625, 0.5), (0.625, 0.75), (0.375, 0.75), (0.375, 0.75), (0.625, 0.75), (0.625, 1), (0.375, 1), (0.125, 0.5), (0.375, 0.5), (0.375, 0.75), (0.125, 0.75), (0.625, 0.5), (0.875, 0.5), (0.875, 0.75), (0.625, 0.75)] (
                        interpolation = "faceVarying"
                    )
                    uniform token subdivisionScheme = "none"
                    custom string userProperties:blender:data_name = "Cube.130"
                }
            }

            def Xform "Barcode_line_095"
            {
                custom string userProperties:blender:object_name = "Barcode line.095"
                float3 xformOp:rotateXYZ = (0, -0, 4.2688688e-7)
                float3 xformOp:scale = (0.99999994, 0.99999994, 1)
                double3 xformOp:translate = (0.023908887058496475, -0.004000000189989805, 0.0002500005066394806)
                uniform token[] xformOpOrder = ["xformOp:translate", "xformOp:rotateXYZ", "xformOp:scale"]

                def Mesh "Cube_148" (
                    active = true
                    prepend apiSchemas = ["MaterialBindingAPI"]
                )
                {
                    uniform bool doubleSided = 1
                    float3[] extent = [(-0.00090222224, -0.008, -0.000065), (0.00090222224, 0.008, 0.000065)]
                    int[] faceVertexCounts = [4, 4, 4, 4, 4, 4]
                    int[] faceVertexIndices = [0, 1, 3, 2, 2, 3, 7, 6, 6, 7, 5, 4, 4, 5, 1, 0, 2, 6, 4, 0, 7, 3, 1, 5]
                    rel material:binding = </Asset/_materials/Printed_dark_ink>
                    normal3f[] normals = [(-1, 0, 0), (-1, 0, 0), (-1, 0, 0), (-1, 0, 0), (0, 1, 0), (0, 1, 0), (0, 1, 0), (0, 1, 0), (1, 0, 0), (1, 0, 0), (1, 0, 0), (1, 0, 0), (0, -1, 0), (0, -1, 0), (0, -1, 0), (0, -1, 0), (0, 0, -1), (0, 0, -1), (0, 0, -1), (0, 0, -1), (0, 0, 1), (0, 0, 1), (0, 0, 1), (0, 0, 1)] (
                        interpolation = "faceVarying"
                    )
                    point3f[] points = [(-0.00090222224, -0.008, -0.000065), (-0.00090222224, -0.008, 0.000065), (-0.00090222224, 0.008, -0.000065), (-0.00090222224, 0.008, 0.000065), (0.00090222224, -0.008, -0.000065), (0.00090222224, -0.008, 0.000065), (0.00090222224, 0.008, -0.000065), (0.00090222224, 0.008, 0.000065)]
                    texCoord2f[] primvars:st = [(0.375, 0), (0.625, 0), (0.625, 0.25), (0.375, 0.25), (0.375, 0.25), (0.625, 0.25), (0.625, 0.5), (0.375, 0.5), (0.375, 0.5), (0.625, 0.5), (0.625, 0.75), (0.375, 0.75), (0.375, 0.75), (0.625, 0.75), (0.625, 1), (0.375, 1), (0.125, 0.5), (0.375, 0.5), (0.375, 0.75), (0.125, 0.75), (0.625, 0.5), (0.875, 0.5), (0.875, 0.75), (0.625, 0.75)] (
                        interpolation = "faceVarying"
                    )
                    uniform token subdivisionScheme = "none"
                    custom string userProperties:blender:data_name = "Cube.148"
                }
            }

            def Xform "Print_10__2608__805004"
            {
                custom string userProperties:blender:object_name = "Print_10__2608__805004"
                float3 xformOp:rotateXYZ = (0, -0, 4.2688688e-7)
                float3 xformOp:scale = (0.99999994, 0.99999994, 1)
                double3 xformOp:translate = (-0.035669997334480286, -0.01769999787211418, 0.00019999966025352478)
                uniform token[] xformOpOrder = ["xformOp:translate", "xformOp:rotateXYZ", "xformOp:scale"]

                def Mesh "Printing_022" (
                    active = true
                    prepend apiSchemas = ["MaterialBindingAPI"]
                )
                {
                    uniform bool doubleSided = 1
                    float3[] extent = [(0.00062620005, -0.000027900003, 0), (0.0219573, 0.0021421001, 0)]
                    int[] faceVertexCounts = [3, 3, 3, 3, 3, 3, 3, 3, 3, 3, 3, 3, 3, 3, 3, 3, 3, 3, 3, 3, 3, 3, 3, 3, 3, 3, 3, 3, 3, 3, 3, 3, 3, 3, 3, 3, 3, 3, 3, 3, 3, 3, 3, 3, 3, 3, 3, 3, 3, 3, 3, 3, 3, 3, 3, 3, 3, 3, 3, 3, 3, 3, 3, 3, 3, 3, 3, 3, 3, 3, 3, 3, 3, 3, 3, 3, 3, 3, 3, 3, 3, 3, 3, 3, 3, 3, 3, 3, 3, 3, 3, 3, 3, 3, 3, 3, 3, 3, 3, 3, 3, 3, 3, 3, 3, 3, 3, 3, 3, 3, 3, 3, 3, 3, 3, 3, 3, 3, 3, 3, 3, 3, 3, 3, 3, 3, 3, 3, 3, 3, 3, 3, 3, 3, 3, 3, 3, 3, 3, 3, 3, 3, 3, 3, 3, 3, 3, 3, 3, 3, 3, 3, 3, 3, 3, 3, 3, 3, 3, 3, 3, 3, 3, 3, 3, 3, 3, 3, 3, 3, 3, 3, 3, 3, 3, 3, 3, 3, 3, 3, 3, 3, 3, 3, 3, 3, 3, 3, 3, 3, 3, 3, 3, 3, 3, 3, 3, 3, 3, 3, 3, 3, 3, 3, 3, 3, 3, 3, 3, 3, 3, 3, 3, 3, 3, 3, 3, 3, 3]
                    int[] faceVertexIndices = [2, 0, 1, 2, 11, 0, 11, 12, 0, 12, 10, 0, 2, 14, 11, 13, 10, 12, 2, 13, 14, 2, 10, 13, 2, 9, 10, 2, 8, 9, 3, 8, 2, 4, 8, 3, 5, 7, 4, 7, 8, 4, 5, 6, 7, 18, 29, 17, 29, 16, 17, 18, 28, 29, 30, 16, 29, 19, 28, 18, 30, 15, 16, 19, 27, 28, 23, 15, 30, 20, 27, 19, 20, 26, 27, 24, 15, 23, 24, 22, 15, 20, 25, 26, 25, 22, 24, 21, 25, 20, 25, 21, 22, 34, 45, 33, 45, 32, 33, 34, 44, 45, 46, 32, 45, 35, 44, 34, 46, 31, 32, 35, 43, 44, 39, 31, 46, 36, 43, 35, 36, 42, 43, 40, 31, 39, 40, 38, 31, 36, 41, 42, 41, 38, 40, 37, 41, 36, 41, 37, 38, 49, 63, 48, 63, 47, 48, 63, 64, 47, 49, 62, 63, 49, 61, 62, 49, 50, 61, 50, 60, 61, 51, 60, 50, 51, 59, 60, 52, 59, 51, 56, 54, 55, 53, 59, 52, 56, 53, 54, 56, 59, 53, 56, 58, 59, 57, 58, 56, 68, 79, 67, 79, 66, 67, 68, 78, 79, 80, 66, 79, 69, 78, 68, 80, 65, 66, 69, 77, 78, 73, 65, 80, 70, 77, 69, 70, 76, 77, 74, 65, 73, 74, 72, 65, 70, 75, 76, 75, 72, 74, 71, 75, 70, 75, 71, 72, 88, 86, 87, 89, 102, 88, 102, 103, 88, 103, 86, 88, 103, 104, 86, 104, 85, 86, 89, 101, 102, 97, 85, 104, 89, 100, 101, 90, 100, 89, 98, 85, 97, 98, 84, 85, 90, 99, 100, 99, 84, 98, 99, 83, 84, 91, 99, 90, 91, 83, 99, 92, 83, 91, 92, 111, 83, 111, 82, 83, 92, 110, 111, 112, 82, 111, 112, 81, 82, 93, 110, 92, 93, 109, 110, 105, 81, 112, 93, 108, 109, 106, 81, 105, 94, 108, 93, 106, 96, 81, 107, 96, 106, 94, 107, 108, 94, 96, 107, 95, 96, 94, 120, 118, 119, 121, 134, 120, 134, 135, 120, 135, 118, 120, 135, 136, 118, 136, 117, 118, 121, 133, 134, 129, 117, 136, 121, 132, 133, 122, 132, 121, 130, 117, 129, 130, 116, 117, 122, 131, 132, 131, 116, 130, 131, 115, 116, 123, 131, 122, 123, 115, 131, 124, 115, 123, 124, 143, 115, 143, 114, 115, 124, 142, 143, 144, 114, 143, 144, 113, 114, 125, 142, 124, 125, 141, 142, 137, 113, 144, 125, 140, 141, 138, 113, 137, 126, 140, 125, 138, 128, 113, 139, 128, 138, 126, 139, 140, 126, 128, 139, 127, 128, 126, 148, 159, 147, 159, 146, 147, 148, 158, 159, 160, 146, 159, 149, 158, 148, 160, 145, 146, 149, 157, 158, 153, 145, 160, 150, 157, 149, 150, 156, 157, 154, 145, 153, 154, 152, 145, 150, 155, 156, 155, 152, 154, 151, 155, 150, 155, 151, 152, 162, 173, 161, 162, 172, 173, 162, 171, 172, 163, 171, 162, 170, 168, 169, 171, 168, 170, 163, 175, 171, 175, 168, 171, 175, 176, 168, 176, 177, 168, 177, 167, 168, 163, 174, 175, 178, 167, 177, 163, 181, 174, 164, 181, 163, 179, 167, 178, 179, 166, 167, 164, 180, 181, 180, 166, 179, 164, 166, 180, 165, 166, 164, 188, 186, 187, 189, 186, 188, 189, 192, 186, 192, 193, 186, 193, 185, 186, 190, 191, 189, 191, 192, 189, 194, 185, 193, 194, 184, 185, 195, 184, 194, 196, 184, 195, 197, 184, 196, 197, 183, 184, 198, 183, 197, 198, 182, 183, 198, 200, 182, 199, 200, 198, 204, 215, 203, 215, 202, 203, 204, 214, 215, 216, 202, 215, 205, 214, 204, 216, 201, 202, 205, 213, 214, 209, 201, 216, 206, 213, 205, 206, 212, 213, 210, 201, 209, 210, 208, 201, 206, 211, 212, 211, 208, 210, 207, 211, 206, 211, 207, 208, 219, 217, 218, 219, 220, 217]
                    rel material:binding = </Asset/_materials/Printed_dark_ink>
                    normal3f[] normals = [(0, 0, 1), (0, 0, 1), (0, 0, 1), (0, 0, 1), (0, 0, 1), (0, 0, 1), (0, 0, 1), (0, 0, 1), (0, 0, 1), (0, 0, 1), (0, 0, 1), (0, 0, 1), (0, 0, 1), (0, 0, 1), (0, 0, 1), (0, 0, 0.99999994), (0, 0, 0.99999994), (0, 0, 0.99999994), (0, 0, 1), (0, 0, 1), (0, 0, 1), (0, 0, 1), (0, 0, 1), (0, 0, 1), (0, 0, 1), (0, 0, 1), (0, 0, 1), (0, 0, 0.99999994), (0, 0, 0.99999994), (0, 0, 0.99999994), (0, 0, 1), (0, 0, 1), (0, 0, 1), (0, 0, -1), (0, 0, -1), (0, 0, -1), (0, 0, 0.99999994), (0, 0, 0.99999994), (0, 0, 0.99999994), (0, 0, 1), (0, 0, 1), (0, 0, 1), (0, 0, 0.99999994), (0, 0, 0.99999994), (0, 0, 0.99999994), (0, 0, 1), (0, 0, 1), (0, 0, 1), (0, 0, 1), (0, 0, 1), (0, 0, 1), (0, 0, 1), (0, 0, 1), (0, 0, 1), (0, 0, 0.99999994), (0, 0, 0.99999994), (0, 0, 0.99999994), (0, 0, 1), (0, 0, 1), (0, 0, 1), (0, 0, 1), (0, 0, 1), (0, 0, 1), (0, 0, 0.99999994), (0, 0, 0.99999994), (0, 0, 0.99999994), (0, 0, 0.99999994), (0, 0, 0.99999994), (0, 0, 0.99999994), (0, 0, 1), (0, 0, 1), (0, 0, 1), (0, 0, 0.99999994), (0, 0, 0.99999994), (0, 0, 0.99999994), (0, 0, 1), (0, 0, 1), (0, 0, 1), (0, 0, 1), (0, 0, 1), (0, 0, 1), (0, 0, 0.99999994), (0, 0, 0.99999994), (0, 0, 0.99999994), (0, 0, 1), (0, 0, 1), (0, 0, 1), (0, 0, 1), (0, 0, 1), (0, 0, 1), (0, 0, 0.99999994), (0, 0, 0.99999994), (0, 0, 0.99999994), (0, 0, 1), (0, 0, 1), (0, 0, 1), (0, 0, 1), (0, 0, 1), (0, 0, 1), (0, 0, 1), (0, 0, 1), (0, 0, 1), (0, 0, 0.99999994), (0, 0, 0.99999994), (0, 0, 0.99999994), (0, 0, 1), (0, 0, 1), (0, 0, 1), (0, 0, 1), (0, 0, 1), (0, 0, 1), (0, 0, 0.99999994), (0, 0, 0.99999994), (0, 0, 0.99999994), (0, 0, 0.99999994), (0, 0, 0.99999994), (0, 0, 0.99999994), (0, 0, 1), (0, 0, 1), (0, 0, 1), (0, 0, 0.99999994), (0, 0, 0.99999994), (0, 0, 0.99999994), (0, 0, 1), (0, 0, 1), (0, 0, 1), (0, 0, 1), (0, 0, 1), (0, 0, 1), (0, 0, 0.99999994), (0, 0, 0.99999994), (0, 0, 0.99999994), (0, 0, 1), (0, 0, 1), (0, 0, 1), (0, 0, 1), (0, 0, 1), (0, 0, 1), (0, 0, 0.99999994), (0, 0, 0.99999994), (0, 0, 0.99999994), (0, 0, 1), (0, 0, 1), (0, 0, 1), (0, 0, 1), (0, 0, 1), (0, 0, 1), (0, 0, 1), (0, 0, 1), (0, 0, 1), (0, 0, 1), (0, 0, 1), (0, 0, 1), (0, 0, 0.99999994), (0, 0, 0.99999994), (0, 0, 0.99999994), (0, 0, 0.99999994), (0, 0, 0.99999994), (0, 0, 0.99999994), (0, 0, 1), (0, 0, 1), (0, 0, 1), (0, 0, 1), (0, 0, 1), (0, 0, 1), (0, 0, 1), (0, 0, 1), (0, 0, 1), (0, 0, 1), (0, 0, 1), (0, 0, 1), (0, 0, 1), (0, 0, 1), (0, 0, 1), (0, 0, 1), (0, 0, 1), (0, 0, 1), (0, 0, 1), (0, 0, 1), (0, 0, 1), (0, 0, 0.99999994), (0, 0, 0.99999994), (0, 0, 0.99999994), (0, 0, 1), (0, 0, 1), (0, 0, 1), (0, 0, 1), (0, 0, 1), (0, 0, 1), (0, 0, 1), (0, 0, 1), (0, 0, 1), (0, 0, 1), (0, 0, 1), (0, 0, 1), (0, 0, 1), (0, 0, 1), (0, 0, 1), (0, 0, 1), (0, 0, 1), (0, 0, 1), (0, 0, 1), (0, 0, 1), (0, 0, 1), (0, 0, 1), (0, 0, 1), (0, 0, 1), (0, 0, 1), (0, 0, 1), (0, 0, 1), (0, 0, 0.99999994), (0, 0, 0.99999994), (0, 0, 0.99999994), (0, 0, 1), (0, 0, 1), (0, 0, 1), (0, 0, 1), (0, 0, 1), (0, 0, 1), (0, 0, 0.99999994), (0, 0, 0.99999994), (0, 0, 0.99999994), (0, 0, 1), (0, 0, 1), (0, 0, 1), (0, 0, 0.99999994), (0, 0, 0.99999994), (0, 0, 0.99999994), (0, 0, 0.99999994), (0, 0, 0.99999994), (0, 0, 0.99999994), (0, 0, 1), (0, 0, 1), (0, 0, 1), (0, 0, 1), (0, 0, 1), (0, 0, 1), (0, 0, 1), (0, 0, 1), (0, 0, 1), (0, 0, 1), (0, 0, 1), (0, 0, 1), (0, 0, 1), (0, 0, 1), (0, 0, 1), (0, 0, 0.99999994), (0, 0, 0.99999994), (0, 0, 0.99999994), (0, 0, 1), (0, 0, 1), (0, 0, 1), (0, 0, 1), (0, 0, 1), (0, 0, 1), (0, 0, 1), (0, 0, 1), (0, 0, 1), (0, 0, 1), (0, 0, 1), (0, 0, 1), (0, 0, 1), (0, 0, 1), (0, 0, 1), (0, 0, 1), (0, 0, 1), (0, 0, 1), (0, 0, 1), (0, 0, 1), (0, 0, 1), (0, 0, 1), (0, 0, 1), (0, 0, 1), (0, 0, 1), (0, 0, 1), (0, 0, 1), (0, 0, 1), (0, 0, 1), (0, 0, 1), (0, 0, 1), (0, 0, 1), (0, 0, 1), (0, 0, 1), (0, 0, 1), (0, 0, 1), (0, 0, 1), (0, 0, 1), (0, 0, 1), (0, 0, 1), (0, 0, 1), (0, 0, 1), (0, 0, 1), (0, 0, 1), (0, 0, 1), (0, 0, 1), (0, 0, 1), (0, 0, 1), (0, 0, 1), (0, 0, 1), (0, 0, 1), (0, 0, 1), (0, 0, 1), (0, 0, 1), (0, 0, 1), (0, 0, 1), (0, 0, 1), (0, 0, 1), (0, 0, 1), (0, 0, 1), (0, 0, 1), (0, 0, 1), (0, 0, 1), (0, 0, 1), (0, 0, 1), (0, 0, 1), (0, 0, 1), (0, 0, 1), (0, 0, 1), (0, 0, 1), (0, 0, 1), (0, 0, 1), (0, 0, 1), (0, 0, 1), (0, 0, 1), (0, 0, 1), (0, 0, 1), (0, 0, 1), (0, 0, 1), (0, 0, 1), (0, 0, 1), (0, 0, 1), (0, 0, 1), (0, 0, 1), (0, 0, 1), (0, 0, 1), (0, 0, 1), (0, 0, 1), (0, 0, 1), (0, 0, 1), (0, 0, 1), (0, 0, 1), (0, 0, 1), (0, 0, 1), (0, 0, 1), (0, 0, 1), (0, 0, 1), (0, 0, 1), (0, 0, 1), (0, 0, 1), (0, 0, 1), (0, 0, 1), (0, 0, 1), (0, 0, 1), (0, 0, 1), (0, 0, 1), (0, 0, 1), (0, 0, 1), (0, 0, 0.99999994), (0, 0, 0.99999994), (0, 0, 0.99999994), (0, 0, 1), (0, 0, 1), (0, 0, 1), (0, 0, 1), (0, 0, 1), (0, 0, 1), (0, 0, 0.99999994), (0, 0, 0.99999994), (0, 0, 0.99999994), (0, 0, 1), (0, 0, 1), (0, 0, 1), (0, 0, 1), (0, 0, 1), (0, 0, 1), (0, 0, 1), (0, 0, 1), (0, 0, 1), (0, 0, 1), (0, 0, 1), (0, 0, 1), (0, 0, 0.99999994), (0, 0, 0.99999994), (0, 0, 0.99999994), (0, 0, 1), (0, 0, 1), (0, 0, 1), (0, 0, 1), (0, 0, 1), (0, 0, 1), (0, 0, 1), (0, 0, 1), (0, 0, 1), (0, 0, 1), (0, 0, 1), (0, 0, 1), (0, 0, 1), (0, 0, 1), (0, 0, 1), (0, 0, 1), (0, 0, 1), (0, 0, 1), (0, 0, 1), (0, 0, 1), (0, 0, 1), (0, 0, 1), (0, 0, 1), (0, 0, 1), (0, 0, 1), (0, 0, 1), (0, 0, 1), (0, 0, 1), (0, 0, 1), (0, 0, 1), (0, 0, 1), (0, 0, 1), (0, 0, 1), (0, 0, 1), (0, 0, 1), (0, 0, 1), (0, 0, 1), (0, 0, 1), (0, 0, 1), (0, 0, 1), (0, 0, 1), (0, 0, 1), (0, 0, 1), (0, 0, 1), (0, 0, 1), (0, 0, 1), (0, 0, 1), (0, 0, 1), (0, 0, 1), (0, 0, 1), (0, 0, 1), (0, 0, 1), (0, 0, 1), (0, 0, 1), (0, 0, 1), (0, 0, 1), (0, 0, 1), (0, 0, 1), (0, 0, 1), (0, 0, 1), (0, 0, 1), (0, 0, 1), (0, 0, 1), (0, 0, 1), (0, 0, 1), (0, 0, 1), (0, 0, 1), (0, 0, 1), (0, 0, 1), (0, 0, 1), (0, 0, 1), (0, 0, 1), (0, 0, 1), (0, 0, 1), (0, 0, 1), (0, 0, 1), (0, 0, 1), (0, 0, 1), (0, 0, 0.99999994), (0, 0, 0.99999994), (0, 0, 0.99999994), (0, 0, 1), (0, 0, 1), (0, 0, 1), (0, 0, 0.99999994), (0, 0, 0.99999994), (0, 0, 0.99999994), (0, 0, 1), (0, 0, 1), (0, 0, 1), (0, 0, 1), (0, 0, 1), (0, 0, 1), (0, 0, 0.99999994), (0, 0, 0.99999994), (0, 0, 0.99999994), (0, 0, 1), (0, 0, 1), (0, 0, 1), (0, 0, 1), (0, 0, 1), (0, 0, 1), (0, 0, 1), (0, 0, 1), (0, 0, 1), (0, 0, 1), (0, 0, 1), (0, 0, 1), (0, 0, 1), (0, 0, 1), (0, 0, 1), (0, 0, 1), (0, 0, 1), (0, 0, 1), (0, 0, 1), (0, 0, 1), (0, 0, 1), (0, 0, 1), (0, 0, 1), (0, 0, 1), (0, 0, 1), (0, 0, 1), (0, 0, 1), (0, 0, 1), (0, 0, 1), (0, 0, 1), (0, 0, 1), (0, 0, 1), (0, 0, 1), (0, 0, 1), (0, 0, 1), (0, 0, 1), (0, 0, 1), (0, 0, 1), (0, 0, 1), (0, 0, 1), (0, 0, 1), (0, 0, 1), (0, 0, 1), (0, 0, 1), (0, 0, 1), (0, 0, 1), (0, 0, 1), (0, 0, 1), (0, 0, 1), (0, 0, 1), (0, 0, 1), (0, 0, 1), (0, 0, 1), (0, 0, 1), (0, 0, 1), (0, 0, 1), (0, 0, 1), (0, 0, 1), (0, 0, 1), (0, 0, 1), (0, 0, 1), (0, 0, 1), (0, 0, 1), (0, 0, 1), (0, 0, 1), (0, 0, 1), (0, 0, 1), (0, 0, 1), (0, 0, 1), (0, 0, 1), (0, 0, 1), (0, 0, 1), (0, 0, 0.99999994), (0, 0, 0.99999994), (0, 0, 0.99999994), (0, 0, 1), (0, 0, 1), (0, 0, 1), (0, 0, 1), (0, 0, 1), (0, 0, 1), (0, 0, 1), (0, 0, 1), (0, 0, 1), (0, 0, 1), (0, 0, 1), (0, 0, 1), (0, 0, 1), (0, 0, 1), (0, 0, 1), (0, 0, 1), (0, 0, 1), (0, 0, 1), (0, 0, 1), (0, 0, 1), (0, 0, 1), (0, 0, 1), (0, 0, 1), (0, 0, 1), (0, 0, 1), (0, 0, 1), (0, 0, 1), (0, 0, 1), (0, 0, 1), (0, 0, 1), (0, 0, 1), (0, 0, 1), (0, 0, 1), (0, 0, 0.99999994), (0, 0, 0.99999994), (0, 0, 0.99999994), (0, 0, 1), (0, 0, 1), (0, 0, 1), (0, 0, 1), (0, 0, 1), (0, 0, 1), (0, 0, 1), (0, 0, 1), (0, 0, 1), (0, 0, 1), (0, 0, 1), (0, 0, 1), (0, 0, 1), (0, 0, 1), (0, 0, 1), (0, 0, 1), (0, 0, 1), (0, 0, 1), (0, 0, 1), (0, 0, 1), (0, 0, 1), (0, 0, 1), (0, 0, 1), (0, 0, 1), (0, 0, 0.99999994), (0, 0, 0.99999994), (0, 0, 0.99999994), (0, 0, 1), (0, 0, 1), (0, 0, 1), (0, 0, 1), (0, 0, 1), (0, 0, 1), (0, 0, 1), (0, 0, 1), (0, 0, 1), (0, 0, 1), (0, 0, 1), (0, 0, 1), (0, 0, 1), (0, 0, 1), (0, 0, 1), (0, 0, 1), (0, 0, 1), (0, 0, 1), (0, 0, 1), (0, 0, 1), (0, 0, 1), (0, 0, 1), (0, 0, 1), (0, 0, 1), (0, 0, 1), (0, 0, 1), (0, 0, 1), (0, 0, 1), (0, 0, 1), (0, 0, 1), (0, 0, 1), (0, 0, 1), (0, 0, 1), (0, 0, 1), (0, 0, 1), (0, 0, 1), (0, 0, 1), (0, 0, 1), (0, 0, 1)] (
                        interpolation = "faceVarying"
                    )
                    point3f[] points = [(0.021731002, 0.0021421001, 0), (0.0216008, 0.0021421001, 0), (0.0205313, 0.0008339001, 0), (0.0205313, 0.00069440005, 0), (0.021427201, 0.00069440005, 0), (0.021427201, 0, 0), (0.021731002, 0, 0), (0.021731002, 0.00069440005, 0), (0.0219573, 0.00069440005, 0), (0.0219573, 0.00096720003, 0), (0.021731002, 0.00096720003, 0), (0.021421, 0.0015686002, 0), (0.021427201, 0.0015686002, 0), (0.021427201, 0.00096720003, 0), (0.020937402, 0.00096720003, 0), (0.0204042, 0.0010571001, 0), (0.02021665, 0.0018437251, 0), (0.0197222, 0.0021421001, 0), (0.01922775, 0.0018437251, 0), (0.0190402, 0.0010571001, 0), (0.01922775, 0.00027047505, 0), (0.0197222, -0.000027900003, 0), (0.02021665, 0.00027047502, 0), (0.020100402, 0.0010571001, 0), (0.019999651, 0.00047275005, 0), (0.0197222, 0.00026040003, 0), (0.01944475, 0.00047275005, 0), (0.019344, 0.0010571001, 0), (0.01944475, 0.0016414502, 0), (0.0197222, 0.0018538003, 0), (0.019999651, 0.0016414502, 0), (0.018854199, 0.0010571001, 0), (0.01866665, 0.0018437251, 0), (0.0181722, 0.0021421001, 0), (0.01767775, 0.0018437251, 0), (0.0174902, 0.0010571001, 0), (0.01767775, 0.00027047505, 0), (0.0181722, -0.000027900003, 0), (0.01866665, 0.00027047502, 0), (0.018550402, 0.0010571001, 0), (0.018449651, 0.00047275005, 0), (0.0181722, 0.00026040003, 0), (0.01789475, 0.00047275005, 0), (0.017794, 0.0010571001, 0), (0.01789475, 0.0016414502, 0), (0.0181722, 0.0018538003, 0), (0.018449651, 0.0016414502, 0), (0.0170996, 0.0021142003, 0), (0.0161603, 0.0021142003, 0), (0.0161603, 0.0010137002, 0), (0.016705126, 0.00097068754, 0), (0.0169012, 0.00064170005, 0), (0.016772162, 0.00037316256, 0), (0.0164641, 0.00026040003, 0), (0.016231988, 0.00029953753, 0), (0.0160022, 0.00041540002, 0), (0.0160022, 0.0001023, 0), (0.016257951, 0.0000023249959, 0), (0.016513702, -0.000027900003, 0), (0.017009314, 0.000163525, 0), (0.017205002, 0.00064790004, 0), (0.016999627, 0.0011365376, 0), (0.0164362, 0.0013113001, 0), (0.0164362, 0.0018414002, 0), (0.0170996, 0.0018414002, 0), (0.0157542, 0.0010571001, 0), (0.015566651, 0.0018437251, 0), (0.0150722, 0.0021421001, 0), (0.014577751, 0.0018437251, 0), (0.014390201, 0.0010571001, 0), (0.014577751, 0.00027047505, 0), (0.0150722, -0.000027900003, 0), (0.015566651, 0.00027047502, 0), (0.015450401, 0.0010571001, 0), (0.015349651, 0.00047275005, 0), (0.0150722, 0.00026040003, 0), (0.01479475, 0.00047275005, 0), (0.014694, 0.0010571001, 0), (0.01479475, 0.0016414502, 0), (0.0150722, 0.0018538003, 0), (0.015349651, 0.0016414502, 0), (0.014198001, 0.00057040004, 0), (0.014123987, 0.0008664501, 0), (0.0139035005, 0.0010788001, 0), (0.014102676, 0.0012884376, 0), (0.014167001, 0.0015283001, 0), (0.013989138, 0.0019665626, 0), (0.0135439, 0.0021421001, 0), (0.013081612, 0.0019685002, 0), (0.0128959995, 0.0015345002, 0), (0.012962262, 0.0012822376, 0), (0.013147101, 0.0010788001, 0), (0.012921188, 0.00086567504, 0), (0.012846401, 0.0005735, 0), (0.01304325, 0.00014608752, 0), (0.0135284, -0.000027900003, 0), (0.014005026, 0.0001445375, 0), (0.0138632, 0.0015345002, 0), (0.013765938, 0.0013124626, 0), (0.0135315, 0.0012183001, 0), (0.013298226, 0.0013144001, 0), (0.0131998, 0.0015407001, 0), (0.013293187, 0.0017681627, 0), (0.0135377, 0.0018538003, 0), (0.013771363, 0.0017627378, 0), (0.0138942, 0.00059520005, 0), (0.013800038, 0.00036153756, 0), (0.0135222, 0.00026040003, 0), (0.013254825, 0.00035456254, 0), (0.0131502, 0.00059520005, 0), (0.013253275, 0.00083699997, 0), (0.0135284, 0.00093000004, 0), (0.013791513, 0.00083467504, 0), (0.0109244, 0.00057040004, 0), (0.010850388, 0.0008664501, 0), (0.0106299, 0.0010788001, 0), (0.010829075, 0.0012884376, 0), (0.0108934, 0.0015283001, 0), (0.010715538, 0.0019665626, 0), (0.0102703, 0.0021421001, 0), (0.009808013, 0.0019685002, 0), (0.009622401, 0.0015345002, 0), (0.009688663, 0.0012822376, 0), (0.0098735, 0.0010788001, 0), (0.009647587, 0.00086567504, 0), (0.0095728, 0.0005735, 0), (0.00976965, 0.00014608752, 0), (0.0102548, -0.000027900003, 0), (0.010731425, 0.0001445375, 0), (0.0105896, 0.0015345002, 0), (0.010492338, 0.0013124626, 0), (0.010257901, 0.0012183001, 0), (0.010024625, 0.0013144001, 0), (0.0099262, 0.0015407001, 0), (0.010019587, 0.0017681627, 0), (0.0102641005, 0.0018538003, 0), (0.010497762, 0.0017627378, 0), (0.010620601, 0.00059520005, 0), (0.010526438, 0.00036153756, 0), (0.0102486005, 0.00026040003, 0), (0.009981225, 0.00035456254, 0), (0.0098766005, 0.00059520005, 0), (0.0099796755, 0.00083699997, 0), (0.0102548, 0.00093000004, 0), (0.010517913, 0.00083467504, 0), (0.0093806, 0.0010571001, 0), (0.009193051, 0.0018437251, 0), (0.0086986, 0.0021421001, 0), (0.00820415, 0.0018437251, 0), (0.0080166, 0.0010571001, 0), (0.00820415, 0.00027047505, 0), (0.0086986, -0.000027900003, 0), (0.009193051, 0.00027047502, 0), (0.0090768, 0.0010571001, 0), (0.00897605, 0.00047275005, 0), (0.0086986, 0.00026040003, 0), (0.00842115, 0.00047275005, 0), (0.0083204005, 0.0010571001, 0), (0.00842115, 0.0016414502, 0), (0.0086986, 0.0018538003, 0), (0.00897605, 0.0016414502, 0), (0.0073563, 0.0021421001, 0), (0.0067273877, 0.0014938125, 0), (0.0065099997, 0.0007223, 0), (0.0066987122, 0.00017979997, 0), (0.007192, -0.000027900003, 0), (0.0076302625, 0.0001592625, 0), (0.0078151, 0.00060450006, 0), (0.0076457625, 0.0010443126, 0), (0.007223, 0.0012214001, 0), (0.0070362254, 0.0011942751, 0), (0.0068913004, 0.0011346001, 0), (0.0071362, 0.0015674377, 0), (0.0075392, 0.0019096002, 0), (0.0068262, 0.0008215001, 0), (0.0069947625, 0.0009098501, 0), (0.007161, 0.0009331001, 0), (0.007411713, 0.0008401001, 0), (0.0075113005, 0.0006076, 0), (0.0074179126, 0.00035611252, 0), (0.007173401, 0.00026040003, 0), (0.0068870382, 0.00041075004, 0), (0.0062682005, 0.0002883, 0), (0.0054591005, 0.0002883, 0), (0.0059644002, 0.00096642505, 0), (0.0061163004, 0.0014818001, 0), (0.005936888, 0.0019584252, 0), (0.0054715, 0.0021421001, 0), (0.00522195, 0.0020925002, 0), (0.0049724, 0.0019406002, 0), (0.0049724, 0.0015593001, 0), (0.005218075, 0.0017832752, 0), (0.0054498003, 0.0018445002, 0), (0.0057090377, 0.0017332877, 0), (0.0058125, 0.0014477001, 0), (0.0057753003, 0.001219075, 0), (0.0056637004, 0.0009951, 0), (0.0053161127, 0.0004991, 0), (0.004929, 0.000021700002, 0), (0.004929, 0, 0), (0.0062682005, 0, 0), (0.003007, 0.0010571001, 0), (0.00281945, 0.0018437251, 0), (0.002325, 0.0021421001, 0), (0.00183055, 0.0018437251, 0), (0.0016429999, 0.0010571001, 0), (0.00183055, 0.00027047505, 0), (0.002325, -0.000027900003, 0), (0.00281945, 0.00027047502, 0), (0.0027032, 0.0010571001, 0), (0.00260245, 0.00047275005, 0), (0.002325, 0.00026040003, 0), (0.0020475502, 0.00047275005, 0), (0.0019468002, 0.0010571001, 0), (0.0020475502, 0.0016414502, 0), (0.002325, 0.0018538003, 0), (0.00260245, 0.0016414502, 0), (0.00093000004, 0.0021142003, 0), (0.00062620005, 0.0021142003, 0), (0.00062620005, 0, 0), (0.00093000004, 0, 0)]
                    texCoord2f[] primvars:st = [(0.14285715, 0), (0, 0), (0.071428575, 0), (0.14285715, 0), (0.78571427, 0), (0, 0), (0.78571427, 0), (0.85714287, 0), (0, 0), (0.85714287, 0), (0.71428573, 0), (0, 0), (0.14285715, 0), (1, 0), (0.78571427, 0), (0.9285714, 0), (0.71428573, 0), (0.85714287, 0), (0.14285715, 0), (0.9285714, 0), (1, 0), (0.14285715, 0), (0.71428573, 0), (0.9285714, 0), (0.14285715, 0), (0.64285713, 0), (0.71428573, 0), (0.14285715, 0), (0.5714286, 0), (0.64285713, 0), (0.21428572, 0), (0.5714286, 0), (0.14285715, 0), (0.2857143, 0), (0.5714286, 0), (0.21428572, 0), (0.35714287, 0), (0.5, 0), (0.2857143, 0), (0.5, 0), (0.5714286, 0), (0.2857143, 0), (0.35714287, 0), (0.42857143, 0), (0.5, 0), (0.2, 0), (0.93333334, 0), (0.13333334, 0), (0.93333334, 0), (0.06666667, 0), (0.13333334, 0), (0.2, 0), (0.8666667, 0), (0.93333334, 0), (1, 0), (0.06666667, 0), (0.93333334, 0), (0.26666668, 0), (0.8666667, 0), (0.2, 0), (1, 0), (0, 0), (0.06666667, 0), (0.26666668, 0), (0.8, 0), (0.8666667, 0), (0.53333336, 0), (0, 0), (1, 0), (0.33333334, 0), (0.8, 0), (0.26666668, 0), (0.33333334, 0), (0.73333335, 0), (0.8, 0), (0.6, 0), (0, 0), (0.53333336, 0), (0.6, 0), (0.46666667, 0), (0, 0), (0.33333334, 0), (0.6666667, 0), (0.73333335, 0), (0.6666667, 0), (0.46666667, 0), (0.6, 0), (0.4, 0), (0.6666667, 0), (0.33333334, 0), (0.6666667, 0), (0.4, 0), (0.46666667, 0), (0.2, 0), (0.93333334, 0), (0.13333334, 0), (0.93333334, 0), (0.06666667, 0), (0.13333334, 0), (0.2, 0), (0.8666667, 0), (0.93333334, 0), (1, 0), (0.06666667, 0), (0.93333334, 0), (0.26666668, 0), (0.8666667, 0), (0.2, 0), (1, 0), (0, 0), (0.06666667, 0), (0.26666668, 0), (0.8, 0), (0.8666667, 0), (0.53333336, 0), (0, 0), (1, 0), (0.33333334, 0), (0.8, 0), (0.26666668, 0), (0.33333334, 0), (0.73333335, 0), (0.8, 0), (0.6, 0), (0, 0), (0.53333336, 0), (0.6, 0), (0.46666667, 0), (0, 0), (0.33333334, 0), (0.6666667, 0), (0.73333335, 0), (0.6666667, 0), (0.46666667, 0), (0.6, 0), (0.4, 0), (0.6666667, 0), (0.33333334, 0), (0.6666667, 0), (0.4, 0), (0.46666667, 0), (0.11764706, 0), (0.9411765, 0), (0.05882353, 0), (0.9411765, 0), (0, 0), (0.05882353, 0), (0.9411765, 0), (1, 0), (0, 0), (0.11764706, 0), (0.88235295, 0), (0.9411765, 0), (0.11764706, 0), (0.8235294, 0), (0.88235295, 0), (0.11764706, 0), (0.1764706, 0), (0.8235294, 0), (0.1764706, 0), (0.7647059, 0), (0.8235294, 0), (0.23529412, 0), (0.7647059, 0), (0.1764706, 0), (0.23529412, 0), (0.7058824, 0), (0.7647059, 0), (0.29411766, 0), (0.7058824, 0), (0.23529412, 0), (0.5294118, 0), (0.4117647, 0), (0.47058824, 0), (0.3529412, 0), (0.7058824, 0), (0.29411766, 0), (0.5294118, 0), (0.3529412, 0), (0.4117647, 0), (0.5294118, 0), (0.7058824, 0), (0.3529412, 0), (0.5294118, 0), (0.64705884, 0), (0.7058824, 0), (0.5882353, 0), (0.64705884, 0), (0.5294118, 0), (0.2, 0), (0.93333334, 0), (0.13333334, 0), (0.93333334, 0), (0.06666667, 0), (0.13333334, 0), (0.2, 0), (0.8666667, 0), (0.93333334, 0), (1, 0), (0.06666667, 0), (0.93333334, 0), (0.26666668, 0), (0.8666667, 0), (0.2, 0), (1, 0), (0, 0), (0.06666667, 0), (0.26666668, 0), (0.8, 0), (0.8666667, 0), (0.53333336, 0), (0, 0), (1, 0), (0.33333334, 0), (0.8, 0), (0.26666668, 0), (0.33333334, 0), (0.73333335, 0), (0.8, 0), (0.6, 0), (0, 0), (0.53333336, 0), (0.6, 0), (0.46666667, 0), (0, 0), (0.33333334, 0), (0.6666667, 0), (0.73333335, 0), (0.6666667, 0), (0.46666667, 0), (0.6, 0), (0.4, 0), (0.6666667, 0), (0.33333334, 0), (0.6666667, 0), (0.4, 0), (0.46666667, 0), (0.22580644, 0), (0.16129032, 0), (0.19354838, 0), (0.2580645, 0), (0.67741936, 0), (0.22580644, 0), (0.67741936, 0), (0.7096774, 0), (0.22580644, 0), (0.7096774, 0), (0.16129032, 0), (0.22580644, 0), (0.7096774, 0), (0.7419355, 0), (0.16129032, 0), (0.7419355, 0), (0.12903225, 0), (0.16129032, 0), (0.2580645, 0), (0.6451613, 0), (0.67741936, 0), (0.516129, 0), (0.12903225, 0), (0.7419355, 0), (0.2580645, 0), (0.61290324, 0), (0.6451613, 0), (0.29032257, 0), (0.61290324, 0), (0.2580645, 0), (0.5483871, 0), (0.12903225, 0), (0.516129, 0), (0.5483871, 0), (0.09677419, 0), (0.12903225, 0), (0.29032257, 0), (0.58064514, 0), (0.61290324, 0), (0.58064514, 0), (0.09677419, 0), (0.5483871, 0), (0.58064514, 0), (0.06451613, 0), (0.09677419, 0), (0.32258064, 0), (0.58064514, 0), (0.29032257, 0), (0.32258064, 0), (0.06451613, 0), (0.58064514, 0), (0.3548387, 0), (0.06451613, 0), (0.32258064, 0), (0.3548387, 0), (0.9677419, 0), (0.06451613, 0), (0.9677419, 0), (0.032258064, 0), (0.06451613, 0), (0.3548387, 0), (0.9354839, 0), (0.9677419, 0), (1, 0), (0.032258064, 0), (0.9677419, 0), (1, 0), (0, 0), (0.032258064, 0), (0.38709676, 0), (0.9354839, 0), (0.3548387, 0), (0.38709676, 0), (0.9032258, 0), (0.9354839, 0), (0.7741935, 0), (0, 0), (1, 0), (0.38709676, 0), (0.87096775, 0), (0.9032258, 0), (0.8064516, 0), (0, 0), (0.7741935, 0), (0.41935483, 0), (0.87096775, 0), (0.38709676, 0), (0.8064516, 0), (0.48387095, 0), (0, 0), (0.83870965, 0), (0.48387095, 0), (0.8064516, 0), (0.41935483, 0), (0.83870965, 0), (0.87096775, 0), (0.41935483, 0), (0.48387095, 0), (0.83870965, 0), (0.4516129, 0), (0.48387095, 0), (0.41935483, 0), (0.22580644, 0), (0.16129032, 0), (0.19354838, 0), (0.2580645, 0), (0.67741936, 0), (0.22580644, 0), (0.67741936, 0), (0.7096774, 0), (0.22580644, 0), (0.7096774, 0), (0.16129032, 0), (0.22580644, 0), (0.7096774, 0), (0.7419355, 0), (0.16129032, 0), (0.7419355, 0), (0.12903225, 0), (0.16129032, 0), (0.2580645, 0), (0.6451613, 0), (0.67741936, 0), (0.516129, 0), (0.12903225, 0), (0.7419355, 0), (0.2580645, 0), (0.61290324, 0), (0.6451613, 0), (0.29032257, 0), (0.61290324, 0), (0.2580645, 0), (0.5483871, 0), (0.12903225, 0), (0.516129, 0), (0.5483871, 0), (0.09677419, 0), (0.12903225, 0), (0.29032257, 0), (0.58064514, 0), (0.61290324, 0), (0.58064514, 0), (0.09677419, 0), (0.5483871, 0), (0.58064514, 0), (0.06451613, 0), (0.09677419, 0), (0.32258064, 0), (0.58064514, 0), (0.29032257, 0), (0.32258064, 0), (0.06451613, 0), (0.58064514, 0), (0.3548387, 0), (0.06451613, 0), (0.32258064, 0), (0.3548387, 0), (0.9677419, 0), (0.06451613, 0), (0.9677419, 0), (0.032258064, 0), (0.06451613, 0), (0.3548387, 0), (0.9354839, 0), (0.9677419, 0), (1, 0), (0.032258064, 0), (0.9677419, 0), (1, 0), (0, 0), (0.032258064, 0), (0.38709676, 0), (0.9354839, 0), (0.3548387, 0), (0.38709676, 0), (0.9032258, 0), (0.9354839, 0), (0.7741935, 0), (0, 0), (1, 0), (0.38709676, 0), (0.87096775, 0), (0.9032258, 0), (0.8064516, 0), (0, 0), (0.7741935, 0), (0.41935483, 0), (0.87096775, 0), (0.38709676, 0), (0.8064516, 0), (0.48387095, 0), (0, 0), (0.83870965, 0), (0.48387095, 0), (0.8064516, 0), (0.41935483, 0), (0.83870965, 0), (0.87096775, 0), (0.41935483, 0), (0.48387095, 0), (0.83870965, 0), (0.4516129, 0), (0.48387095, 0), (0.41935483, 0), (0.2, 0), (0.93333334, 0), (0.13333334, 0), (0.93333334, 0), (0.06666667, 0), (0.13333334, 0), (0.2, 0), (0.8666667, 0), (0.93333334, 0), (1, 0), (0.06666667, 0), (0.93333334, 0), (0.26666668, 0), (0.8666667, 0), (0.2, 0), (1, 0), (0, 0), (0.06666667, 0), (0.26666668, 0), (0.8, 0), (0.8666667, 0), (0.53333336, 0), (0, 0), (1, 0), (0.33333334, 0), (0.8, 0), (0.26666668, 0), (0.33333334, 0), (0.73333335, 0), (0.8, 0), (0.6, 0), (0, 0), (0.53333336, 0), (0.6, 0), (0.46666667, 0), (0, 0), (0.33333334, 0), (0.6666667, 0), (0.73333335, 0), (0.6666667, 0), (0.46666667, 0), (0.6, 0), (0.4, 0), (0.6666667, 0), (0.33333334, 0), (0.6666667, 0), (0.4, 0), (0.46666667, 0), (0.05, 0), (0.6, 0), (0, 0), (0.05, 0), (0.55, 0), (0.6, 0), (0.05, 0), (0.5, 0), (0.55, 0), (0.1, 0), (0.5, 0), (0.05, 0), (0.45, 0), (0.35, 0), (0.4, 0), (0.5, 0), (0.35, 0), (0.45, 0), (0.1, 0), (0.7, 0), (0.5, 0), (0.7, 0), (0.35, 0), (0.5, 0), (0.7, 0), (0.75, 0), (0.35, 0), (0.75, 0), (0.8, 0), (0.35, 0), (0.8, 0), (0.3, 0), (0.35, 0), (0.1, 0), (0.65, 0), (0.7, 0), (0.85, 0), (0.3, 0), (0.8, 0), (0.1, 0), (1, 0), (0.65, 0), (0.15, 0), (1, 0), (0.1, 0), (0.9, 0), (0.3, 0), (0.85, 0), (0.9, 0), (0.25, 0), (0.3, 0), (0.15, 0), (0.95, 0), (1, 0), (0.95, 0), (0.25, 0), (0.9, 0), (0.15, 0), (0.25, 0), (0.95, 0), (0.2, 0), (0.25, 0), (0.15, 0), (0.33333334, 0), (0.22222222, 0), (0.2777778, 0), (0.3888889, 0), (0.22222222, 0), (0.33333334, 0), (0.3888889, 0), (0.5555556, 0), (0.22222222, 0), (0.5555556, 0), (0.6111111, 0), (0.22222222, 0), (0.6111111, 0), (0.16666667, 0), (0.22222222, 0), (0.44444445, 0), (0.5, 0), (0.3888889, 0), (0.5, 0), (0.5555556, 0), (0.3888889, 0), (0.6666667, 0), (0.16666667, 0), (0.6111111, 0), (0.6666667, 0), (0.11111111, 0), (0.16666667, 0), (0.7222222, 0), (0.11111111, 0), (0.6666667, 0), (0.7777778, 0), (0.11111111, 0), (0.7222222, 0), (0.8333333, 0), (0.11111111, 0), (0.7777778, 0), (0.8333333, 0), (0.055555556, 0), (0.11111111, 0), (0.8888889, 0), (0.055555556, 0), (0.8333333, 0), (0.8888889, 0), (0, 0), (0.055555556, 0), (0.8888889, 0), (1, 0), (0, 0), (0.9444444, 0), (1, 0), (0.8888889, 0), (0.2, 0), (0.93333334, 0), (0.13333334, 0), (0.93333334, 0), (0.06666667, 0), (0.13333334, 0), (0.2, 0), (0.8666667, 0), (0.93333334, 0), (1, 0), (0.06666667, 0), (0.93333334, 0), (0.26666668, 0), (0.8666667, 0), (0.2, 0), (1, 0), (0, 0), (0.06666667, 0), (0.26666668, 0), (0.8, 0), (0.8666667, 0), (0.53333336, 0), (0, 0), (1, 0), (0.33333334, 0), (0.8, 0), (0.26666668, 0), (0.33333334, 0), (0.73333335, 0), (0.8, 0), (0.6, 0), (0, 0), (0.53333336, 0), (0.6, 0), (0.46666667, 0), (0, 0), (0.33333334, 0), (0.6666667, 0), (0.73333335, 0), (0.6666667, 0), (0.46666667, 0), (0.6, 0), (0.4, 0), (0.6666667, 0), (0.33333334, 0), (0.6666667, 0), (0.4, 0), (0.46666667, 0), (0.6666667, 0), (0, 0), (0.33333334, 0), (0.6666667, 0), (1, 0), (0, 0)] (
                        interpolation = "faceVarying"
                    )
                    uniform token subdivisionScheme = "none"
                    custom string userProperties:blender:data_name = "Printing.022"
                }
            }

            def Xform "Barcode_line_086"
            {
                custom string userProperties:blender:object_name = "Barcode line.086"
                float3 xformOp:rotateXYZ = (0, -0, 4.2688688e-7)
                float3 xformOp:scale = (0.99999994, 0.99999994, 1)
                double3 xformOp:translate = (-0.0036088889464735985, -0.004000000189989805, 0.0002500005066394806)
                uniform token[] xformOpOrder = ["xformOp:translate", "xformOp:rotateXYZ", "xformOp:scale"]

                def Mesh "Cube_139" (
                    active = true
                    prepend apiSchemas = ["MaterialBindingAPI"]
                )
                {
                    uniform bool doubleSided = 1
                    float3[] extent = [(-0.00045111112, -0.008, -0.000065), (0.00045111112, 0.008, 0.000065)]
                    int[] faceVertexCounts = [4, 4, 4, 4, 4, 4]
                    int[] faceVertexIndices = [0, 1, 3, 2, 2, 3, 7, 6, 6, 7, 5, 4, 4, 5, 1, 0, 2, 6, 4, 0, 7, 3, 1, 5]
                    rel material:binding = </Asset/_materials/Printed_dark_ink>
                    normal3f[] normals = [(-1, 0, 0), (-1, 0, 0), (-1, 0, 0), (-1, 0, 0), (0, 1, 0), (0, 1, 0), (0, 1, 0), (0, 1, 0), (1, 0, 0), (1, 0, 0), (1, 0, 0), (1, 0, 0), (0, -1, 0), (0, -1, 0), (0, -1, 0), (0, -1, 0), (0, 0, -1), (0, 0, -1), (0, 0, -1), (0, 0, -1), (0, 0, 1), (0, 0, 1), (0, 0, 1), (0, 0, 1)] (
                        interpolation = "faceVarying"
                    )
                    point3f[] points = [(-0.00045111112, -0.008, -0.000065), (-0.00045111112, -0.008, 0.000065), (-0.00045111112, 0.008, -0.000065), (-0.00045111112, 0.008, 0.000065), (0.00045111112, -0.008, -0.000065), (0.00045111112, -0.008, 0.000065), (0.00045111112, 0.008, -0.000065), (0.00045111112, 0.008, 0.000065)]
                    texCoord2f[] primvars:st = [(0.375, 0), (0.625, 0), (0.625, 0.25), (0.375, 0.25), (0.375, 0.25), (0.625, 0.25), (0.625, 0.5), (0.375, 0.5), (0.375, 0.5), (0.625, 0.5), (0.625, 0.75), (0.375, 0.75), (0.375, 0.75), (0.625, 0.75), (0.625, 1), (0.375, 1), (0.125, 0.5), (0.375, 0.5), (0.375, 0.75), (0.125, 0.75), (0.625, 0.5), (0.875, 0.5), (0.875, 0.75), (0.625, 0.75)] (
                        interpolation = "faceVarying"
                    )
                    uniform token subdivisionScheme = "none"
                    custom string userProperties:blender:data_name = "Cube.139"
                }
            }

            def Xform "Paper_sticker_003"
            {
                custom string userProperties:blender:object_name = "Paper sticker.003"
                float3 xformOp:rotateXYZ = (0, -0, 4.2688688e-7)
                float3 xformOp:scale = (0.99999994, 0.99999994, 1)
                double3 xformOp:translate = (0, 0, 0)
                uniform token[] xformOpOrder = ["xformOp:translate", "xformOp:rotateXYZ", "xformOp:scale"]

                def Mesh "Cube_127" (
                    active = true
                    prepend apiSchemas = ["MaterialBindingAPI"]
                )
                {
                    uniform bool doubleSided = 1
                    float3[] extent = [(-0.0435, -0.0295, -0.000125), (0.0435, 0.0295, 0.000125)]
                    int[] faceVertexCounts = [4, 4, 4, 4, 4, 4, 3, 4, 4, 4, 4, 4, 4, 3, 4, 4, 4, 4, 4, 4, 3, 4, 4, 4, 4, 4, 4, 3, 4, 4, 4, 4, 4, 4, 3, 4, 4, 4, 4, 4, 4, 3, 4, 4, 4, 4, 4, 4, 3, 4, 4, 4, 4, 4, 4, 3, 4, 4, 4, 4, 4, 4, 4, 4, 4, 4, 4, 4, 4, 4, 4, 4, 4, 4, 4, 4, 4, 4, 4, 4, 4, 4, 4, 4, 4, 4, 4, 4, 4, 4, 4, 4, 4, 4, 4, 4, 4, 4]
                    int[] faceVertexIndices = [0, 3, 5, 4, 3, 7, 8, 5, 1, 6, 8, 7, 6, 10, 11, 8, 2, 9, 11, 10, 9, 4, 5, 11, 5, 8, 11, 12, 15, 17, 16, 15, 19, 20, 17, 13, 18, 20, 19, 18, 22, 23, 20, 14, 21, 23, 22, 21, 16, 17, 23, 17, 20, 23, 24, 27, 29, 28, 27, 31, 32, 29, 25, 30, 32, 31, 30, 34, 35, 32, 26, 33, 35, 34, 33, 28, 29, 35, 29, 32, 35, 36, 39, 41, 40, 39, 43, 44, 41, 37, 42, 44, 43, 42, 46, 47, 44, 38, 45, 47, 46, 45, 40, 41, 47, 41, 44, 47, 48, 51, 53, 52, 51, 55, 56, 53, 49, 54, 56, 55, 54, 58, 59, 56, 50, 57, 59, 58, 57, 52, 53, 59, 53, 56, 59, 60, 63, 65, 64, 63, 67, 68, 65, 61, 66, 68, 67, 66, 70, 71, 68, 62, 69, 71, 70, 69, 64, 65, 71, 65, 68, 71, 72, 75, 77, 76, 75, 79, 80, 77, 73, 78, 80, 79, 78, 82, 83, 80, 74, 81, 83, 82, 81, 76, 77, 83, 77, 80, 83, 84, 87, 89, 88, 87, 91, 92, 89, 85, 90, 92, 91, 90, 94, 95, 92, 86, 93, 95, 94, 93, 88, 89, 95, 89, 92, 95, 24, 0, 4, 27, 27, 4, 9, 31, 31, 9, 2, 25, 1, 12, 16, 6, 6, 16, 21, 10, 10, 21, 14, 2, 13, 36, 40, 18, 18, 40, 45, 22, 22, 45, 38, 14, 37, 26, 34, 42, 42, 34, 30, 46, 46, 30, 25, 38, 72, 24, 28, 75, 75, 28, 33, 79, 79, 33, 26, 73, 36, 84, 88, 39, 39, 88, 93, 43, 43, 93, 86, 37, 85, 74, 82, 90, 90, 82, 78, 94, 94, 78, 73, 86, 48, 72, 76, 51, 51, 76, 81, 55, 55, 81, 74, 49, 84, 60, 64, 87, 87, 64, 69, 91, 91, 69, 62, 85, 61, 50, 58, 66, 66, 58, 54, 70, 70, 54, 49, 62, 0, 48, 52, 3, 3, 52, 57, 7, 7, 57, 50, 1, 60, 13, 19, 63, 63, 19, 15, 67, 67, 15, 12, 61, 24, 72, 48, 0, 2, 14, 38, 25, 50, 61, 12, 1, 84, 36, 13, 60, 26, 37, 86, 73, 74, 85, 62, 49]
                    rel material:binding = </Asset/_materials/Shipping_label_paper>
                    normal3f[] normals = [(-0.00017786026, -0.00032872334, -1), (-0.00020394288, -0.50032586, -0.8658373), (-0.44734251, -0.44727224, -0.77448845), (-0.50028, -0.00026765466, -0.86586374), (-0.0001693219, -0.50035137, -0.86582243), (-0.00018644333, -0.86583245, -0.50033414), (-0.44733223, -0.7744229, -0.44739613), (-0.44733799, -0.44736332, -0.7744384), (-0.00024089369, -0.9660316, -0.25842395), (-0.49150538, -0.86234915, -0.12155839), (-0.44732374, -0.77444935, -0.44735852), (-0.00016501546, -0.8658673, -0.5002737), (-0.49159175, -0.8622976, -0.121574886), (-0.8623236, -0.49155474, -0.12154017), (-0.77446795, -0.4473363, -0.4473136), (-0.44738406, -0.7744361, -0.4473212), (-0.96603024, -0.00032953918, -0.25842884), (-0.8658702, -0.00028338982, -0.50026864), (-0.77448577, -0.44731733, -0.44730192), (-0.86235106, -0.49150118, -0.12156138), (-0.8658372, -0.0002450049, -0.5003258), (-0.5003402, -0.00029417127, -0.8658288), (-0.44740698, -0.44730777, -0.7744306), (-0.77445585, -0.4473114, -0.44735962), (-0.44737297, -0.44735265, -0.7744242), (-0.44738004, -0.77441037, -0.44736952), (-0.77443725, -0.44733667, -0.44736636), (-0.00023236871, -0.96603864, 0.25839713), (-0.00018474972, -0.86585283, 0.5002986), (-0.4473439, -0.7744543, 0.4473297), (-0.49151585, -0.8623374, 0.121598475), (-0.00018028915, -0.86582977, 0.5003388), (-0.00021297857, -0.5003187, 0.86584127), (-0.44733238, -0.44735986, 0.7744436), (-0.44733787, -0.7744176, 0.44739962), (-0.0002302546, -0.0002836734, 1), (-0.5003085, -0.0002986919, 0.86584723), (-0.4473175, -0.44730285, 0.77448523), (-0.0001783222, -0.5002424, 0.8658854), (-0.5003617, -0.00024615228, 0.8658164), (-0.8658498, -0.00028749183, 0.50030404), (-0.7744557, -0.44730338, 0.44736785), (-0.4473812, -0.44727963, 0.7744617), (-0.9660332, -0.0003186784, 0.25841793), (-0.8623588, -0.4914887, 0.12155684), (-0.7744908, -0.44728002, 0.44733047), (-0.86588466, -0.00024427474, 0.5002436), (-0.86232185, -0.49154854, 0.121577196), (-0.4915827, -0.8623051, 0.12155778), (-0.44743335, -0.7743978, 0.44733828), (-0.77447724, -0.44735187, 0.4472821), (-0.44738346, -0.7744104, 0.4473661), (-0.44736958, -0.44735608, 0.7744242), (-0.77443725, -0.44733328, 0.44736978), (-0.00022020191, 0.0002888888, -1), (-0.50030136, 0.00029322738, -0.86585134), (-0.4473175, 0.44730285, -0.77448523), (-0.00017999113, 0.50030226, -0.8658508), (-0.50035053, 0.00024187565, -0.86582303), (-0.86584353, 0.00028643757, -0.5003149), (-0.7744504, 0.44730097, -0.4473796), (-0.4473911, 0.44730866, -0.7744392), (-0.96603376, 0.0003250176, -0.25841558), (-0.89532346, 0.36446896, -0.25604355), (-0.77448326, 0.44728658, -0.4473371), (-0.8658851, 0.0002452135, -0.50024295), (-0.8953087, 0.36449605, -0.25605673), (-0.27027643, 0.47746274, -0.83605033), (-0.44739345, 0.774407, -0.4473622), (-0.7744579, 0.44733322, -0.4473344), (-0.00022274256, 0.9660342, -0.25841424), (-0.00019724155, 0.8658645, -0.5002785), (-0.44735616, 0.7744542, -0.44731775), (-0.27026573, 0.4774271, -0.8360741), (-0.00017166138, 0.8658427, -0.50031626), (-0.00021085888, 0.50034034, -0.86582875), (-0.44732744, 0.4473832, -0.77443296), (-0.44733316, 0.77443135, -0.4473803), (-0.44736952, 0.44735613, -0.7744242), (-0.77443725, 0.4473333, -0.44736972), (-0.44738346, 0.7744104, -0.4473661), (-0.00017786026, 0.00032872334, 1), (-0.00020394288, 0.50032586, 0.8658373), (-0.44734251, 0.44727224, 0.77448845), (-0.50028, 0.00026765466, 0.86586374), (-0.0001693219, 0.50035137, 0.86582243), (-0.00018644333, 0.86583245, 0.50033414), (-0.44733223, 0.7744229, 0.44739613), (-0.44733799, 0.44736332, 0.7744384), (-0.00024089369, 0.9660316, 0.25842395), (-0.40810475, 0.7257041, -0.5538991), (-0.44732374, 0.77444935, 0.44735852), (-0.00016501546, 0.8658673, 0.5002737), (-0.40808797, 0.72572076, -0.55388963), (-0.7791281, 0.42053396, -0.46487695), (-0.77446795, 0.4473363, 0.4473136), (-0.44738406, 0.7744361, 0.4473212), (-0.96603024, 0.00032953918, 0.25842884), (-0.8658702, 0.00028338982, 0.50026864), (-0.77448577, 0.44731733, 0.44730192), (-0.7791192, 0.42057568, -0.46485418), (-0.8658372, 0.0002450049, 0.5003258), (-0.5003402, 0.00029417127, 0.8658288), (-0.44740698, 0.44730777, 0.7744306), (-0.77445585, 0.4473114, 0.44735962), (-0.44737297, 0.44735265, 0.7744242), (-0.44738004, 0.77441037, 0.44736952), (-0.77443725, 0.44733667, 0.44736636), (0.00022020191, -0.0002888888, -1), (0.50030136, -0.00029322738, -0.86585134), (0.4473175, -0.44730285, -0.77448523), (0.00017999113, -0.50030226, -0.8658508), (0.50035053, -0.00024187565, -0.86582303), (0.86584353, -0.00028643757, -0.5003149), (0.7744504, -0.44730097, -0.4473796), (0.4473911, -0.44730866, -0.7744392), (0.96603376, -0.0003250176, -0.25841558), (0.89532346, -0.36446896, -0.25604355), (0.77448326, -0.44728658, -0.4473371), (0.8658851, -0.0002452135, -0.50024295), (0.8953087, -0.36449605, -0.25605673), (0.27027643, -0.47746274, -0.83605033), (0.44739345, -0.774407, -0.4473622), (0.7744579, -0.44733322, -0.4473344), (0.00022274256, -0.9660342, -0.25841424), (0.00019724155, -0.8658645, -0.5002785), (0.44735616, -0.7744542, -0.44731775), (0.27026573, -0.4774271, -0.8360741), (0.00017166138, -0.8658427, -0.50031626), (0.00021085888, -0.50034034, -0.86582875), (0.44732744, -0.4473832, -0.77443296), (0.44733316, -0.77443135, -0.4473803), (0.44736952, -0.44735613, -0.7744242), (0.77443725, -0.4473333, -0.44736972), (0.44738346, -0.7744104, -0.4473661), (0.00017786026, -0.00032872334, 1), (0.00020391634, -0.50026536, 0.8658722), (0.44734251, -0.44727224, 0.77448845), (0.50028, -0.00026765466, 0.86586374), (0.0001693219, -0.50035137, 0.86582243), (0.00018644333, -0.86583245, 0.50033414), (0.44733223, -0.7744229, 0.44739613), (0.44733799, -0.44736332, 0.7744384), (0.00024194218, -0.96604127, 0.25838783), (0.40810475, -0.7257041, -0.5538991), (0.44732374, -0.77444935, 0.44735852), (0.00016501546, -0.8658673, 0.5002737), (0.40808797, -0.72572076, -0.55388963), (0.7791281, -0.42053396, -0.46487695), (0.77446795, -0.4473363, 0.4473136), (0.44738406, -0.7744361, 0.4473212), (0.96603024, -0.00032953918, 0.25842884), (0.8658702, -0.00028338982, 0.50026864), (0.77448577, -0.44731733, 0.44730192), (0.7791192, -0.42057568, -0.46485418), (0.8658372, -0.0002450049, 0.5003258), (0.5003402, -0.00029417127, 0.8658288), (0.44740698, -0.44730777, 0.7744306), (0.77445585, -0.4473114, 0.44735962), (0.44737297, -0.44735265, 0.7744242), (0.44738004, -0.77441037, 0.44736952), (0.77443725, -0.44733667, 0.44736636), (0.00017786026, 0.00032872334, -1), (0.00020394288, 0.50032586, -0.8658373), (0.44734251, 0.44727224, -0.77448845), (0.50028, 0.00026765466, -0.86586374), (0.0001693219, 0.50035137, -0.86582243), (0.00018644333, 0.86583245, -0.50033414), (0.44733223, 0.7744229, -0.44739613), (0.44733799, 0.44736332, -0.7744384), (0.00024089369, 0.9660316, -0.25842395), (0.40810475, 0.7257041, 0.5538991), (0.44732374, 0.77444935, -0.44735852), (0.00016501546, 0.8658673, -0.5002737), (0.40808797, 0.72572076, 0.55388963), (0.7791281, 0.42053396, 0.46487695), (0.77446795, 0.4473363, -0.4473136), (0.44738406, 0.7744361, -0.4473212), (0.96603024, 0.00032953918, -0.25842884), (0.8658702, 0.00028338982, -0.50026864), (0.77448577, 0.44731733, -0.44730192), (0.7791192, 0.42057568, 0.46485418), (0.8658372, 0.0002450049, -0.5003258), (0.5003402, 0.00029417127, -0.8658288), (0.44740698, 0.44730777, -0.7744306), (0.77445585, 0.4473114, -0.44735962), (0.44737297, 0.44735265, -0.7744242), (0.44738004, 0.77441037, -0.44736952), (0.77443725, 0.44733667, -0.44736636), (0.00022020191, 0.0002888888, 1), (0.50030136, 0.00029322738, 0.86585134), (0.4473175, 0.44730285, 0.77448523), (0.00017999113, 0.50030226, 0.8658508), (0.50035053, 0.00024187565, 0.86582303), (0.86584353, 0.00028643757, 0.5003149), (0.7744504, 0.44730097, 0.4473796), (0.4473911, 0.44730866, 0.7744392), (0.96603376, 0.0003250176, 0.25841558), (0.89532346, 0.36446896, 0.25604355), (0.77448326, 0.44728658, 0.4473371), (0.8658851, 0.0002452135, 0.50024295), (0.8953087, 0.36449605, 0.25605673), (0.27027643, 0.47746274, 0.83605033), (0.44739345, 0.774407, 0.4473622), (0.7744579, 0.44733322, 0.4473344), (0.00022274256, 0.9660342, 0.25841424), (0.00019724155, 0.8658645, 0.5002785), (0.44735616, 0.7744542, 0.44731775), (0.27026573, 0.4774271, 0.8360741), (0.00017166138, 0.8658427, 0.50031626), (0.00021085888, 0.50034034, 0.86582875), (0.44732744, 0.4473832, 0.77443296), (0.44733316, 0.77443135, 0.4473803), (0.44736952, 0.44735613, 0.7744242), (0.77443725, 0.4473333, 0.44736972), (0.44738346, 0.7744104, 0.4473661), (-0.00024080276, 0.0002872283, -0.99999994), (-0.00024085327, -0.00031930467, -0.99999994), (-0.50027746, -0.00025133137, -0.86586505), (-0.50027746, 0.0002462916, -0.86586505), (-0.5003561, 0.00024780445, -0.8658197), (-0.5003561, -0.00021064628, -0.8658197), (-0.86583936, -0.00024780445, -0.5003221), (-0.86583936, 0.00021064628, -0.5003221), (-0.8658798, 0.00024635074, -0.5002519), (-0.8658798, -0.00021392187, -0.5002519), (-0.96603096, -0.00047920988, -0.25842568), (-0.96603096, 0.00047920938, -0.25842568), (-0.0002194494, -0.9660411, -0.25838828), (-0.0002194494, -0.9660411, 0.25838828), (-0.4914901, -0.86235905, 0.12154927), (-0.491507, -0.8623546, -0.121512994), (-0.49158603, -0.86230516, -0.12154381), (-0.49158603, -0.86230516, 0.12154381), (-0.86232513, -0.49155104, 0.12154381), (-0.86232513, -0.49155104, -0.12154381), (-0.86236906, -0.49147248, -0.12154927), (-0.86236453, -0.4914894, 0.121512994), (-0.96604, -0.00027009845, 0.25839198), (-0.9660304, -0.00030599535, -0.2584278), (-0.00024063885, -0.0002822418, 1), (-0.00024066059, 0.0002821829, 0.99999994), (-0.50027734, 0.00025133134, 0.86586523), (-0.5002774, -0.00021392143, 0.86586523), (-0.500356, -0.00024780445, 0.8658197), (-0.500356, 0.00021064628, 0.8658197), (-0.8658393, 0.00024780445, 0.5003221), (-0.8658393, -0.0002478014, 0.5003221), (-0.8658799, -0.00025133137, 0.5002519), (-0.8658799, 0.00025129196, 0.5002519), (-0.966032, 0.00033544432, 0.25842205), (-0.9660321, -0.00033544563, 0.25842202), (0, 0, 0), (0, 0, 0), (-0.27032843, 0.4774656, -0.8360318), (-0.40812355, 0.7257231, -0.5538601), (-0.4081125, 0.72574306, -0.5538424), (-0.2702931, 0.47746572, -0.8360432), (-0.895299, 0.36451507, -0.25606328), (-0.77916914, 0.4204821, -0.4648552), (-0.7791648, 0.4205467, -0.464804), (-0.89533734, 0.36447644, -0.25598454), (-0.96604, 0.00027666986, -0.25839257), (-0.9660307, 0.00031380355, 0.25842723), (0.0002054261, 0.00033979118, -0.99999994), (-0.00016824387, 0.0003385144, -0.9999999), (-0.00017914294, 0.5002792, -0.8658641), (0.00010452269, 0.5002803, -0.86586344), (0.0001734107, 0.5003468, -0.8658252), (-0.00013630337, 0.5003468, -0.8658252), (-0.00017347022, 0.86583406, -0.5003314), (0.00017346234, 0.86583406, -0.5003314), (0.00017910919, 0.8658814, -0.5002493), (-0.00017915998, 0.8658837, -0.5002453), (-0.00047924, 0.9660311, -0.25842518), (0.00047919745, 0.9660312, -0.2584249), (-0.0002054261, 0.00033979118, 0.99999994), (0.00016824387, 0.0003385144, 0.9999999), (0.00017914294, 0.5002792, 0.8658641), (-0.00010452269, 0.5002803, 0.86586344), (-0.0001734107, 0.5003468, 0.8658252), (0.00013630337, 0.5003468, 0.8658252), (0.00017347022, 0.86583406, 0.5003314), (-0.00017346234, 0.86583406, 0.5003314), (-0.00017910919, 0.8658814, 0.5002493), (0.00017915998, 0.8658837, 0.5002453), (0.00047924, 0.9660311, 0.25842518), (-0.00047919745, 0.9660312, 0.2584249), (0.96604, 0.00027666986, 0.25839257), (0.9660307, 0.00031380355, -0.25842723), (0.7791648, 0.4205467, 0.464804), (0.89533734, 0.36447644, 0.25598454), (0.895299, 0.36451507, 0.25606328), (0.77916914, 0.4204821, 0.4648552), (0.4081125, 0.72574306, 0.5538424), (0.2702931, 0.47746572, 0.8360432), (0.27032843, 0.4774656, 0.8360318), (0.40812355, 0.7257231, 0.5538601), (0, 0, 0), (0, 0, 0), (0.00024080276, -0.0002872283, -0.99999994), (0.00024085327, 0.00031930467, -0.99999994), (0.50027746, 0.00025133137, -0.86586505), (0.50027746, -0.0002462916, -0.86586505), (0.5003561, -0.00024780445, -0.8658197), (0.5003561, 0.00021064628, -0.8658197), (0.86583936, 0.00024780445, -0.5003221), (0.86583936, -0.00021064628, -0.5003221), (0.8658798, -0.00024635074, -0.5002519), (0.8658798, 0.00021392187, -0.5002519), (0.96603096, 0.00047920988, -0.25842568), (0.96603096, -0.00047920938, -0.25842568), (0.00024080276, 0.0002872283, 0.99999994), (0.00024085327, -0.00031930467, 0.99999994), (0.50027746, -0.00025133137, 0.86586505), (0.50027746, 0.0002462916, 0.86586505), (0.5003561, 0.00024780445, 0.8658197), (0.5003561, -0.00021064628, 0.8658197), (0.86583936, -0.00024780445, 0.5003221), (0.86583936, 0.00021064628, 0.5003221), (0.8658798, 0.00024635074, 0.5002519), (0.8658798, -0.00021392187, 0.5002519), (0.96603096, -0.00047920988, 0.25842568), (0.96603096, 0.00047920938, 0.25842568), (0, 0, 0), (0, 0, 0), (0.27032843, -0.4774656, -0.8360318), (0.40812355, -0.7257231, -0.5538601), (0.4081125, -0.72574306, -0.5538424), (0.2702931, -0.47746572, -0.8360432), (0.895299, -0.36451507, -0.25606328), (0.77916914, -0.4204821, -0.4648552), (0.7791648, -0.4205467, -0.464804), (0.89533734, -0.36447644, -0.25598454), (0.96604, -0.00027666986, -0.25839257), (0.9660307, -0.00031380355, 0.25842723), (-0.0002054261, -0.00033979118, -0.99999994), (0.00016824387, -0.0003385144, -0.9999999), (0.00017914294, -0.5002792, -0.8658641), (-0.00010452269, -0.5002803, -0.86586344), (-0.0001734107, -0.5003468, -0.8658252), (0.00013630337, -0.5003468, -0.8658252), (0.00017347022, -0.86583406, -0.5003314), (-0.00017346234, -0.86583406, -0.5003314), (-0.00017910919, -0.8658814, -0.5002493), (0.00017915998, -0.8658837, -0.5002453), (0.00047924, -0.9660311, -0.25842518), (-0.0004791956, -0.96603113, -0.258425), (0.00020543142, -0.00033979118, 0.99999994), (-0.0001682386, -0.0003397512, 0.99999994), (-0.00017912769, -0.50028026, 0.8658635), (0.00017914434, -0.50028026, 0.8658635), (0.00017340266, -0.50036085, 0.865817), (-0.00017346117, -0.50036085, 0.865817), (-0.00017346263, -0.86584216, 0.5003173), (0.00017352117, -0.86584216, 0.5003173), (0.00017915605, -0.8658792, 0.5002532), (-0.00014185895, -0.8658792, 0.5002532), (0, -0.966045, 0.25837386), (0, -0.966045, 0.25837386), (-0.00026889337, 0.000396869, -0.9999999), (0.00026889326, 0.0003968691, -0.9999999), (0.00026889337, -0.000396869, -0.9999999), (-0.00026889326, -0.0003968691, -0.9999999), (-0.9660395, -0.0002849054, -0.25839442), (-0.9660395, -0.0002849085, 0.25839442), (-0.9660395, 0.0002849054, 0.25839442), (-0.9660395, 0.0002849085, -0.25839442), (0.00021060853, -0.9660395, -0.25839448), (0.0001733705, -0.9660519, 0.25834823), (-0.00017342901, -0.9660519, 0.25834823), (-0.00017340155, -0.9660395, -0.2583945), (0.00026889337, 0.000396869, 0.9999999), (-0.00026889326, 0.0003968691, 0.9999999), (-0.00026889337, -0.000396869, 0.9999999), (0.00026889326, -0.0003968691, 0.9999999), (-0.00021060853, 0.9660395, -0.25839448), (-0.00017340155, 0.9660395, 0.2583945), (0.00021060853, 0.9660395, 0.25839448), (0.00017340155, 0.9660395, -0.2583945), (0.9660395, 0.0002849054, -0.25839442), (0.9660395, 0.0002849085, 0.25839442), (0.9660395, -0.0002849054, 0.25839442), (0.9660395, -0.0002849085, -0.25839442)] (
                        interpolation = "faceVarying"
                    )
                    point3f[] points = [(-0.043375, -0.029375, -0.000125), (-0.043375, -0.0295, -1.4551915e-11), (-0.0435, -0.029375, -1.4551915e-11), (-0.043375004, -0.029437419, -0.00010830048), (-0.04343742, -0.029375002, -0.00010830048), (-0.04343478, -0.029434778, -0.00009207908), (-0.04343742, -0.029483302, -1.4551915e-11), (-0.043375004, -0.029483302, -0.00006241801), (-0.04343478, -0.029467082, -0.00005977646), (-0.043483302, -0.029375002, -0.00006241801), (-0.043483302, -0.029437419, -1.4551915e-11), (-0.043467082, -0.029434778, -0.00005977646), (-0.043375, -0.0295, 1.4551915e-11), (-0.043375, -0.029375, 0.000125), (-0.0435, -0.029375, 1.4551915e-11), (-0.043375004, -0.029483302, 0.00006241801), (-0.04343742, -0.029483302, 1.4551915e-11), (-0.04343478, -0.029467082, 0.000059776456), (-0.04343742, -0.029375002, 0.00010830048), (-0.043375004, -0.029437419, 0.00010830048), (-0.04343478, -0.029434778, 0.00009207908), (-0.043483302, -0.029437419, 1.4551915e-11), (-0.043483302, -0.029375002, 0.00006241801), (-0.043467082, -0.029434778, 0.00005977646), (-0.043375, 0.029375, -0.000125), (-0.0435, 0.029375, -1.4551915e-11), (-0.043375, 0.0295, -1.4551915e-11), (-0.04343742, 0.029374998, -0.00010830048), (-0.043375004, 0.029437415, -0.00010830048), (-0.04343478, 0.029434774, -0.00009207908), (-0.043483302, 0.029437415, -1.4551915e-11), (-0.043483302, 0.029374998, -0.00006241801), (-0.043467082, 0.029434774, -0.00005977646), (-0.043375004, 0.029483298, -0.00006241801), (-0.04343742, 0.029483298, -1.4551915e-11), (-0.04343478, 0.029467078, -0.00005977646), (-0.043375, 0.029375, 0.000125), (-0.043375, 0.0295, 1.4551915e-11), (-0.0435, 0.029375, 1.4551915e-11), (-0.043375004, 0.029437419, 0.00010830048), (-0.04343742, 0.029375002, 0.00010830048), (-0.04343478, 0.029434778, 0.00009207908), (-0.04343742, 0.029483302, 1.4551915e-11), (-0.043375004, 0.029483302, 0.00006241801), (-0.04343478, 0.029467082, 0.00005977646), (-0.043483302, 0.029375002, 0.00006241801), (-0.043483302, 0.029437419, 1.4551915e-11), (-0.043467082, 0.029434778, 0.00005977646), (0.043375, -0.029375, -0.000125), (0.0435, -0.029375, -1.4551915e-11), (0.043375, -0.0295, -1.4551915e-11), (0.04343742, -0.029374998, -0.00010830048), (0.043375004, -0.029437415, -0.00010830048), (0.04343478, -0.029434774, -0.00009207908), (0.043483302, -0.029437415, -1.4551915e-11), (0.043483302, -0.029374998, -0.00006241801), (0.043467082, -0.029434774, -0.00005977646), (0.043375004, -0.029483298, -0.00006241801), (0.04343742, -0.029483298, -1.4551915e-11), (0.04343478, -0.029467078, -0.00005977646), (0.043375, -0.029375, 0.000125), (0.043375, -0.0295, 1.4551915e-11), (0.0435, -0.029375, 1.4551915e-11), (0.043375004, -0.029437419, 0.00010830048), (0.04343742, -0.029375002, 0.00010830048), (0.04343478, -0.029434778, 0.00009207908), (0.04343742, -0.029483302, 1.4551915e-11), (0.043375004, -0.029483302, 0.00006241801), (0.04343478, -0.029467082, 0.00005977646), (0.043483302, -0.029375002, 0.00006241801), (0.043483302, -0.029437419, 1.4551915e-11), (0.043467082, -0.029434778, 0.00005977646), (0.043375, 0.029375, -0.000125), (0.043375, 0.0295, -1.4551915e-11), (0.0435, 0.029375, -1.4551915e-11), (0.043375004, 0.029437419, -0.00010830048), (0.04343742, 0.029375002, -0.00010830048), (0.04343478, 0.029434778, -0.00009207908), (0.04343742, 0.029483302, -1.4551915e-11), (0.043375004, 0.029483302, -0.00006241801), (0.04343478, 0.029467082, -0.00005977646), (0.043483302, 0.029375002, -0.00006241801), (0.043483302, 0.029437419, -1.4551915e-11), (0.043467082, 0.029434778, -0.00005977646), (0.043375, 0.029375, 0.000125), (0.0435, 0.029375, 1.4551915e-11), (0.043375, 0.0295, 1.4551915e-11), (0.04343742, 0.029374998, 0.00010830048), (0.043375004, 0.029437415, 0.00010830048), (0.04343478, 0.029434774, 0.00009207908), (0.043483302, 0.029437415, 1.4551915e-11), (0.043483302, 0.029374998, 0.00006241801), (0.043467082, 0.029434774, 0.00005977646), (0.043375004, 0.029483298, 0.00006241801), (0.04343742, 0.029483298, 1.4551915e-11), (0.04343478, 0.029467078, 0.00005977646)]
                    texCoord2f[] primvars:st = [(0.12535919, 0.7494703), (0.12535918, 0.74973476), (0.12518741, 0.7497236), (0.12517983, 0.7494703), (0.12535918, 0.74973476), (0.12535915, 0.75), (0.12518743, 0.75000006), (0.12518741, 0.7497236), (0.49999994, 0.99964064), (0.5, 1), (0.375, 0.9998126), (0.37500003, 0.9996409), (0.5, 0), (0.49999997, 0.0002651744), (0.37500003, 0.00027634203), (0.375, 0), (0.50000006, 0.0005296621), (0.375, 0.0005296618), (0.37500003, 0.00027634203), (0.49999997, 0.0002651744), (0.125, 0.7494704), (0.12517983, 0.7494703), (0.12518741, 0.7497236), (0.12499999, 0.7497236), (0.12518741, 0.7497236), (0.12518743, 0.75000006), (0.12499999, 0.7497236), (0.49999997, 0.99964076), (0.56241804, 0.9996408), (0.5597764, 0.9998125), (0.5, 1), (0.56241804, 0.9996408), (0.62499994, 0.9996408), (0.625, 0.9998125), (0.5597764, 0.9998125), (0.8746408, 0.74947035), (0.87500006, 0.74947035), (0.87481254, 0.74999994), (0.8746408, 0.75000006), (0.625, 0.00052965427), (0.5624181, 0.00052965427), (0.5597765, 0.00027636605), (0.625, 0), (0.50000006, 0.0005296622), (0.5, 0.00026517434), (0.5597765, 0.00027636605), (0.5624181, 0.00052965427), (0.5, 0.00026517434), (0.5, 0), (0.55977654, 0.00013948529), (0.5597765, 0.00027636605), (0.5597764, 0.9998125), (0.625, 0.9998125), (0.5597764, 0.99990535), (0.12535919, 0.5005297), (0.12517981, 0.5005297), (0.12518741, 0.50027645), (0.12535915, 0.5002652), (0.12517981, 0.5005297), (0.125, 0.50052965), (0.125, 0.5002764), (0.12518741, 0.50027645), (0.49999994, 0.24947032), (0.49999997, 0.24973477), (0.37499997, 0.24972358), (0.37499997, 0.24947032), (0.49999997, 0.24973477), (0.49999994, 0.25017983), (0.375, 0.25018743), (0.37499997, 0.24972358), (0.49999994, 0.25035918), (0.37500003, 0.2503592), (0.375, 0.25018743), (0.49999994, 0.25017983), (0.12535918, 0.5), (0.12535915, 0.5002652), (0.12518741, 0.50027645), (0.12518741, 0.49999997), (0.12518741, 0.50027645), (0.125, 0.5002764), (0.12518741, 0.49999997), (0.87464076, 0.5005297), (0.8746408, 0.5), (0.87481254, 0.5), (0.87500006, 0.5005297), (0.625, 0.25035918), (0.562418, 0.2503592), (0.5597764, 0.25018743), (0.62500006, 0.25010476), (0.5, 0.25035918), (0.49999997, 0.2501798), (0.5597764, 0.25018743), (0.562418, 0.2503592), (0.49999997, 0.2501798), (0.50000006, 0.24973486), (0.5597765, 0.24975234), (0.5597764, 0.25018743), (0.5, 0.24947032), (0.56241804, 0.24947037), (0.5597765, 0.24975234), (0.50000006, 0.24973486), (0.56241804, 0.24947037), (0.625, 0.24947034), (0.62500006, 0.25010476), (0.5597765, 0.24975234), (0.62500006, 0.25010476), (0.5597764, 0.25018743), (0.5597765, 0.24975234), (0.37464082, 0.74947035), (0.37482026, 0.74947035), (0.3748126, 0.74972385), (0.3746408, 0.7497347), (0.37482026, 0.74947035), (0.437582, 0.7494703), (0.43517002, 0.74972355), (0.3748126, 0.74972385), (0.49999994, 0.7494703), (0.49999997, 0.74973476), (0.43517002, 0.74972355), (0.437582, 0.7494703), (0.49999997, 0.74973476), (0.49999994, 0.75017977), (0.37493113, 0.7501185), (0.43517002, 0.74972355), (0.49999994, 0.750359), (0.37482005, 0.7501792), (0.37493113, 0.7501185), (0.49999994, 0.75017977), (0.37482005, 0.7501792), (0.3746408, 0.7497347), (0.3748126, 0.74972385), (0.37493113, 0.7501185), (0.3748126, 0.74972385), (0.43517002, 0.74972355), (0.37493113, 0.7501185), (0.6253591, 0.7494703), (0.62517923, 0.75018), (0.6251187, 0.75006884), (0.62517977, 0.7494703), (0.62517923, 0.75018), (0.562418, 0.7503591), (0.5597764, 0.75018734), (0.6251187, 0.75006884), (0.49999997, 0.75035894), (0.49999997, 0.75017977), (0.5597764, 0.75018734), (0.562418, 0.7503591), (0.49999997, 0.75017977), (0.50000006, 0.74973494), (0.5597765, 0.7497524), (0.5597764, 0.75018734), (0.5, 0.7494703), (0.56241804, 0.7494703), (0.5597765, 0.7497524), (0.50000006, 0.74973494), (0.56241804, 0.7494703), (0.62517977, 0.7494703), (0.6251187, 0.75006884), (0.5597765, 0.7497524), (0.6251187, 0.75006884), (0.5597764, 0.75018734), (0.5597765, 0.7497524), (0.37464082, 0.5005297), (0.37464082, 0.5002652), (0.37481257, 0.5002763), (0.37482017, 0.5005297), (0.37464082, 0.5002652), (0.37482002, 0.4998208), (0.37493113, 0.49988142), (0.37481257, 0.5002763), (0.49999994, 0.4996408), (0.49999997, 0.49982014), (0.37493113, 0.49988142), (0.37482002, 0.4998208), (0.49999997, 0.49982014), (0.49999997, 0.50026524), (0.43517005, 0.5002763), (0.37493113, 0.49988142), (0.50000006, 0.50052977), (0.437582, 0.50052965), (0.43517005, 0.5002763), (0.49999997, 0.50026524), (0.437582, 0.50052965), (0.37482017, 0.5005297), (0.37481257, 0.5002763), (0.43517005, 0.5002763), (0.37481257, 0.5002763), (0.37493113, 0.49988142), (0.43517005, 0.5002763), (0.6253591, 0.50052965), (0.62517977, 0.5005297), (0.61302775, 0.500142), (0.62517923, 0.49982), (0.62517977, 0.5005297), (0.56241804, 0.50052965), (0.5597766, 0.50027645), (0.61302775, 0.500142), (0.50000006, 0.5005297), (0.50000006, 0.5002652), (0.5597766, 0.50027645), (0.56241804, 0.50052965), (0.50000006, 0.5002652), (0.49999997, 0.49982014), (0.5597764, 0.49983782), (0.5597766, 0.50027645), (0.5, 0.4996407), (0.562418, 0.49964082), (0.5597764, 0.49983782), (0.49999997, 0.49982014), (0.562418, 0.49964082), (0.62517923, 0.49982), (0.61302775, 0.500142), (0.5597764, 0.49983782), (0.61302775, 0.500142), (0.5597766, 0.50027645), (0.5597764, 0.49983782), (0.12535919, 0.5005297), (0.12535919, 0.7494703), (0.12517983, 0.7494703), (0.12517981, 0.5005297), (0.12517981, 0.5005297), (0.12517983, 0.7494703), (0.125, 0.7494704), (0.125, 0.50052965), (0.37499997, 0.24947032), (0.375, 0.0005296618), (0.50000006, 0.0005296621), (0.49999994, 0.24947032), (0.49999994, 0.99964064), (0.49999997, 0.99964076), (0.5, 1), (0.5, 1), (0.5, 0), (0.5, 0), (0.5, 0.00026517434), (0.49999997, 0.0002651744), (0.49999997, 0.0002651744), (0.5, 0.00026517434), (0.50000006, 0.0005296622), (0.50000006, 0.0005296621), (0.8746408, 0.74947035), (0.87464076, 0.5005297), (0.87500006, 0.5005297), (0.87500006, 0.74947035), (0.625, 0.00052965427), (0.625, 0.24947034), (0.56241804, 0.24947037), (0.5624181, 0.00052965427), (0.5624181, 0.00052965427), (0.56241804, 0.24947037), (0.5, 0.24947032), (0.50000006, 0.0005296622), (0.5, 0.25035918), (0.49999994, 0.25035918), (0.49999994, 0.25017983), (0.49999997, 0.2501798), (0.49999997, 0.2501798), (0.49999994, 0.25017983), (0.49999997, 0.24973477), (0.50000006, 0.24973486), (0.50000006, 0.24973486), (0.49999997, 0.24973477), (0.49999994, 0.24947032), (0.5, 0.24947032), (0.37464082, 0.5005297), (0.12535919, 0.5005297), (0.12535915, 0.5002652), (0.37464082, 0.5002652), (0.37464082, 0.5002652), (0.12535915, 0.5002652), (0.12535918, 0.5), (0.37482002, 0.4998208), (0.37482002, 0.4998208), (0.37500003, 0.2503592), (0.49999994, 0.25035918), (0.49999994, 0.4996408), (0.87464076, 0.5005297), (0.6253591, 0.50052965), (0.62517923, 0.49982), (0.8746408, 0.5), (0.625, 0.25035918), (0.62517923, 0.49982), (0.562418, 0.49964082), (0.562418, 0.2503592), (0.562418, 0.2503592), (0.562418, 0.49964082), (0.5, 0.4996407), (0.5, 0.25035918), (0.50000006, 0.5005297), (0.50000006, 0.50052977), (0.49999997, 0.50026524), (0.50000006, 0.5002652), (0.50000006, 0.5002652), (0.49999997, 0.50026524), (0.49999997, 0.49982014), (0.49999997, 0.49982014), (0.49999997, 0.49982014), (0.49999997, 0.49982014), (0.49999994, 0.4996408), (0.5, 0.4996407), (0.37464082, 0.74947035), (0.37464082, 0.5005297), (0.37482017, 0.5005297), (0.37482026, 0.74947035), (0.37482026, 0.74947035), (0.37482017, 0.5005297), (0.437582, 0.50052965), (0.437582, 0.7494703), (0.437582, 0.7494703), (0.437582, 0.50052965), (0.50000006, 0.50052977), (0.49999994, 0.7494703), (0.6253591, 0.50052965), (0.6253591, 0.7494703), (0.62517977, 0.7494703), (0.62517977, 0.5005297), (0.62517977, 0.5005297), (0.62517977, 0.7494703), (0.56241804, 0.7494703), (0.56241804, 0.50052965), (0.56241804, 0.50052965), (0.56241804, 0.7494703), (0.5, 0.7494703), (0.50000006, 0.5005297), (0.49999997, 0.75035894), (0.49999994, 0.750359), (0.49999994, 0.75017977), (0.49999997, 0.75017977), (0.49999997, 0.75017977), (0.49999994, 0.75017977), (0.49999997, 0.74973476), (0.50000006, 0.74973494), (0.50000006, 0.74973494), (0.49999997, 0.74973476), (0.49999994, 0.7494703), (0.5, 0.7494703), (0.12535919, 0.7494703), (0.37464082, 0.74947035), (0.3746408, 0.7497347), (0.12535918, 0.74973476), (0.12535918, 0.74973476), (0.3746408, 0.7497347), (0.37482005, 0.7501792), (0.12535915, 0.75), (0.37500003, 0.9996409), (0.37482005, 0.7501792), (0.49999994, 0.750359), (0.49999994, 0.99964064), (0.6253591, 0.7494703), (0.8746408, 0.74947035), (0.8746408, 0.75000006), (0.62517923, 0.75018), (0.62517923, 0.75018), (0.62499994, 0.9996408), (0.56241804, 0.9996408), (0.562418, 0.7503591), (0.562418, 0.7503591), (0.56241804, 0.9996408), (0.49999997, 0.99964076), (0.49999997, 0.75035894), (0.12535919, 0.5005297), (0.37464082, 0.5005297), (0.37464082, 0.74947035), (0.12535919, 0.7494703), (0.50000006, 0.0005296621), (0.50000006, 0.0005296622), (0.5, 0.24947032), (0.49999994, 0.24947032), (0.49999994, 0.750359), (0.49999997, 0.75035894), (0.49999997, 0.99964076), (0.49999994, 0.99964064), (0.6253591, 0.50052965), (0.87464076, 0.5005297), (0.8746408, 0.74947035), (0.6253591, 0.7494703), (0.49999994, 0.25035918), (0.5, 0.25035918), (0.5, 0.4996407), (0.49999994, 0.4996408), (0.50000006, 0.50052977), (0.50000006, 0.5005297), (0.5, 0.7494703), (0.49999994, 0.7494703)] (
                        interpolation = "faceVarying"
                    )
                    uniform token subdivisionScheme = "none"
                    custom string userProperties:blender:data_name = "Cube.127"
                }
            }

            def Xform "Barcode_line_090"
            {
                custom string userProperties:blender:object_name = "Barcode line.090"
                float3 xformOp:rotateXYZ = (0, -0, 4.2688688e-7)
                float3 xformOp:scale = (0.99999994, 0.99999994, 1)
                double3 xformOp:translate = (0.009022220969200134, -0.003999999724328518, 0.0002500005066394806)
                uniform token[] xformOpOrder = ["xformOp:translate", "xformOp:rotateXYZ", "xformOp:scale"]

                def Mesh "Cube_143" (
                    active = true
                    prepend apiSchemas = ["MaterialBindingAPI"]
                )
                {
                    uniform bool doubleSided = 1
                    float3[] extent = [(-0.0013533334, -0.008, -0.000065), (0.0013533334, 0.008, 0.000065)]
                    int[] faceVertexCounts = [4, 4, 4, 4, 4, 4]
                    int[] faceVertexIndices = [0, 1, 3, 2, 2, 3, 7, 6, 6, 7, 5, 4, 4, 5, 1, 0, 2, 6, 4, 0, 7, 3, 1, 5]
                    rel material:binding = </Asset/_materials/Printed_dark_ink>
                    normal3f[] normals = [(-1, 0, 0), (-1, 0, 0), (-1, 0, 0), (-1, 0, 0), (0, 1, 0), (0, 1, 0), (0, 1, 0), (0, 1, 0), (1, 0, 0), (1, 0, 0), (1, 0, 0), (1, 0, 0), (0, -1, 0), (0, -1, 0), (0, -1, 0), (0, -1, 0), (0, 0, -1), (0, 0, -1), (0, 0, -1), (0, 0, -1), (0, 0, 1), (0, 0, 1), (0, 0, 1), (0, 0, 1)] (
                        interpolation = "faceVarying"
                    )
                    point3f[] points = [(-0.0013533334, -0.008, -0.000065), (-0.0013533334, -0.008, 0.000065), (-0.0013533334, 0.008, -0.000065), (-0.0013533334, 0.008, 0.000065), (0.0013533334, -0.008, -0.000065), (0.0013533334, -0.008, 0.000065), (0.0013533334, 0.008, -0.000065), (0.0013533334, 0.008, 0.000065)]
                    texCoord2f[] primvars:st = [(0.375, 0), (0.625, 0), (0.625, 0.25), (0.375, 0.25), (0.375, 0.25), (0.625, 0.25), (0.625, 0.5), (0.375, 0.5), (0.375, 0.5), (0.625, 0.5), (0.625, 0.75), (0.375, 0.75), (0.375, 0.75), (0.625, 0.75), (0.625, 1), (0.375, 1), (0.125, 0.5), (0.375, 0.5), (0.375, 0.75), (0.125, 0.75), (0.625, 0.5), (0.875, 0.5), (0.875, 0.75), (0.625, 0.75)] (
                        interpolation = "faceVarying"
                    )
                    uniform token subdivisionScheme = "none"
                    custom string userProperties:blender:data_name = "Cube.143"
                }
            }

            def Xform "Barcode_line_094"
            {
                custom string userProperties:blender:object_name = "Barcode line.094"
                float3 xformOp:rotateXYZ = (0, -0, 4.2688688e-7)
                float3 xformOp:scale = (0.99999994, 0.99999994, 1)
                double3 xformOp:translate = (0.020751111209392548, -0.003999999724328518, 0.0002500005066394806)
                uniform token[] xformOpOrder = ["xformOp:translate", "xformOp:rotateXYZ", "xformOp:scale"]

                def Mesh "Cube_147" (
                    active = true
                    prepend apiSchemas = ["MaterialBindingAPI"]
                )
                {
                    uniform bool doubleSided = 1
                    float3[] extent = [(-0.0013533334, -0.008, -0.000065), (0.0013533334, 0.008, 0.000065)]
                    int[] faceVertexCounts = [4, 4, 4, 4, 4, 4]
                    int[] faceVertexIndices = [0, 1, 3, 2, 2, 3, 7, 6, 6, 7, 5, 4, 4, 5, 1, 0, 2, 6, 4, 0, 7, 3, 1, 5]
                    rel material:binding = </Asset/_materials/Printed_dark_ink>
                    normal3f[] normals = [(-1, 0, 0), (-1, 0, 0), (-1, 0, 0), (-1, 0, 0), (0, 1, 0), (0, 1, 0), (0, 1, 0), (0, 1, 0), (1, 0, 0), (1, 0, 0), (1, 0, 0), (1, 0, 0), (0, -1, 0), (0, -1, 0), (0, -1, 0), (0, -1, 0), (0, 0, -1), (0, 0, -1), (0, 0, -1), (0, 0, -1), (0, 0, 1), (0, 0, 1), (0, 0, 1), (0, 0, 1)] (
                        interpolation = "faceVarying"
                    )
                    point3f[] points = [(-0.0013533334, -0.008, -0.000065), (-0.0013533334, -0.008, 0.000065), (-0.0013533334, 0.008, -0.000065), (-0.0013533334, 0.008, 0.000065), (0.0013533334, -0.008, -0.000065), (0.0013533334, -0.008, 0.000065), (0.0013533334, 0.008, -0.000065), (0.0013533334, 0.008, 0.000065)]
                    texCoord2f[] primvars:st = [(0.375, 0), (0.625, 0), (0.625, 0.25), (0.375, 0.25), (0.375, 0.25), (0.625, 0.25), (0.625, 0.5), (0.375, 0.5), (0.375, 0.5), (0.625, 0.5), (0.625, 0.75), (0.375, 0.75), (0.375, 0.75), (0.625, 0.75), (0.625, 1), (0.375, 1), (0.125, 0.5), (0.375, 0.5), (0.375, 0.75), (0.125, 0.75), (0.625, 0.5), (0.875, 0.5), (0.875, 0.75), (0.625, 0.75)] (
                        interpolation = "faceVarying"
                    )
                    uniform token subdivisionScheme = "none"
                    custom string userProperties:blender:data_name = "Cube.147"
                }
            }

            def Xform "Barcode_line_085"
            {
                custom string userProperties:blender:object_name = "Barcode line.085"
                float3 xformOp:rotateXYZ = (0, -0, 4.2688688e-7)
                float3 xformOp:scale = (0.99999994, 0.99999994, 1)
                double3 xformOp:translate = (-0.005864444188773632, -0.003999999724328518, 0.0002500005066394806)
                uniform token[] xformOpOrder = ["xformOp:translate", "xformOp:rotateXYZ", "xformOp:scale"]

                def Mesh "Cube_138" (
                    active = true
                    prepend apiSchemas = ["MaterialBindingAPI"]
                )
                {
                    uniform bool doubleSided = 1
                    float3[] extent = [(-0.00090222224, -0.008, -0.000065), (0.00090222224, 0.008, 0.000065)]
                    int[] faceVertexCounts = [4, 4, 4, 4, 4, 4]
                    int[] faceVertexIndices = [0, 1, 3, 2, 2, 3, 7, 6, 6, 7, 5, 4, 4, 5, 1, 0, 2, 6, 4, 0, 7, 3, 1, 5]
                    rel material:binding = </Asset/_materials/Printed_dark_ink>
                    normal3f[] normals = [(-1, 0, 0), (-1, 0, 0), (-1, 0, 0), (-1, 0, 0), (0, 1, 0), (0, 1, 0), (0, 1, 0), (0, 1, 0), (1, 0, 0), (1, 0, 0), (1, 0, 0), (1, 0, 0), (0, -1, 0), (0, -1, 0), (0, -1, 0), (0, -1, 0), (0, 0, -1), (0, 0, -1), (0, 0, -1), (0, 0, -1), (0, 0, 1), (0, 0, 1), (0, 0, 1), (0, 0, 1)] (
                        interpolation = "faceVarying"
                    )
                    point3f[] points = [(-0.00090222224, -0.008, -0.000065), (-0.00090222224, -0.008, 0.000065), (-0.00090222224, 0.008, -0.000065), (-0.00090222224, 0.008, 0.000065), (0.00090222224, -0.008, -0.000065), (0.00090222224, -0.008, 0.000065), (0.00090222224, 0.008, -0.000065), (0.00090222224, 0.008, 0.000065)]
                    texCoord2f[] primvars:st = [(0.375, 0), (0.625, 0), (0.625, 0.25), (0.375, 0.25), (0.375, 0.25), (0.625, 0.25), (0.625, 0.5), (0.375, 0.5), (0.375, 0.5), (0.625, 0.5), (0.625, 0.75), (0.375, 0.75), (0.375, 0.75), (0.625, 0.75), (0.625, 1), (0.375, 1), (0.125, 0.5), (0.375, 0.5), (0.375, 0.75), (0.125, 0.75), (0.625, 0.5), (0.875, 0.5), (0.875, 0.75), (0.625, 0.75)] (
                        interpolation = "faceVarying"
                    )
                    uniform token subdivisionScheme = "none"
                    custom string userProperties:blender:data_name = "Cube.138"
                }
            }

            def Xform "Barcode_line_083"
            {
                custom string userProperties:blender:object_name = "Barcode line.083"
                float3 xformOp:rotateXYZ = (0, -0, 4.2688688e-7)
                float3 xformOp:scale = (0.99999994, 0.99999994, 1)
                double3 xformOp:translate = (-0.011277777142822742, -0.003999999724328518, 0.0002500005066394806)
                uniform token[] xformOpOrder = ["xformOp:translate", "xformOp:rotateXYZ", "xformOp:scale"]

                def Mesh "Cube_136" (
                    active = true
                    prepend apiSchemas = ["MaterialBindingAPI"]
                )
                {
                    uniform bool doubleSided = 1
                    float3[] extent = [(-0.00090222224, -0.008, -0.000065), (0.00090222224, 0.008, 0.000065)]
                    int[] faceVertexCounts = [4, 4, 4, 4, 4, 4]
                    int[] faceVertexIndices = [0, 1, 3, 2, 2, 3, 7, 6, 6, 7, 5, 4, 4, 5, 1, 0, 2, 6, 4, 0, 7, 3, 1, 5]
                    rel material:binding = </Asset/_materials/Printed_dark_ink>
                    normal3f[] normals = [(-1, 0, 0), (-1, 0, 0), (-1, 0, 0), (-1, 0, 0), (0, 1, 0), (0, 1, 0), (0, 1, 0), (0, 1, 0), (1, 0, 0), (1, 0, 0), (1, 0, 0), (1, 0, 0), (0, -1, 0), (0, -1, 0), (0, -1, 0), (0, -1, 0), (0, 0, -1), (0, 0, -1), (0, 0, -1), (0, 0, -1), (0, 0, 1), (0, 0, 1), (0, 0, 1), (0, 0, 1)] (
                        interpolation = "faceVarying"
                    )
                    point3f[] points = [(-0.00090222224, -0.008, -0.000065), (-0.00090222224, -0.008, 0.000065), (-0.00090222224, 0.008, -0.000065), (-0.00090222224, 0.008, 0.000065), (0.00090222224, -0.008, -0.000065), (0.00090222224, -0.008, 0.000065), (0.00090222224, 0.008, -0.000065), (0.00090222224, 0.008, 0.000065)]
                    texCoord2f[] primvars:st = [(0.375, 0), (0.625, 0), (0.625, 0.25), (0.375, 0.25), (0.375, 0.25), (0.625, 0.25), (0.625, 0.5), (0.375, 0.5), (0.375, 0.5), (0.625, 0.5), (0.625, 0.75), (0.375, 0.75), (0.375, 0.75), (0.625, 0.75), (0.625, 1), (0.375, 1), (0.125, 0.5), (0.375, 0.5), (0.375, 0.75), (0.125, 0.75), (0.625, 0.5), (0.875, 0.5), (0.875, 0.75), (0.625, 0.75)] (
                        interpolation = "faceVarying"
                    )
                    uniform token subdivisionScheme = "none"
                    custom string userProperties:blender:data_name = "Cube.136"
                }
            }

            def Xform "Barcode_line_093"
            {
                custom string userProperties:blender:object_name = "Barcode line.093"
                float3 xformOp:rotateXYZ = (0, -0, 4.2688688e-7)
                float3 xformOp:scale = (0.99999994, 0.99999994, 1)
                double3 xformOp:translate = (0.017142219468951225, -0.004000000189989805, 0.0002500005066394806)
                uniform token[] xformOpOrder = ["xformOp:translate", "xformOp:rotateXYZ", "xformOp:scale"]

                def Mesh "Cube_146" (
                    active = true
                    prepend apiSchemas = ["MaterialBindingAPI"]
                )
                {
                    uniform bool doubleSided = 1
                    float3[] extent = [(-0.0013533334, -0.008, -0.000065), (0.0013533334, 0.008, 0.000065)]
                    int[] faceVertexCounts = [4, 4, 4, 4, 4, 4]
                    int[] faceVertexIndices = [0, 1, 3, 2, 2, 3, 7, 6, 6, 7, 5, 4, 4, 5, 1, 0, 2, 6, 4, 0, 7, 3, 1, 5]
                    rel material:binding = </Asset/_materials/Printed_dark_ink>
                    normal3f[] normals = [(-1, 0, 0), (-1, 0, 0), (-1, 0, 0), (-1, 0, 0), (0, 1, 0), (0, 1, 0), (0, 1, 0), (0, 1, 0), (1, 0, 0), (1, 0, 0), (1, 0, 0), (1, 0, 0), (0, -1, 0), (0, -1, 0), (0, -1, 0), (0, -1, 0), (0, 0, -1), (0, 0, -1), (0, 0, -1), (0, 0, -1), (0, 0, 1), (0, 0, 1), (0, 0, 1), (0, 0, 1)] (
                        interpolation = "faceVarying"
                    )
                    point3f[] points = [(-0.0013533334, -0.008, -0.000065), (-0.0013533334, -0.008, 0.000065), (-0.0013533334, 0.008, -0.000065), (-0.0013533334, 0.008, 0.000065), (0.0013533334, -0.008, -0.000065), (0.0013533334, -0.008, 0.000065), (0.0013533334, 0.008, -0.000065), (0.0013533334, 0.008, 0.000065)]
                    texCoord2f[] primvars:st = [(0.375, 0), (0.625, 0), (0.625, 0.25), (0.375, 0.25), (0.375, 0.25), (0.625, 0.25), (0.625, 0.5), (0.375, 0.5), (0.375, 0.5), (0.625, 0.5), (0.625, 0.75), (0.375, 0.75), (0.375, 0.75), (0.625, 0.75), (0.625, 1), (0.375, 1), (0.125, 0.5), (0.375, 0.5), (0.375, 0.75), (0.125, 0.75), (0.625, 0.5), (0.875, 0.5), (0.875, 0.75), (0.625, 0.75)] (
                        interpolation = "faceVarying"
                    )
                    uniform token subdivisionScheme = "none"
                    custom string userProperties:blender:data_name = "Cube.146"
                }
            }

            def Xform "Barcode_line_084"
            {
                custom string userProperties:blender:object_name = "Barcode line.084"
                float3 xformOp:rotateXYZ = (0, -0, 4.2688688e-7)
                float3 xformOp:scale = (0.99999994, 0.99999994, 1)
                double3 xformOp:translate = (-0.008571109734475613, -0.003999999724328518, 0.0002500005066394806)
                uniform token[] xformOpOrder = ["xformOp:translate", "xformOp:rotateXYZ", "xformOp:scale"]

                def Mesh "Cube_137" (
                    active = true
                    prepend apiSchemas = ["MaterialBindingAPI"]
                )
                {
                    uniform bool doubleSided = 1
                    float3[] extent = [(-0.00090222224, -0.008, -0.000065), (0.00090222224, 0.008, 0.000065)]
                    int[] faceVertexCounts = [4, 4, 4, 4, 4, 4]
                    int[] faceVertexIndices = [0, 1, 3, 2, 2, 3, 7, 6, 6, 7, 5, 4, 4, 5, 1, 0, 2, 6, 4, 0, 7, 3, 1, 5]
                    rel material:binding = </Asset/_materials/Printed_dark_ink>
                    normal3f[] normals = [(-1, 0, 0), (-1, 0, 0), (-1, 0, 0), (-1, 0, 0), (0, 1, 0), (0, 1, 0), (0, 1, 0), (0, 1, 0), (1, 0, 0), (1, 0, 0), (1, 0, 0), (1, 0, 0), (0, -1, 0), (0, -1, 0), (0, -1, 0), (0, -1, 0), (0, 0, -1), (0, 0, -1), (0, 0, -1), (0, 0, -1), (0, 0, 1), (0, 0, 1), (0, 0, 1), (0, 0, 1)] (
                        interpolation = "faceVarying"
                    )
                    point3f[] points = [(-0.00090222224, -0.008, -0.000065), (-0.00090222224, -0.008, 0.000065), (-0.00090222224, 0.008, -0.000065), (-0.00090222224, 0.008, 0.000065), (0.00090222224, -0.008, -0.000065), (0.00090222224, -0.008, 0.000065), (0.00090222224, 0.008, -0.000065), (0.00090222224, 0.008, 0.000065)]
                    texCoord2f[] primvars:st = [(0.375, 0), (0.625, 0), (0.625, 0.25), (0.375, 0.25), (0.375, 0.25), (0.625, 0.25), (0.625, 0.5), (0.375, 0.5), (0.375, 0.5), (0.625, 0.5), (0.625, 0.75), (0.375, 0.75), (0.375, 0.75), (0.625, 0.75), (0.625, 1), (0.375, 1), (0.125, 0.5), (0.375, 0.5), (0.375, 0.75), (0.125, 0.75), (0.625, 0.5), (0.875, 0.5), (0.875, 0.75), (0.625, 0.75)] (
                        interpolation = "faceVarying"
                    )
                    uniform token subdivisionScheme = "none"
                    custom string userProperties:blender:data_name = "Cube.137"
                }
            }

            def Xform "Barcode_line_075"
            {
                custom string userProperties:blender:object_name = "Barcode line.075"
                float3 xformOp:rotateXYZ = (0, -0, 4.2688688e-7)
                float3 xformOp:scale = (0.99999994, 0.99999994, 1)
                double3 xformOp:translate = (-0.036088887602090836, -0.004000000189989805, 0.0002500005066394806)
                uniform token[] xformOpOrder = ["xformOp:translate", "xformOp:rotateXYZ", "xformOp:scale"]

                def Mesh "Cube_128" (
                    active = true
                    prepend apiSchemas = ["MaterialBindingAPI"]
                )
                {
                    uniform bool doubleSided = 1
                    float3[] extent = [(-0.00045111112, -0.008, -0.000065), (0.00045111112, 0.008, 0.000065)]
                    int[] faceVertexCounts = [4, 4, 4, 4, 4, 4]
                    int[] faceVertexIndices = [0, 1, 3, 2, 2, 3, 7, 6, 6, 7, 5, 4, 4, 5, 1, 0, 2, 6, 4, 0, 7, 3, 1, 5]
                    rel material:binding = </Asset/_materials/Printed_dark_ink>
                    normal3f[] normals = [(-1, 0, 0), (-1, 0, 0), (-1, 0, 0), (-1, 0, 0), (0, 1, 0), (0, 1, 0), (0, 1, 0), (0, 1, 0), (1, 0, 0), (1, 0, 0), (1, 0, 0), (1, 0, 0), (0, -1, 0), (0, -1, 0), (0, -1, 0), (0, -1, 0), (0, 0, -1), (0, 0, -1), (0, 0, -1), (0, 0, -1), (0, 0, 1), (0, 0, 1), (0, 0, 1), (0, 0, 1)] (
                        interpolation = "faceVarying"
                    )
                    point3f[] points = [(-0.00045111112, -0.008, -0.000065), (-0.00045111112, -0.008, 0.000065), (-0.00045111112, 0.008, -0.000065), (-0.00045111112, 0.008, 0.000065), (0.00045111112, -0.008, -0.000065), (0.00045111112, -0.008, 0.000065), (0.00045111112, 0.008, -0.000065), (0.00045111112, 0.008, 0.000065)]
                    texCoord2f[] primvars:st = [(0.375, 0), (0.625, 0), (0.625, 0.25), (0.375, 0.25), (0.375, 0.25), (0.625, 0.25), (0.625, 0.5), (0.375, 0.5), (0.375, 0.5), (0.625, 0.5), (0.625, 0.75), (0.375, 0.75), (0.375, 0.75), (0.625, 0.75), (0.625, 1), (0.375, 1), (0.125, 0.5), (0.375, 0.5), (0.375, 0.75), (0.125, 0.75), (0.625, 0.5), (0.875, 0.5), (0.875, 0.75), (0.625, 0.75)] (
                        interpolation = "faceVarying"
                    )
                    uniform token subdivisionScheme = "none"
                    custom string userProperties:blender:data_name = "Cube.128"
                }
            }

            def Xform "Print_004_____805"
            {
                custom string userProperties:blender:object_name = "Print_004__/__805"
                float3 xformOp:rotateXYZ = (0, -0, 4.2688688e-7)
                float3 xformOp:scale = (0.99999994, 0.99999994, 1)
                double3 xformOp:translate = (0.0017399998614564538, 0.01769999787211418, 0.00019999966025352478)
                uniform token[] xformOpOrder = ["xformOp:translate", "xformOp:rotateXYZ", "xformOp:scale"]

                def Mesh "Printing_020" (
                    active = true
                    prepend apiSchemas = ["MaterialBindingAPI"]
                )
                {
                    uniform bool doubleSided = 1
                    float3[] extent = [(0.00018, -0.000054000004, 0), (0.025986003, 0.0041460004, 0)]
                    int[] faceVertexCounts = [3, 3, 3, 3, 3, 3, 3, 3, 3, 3, 3, 3, 3, 3, 3, 3, 3, 3, 3, 3, 3, 3, 3, 3, 3, 3, 3, 3, 3, 3, 3, 3, 3, 3, 3, 3, 3, 3, 3, 3, 3, 3, 3, 3, 3, 3, 3, 3, 3, 3, 3, 3, 3, 3, 3, 3, 3, 3, 3, 3, 3, 3, 3, 3, 3, 3, 3, 3, 3, 3, 3, 3, 3, 3, 3, 3, 3, 3, 3, 3, 3, 3, 3, 3, 3, 3, 3, 3, 3, 3, 3, 3, 3, 3, 3, 3, 3, 3, 3, 3, 3, 3, 3, 3, 3, 3, 3, 3, 3, 3, 3, 3, 3, 3, 3]
                    int[] faceVertexIndices = [2, 16, 1, 16, 0, 1, 16, 17, 0, 2, 15, 16, 2, 14, 15, 2, 3, 14, 3, 13, 14, 4, 13, 3, 4, 12, 13, 5, 12, 4, 9, 7, 8, 6, 12, 5, 9, 6, 7, 9, 12, 6, 9, 11, 12, 10, 11, 9, 21, 32, 20, 32, 19, 20, 21, 31, 32, 33, 19, 32, 22, 31, 21, 33, 18, 19, 22, 30, 31, 26, 18, 33, 23, 30, 22, 23, 29, 30, 27, 18, 26, 27, 25, 18, 28, 25, 27, 23, 28, 29, 24, 28, 23, 28, 24, 25, 41, 39, 40, 42, 55, 41, 55, 56, 41, 56, 39, 41, 56, 57, 39, 57, 38, 39, 42, 54, 55, 50, 38, 57, 42, 53, 54, 43, 53, 42, 51, 38, 50, 51, 37, 38, 43, 52, 53, 52, 37, 51, 52, 36, 37, 44, 52, 43, 44, 36, 52, 45, 36, 44, 45, 64, 36, 64, 35, 36, 45, 63, 64, 65, 35, 64, 65, 34, 35, 46, 63, 45, 46, 62, 63, 58, 34, 65, 46, 61, 62, 59, 34, 58, 47, 61, 46, 59, 49, 34, 60, 49, 59, 47, 60, 61, 47, 49, 60, 48, 49, 47, 66, 68, 69, 66, 67, 68, 72, 70, 71, 72, 81, 70, 81, 82, 70, 82, 80, 70, 72, 84, 81, 83, 80, 82, 72, 83, 84, 72, 80, 83, 72, 79, 80, 72, 78, 79, 73, 78, 72, 74, 78, 73, 75, 77, 74, 77, 78, 74, 75, 76, 77, 88, 99, 87, 99, 86, 87, 88, 98, 99, 100, 86, 99, 89, 98, 88, 100, 85, 86, 89, 97, 98, 93, 85, 100, 90, 97, 89, 90, 96, 97, 94, 85, 93, 94, 92, 85, 95, 92, 94, 90, 95, 96, 91, 95, 90, 95, 91, 92, 104, 115, 103, 115, 102, 103, 104, 114, 115, 116, 102, 115, 105, 114, 104, 116, 101, 102, 105, 113, 114, 109, 101, 116, 106, 113, 105, 106, 112, 113, 110, 101, 109, 110, 108, 101, 111, 108, 110, 106, 111, 112, 107, 111, 106, 111, 107, 108]
                    rel material:binding = </Asset/_materials/Printed_dark_ink>
                    normal3f[] normals = [(0, 0, 1), (0, 0, 1), (0, 0, 1), (0, 0, 1), (0, 0, 1), (0, 0, 1), (0, 0, 1), (0, 0, 1), (0, 0, 1), (0, 0, 1), (0, 0, 1), (0, 0, 1), (0, 0, 1), (0, 0, 1), (0, 0, 1), (0, 0, 0.99999994), (0, 0, 0.99999994), (0, 0, 0.99999994), (0, 0, 1), (0, 0, 1), (0, 0, 1), (0, 0, 1), (0, 0, 1), (0, 0, 1), (0, 0, 1), (0, 0, 1), (0, 0, 1), (0, 0, 1), (0, 0, 1), (0, 0, 1), (0, 0, 1), (0, 0, 1), (0, 0, 1), (0, 0, 1), (0, 0, 1), (0, 0, 1), (0, 0, 1), (0, 0, 1), (0, 0, 1), (0, 0, 1), (0, 0, 1), (0, 0, 1), (0, 0, 1), (0, 0, 1), (0, 0, 1), (0, 0, 1), (0, 0, 1), (0, 0, 1), (0, 0, 1), (0, 0, 1), (0, 0, 1), (0, 0, 1), (0, 0, 1), (0, 0, 1), (0, 0, 1), (0, 0, 1), (0, 0, 1), (0, 0, 0.99999994), (0, 0, 0.99999994), (0, 0, 0.99999994), (0, 0, 1), (0, 0, 1), (0, 0, 1), (0, 0, 1), (0, 0, 1), (0, 0, 1), (0, 0, 1), (0, 0, 1), (0, 0, 1), (0, 0, 1), (0, 0, 1), (0, 0, 1), (0, 0, 1), (0, 0, 1), (0, 0, 1), (0, 0, 1), (0, 0, 1), (0, 0, 1), (0, 0, 1), (0, 0, 1), (0, 0, 1), (0, 0, 1), (0, 0, 1), (0, 0, 1), (0, 0, 1), (0, 0, 1), (0, 0, 1), (0, 0, 1), (0, 0, 1), (0, 0, 1), (0, 0, 1), (0, 0, 1), (0, 0, 1), (0, 0, 1), (0, 0, 1), (0, 0, 1), (0, 0, 1), (0, 0, 1), (0, 0, 1), (0, 0, 1), (0, 0, 1), (0, 0, 1), (0, 0, 1), (0, 0, 1), (0, 0, 1), (0, 0, 1), (0, 0, 1), (0, 0, 1), (0, 0, 1), (0, 0, 1), (0, 0, 1), (0, 0, 1), (0, 0, 1), (0, 0, 1), (0, 0, 1), (0, 0, 1), (0, 0, 1), (0, 0, 1), (0, 0, 1), (0, 0, 1), (0, 0, 1), (0, 0, 1), (0, 0, 1), (0, 0, 1), (0, 0, 1), (0, 0, 1), (0, 0, 1), (0, 0, 1), (0, 0, 1), (0, 0, 1), (0, 0, 1), (0, 0, 1), (0, 0, 1), (0, 0, 1), (0, 0, 1), (0, 0, 1), (0, 0, 1), (0, 0, 1), (0, 0, 0.99999994), (0, 0, 0.99999994), (0, 0, 0.99999994), (0, 0, 1), (0, 0, 1), (0, 0, 1), (0, 0, 1), (0, 0, 1), (0, 0, 1), (0, 0, 1), (0, 0, 1), (0, 0, 1), (0, 0, 1), (0, 0, 1), (0, 0, 1), (0, 0, 1), (0, 0, 1), (0, 0, 1), (0, 0, 1), (0, 0, 1), (0, 0, 1), (0, 0, 1), (0, 0, 1), (0, 0, 1), (0, 0, 1), (0, 0, 1), (0, 0, 1), (0, 0, 0.99999994), (0, 0, 0.99999994), (0, 0, 0.99999994), (0, 0, 1), (0, 0, 1), (0, 0, 1), (0, 0, 1), (0, 0, 1), (0, 0, 1), (0, 0, 1), (0, 0, 1), (0, 0, 1), (0, 0, 1), (0, 0, 1), (0, 0, 1), (0, 0, 1), (0, 0, 1), (0, 0, 1), (0, 0, 1), (0, 0, 1), (0, 0, 1), (0, 0, 1), (0, 0, 1), (0, 0, 1), (0, 0, 1), (0, 0, 1), (0, 0, 1), (0, 0, 1), (0, 0, 1), (0, 0, 1), (0, 0, 1), (0, 0, 1), (0, 0, 1), (0, 0, 0.99999994), (0, 0, 0.99999994), (0, 0, 0.99999994), (0, 0, 1), (0, 0, 1), (0, 0, 1), (0, 0, 1), (0, 0, 1), (0, 0, 1), (0, 0, 1), (0, 0, 1), (0, 0, 1), (0, 0, 1), (0, 0, 1), (0, 0, 1), (0, 0, 1), (0, 0, 1), (0, 0, 1), (0, 0, 1), (0, 0, 1), (0, 0, 1), (0, 0, 1), (0, 0, 1), (0, 0, 1), (0, 0, 1), (0, 0, 1), (0, 0, 1), (0, 0, 1), (0, 0, 1), (0, 0, 1), (0, 0, 0.99999994), (0, 0, 0.99999994), (0, 0, 0.99999994), (0, 0, 1), (0, 0, 1), (0, 0, 1), (0, 0, 0.99999994), (0, 0, 0.99999994), (0, 0, 0.99999994), (0, 0, 1), (0, 0, 1), (0, 0, 1), (0, 0, 1), (0, 0, 1), (0, 0, 1), (0, 0, -1), (0, 0, -1), (0, 0, -1), (0, 0, 1), (0, 0, 1), (0, 0, 1), (0, 0, 1), (0, 0, 1), (0, 0, 1), (0, 0, 1), (0, 0, 1), (0, 0, 1), (0, 0, 1), (0, 0, 1), (0, 0, 1), (0, 0, 1), (0, 0, 1), (0, 0, 1), (0, 0, 1), (0, 0, 1), (0, 0, 1), (0, 0, 1), (0, 0, 1), (0, 0, 1), (0, 0, 1), (0, 0, 1), (0, 0, 1), (0, 0, 1), (0, 0, 1), (0, 0, 1), (0, 0, 1), (0, 0, 1), (0, 0, 1), (0, 0, 1), (0, 0, 1), (0, 0, 1), (0, 0, 1), (0, 0, 1), (0, 0, 1), (0, 0, 1), (0, 0, 1), (0, 0, 1), (0, 0, 1), (0, 0, 1), (0, 0, 1), (0, 0, 1), (0, 0, 1), (0, 0, 1), (0, 0, 1), (0, 0, 1), (0, 0, 1), (0, 0, 1), (0, 0, 1), (0, 0, 1), (0, 0, 1), (0, 0, 1), (0, 0, 1), (0, 0, 1), (0, 0, 1), (0, 0, 1), (0, 0, 1), (0, 0, 1), (0, 0, 1), (0, 0, 0.99999994), (0, 0, 0.99999994), (0, 0, 0.99999994), (0, 0, 1), (0, 0, 1), (0, 0, 1), (0, 0, 1), (0, 0, 1), (0, 0, 1), (0, 0, 1), (0, 0, 1), (0, 0, 1), (0, 0, 1), (0, 0, 1), (0, 0, 1), (0, 0, 1), (0, 0, 1), (0, 0, 1), (0, 0, 1), (0, 0, 1), (0, 0, 1), (0, 0, 1), (0, 0, 1), (0, 0, 1), (0, 0, 1), (0, 0, 1), (0, 0, 1), (0, 0, 1), (0, 0, 1), (0, 0, 1), (0, 0, 0.99999994), (0, 0, 0.99999994), (0, 0, 0.99999994), (0, 0, 1), (0, 0, 1), (0, 0, 1), (0, 0, 1), (0, 0, 1), (0, 0, 1)] (
                        interpolation = "faceVarying"
                    )
                    point3f[] points = [(0.025782, 0.0040920004, 0), (0.023964, 0.0040920004, 0), (0.023964, 0.001962, 0), (0.025018502, 0.00187875, 0), (0.025398001, 0.0012420001, 0), (0.025148252, 0.00072225, 0), (0.024552, 0.00050400005, 0), (0.024102751, 0.00057975005, 0), (0.023658, 0.000804, 0), (0.023658, 0.000198, 0), (0.024153002, 0.000004500005, 0), (0.024648001, -0.000054000004, 0), (0.02560725, 0.0003165, 0), (0.025986003, 0.001254, 0), (0.025588501, 0.00219975, 0), (0.024498, 0.002538, 0), (0.024498, 0.0035640004, 0), (0.025782, 0.0035640004, 0), (0.023178002, 0.0020460002, 0), (0.022815002, 0.0035685003, 0), (0.021858001, 0.0041460004, 0), (0.020901, 0.0035685003, 0), (0.020538, 0.0020460002, 0), (0.020901, 0.00052350014, 0), (0.021858001, -0.000054000004, 0), (0.022815002, 0.0005235001, 0), (0.02259, 0.0020460002, 0), (0.022395, 0.0009150002, 0), (0.021858001, 0.00050400005, 0), (0.021321, 0.0009150001, 0), (0.021126, 0.0020460002, 0), (0.021321, 0.0031770002, 0), (0.021858001, 0.0035880003, 0), (0.022395, 0.0031770002, 0), (0.020166, 0.0011040001, 0), (0.02002275, 0.0016770002, 0), (0.019596001, 0.002088, 0), (0.019981502, 0.00249375, 0), (0.020106, 0.0029580002, 0), (0.01976175, 0.0038062502, 0), (0.018900001, 0.0041460004, 0), (0.018005252, 0.0038100004, 0), (0.017646002, 0.0029700003, 0), (0.017774252, 0.0024817502, 0), (0.018132001, 0.002088, 0), (0.01769475, 0.0016755001, 0), (0.01755, 0.0011100001, 0), (0.017931001, 0.00028275006, 0), (0.018870002, -0.000054000004, 0), (0.0197925, 0.00027975003, 0), (0.019518001, 0.0029700003, 0), (0.01932975, 0.00254025, 0), (0.018876001, 0.002358, 0), (0.0184245, 0.002544, 0), (0.018234, 0.0029820001, 0), (0.01841475, 0.0034222503, 0), (0.018888002, 0.0035880003, 0), (0.01934025, 0.0034117503, 0), (0.019578, 0.001152, 0), (0.01939575, 0.00069975003, 0), (0.018858, 0.00050400005, 0), (0.018340502, 0.00068625004, 0), (0.018138, 0.001152, 0), (0.018337501, 0.00162, 0), (0.018870002, 0.0018000001, 0), (0.01937925, 0.0016155001, 0), (0.012383999, -0.000054000004, 0), (0.012804001, -0.000054000004, 0), (0.013979999, 0.0041460004, 0), (0.01356, 0.0041460004, 0), (0.008388001, 0.0041460004, 0), (0.008136, 0.0041460004, 0), (0.006066, 0.0016140002, 0), (0.006066, 0.0013440001, 0), (0.0078, 0.0013440001, 0), (0.0078, 0, 0), (0.008388001, 0, 0), (0.008388001, 0.0013440001, 0), (0.008826, 0.0013440001, 0), (0.008826, 0.001872, 0), (0.008388001, 0.001872, 0), (0.007788, 0.0030360003, 0), (0.0078, 0.0030360003, 0), (0.0078, 0.001872, 0), (0.006852, 0.001872, 0), (0.00582, 0.0020460002, 0), (0.005457, 0.0035685003, 0), (0.0045, 0.0041460004, 0), (0.003543, 0.0035685003, 0), (0.0031799998, 0.0020460002, 0), (0.003543, 0.00052350014, 0), (0.0045, -0.000054000004, 0), (0.005457, 0.0005235001, 0), (0.005232, 0.0020460002, 0), (0.005037, 0.0009150002, 0), (0.0045, 0.00050400005, 0), (0.003963, 0.0009150001, 0), (0.003768, 0.0020460002, 0), (0.003963, 0.0031770002, 0), (0.0045, 0.0035880003, 0), (0.005037, 0.0031770002, 0), (0.0028200003, 0.0020460002, 0), (0.0024570003, 0.0035685003, 0), (0.0015, 0.0041460004, 0), (0.00054300006, 0.0035685003, 0), (0.00018, 0.0020460002, 0), (0.00054300006, 0.00052350014, 0), (0.0015, -0.000054000004, 0), (0.0024570003, 0.0005235001, 0), (0.002232, 0.0020460002, 0), (0.002037, 0.0009150002, 0), (0.0015, 0.00050400005, 0), (0.000963, 0.0009150001, 0), (0.000768, 0.0020460002, 0), (0.000963, 0.0031770002, 0), (0.0015, 0.0035880003, 0), (0.002037, 0.0031770002, 0)]
                    texCoord2f[] primvars:st = [(0.11764706, 0), (0.9411765, 0), (0.05882353, 0), (0.9411765, 0), (0, 0), (0.05882353, 0), (0.9411765, 0), (1, 0), (0, 0), (0.11764706, 0), (0.88235295, 0), (0.9411765, 0), (0.11764706, 0), (0.8235294, 0), (0.88235295, 0), (0.11764706, 0), (0.1764706, 0), (0.8235294, 0), (0.1764706, 0), (0.7647059, 0), (0.8235294, 0), (0.23529412, 0), (0.7647059, 0), (0.1764706, 0), (0.23529412, 0), (0.7058824, 0), (0.7647059, 0), (0.29411766, 0), (0.7058824, 0), (0.23529412, 0), (0.5294118, 0), (0.4117647, 0), (0.47058824, 0), (0.3529412, 0), (0.7058824, 0), (0.29411766, 0), (0.5294118, 0), (0.3529412, 0), (0.4117647, 0), (0.5294118, 0), (0.7058824, 0), (0.3529412, 0), (0.5294118, 0), (0.64705884, 0), (0.7058824, 0), (0.5882353, 0), (0.64705884, 0), (0.5294118, 0), (0.2, 0), (0.93333334, 0), (0.13333334, 0), (0.93333334, 0), (0.06666667, 0), (0.13333334, 0), (0.2, 0), (0.8666667, 0), (0.93333334, 0), (1, 0), (0.06666667, 0), (0.93333334, 0), (0.26666668, 0), (0.8666667, 0), (0.2, 0), (1, 0), (0, 0), (0.06666667, 0), (0.26666668, 0), (0.8, 0), (0.8666667, 0), (0.53333336, 0), (0, 0), (1, 0), (0.33333334, 0), (0.8, 0), (0.26666668, 0), (0.33333334, 0), (0.73333335, 0), (0.8, 0), (0.6, 0), (0, 0), (0.53333336, 0), (0.6, 0), (0.46666667, 0), (0, 0), (0.6666667, 0), (0.46666667, 0), (0.6, 0), (0.33333334, 0), (0.6666667, 0), (0.73333335, 0), (0.4, 0), (0.6666667, 0), (0.33333334, 0), (0.6666667, 0), (0.4, 0), (0.46666667, 0), (0.22580644, 0), (0.16129032, 0), (0.19354838, 0), (0.2580645, 0), (0.67741936, 0), (0.22580644, 0), (0.67741936, 0), (0.7096774, 0), (0.22580644, 0), (0.7096774, 0), (0.16129032, 0), (0.22580644, 0), (0.7096774, 0), (0.7419355, 0), (0.16129032, 0), (0.7419355, 0), (0.12903225, 0), (0.16129032, 0), (0.2580645, 0), (0.6451613, 0), (0.67741936, 0), (0.516129, 0), (0.12903225, 0), (0.7419355, 0), (0.2580645, 0), (0.61290324, 0), (0.6451613, 0), (0.29032257, 0), (0.61290324, 0), (0.2580645, 0), (0.5483871, 0), (0.12903225, 0), (0.516129, 0), (0.5483871, 0), (0.09677419, 0), (0.12903225, 0), (0.29032257, 0), (0.58064514, 0), (0.61290324, 0), (0.58064514, 0), (0.09677419, 0), (0.5483871, 0), (0.58064514, 0), (0.06451613, 0), (0.09677419, 0), (0.32258064, 0), (0.58064514, 0), (0.29032257, 0), (0.32258064, 0), (0.06451613, 0), (0.58064514, 0), (0.3548387, 0), (0.06451613, 0), (0.32258064, 0), (0.3548387, 0), (0.9677419, 0), (0.06451613, 0), (0.9677419, 0), (0.032258064, 0), (0.06451613, 0), (0.3548387, 0), (0.9354839, 0), (0.9677419, 0), (1, 0), (0.032258064, 0), (0.9677419, 0), (1, 0), (0, 0), (0.032258064, 0), (0.38709676, 0), (0.9354839, 0), (0.3548387, 0), (0.38709676, 0), (0.9032258, 0), (0.9354839, 0), (0.7741935, 0), (0, 0), (1, 0), (0.38709676, 0), (0.87096775, 0), (0.9032258, 0), (0.8064516, 0), (0, 0), (0.7741935, 0), (0.41935483, 0), (0.87096775, 0), (0.38709676, 0), (0.8064516, 0), (0.48387095, 0), (0, 0), (0.83870965, 0), (0.48387095, 0), (0.8064516, 0), (0.41935483, 0), (0.83870965, 0), (0.87096775, 0), (0.41935483, 0), (0.48387095, 0), (0.83870965, 0), (0.4516129, 0), (0.48387095, 0), (0.41935483, 0), (0, 0), (0.6666667, 0), (1, 0), (0, 0), (0.33333334, 0), (0.6666667, 0), (0.14285715, 0), (0, 0), (0.071428575, 0), (0.14285715, 0), (0.78571427, 0), (0, 0), (0.78571427, 0), (0.85714287, 0), (0, 0), (0.85714287, 0), (0.71428573, 0), (0, 0), (0.14285715, 0), (1, 0), (0.78571427, 0), (0.9285714, 0), (0.71428573, 0), (0.85714287, 0), (0.14285715, 0), (0.9285714, 0), (1, 0), (0.14285715, 0), (0.71428573, 0), (0.9285714, 0), (0.14285715, 0), (0.64285713, 0), (0.71428573, 0), (0.14285715, 0), (0.5714286, 0), (0.64285713, 0), (0.21428572, 0), (0.5714286, 0), (0.14285715, 0), (0.2857143, 0), (0.5714286, 0), (0.21428572, 0), (0.35714287, 0), (0.5, 0), (0.2857143, 0), (0.5, 0), (0.5714286, 0), (0.2857143, 0), (0.35714287, 0), (0.42857143, 0), (0.5, 0), (0.2, 0), (0.93333334, 0), (0.13333334, 0), (0.93333334, 0), (0.06666667, 0), (0.13333334, 0), (0.2, 0), (0.8666667, 0), (0.93333334, 0), (1, 0), (0.06666667, 0), (0.93333334, 0), (0.26666668, 0), (0.8666667, 0), (0.2, 0), (1, 0), (0, 0), (0.06666667, 0), (0.26666668, 0), (0.8, 0), (0.8666667, 0), (0.53333336, 0), (0, 0), (1, 0), (0.33333334, 0), (0.8, 0), (0.26666668, 0), (0.33333334, 0), (0.73333335, 0), (0.8, 0), (0.6, 0), (0, 0), (0.53333336, 0), (0.6, 0), (0.46666667, 0), (0, 0), (0.6666667, 0), (0.46666667, 0), (0.6, 0), (0.33333334, 0), (0.6666667, 0), (0.73333335, 0), (0.4, 0), (0.6666667, 0), (0.33333334, 0), (0.6666667, 0), (0.4, 0), (0.46666667, 0), (0.2, 0), (0.93333334, 0), (0.13333334, 0), (0.93333334, 0), (0.06666667, 0), (0.13333334, 0), (0.2, 0), (0.8666667, 0), (0.93333334, 0), (1, 0), (0.06666667, 0), (0.93333334, 0), (0.26666668, 0), (0.8666667, 0), (0.2, 0), (1, 0), (0, 0), (0.06666667, 0), (0.26666668, 0), (0.8, 0), (0.8666667, 0), (0.53333336, 0), (0, 0), (1, 0), (0.33333334, 0), (0.8, 0), (0.26666668, 0), (0.33333334, 0), (0.73333335, 0), (0.8, 0), (0.6, 0), (0, 0), (0.53333336, 0), (0.6, 0), (0.46666667, 0), (0, 0), (0.6666667, 0), (0.46666667, 0), (0.6, 0), (0.33333334, 0), (0.6666667, 0), (0.73333335, 0), (0.4, 0), (0.6666667, 0), (0.33333334, 0), (0.6666667, 0), (0.4, 0), (0.46666667, 0)] (
                        interpolation = "faceVarying"
                    )
                    uniform token subdivisionScheme = "none"
                    custom string userProperties:blender:data_name = "Printing.020"
                }
            }
        }

        def Xform "Wrinkled_mailer_001"
        {
            custom string userProperties:blender:object_name = "Wrinkled mailer.001"

            def Mesh "Wrinkled_mailer_001" (
                active = true
                prepend apiSchemas = ["MaterialBindingAPI"]
            )
            {
                uniform bool doubleSided = 1
                float3[] extent = [(-0.125, -0.095, -0.024361035), (0.125, 0.095, 0.024361035)]
                int[] faceVertexCounts = [4, 4, 4, 4, 4, 4, 4, 4, 4, 4, 4, 4, 4, 4, 4, 4, 4, 4, 4, 4, 4, 4, 4, 4, 4, 4, 4, 4, 4, 4, 4, 4, 4, 4, 4, 4, 4, 4, 4, 4, 4, 4, 4, 4, 4, 4, 4, 4, 4, 4, 4, 4, 4, 4, 4, 4, 4, 4, 4, 4, 4, 4, 4, 4, 4, 4, 4, 4, 4, 4, 4, 4, 4, 4, 4, 4, 4, 4, 4, 4, 4, 4, 4, 4, 4, 4, 4, 4, 4, 4, 4, 4, 4, 4, 4, 4, 4, 4, 4, 4, 4, 4, 4, 4, 4, 4, 4, 4, 4, 4, 4, 4, 4, 4, 4, 4, 4, 4, 4, 4, 4, 4, 4, 4, 4, 4, 4, 4, 4, 4, 4, 4, 4, 4, 4, 4, 4, 4, 4, 4, 4, 4, 4, 4, 4, 4, 4, 4, 4, 4, 4, 4, 4, 4, 4, 4, 4, 4, 4, 4, 4, 4, 4, 4, 4, 4, 4, 4, 4, 4, 4, 4, 4, 4, 4, 4, 4, 4, 4, 4, 4, 4, 4, 4, 4, 4, 4, 4, 4, 4, 4, 4, 4, 4, 4, 4, 4, 4, 4, 4, 4, 4, 4, 4, 4, 4, 4, 4, 4, 4, 4, 4, 4, 4, 4, 4, 4, 4, 4, 4, 4, 4, 4, 4, 4, 4, 4, 4, 4, 4, 4, 4, 4, 4, 4, 4, 4, 4, 4, 4, 4, 4, 4, 4, 4, 4, 4, 4, 4, 4, 4, 4, 4, 4, 4, 4, 4, 4, 4, 4, 4, 4, 4, 4, 4, 4, 4, 4, 4, 4, 4, 4, 4, 4, 4, 4, 4, 4, 4, 4, 4, 4, 4, 4, 4, 4, 4, 4, 4, 4, 4, 4, 4, 4, 4, 4, 4, 4, 4, 4, 4, 4, 4, 4, 4, 4, 4, 4, 4, 4, 4, 4, 4, 4, 4, 4, 4, 4, 4, 4, 4, 4, 4, 4, 4, 4, 4, 4, 4, 4, 4, 4, 4, 4, 4, 4, 4, 4, 4, 4, 4, 4, 4, 4, 4, 4, 4, 4, 4, 4, 4, 4, 4, 4, 4, 4, 4, 4, 4, 4, 4, 4, 4, 4, 4, 4, 4, 4, 4, 4, 4, 4, 4, 4, 4, 4, 4, 4, 4, 4, 4, 4, 4, 4, 4, 4, 4, 4, 4, 4, 4, 4, 4, 4, 4, 4, 4, 4, 4, 4, 4, 4, 4, 4, 4, 4, 4, 4, 4, 4, 4, 4, 4, 4, 4, 4, 4, 4, 4, 4, 4, 4, 4, 4, 4, 4, 4, 4, 4, 4, 4, 4, 4, 4, 4, 4, 4, 4, 4, 4, 4, 4, 4, 4, 4, 4, 4, 4, 4, 4, 4, 4, 4, 4, 4, 4, 4, 4, 4, 4, 4, 4, 4, 4, 4, 4, 4, 4, 4, 4, 4, 4, 4, 4, 4, 4, 4, 4, 4, 4, 4, 4, 4, 4, 4, 4, 4, 4, 4, 4, 4, 4, 4, 4, 4, 4, 4, 4, 4, 4, 4, 4, 4, 4, 4, 4, 4, 4, 4, 4, 4, 4, 4, 4, 4, 4, 4, 4, 4, 4, 4, 4, 4, 4, 4, 4, 4, 4, 4, 4, 4, 4, 4, 4, 4, 4, 4, 4, 4, 4, 4, 4, 4, 4, 4, 4, 4, 4, 4, 4, 4, 4, 4, 4, 4, 4, 4, 4, 4, 4, 4, 4, 4, 4, 4, 4, 4, 4, 4, 4, 4, 4, 4, 4, 4, 4, 4, 4, 4, 4, 4, 4, 4, 4, 4, 4, 4, 4, 4, 4, 4, 4, 4, 4, 4, 4, 4, 4, 4, 4, 4, 4, 4, 4, 4, 4, 4, 4, 4, 4, 4, 4, 4, 4, 4, 4, 4, 4, 4, 4, 4, 4, 4, 4, 4, 4, 4, 4, 4, 4, 4, 4, 4, 4, 4, 4, 4, 4, 4, 4, 4, 4, 4, 4, 4, 4, 4, 4, 4, 4, 4, 4, 4, 4, 4, 4, 4, 4, 4, 4, 4, 4, 4, 4, 4, 4, 4, 4, 4, 4, 4, 4, 4, 4, 4, 4, 4, 4, 4, 4, 4, 4, 4, 4, 4, 4, 4, 4, 4, 4, 4, 4, 4, 4, 4, 4, 4, 4, 4, 4, 4, 4, 4, 4, 4, 4, 4, 4, 4, 4, 4, 4, 4, 4, 4, 4, 4, 4, 4, 4, 4, 4, 4, 4, 4, 4, 4, 4, 4, 4, 4, 4, 4, 4, 4, 4, 4, 4, 4, 4, 4, 4, 4, 4, 4, 4, 4, 4, 4, 4, 4, 4, 4, 4, 4, 4, 4, 4, 4, 4, 4, 4, 4, 4, 4, 4, 4, 4, 4, 4, 4, 4, 4, 4, 4, 4, 4, 4, 4, 4, 4, 4, 4, 4, 4, 4, 4, 4, 4, 4, 4, 4, 4, 4, 4, 4, 4, 4, 4, 4, 4, 4, 4, 4, 4, 4, 4, 4, 4, 4, 4, 4, 4, 4, 4, 4, 4, 4, 4, 4, 4, 4, 4, 4, 4, 4, 4, 4, 4, 4, 4, 4, 4, 4, 4, 4, 4, 4, 4, 4, 4, 4, 4, 4, 4, 4, 4, 4, 4, 4, 4, 4, 4, 4, 4, 4, 4, 4, 4, 4, 4, 4, 4, 4, 4, 4, 4, 4, 4, 4, 4, 4, 4, 4, 4, 4, 4, 4, 4, 4, 4, 4, 4, 4, 4, 4, 4, 4, 4, 4, 4, 4, 4, 4, 4, 4, 4, 4, 4, 4, 4, 4, 4, 4, 4, 4, 4, 4, 4, 4, 4, 4, 4, 4, 4, 4, 4, 4, 4, 4, 4, 4, 4, 4, 4, 4, 4, 4, 4, 4, 4, 4, 4, 4, 4, 4, 4, 4, 4, 4, 4, 4, 4, 4, 4, 4, 4, 4, 4, 4, 4, 4, 4, 4, 4, 4, 4, 4, 4, 4, 4, 4, 4, 4, 4, 4, 4, 4, 4, 4, 4, 4, 4, 4, 4, 4, 4, 4, 4, 4, 4, 4, 4, 4, 4, 4, 4, 4, 4, 4, 4, 4, 4, 4, 4, 4, 4, 4, 4, 4, 4, 4, 4, 4, 4, 4, 4, 4, 4, 4, 4, 4, 4, 4, 4, 4, 4, 4, 4, 4, 4, 4, 4, 4, 4, 4, 4, 4, 4, 4, 4, 4, 4, 4, 4, 4, 4, 4, 4, 4, 4, 4, 4, 4, 4, 4, 4, 4, 4, 4, 4, 4, 4, 4, 4, 4, 4, 4, 4, 4, 4, 4, 4, 4, 4, 4, 4, 4, 4, 4, 4, 4, 4, 4, 4, 4, 4, 4, 4, 4, 4, 4, 4, 4, 4, 4, 4, 4, 4, 4, 4, 4, 4, 4, 4, 4, 4, 4, 4, 4, 4, 4, 4, 4, 4, 4, 4, 4, 4, 4, 4, 4, 4, 4, 4, 4, 4, 4, 4, 4, 4, 4, 4, 4, 4, 4, 4, 4, 4, 4, 4, 4, 4, 4, 4, 4, 4, 4, 4, 4, 4, 4, 4, 4, 4, 4, 4, 4, 4, 4, 4, 4, 4, 4, 4, 4, 4, 4, 4, 4, 4, 4, 4, 4, 4, 4, 4, 4, 4, 4, 4, 4, 4, 4, 4, 4, 4, 4, 4, 4, 4, 4, 4, 4, 4, 4, 4, 4, 4, 4, 4, 4, 4, 4, 4, 4, 4, 4, 4, 4, 4, 4, 4, 4, 4, 4, 4, 4, 4, 4, 4, 4, 4, 4, 4, 4, 4, 4, 4, 4, 4, 4, 4, 4, 4, 4, 4, 4, 4, 4, 4, 4, 4, 4, 4, 4, 4, 4, 4, 4, 4, 4, 4, 4, 4, 4, 4, 4, 4, 4, 4, 4, 4, 4, 4, 4, 4, 4, 4, 4, 4, 4, 4, 4, 4, 4, 4, 4, 4, 4, 4, 4, 4, 4, 4, 4, 4, 4, 4, 4, 4, 4, 4, 4, 4, 4, 4, 4, 4, 4, 4, 4, 4, 4, 4, 4, 4, 4, 4, 4, 4, 4, 4, 4, 4, 4, 4, 4, 4, 4, 4, 4, 4, 4, 4, 4, 4, 4, 4, 4, 4, 4, 4, 4, 4, 4, 4, 4, 4, 4, 4, 4, 4, 4, 4, 4, 4, 4, 4, 4, 4, 4, 4, 4, 4, 4, 4, 4, 4, 4, 4, 4, 4, 4, 4, 4, 4, 4, 4, 4, 4, 4, 4, 4, 4, 4, 4, 4, 4, 4, 4, 4, 4, 4, 4, 4, 4, 4, 4, 4, 4, 4, 4, 4, 4, 4, 4, 4, 4, 4, 4, 4, 4, 4, 4, 4, 4, 4, 4, 4, 4, 4, 4, 4, 4, 4, 4, 4, 4, 4, 4, 4, 4, 4, 4, 4, 4, 4, 4, 4, 4, 4, 4, 4, 4, 4, 4, 4, 4, 4, 4, 4, 4, 4, 4, 4, 4, 4, 4, 4, 4, 4, 4, 4, 4, 4, 4, 4, 4, 4, 4, 4, 4, 4, 4, 4, 4, 4, 4, 4, 4, 4, 4, 4, 4, 4, 4, 4, 4, 4, 4, 4, 4, 4, 4, 4, 4, 4, 4, 4, 4, 4, 4, 4, 4, 4, 4, 4, 4, 4, 4, 4, 4, 4, 4, 4, 4, 4, 4, 4, 4, 4, 4, 4, 4, 4, 4, 4, 4, 4, 4, 4, 4, 4, 4, 4, 4, 4, 4, 4, 4, 4, 4, 4, 4, 4, 4, 4, 4, 4, 4, 4, 4, 4, 4, 4, 4, 4, 4, 4, 4, 4, 4, 4, 4, 4, 4, 4, 4, 4, 4, 4, 4, 4, 4, 4, 4, 4, 4, 4, 4, 4, 4, 4, 4, 4, 4, 4, 4, 4, 4, 4, 4, 4, 4, 4, 4, 4, 4, 4, 4, 4, 4, 4, 4, 4, 4, 4, 4, 4, 4, 4, 4, 4, 4, 4, 4, 4, 4, 4, 4, 4, 4, 4, 4, 4, 4, 4, 4, 4, 4, 4, 4, 4, 4, 4, 4, 4, 4, 4, 4, 4, 4, 4, 4, 4, 4, 4, 4, 4, 4, 4, 4, 4, 4, 4, 4, 4, 4, 4, 4, 4, 4, 4, 4, 4, 4, 4, 4, 4, 4, 4, 4, 4, 4, 4, 4, 4, 4, 4, 4, 4, 4, 4, 4, 4, 4, 4, 4, 4, 4, 4, 4, 4, 4, 4, 4, 4, 4, 4, 4, 4, 4, 4, 4, 4, 4, 4, 4, 4, 4, 4, 4, 4, 4, 4, 4, 4, 4, 4, 4, 4, 4, 4, 4, 4, 4, 4, 4, 4, 4, 4, 4, 4, 4, 4, 4, 4, 4, 4, 4, 4, 4, 4, 4, 4, 4, 4, 4, 4, 4, 4, 4, 4, 4, 4, 4, 4, 4, 4, 4, 4, 4, 4, 4, 4, 4, 4, 4, 4, 4, 4, 4, 4, 4, 4, 4, 4, 4, 4, 4, 4, 4, 4, 4, 4, 4, 4, 4, 4, 4, 4, 4, 4, 4, 4, 4, 4, 4, 4, 4, 4, 4, 4, 4, 4, 4, 4, 4, 4, 4, 4, 4, 4, 4, 4, 4, 4, 4, 4, 4, 4, 4, 4, 4, 4, 4, 4, 4, 4, 4, 4, 4, 4, 4, 4, 4, 4, 4, 4, 4, 4, 4, 4, 4, 4, 4, 4, 4, 4, 4, 4, 4, 4, 4, 4, 4, 4, 4, 4, 4, 4, 4, 4, 4, 4, 4, 4, 4, 4, 4, 4, 4, 4, 4, 4, 4, 4, 4, 4, 4, 4, 4, 4, 4, 4, 4, 4, 4, 4, 4, 4, 4, 4, 4, 4, 4, 4, 4, 4, 4, 4, 4, 4, 4, 4, 4, 4, 4, 4, 4, 4, 4, 4, 4, 4, 4, 4, 4, 4, 4, 4, 4, 4, 4, 4, 4, 4, 4, 4, 4, 4, 4, 4, 4, 4, 4, 4, 4, 4, 4, 4, 4, 4, 4, 4, 4, 4, 4, 4, 4, 4, 4, 4, 4, 4, 4, 4, 4, 4, 4, 4, 4, 4, 4, 4, 4, 4, 4, 4, 4, 4, 4, 4, 4, 4, 4, 4, 4, 4, 4, 4, 4, 4, 4, 4, 4, 4, 4, 4, 4, 4, 4, 4, 4, 4, 4, 4, 4, 4, 4, 4, 4, 4, 4, 4, 4, 4, 4, 4, 4, 4, 4, 4, 4, 4, 4, 4, 4, 4, 4, 4, 4, 4, 4, 4, 4, 4, 4, 4, 4, 4, 4, 4, 4, 4, 4, 4, 4, 4, 4, 4, 4, 4, 4, 4, 4, 4, 4, 4, 4, 4, 4, 4, 4, 4, 4, 4, 4, 4, 4, 4, 4, 4, 4, 4, 4, 4, 4, 4, 4, 4, 4, 4, 4, 4, 4, 4, 4, 4, 4, 4, 4, 4, 4, 4, 4, 4, 4, 4, 4, 4, 4, 4, 4, 4, 4, 4, 4, 4, 4, 4, 4, 4, 4, 4, 4, 4, 4, 4, 4, 4, 4, 4, 4, 4, 4, 4, 4, 4, 4, 4, 4, 4, 4, 4, 4, 4, 4, 4, 4, 4, 4, 4, 4, 4, 4, 4, 4, 4, 4, 4, 4, 4, 4, 4, 4, 4, 4, 4, 4, 4, 4, 4, 4, 4, 4, 4, 4, 4, 4, 4, 4, 4, 4, 4, 4, 4, 4, 4, 4, 4, 4, 4, 4, 4, 4, 4, 4, 4, 4, 4, 4, 4, 4, 4, 4, 4, 4, 4, 4, 4, 4, 4, 4, 4, 4, 4, 4, 4, 4, 4, 4, 4, 4, 4, 4, 4, 4, 4, 4, 4, 4, 4, 4, 4, 4, 4, 4, 4, 4, 4, 4, 4, 4, 4, 4, 4, 4, 4, 4, 4, 4, 4, 4, 4, 4, 4, 4, 4, 4, 4, 4, 4, 4, 4, 4, 4, 4, 4, 4, 4, 4, 4, 4, 4, 4, 4, 4, 4, 4, 4, 4, 4, 4, 4, 4, 4, 4, 4, 4, 4, 4, 4, 4, 4, 4, 4, 4, 4, 4, 4, 4, 4, 4, 4, 4, 4, 4, 4, 4, 4, 4, 4, 4, 4, 4, 4, 4, 4, 4, 4, 4, 4, 4, 4, 4, 4, 4, 4, 4, 4, 4, 4, 4, 4, 4, 4, 4, 4, 4, 4, 4, 4, 4, 4, 4, 4, 4, 4, 4, 4, 4, 4, 4, 4, 4, 4, 4, 4, 4, 4, 4, 4, 4, 4, 4, 4, 4, 4, 4, 4, 4, 4, 4, 4, 4, 4, 4, 4, 4, 4, 4, 4, 4, 4, 4, 4, 4, 4, 4, 4, 4, 4, 4, 4, 4, 4, 4, 4, 4, 4, 4, 4, 4, 4, 4, 4, 4, 4, 4, 4, 4, 4, 4, 4, 4, 4, 4, 4, 4, 4, 4, 4, 4, 4, 4, 4, 4, 4, 4, 4, 4, 4, 4, 4, 4, 4, 4, 4, 4, 4, 4, 4, 4, 4, 4, 4, 4, 4, 4, 4, 4, 4, 4, 4, 4, 4, 4, 4, 4, 4, 4, 4, 4, 4, 4, 4, 4, 4, 4, 4, 4, 4, 4, 4, 4, 4, 4, 4, 4, 4, 4, 4, 4, 4, 4, 4, 4, 4, 4, 4, 4, 4, 4, 4, 4, 4, 4, 4, 4, 4, 4, 4, 4, 4, 4, 4, 4, 4, 4, 4, 4, 4, 4, 4, 4, 4, 4, 4, 4, 4, 4, 4, 4, 4, 4, 4, 4, 4, 4, 4, 4, 4, 4, 4, 4, 4, 4, 4, 4, 4, 4, 4, 4, 4, 4, 4, 4, 4, 4, 4, 4, 4, 4, 4, 4, 4, 4, 4, 4, 4, 4, 4, 4, 4, 4, 4, 4, 4, 4, 4, 4, 4, 4, 4, 4, 4, 4, 4]
                int[] faceVertexIndices = [0, 1, 42, 41, 1, 2, 43, 42, 2, 3, 44, 43, 3, 4, 45, 44, 4, 5, 46, 45, 5, 6, 47, 46, 6, 7, 48, 47, 7, 8, 49, 48, 8, 9, 50, 49, 9, 10, 51, 50, 10, 11, 52, 51, 11, 12, 53, 52, 12, 13, 54, 53, 13, 14, 55, 54, 14, 15, 56, 55, 15, 16, 57, 56, 16, 17, 58, 57, 17, 18, 59, 58, 18, 19, 60, 59, 19, 20, 61, 60, 20, 21, 62, 61, 21, 22, 63, 62, 22, 23, 64, 63, 23, 24, 65, 64, 24, 25, 66, 65, 25, 26, 67, 66, 26, 27, 68, 67, 27, 28, 69, 68, 28, 29, 70, 69, 29, 30, 71, 70, 30, 31, 72, 71, 31, 32, 73, 72, 32, 33, 74, 73, 33, 34, 75, 74, 34, 35, 76, 75, 35, 36, 77, 76, 36, 37, 78, 77, 37, 38, 79, 78, 38, 39, 80, 79, 39, 40, 81, 80, 41, 42, 83, 82, 42, 43, 84, 83, 43, 44, 85, 84, 44, 45, 86, 85, 45, 46, 87, 86, 46, 47, 88, 87, 47, 48, 89, 88, 48, 49, 90, 89, 49, 50, 91, 90, 50, 51, 92, 91, 51, 52, 93, 92, 52, 53, 94, 93, 53, 54, 95, 94, 54, 55, 96, 95, 55, 56, 97, 96, 56, 57, 98, 97, 57, 58, 99, 98, 58, 59, 100, 99, 59, 60, 101, 100, 60, 61, 102, 101, 61, 62, 103, 102, 62, 63, 104, 103, 63, 64, 105, 104, 64, 65, 106, 105, 65, 66, 107, 106, 66, 67, 108, 107, 67, 68, 109, 108, 68, 69, 110, 109, 69, 70, 111, 110, 70, 71, 112, 111, 71, 72, 113, 112, 72, 73, 114, 113, 73, 74, 115, 114, 74, 75, 116, 115, 75, 76, 117, 116, 76, 77, 118, 117, 77, 78, 119, 118, 78, 79, 120, 119, 79, 80, 121, 120, 80, 81, 122, 121, 82, 83, 124, 123, 83, 84, 125, 124, 84, 85, 126, 125, 85, 86, 127, 126, 86, 87, 128, 127, 87, 88, 129, 128, 88, 89, 130, 129, 89, 90, 131, 130, 90, 91, 132, 131, 91, 92, 133, 132, 92, 93, 134, 133, 93, 94, 135, 134, 94, 95, 136, 135, 95, 96, 137, 136, 96, 97, 138, 137, 97, 98, 139, 138, 98, 99, 140, 139, 99, 100, 141, 140, 100, 101, 142, 141, 101, 102, 143, 142, 102, 103, 144, 143, 103, 104, 145, 144, 104, 105, 146, 145, 105, 106, 147, 146, 106, 107, 148, 147, 107, 108, 149, 148, 108, 109, 150, 149, 109, 110, 151, 150, 110, 111, 152, 151, 111, 112, 153, 152, 112, 113, 154, 153, 113, 114, 155, 154, 114, 115, 156, 155, 115, 116, 157, 156, 116, 117, 158, 157, 117, 118, 159, 158, 118, 119, 160, 159, 119, 120, 161, 160, 120, 121, 162, 161, 121, 122, 163, 162, 123, 124, 165, 164, 124, 125, 166, 165, 125, 126, 167, 166, 126, 127, 168, 167, 127, 128, 169, 168, 128, 129, 170, 169, 129, 130, 171, 170, 130, 131, 172, 171, 131, 132, 173, 172, 132, 133, 174, 173, 133, 134, 175, 174, 134, 135, 176, 175, 135, 136, 177, 176, 136, 137, 178, 177, 137, 138, 179, 178, 138, 139, 180, 179, 139, 140, 181, 180, 140, 141, 182, 181, 141, 142, 183, 182, 142, 143, 184, 183, 143, 144, 185, 184, 144, 145, 186, 185, 145, 146, 187, 186, 146, 147, 188, 187, 147, 148, 189, 188, 148, 149, 190, 189, 149, 150, 191, 190, 150, 151, 192, 191, 151, 152, 193, 192, 152, 153, 194, 193, 153, 154, 195, 194, 154, 155, 196, 195, 155, 156, 197, 196, 156, 157, 198, 197, 157, 158, 199, 198, 158, 159, 200, 199, 159, 160, 201, 200, 160, 161, 202, 201, 161, 162, 203, 202, 162, 163, 204, 203, 164, 165, 206, 205, 165, 166, 207, 206, 166, 167, 208, 207, 167, 168, 209, 208, 168, 169, 210, 209, 169, 170, 211, 210, 170, 171, 212, 211, 171, 172, 213, 212, 172, 173, 214, 213, 173, 174, 215, 214, 174, 175, 216, 215, 175, 176, 217, 216, 176, 177, 218, 217, 177, 178, 219, 218, 178, 179, 220, 219, 179, 180, 221, 220, 180, 181, 222, 221, 181, 182, 223, 222, 182, 183, 224, 223, 183, 184, 225, 224, 184, 185, 226, 225, 185, 186, 227, 226, 186, 187, 228, 227, 187, 188, 229, 228, 188, 189, 230, 229, 189, 190, 231, 230, 190, 191, 232, 231, 191, 192, 233, 232, 192, 193, 234, 233, 193, 194, 235, 234, 194, 195, 236, 235, 195, 196, 237, 236, 196, 197, 238, 237, 197, 198, 239, 238, 198, 199, 240, 239, 199, 200, 241, 240, 200, 201, 242, 241, 201, 202, 243, 242, 202, 203, 244, 243, 203, 204, 245, 244, 205, 206, 247, 246, 206, 207, 248, 247, 207, 208, 249, 248, 208, 209, 250, 249, 209, 210, 251, 250, 210, 211, 252, 251, 211, 212, 253, 252, 212, 213, 254, 253, 213, 214, 255, 254, 214, 215, 256, 255, 215, 216, 257, 256, 216, 217, 258, 257, 217, 218, 259, 258, 218, 219, 260, 259, 219, 220, 261, 260, 220, 221, 262, 261, 221, 222, 263, 262, 222, 223, 264, 263, 223, 224, 265, 264, 224, 225, 266, 265, 225, 226, 267, 266, 226, 227, 268, 267, 227, 228, 269, 268, 228, 229, 270, 269, 229, 230, 271, 270, 230, 231, 272, 271, 231, 232, 273, 272, 232, 233, 274, 273, 233, 234, 275, 274, 234, 235, 276, 275, 235, 236, 277, 276, 236, 237, 278, 277, 237, 238, 279, 278, 238, 239, 280, 279, 239, 240, 281, 280, 240, 241, 282, 281, 241, 242, 283, 282, 242, 243, 284, 283, 243, 244, 285, 284, 244, 245, 286, 285, 246, 247, 288, 287, 247, 248, 289, 288, 248, 249, 290, 289, 249, 250, 291, 290, 250, 251, 292, 291, 251, 252, 293, 292, 252, 253, 294, 293, 253, 254, 295, 294, 254, 255, 296, 295, 255, 256, 297, 296, 256, 257, 298, 297, 257, 258, 299, 298, 258, 259, 300, 299, 259, 260, 301, 300, 260, 261, 302, 301, 261, 262, 303, 302, 262, 263, 304, 303, 263, 264, 305, 304, 264, 265, 306, 305, 265, 266, 307, 306, 266, 267, 308, 307, 267, 268, 309, 308, 268, 269, 310, 309, 269, 270, 311, 310, 270, 271, 312, 311, 271, 272, 313, 312, 272, 273, 314, 313, 273, 274, 315, 314, 274, 275, 316, 315, 275, 276, 317, 316, 276, 277, 318, 317, 277, 278, 319, 318, 278, 279, 320, 319, 279, 280, 321, 320, 280, 281, 322, 321, 281, 282, 323, 322, 282, 283, 324, 323, 283, 284, 325, 324, 284, 285, 326, 325, 285, 286, 327, 326, 287, 288, 329, 328, 288, 289, 330, 329, 289, 290, 331, 330, 290, 291, 332, 331, 291, 292, 333, 332, 292, 293, 334, 333, 293, 294, 335, 334, 294, 295, 336, 335, 295, 296, 337, 336, 296, 297, 338, 337, 297, 298, 339, 338, 298, 299, 340, 339, 299, 300, 341, 340, 300, 301, 342, 341, 301, 302, 343, 342, 302, 303, 344, 343, 303, 304, 345, 344, 304, 305, 346, 345, 305, 306, 347, 346, 306, 307, 348, 347, 307, 308, 349, 348, 308, 309, 350, 349, 309, 310, 351, 350, 310, 311, 352, 351, 311, 312, 353, 352, 312, 313, 354, 353, 313, 314, 355, 354, 314, 315, 356, 355, 315, 316, 357, 356, 316, 317, 358, 357, 317, 318, 359, 358, 318, 319, 360, 359, 319, 320, 361, 360, 320, 321, 362, 361, 321, 322, 363, 362, 322, 323, 364, 363, 323, 324, 365, 364, 324, 325, 366, 365, 325, 326, 367, 366, 326, 327, 368, 367, 328, 329, 370, 369, 329, 330, 371, 370, 330, 331, 372, 371, 331, 332, 373, 372, 332, 333, 374, 373, 333, 334, 375, 374, 334, 335, 376, 375, 335, 336, 377, 376, 336, 337, 378, 377, 337, 338, 379, 378, 338, 339, 380, 379, 339, 340, 381, 380, 340, 341, 382, 381, 341, 342, 383, 382, 342, 343, 384, 383, 343, 344, 385, 384, 344, 345, 386, 385, 345, 346, 387, 386, 346, 347, 388, 387, 347, 348, 389, 388, 348, 349, 390, 389, 349, 350, 391, 390, 350, 351, 392, 391, 351, 352, 393, 392, 352, 353, 394, 393, 353, 354, 395, 394, 354, 355, 396, 395, 355, 356, 397, 396, 356, 357, 398, 397, 357, 358, 399, 398, 358, 359, 400, 399, 359, 360, 401, 400, 360, 361, 402, 401, 361, 362, 403, 402, 362, 363, 404, 403, 363, 364, 405, 404, 364, 365, 406, 405, 365, 366, 407, 406, 366, 367, 408, 407, 367, 368, 409, 408, 369, 370, 411, 410, 370, 371, 412, 411, 371, 372, 413, 412, 372, 373, 414, 413, 373, 374, 415, 414, 374, 375, 416, 415, 375, 376, 417, 416, 376, 377, 418, 417, 377, 378, 419, 418, 378, 379, 420, 419, 379, 380, 421, 420, 380, 381, 422, 421, 381, 382, 423, 422, 382, 383, 424, 423, 383, 384, 425, 424, 384, 385, 426, 425, 385, 386, 427, 426, 386, 387, 428, 427, 387, 388, 429, 428, 388, 389, 430, 429, 389, 390, 431, 430, 390, 391, 432, 431, 391, 392, 433, 432, 392, 393, 434, 433, 393, 394, 435, 434, 394, 395, 436, 435, 395, 396, 437, 436, 396, 397, 438, 437, 397, 398, 439, 438, 398, 399, 440, 439, 399, 400, 441, 440, 400, 401, 442, 441, 401, 402, 443, 442, 402, 403, 444, 443, 403, 404, 445, 444, 404, 405, 446, 445, 405, 406, 447, 446, 406, 407, 448, 447, 407, 408, 449, 448, 408, 409, 450, 449, 410, 411, 452, 451, 411, 412, 453, 452, 412, 413, 454, 453, 413, 414, 455, 454, 414, 415, 456, 455, 415, 416, 457, 456, 416, 417, 458, 457, 417, 418, 459, 458, 418, 419, 460, 459, 419, 420, 461, 460, 420, 421, 462, 461, 421, 422, 463, 462, 422, 423, 464, 463, 423, 424, 465, 464, 424, 425, 466, 465, 425, 426, 467, 466, 426, 427, 468, 467, 427, 428, 469, 468, 428, 429, 470, 469, 429, 430, 471, 470, 430, 431, 472, 471, 431, 432, 473, 472, 432, 433, 474, 473, 433, 434, 475, 474, 434, 435, 476, 475, 435, 436, 477, 476, 436, 437, 478, 477, 437, 438, 479, 478, 438, 439, 480, 479, 439, 440, 481, 480, 440, 441, 482, 481, 441, 442, 483, 482, 442, 443, 484, 483, 443, 444, 485, 484, 444, 445, 486, 485, 445, 446, 487, 486, 446, 447, 488, 487, 447, 448, 489, 488, 448, 449, 490, 489, 449, 450, 491, 490, 451, 452, 493, 492, 452, 453, 494, 493, 453, 454, 495, 494, 454, 455, 496, 495, 455, 456, 497, 496, 456, 457, 498, 497, 457, 458, 499, 498, 458, 459, 500, 499, 459, 460, 501, 500, 460, 461, 502, 501, 461, 462, 503, 502, 462, 463, 504, 503, 463, 464, 505, 504, 464, 465, 506, 505, 465, 466, 507, 506, 466, 467, 508, 507, 467, 468, 509, 508, 468, 469, 510, 509, 469, 470, 511, 510, 470, 471, 512, 511, 471, 472, 513, 512, 472, 473, 514, 513, 473, 474, 515, 514, 474, 475, 516, 515, 475, 476, 517, 516, 476, 477, 518, 517, 477, 478, 519, 518, 478, 479, 520, 519, 479, 480, 521, 520, 480, 481, 522, 521, 481, 482, 523, 522, 482, 483, 524, 523, 483, 484, 525, 524, 484, 485, 526, 525, 485, 486, 527, 526, 486, 487, 528, 527, 487, 488, 529, 528, 488, 489, 530, 529, 489, 490, 531, 530, 490, 491, 532, 531, 492, 493, 534, 533, 493, 494, 535, 534, 494, 495, 536, 535, 495, 496, 537, 536, 496, 497, 538, 537, 497, 498, 539, 538, 498, 499, 540, 539, 499, 500, 541, 540, 500, 501, 542, 541, 501, 502, 543, 542, 502, 503, 544, 543, 503, 504, 545, 544, 504, 505, 546, 545, 505, 506, 547, 546, 506, 507, 548, 547, 507, 508, 549, 548, 508, 509, 550, 549, 509, 510, 551, 550, 510, 511, 552, 551, 511, 512, 553, 552, 512, 513, 554, 553, 513, 514, 555, 554, 514, 515, 556, 555, 515, 516, 557, 556, 516, 517, 558, 557, 517, 518, 559, 558, 518, 519, 560, 559, 519, 520, 561, 560, 520, 521, 562, 561, 521, 522, 563, 562, 522, 523, 564, 563, 523, 524, 565, 564, 524, 525, 566, 565, 525, 526, 567, 566, 526, 527, 568, 567, 527, 528, 569, 568, 528, 529, 570, 569, 529, 530, 571, 570, 530, 531, 572, 571, 531, 532, 573, 572, 533, 534, 575, 574, 534, 535, 576, 575, 535, 536, 577, 576, 536, 537, 578, 577, 537, 538, 579, 578, 538, 539, 580, 579, 539, 540, 581, 580, 540, 541, 582, 581, 541, 542, 583, 582, 542, 543, 584, 583, 543, 544, 585, 584, 544, 545, 586, 585, 545, 546, 587, 586, 546, 547, 588, 587, 547, 548, 589, 588, 548, 549, 590, 589, 549, 550, 591, 590, 550, 551, 592, 591, 551, 552, 593, 592, 552, 553, 594, 593, 553, 554, 595, 594, 554, 555, 596, 595, 555, 556, 597, 596, 556, 557, 598, 597, 557, 558, 599, 598, 558, 559, 600, 599, 559, 560, 601, 600, 560, 561, 602, 601, 561, 562, 603, 602, 562, 563, 604, 603, 563, 564, 605, 604, 564, 565, 606, 605, 565, 566, 607, 606, 566, 567, 608, 607, 567, 568, 609, 608, 568, 569, 610, 609, 569, 570, 611, 610, 570, 571, 612, 611, 571, 572, 613, 612, 572, 573, 614, 613, 574, 575, 616, 615, 575, 576, 617, 616, 576, 577, 618, 617, 577, 578, 619, 618, 578, 579, 620, 619, 579, 580, 621, 620, 580, 581, 622, 621, 581, 582, 623, 622, 582, 583, 624, 623, 583, 584, 625, 624, 584, 585, 626, 625, 585, 586, 627, 626, 586, 587, 628, 627, 587, 588, 629, 628, 588, 589, 630, 629, 589, 590, 631, 630, 590, 591, 632, 631, 591, 592, 633, 632, 592, 593, 634, 633, 593, 594, 635, 634, 594, 595, 636, 635, 595, 596, 637, 636, 596, 597, 638, 637, 597, 598, 639, 638, 598, 599, 640, 639, 599, 600, 641, 640, 600, 601, 642, 641, 601, 602, 643, 642, 602, 603, 644, 643, 603, 604, 645, 644, 604, 605, 646, 645, 605, 606, 647, 646, 606, 607, 648, 647, 607, 608, 649, 648, 608, 609, 650, 649, 609, 610, 651, 650, 610, 611, 652, 651, 611, 612, 653, 652, 612, 613, 654, 653, 613, 614, 655, 654, 615, 616, 657, 656, 616, 617, 658, 657, 617, 618, 659, 658, 618, 619, 660, 659, 619, 620, 661, 660, 620, 621, 662, 661, 621, 622, 663, 662, 622, 623, 664, 663, 623, 624, 665, 664, 624, 625, 666, 665, 625, 626, 667, 666, 626, 627, 668, 667, 627, 628, 669, 668, 628, 629, 670, 669, 629, 630, 671, 670, 630, 631, 672, 671, 631, 632, 673, 672, 632, 633, 674, 673, 633, 634, 675, 674, 634, 635, 676, 675, 635, 636, 677, 676, 636, 637, 678, 677, 637, 638, 679, 678, 638, 639, 680, 679, 639, 640, 681, 680, 640, 641, 682, 681, 641, 642, 683, 682, 642, 643, 684, 683, 643, 644, 685, 684, 644, 645, 686, 685, 645, 646, 687, 686, 646, 647, 688, 687, 647, 648, 689, 688, 648, 649, 690, 689, 649, 650, 691, 690, 650, 651, 692, 691, 651, 652, 693, 692, 652, 653, 694, 693, 653, 654, 695, 694, 654, 655, 696, 695, 656, 657, 698, 697, 657, 658, 699, 698, 658, 659, 700, 699, 659, 660, 701, 700, 660, 661, 702, 701, 661, 662, 703, 702, 662, 663, 704, 703, 663, 664, 705, 704, 664, 665, 706, 705, 665, 666, 707, 706, 666, 667, 708, 707, 667, 668, 709, 708, 668, 669, 710, 709, 669, 670, 711, 710, 670, 671, 712, 711, 671, 672, 713, 712, 672, 673, 714, 713, 673, 674, 715, 714, 674, 675, 716, 715, 675, 676, 717, 716, 676, 677, 718, 717, 677, 678, 719, 718, 678, 679, 720, 719, 679, 680, 721, 720, 680, 681, 722, 721, 681, 682, 723, 722, 682, 683, 724, 723, 683, 684, 725, 724, 684, 685, 726, 725, 685, 686, 727, 726, 686, 687, 728, 727, 687, 688, 729, 728, 688, 689, 730, 729, 689, 690, 731, 730, 690, 691, 732, 731, 691, 692, 733, 732, 692, 693, 734, 733, 693, 694, 735, 734, 694, 695, 736, 735, 695, 696, 737, 736, 697, 698, 739, 738, 698, 699, 740, 739, 699, 700, 741, 740, 700, 701, 742, 741, 701, 702, 743, 742, 702, 703, 744, 743, 703, 704, 745, 744, 704, 705, 746, 745, 705, 706, 747, 746, 706, 707, 748, 747, 707, 708, 749, 748, 708, 709, 750, 749, 709, 710, 751, 750, 710, 711, 752, 751, 711, 712, 753, 752, 712, 713, 754, 753, 713, 714, 755, 754, 714, 715, 756, 755, 715, 716, 757, 756, 716, 717, 758, 757, 717, 718, 759, 758, 718, 719, 760, 759, 719, 720, 761, 760, 720, 721, 762, 761, 721, 722, 763, 762, 722, 723, 764, 763, 723, 724, 765, 764, 724, 725, 766, 765, 725, 726, 767, 766, 726, 727, 768, 767, 727, 728, 769, 768, 728, 729, 770, 769, 729, 730, 771, 770, 730, 731, 772, 771, 731, 732, 773, 772, 732, 733, 774, 773, 733, 734, 775, 774, 734, 735, 776, 775, 735, 736, 777, 776, 736, 737, 778, 777, 738, 739, 780, 779, 739, 740, 781, 780, 740, 741, 782, 781, 741, 742, 783, 782, 742, 743, 784, 783, 743, 744, 785, 784, 744, 745, 786, 785, 745, 746, 787, 786, 746, 747, 788, 787, 747, 748, 789, 788, 748, 749, 790, 789, 749, 750, 791, 790, 750, 751, 792, 791, 751, 752, 793, 792, 752, 753, 794, 793, 753, 754, 795, 794, 754, 755, 796, 795, 755, 756, 797, 796, 756, 757, 798, 797, 757, 758, 799, 798, 758, 759, 800, 799, 759, 760, 801, 800, 760, 761, 802, 801, 761, 762, 803, 802, 762, 763, 804, 803, 763, 764, 805, 804, 764, 765, 806, 805, 765, 766, 807, 806, 766, 767, 808, 807, 767, 768, 809, 808, 768, 769, 810, 809, 769, 770, 811, 810, 770, 771, 812, 811, 771, 772, 813, 812, 772, 773, 814, 813, 773, 774, 815, 814, 774, 775, 816, 815, 775, 776, 817, 816, 776, 777, 818, 817, 777, 778, 819, 818, 779, 780, 821, 820, 780, 781, 822, 821, 781, 782, 823, 822, 782, 783, 824, 823, 783, 784, 825, 824, 784, 785, 826, 825, 785, 786, 827, 826, 786, 787, 828, 827, 787, 788, 829, 828, 788, 789, 830, 829, 789, 790, 831, 830, 790, 791, 832, 831, 791, 792, 833, 832, 792, 793, 834, 833, 793, 794, 835, 834, 794, 795, 836, 835, 795, 796, 837, 836, 796, 797, 838, 837, 797, 798, 839, 838, 798, 799, 840, 839, 799, 800, 841, 840, 800, 801, 842, 841, 801, 802, 843, 842, 802, 803, 844, 843, 803, 804, 845, 844, 804, 805, 846, 845, 805, 806, 847, 846, 806, 807, 848, 847, 807, 808, 849, 848, 808, 809, 850, 849, 809, 810, 851, 850, 810, 811, 852, 851, 811, 812, 853, 852, 812, 813, 854, 853, 813, 814, 855, 854, 814, 815, 856, 855, 815, 816, 857, 856, 816, 817, 858, 857, 817, 818, 859, 858, 818, 819, 860, 859, 820, 821, 862, 861, 821, 822, 863, 862, 822, 823, 864, 863, 823, 824, 865, 864, 824, 825, 866, 865, 825, 826, 867, 866, 826, 827, 868, 867, 827, 828, 869, 868, 828, 829, 870, 869, 829, 830, 871, 870, 830, 831, 872, 871, 831, 832, 873, 872, 832, 833, 874, 873, 833, 834, 875, 874, 834, 835, 876, 875, 835, 836, 877, 876, 836, 837, 878, 877, 837, 838, 879, 878, 838, 839, 880, 879, 839, 840, 881, 880, 840, 841, 882, 881, 841, 842, 883, 882, 842, 843, 884, 883, 843, 844, 885, 884, 844, 845, 886, 885, 845, 846, 887, 886, 846, 847, 888, 887, 847, 848, 889, 888, 848, 849, 890, 889, 849, 850, 891, 890, 850, 851, 892, 891, 851, 852, 893, 892, 852, 853, 894, 893, 853, 854, 895, 894, 854, 855, 896, 895, 855, 856, 897, 896, 856, 857, 898, 897, 857, 858, 899, 898, 858, 859, 900, 899, 859, 860, 901, 900, 861, 862, 903, 902, 862, 863, 904, 903, 863, 864, 905, 904, 864, 865, 906, 905, 865, 866, 907, 906, 866, 867, 908, 907, 867, 868, 909, 908, 868, 869, 910, 909, 869, 870, 911, 910, 870, 871, 912, 911, 871, 872, 913, 912, 872, 873, 914, 913, 873, 874, 915, 914, 874, 875, 916, 915, 875, 876, 917, 916, 876, 877, 918, 917, 877, 878, 919, 918, 878, 879, 920, 919, 879, 880, 921, 920, 880, 881, 922, 921, 881, 882, 923, 922, 882, 883, 924, 923, 883, 884, 925, 924, 884, 885, 926, 925, 885, 886, 927, 926, 886, 887, 928, 927, 887, 888, 929, 928, 888, 889, 930, 929, 889, 890, 931, 930, 890, 891, 932, 931, 891, 892, 933, 932, 892, 893, 934, 933, 893, 894, 935, 934, 894, 895, 936, 935, 895, 896, 937, 936, 896, 897, 938, 937, 897, 898, 939, 938, 898, 899, 940, 939, 899, 900, 941, 940, 900, 901, 942, 941, 902, 903, 944, 943, 903, 904, 945, 944, 904, 905, 946, 945, 905, 906, 947, 946, 906, 907, 948, 947, 907, 908, 949, 948, 908, 909, 950, 949, 909, 910, 951, 950, 910, 911, 952, 951, 911, 912, 953, 952, 912, 913, 954, 953, 913, 914, 955, 954, 914, 915, 956, 955, 915, 916, 957, 956, 916, 917, 958, 957, 917, 918, 959, 958, 918, 919, 960, 959, 919, 920, 961, 960, 920, 921, 962, 961, 921, 922, 963, 962, 922, 923, 964, 963, 923, 924, 965, 964, 924, 925, 966, 965, 925, 926, 967, 966, 926, 927, 968, 967, 927, 928, 969, 968, 928, 929, 970, 969, 929, 930, 971, 970, 930, 931, 972, 971, 931, 932, 973, 972, 932, 933, 974, 973, 933, 934, 975, 974, 934, 935, 976, 975, 935, 936, 977, 976, 936, 937, 978, 977, 937, 938, 979, 978, 938, 939, 980, 979, 939, 940, 981, 980, 940, 941, 982, 981, 941, 942, 983, 982, 943, 944, 985, 984, 944, 945, 986, 985, 945, 946, 987, 986, 946, 947, 988, 987, 947, 948, 989, 988, 948, 949, 990, 989, 949, 950, 991, 990, 950, 951, 992, 991, 951, 952, 993, 992, 952, 953, 994, 993, 953, 954, 995, 994, 954, 955, 996, 995, 955, 956, 997, 996, 956, 957, 998, 997, 957, 958, 999, 998, 958, 959, 1000, 999, 959, 960, 1001, 1000, 960, 961, 1002, 1001, 961, 962, 1003, 1002, 962, 963, 1004, 1003, 963, 964, 1005, 1004, 964, 965, 1006, 1005, 965, 966, 1007, 1006, 966, 967, 1008, 1007, 967, 968, 1009, 1008, 968, 969, 1010, 1009, 969, 970, 1011, 1010, 970, 971, 1012, 1011, 971, 972, 1013, 1012, 972, 973, 1014, 1013, 973, 974, 1015, 1014, 974, 975, 1016, 1015, 975, 976, 1017, 1016, 976, 977, 1018, 1017, 977, 978, 1019, 1018, 978, 979, 1020, 1019, 979, 980, 1021, 1020, 980, 981, 1022, 1021, 981, 982, 1023, 1022, 982, 983, 1024, 1023, 984, 985, 1026, 1025, 985, 986, 1027, 1026, 986, 987, 1028, 1027, 987, 988, 1029, 1028, 988, 989, 1030, 1029, 989, 990, 1031, 1030, 990, 991, 1032, 1031, 991, 992, 1033, 1032, 992, 993, 1034, 1033, 993, 994, 1035, 1034, 994, 995, 1036, 1035, 995, 996, 1037, 1036, 996, 997, 1038, 1037, 997, 998, 1039, 1038, 998, 999, 1040, 1039, 999, 1000, 1041, 1040, 1000, 1001, 1042, 1041, 1001, 1002, 1043, 1042, 1002, 1003, 1044, 1043, 1003, 1004, 1045, 1044, 1004, 1005, 1046, 1045, 1005, 1006, 1047, 1046, 1006, 1007, 1048, 1047, 1007, 1008, 1049, 1048, 1008, 1009, 1050, 1049, 1009, 1010, 1051, 1050, 1010, 1011, 1052, 1051, 1011, 1012, 1053, 1052, 1012, 1013, 1054, 1053, 1013, 1014, 1055, 1054, 1014, 1015, 1056, 1055, 1015, 1016, 1057, 1056, 1016, 1017, 1058, 1057, 1017, 1018, 1059, 1058, 1018, 1019, 1060, 1059, 1019, 1020, 1061, 1060, 1020, 1021, 1062, 1061, 1021, 1022, 1063, 1062, 1022, 1023, 1064, 1063, 1023, 1024, 1065, 1064, 1025, 1026, 1067, 1066, 1026, 1027, 1068, 1067, 1027, 1028, 1069, 1068, 1028, 1029, 1070, 1069, 1029, 1030, 1071, 1070, 1030, 1031, 1072, 1071, 1031, 1032, 1073, 1072, 1032, 1033, 1074, 1073, 1033, 1034, 1075, 1074, 1034, 1035, 1076, 1075, 1035, 1036, 1077, 1076, 1036, 1037, 1078, 1077, 1037, 1038, 1079, 1078, 1038, 1039, 1080, 1079, 1039, 1040, 1081, 1080, 1040, 1041, 1082, 1081, 1041, 1042, 1083, 1082, 1042, 1043, 1084, 1083, 1043, 1044, 1085, 1084, 1044, 1045, 1086, 1085, 1045, 1046, 1087, 1086, 1046, 1047, 1088, 1087, 1047, 1048, 1089, 1088, 1048, 1049, 1090, 1089, 1049, 1050, 1091, 1090, 1050, 1051, 1092, 1091, 1051, 1052, 1093, 1092, 1052, 1053, 1094, 1093, 1053, 1054, 1095, 1094, 1054, 1055, 1096, 1095, 1055, 1056, 1097, 1096, 1056, 1057, 1098, 1097, 1057, 1058, 1099, 1098, 1058, 1059, 1100, 1099, 1059, 1060, 1101, 1100, 1060, 1061, 1102, 1101, 1061, 1062, 1103, 1102, 1062, 1063, 1104, 1103, 1063, 1064, 1105, 1104, 1064, 1065, 1106, 1105, 1066, 1067, 1108, 1107, 1067, 1068, 1109, 1108, 1068, 1069, 1110, 1109, 1069, 1070, 1111, 1110, 1070, 1071, 1112, 1111, 1071, 1072, 1113, 1112, 1072, 1073, 1114, 1113, 1073, 1074, 1115, 1114, 1074, 1075, 1116, 1115, 1075, 1076, 1117, 1116, 1076, 1077, 1118, 1117, 1077, 1078, 1119, 1118, 1078, 1079, 1120, 1119, 1079, 1080, 1121, 1120, 1080, 1081, 1122, 1121, 1081, 1082, 1123, 1122, 1082, 1083, 1124, 1123, 1083, 1084, 1125, 1124, 1084, 1085, 1126, 1125, 1085, 1086, 1127, 1126, 1086, 1087, 1128, 1127, 1087, 1088, 1129, 1128, 1088, 1089, 1130, 1129, 1089, 1090, 1131, 1130, 1090, 1091, 1132, 1131, 1091, 1092, 1133, 1132, 1092, 1093, 1134, 1133, 1093, 1094, 1135, 1134, 1094, 1095, 1136, 1135, 1095, 1096, 1137, 1136, 1096, 1097, 1138, 1137, 1097, 1098, 1139, 1138, 1098, 1099, 1140, 1139, 1099, 1100, 1141, 1140, 1100, 1101, 1142, 1141, 1101, 1102, 1143, 1142, 1102, 1103, 1144, 1143, 1103, 1104, 1145, 1144, 1104, 1105, 1146, 1145, 1105, 1106, 1147, 1146, 1107, 1108, 1149, 1148, 1108, 1109, 1150, 1149, 1109, 1110, 1151, 1150, 1110, 1111, 1152, 1151, 1111, 1112, 1153, 1152, 1112, 1113, 1154, 1153, 1113, 1114, 1155, 1154, 1114, 1115, 1156, 1155, 1115, 1116, 1157, 1156, 1116, 1117, 1158, 1157, 1117, 1118, 1159, 1158, 1118, 1119, 1160, 1159, 1119, 1120, 1161, 1160, 1120, 1121, 1162, 1161, 1121, 1122, 1163, 1162, 1122, 1123, 1164, 1163, 1123, 1124, 1165, 1164, 1124, 1125, 1166, 1165, 1125, 1126, 1167, 1166, 1126, 1127, 1168, 1167, 1127, 1128, 1169, 1168, 1128, 1129, 1170, 1169, 1129, 1130, 1171, 1170, 1130, 1131, 1172, 1171, 1131, 1132, 1173, 1172, 1132, 1133, 1174, 1173, 1133, 1134, 1175, 1174, 1134, 1135, 1176, 1175, 1135, 1136, 1177, 1176, 1136, 1137, 1178, 1177, 1137, 1138, 1179, 1178, 1138, 1139, 1180, 1179, 1139, 1140, 1181, 1180, 1140, 1141, 1182, 1181, 1141, 1142, 1183, 1182, 1142, 1143, 1184, 1183, 1143, 1144, 1185, 1184, 1144, 1145, 1186, 1185, 1145, 1146, 1187, 1186, 1146, 1147, 1188, 1187, 1148, 1149, 1190, 1189, 1149, 1150, 1191, 1190, 1150, 1151, 1192, 1191, 1151, 1152, 1193, 1192, 1152, 1153, 1194, 1193, 1153, 1154, 1195, 1194, 1154, 1155, 1196, 1195, 1155, 1156, 1197, 1196, 1156, 1157, 1198, 1197, 1157, 1158, 1199, 1198, 1158, 1159, 1200, 1199, 1159, 1160, 1201, 1200, 1160, 1161, 1202, 1201, 1161, 1162, 1203, 1202, 1162, 1163, 1204, 1203, 1163, 1164, 1205, 1204, 1164, 1165, 1206, 1205, 1165, 1166, 1207, 1206, 1166, 1167, 1208, 1207, 1167, 1168, 1209, 1208, 1168, 1169, 1210, 1209, 1169, 1170, 1211, 1210, 1170, 1171, 1212, 1211, 1171, 1172, 1213, 1212, 1172, 1173, 1214, 1213, 1173, 1174, 1215, 1214, 1174, 1175, 1216, 1215, 1175, 1176, 1217, 1216, 1176, 1177, 1218, 1217, 1177, 1178, 1219, 1218, 1178, 1179, 1220, 1219, 1179, 1180, 1221, 1220, 1180, 1181, 1222, 1221, 1181, 1182, 1223, 1222, 1182, 1183, 1224, 1223, 1183, 1184, 1225, 1224, 1184, 1185, 1226, 1225, 1185, 1186, 1227, 1226, 1186, 1187, 1228, 1227, 1187, 1188, 1229, 1228, 1189, 1190, 1231, 1230, 1190, 1191, 1232, 1231, 1191, 1192, 1233, 1232, 1192, 1193, 1234, 1233, 1193, 1194, 1235, 1234, 1194, 1195, 1236, 1235, 1195, 1196, 1237, 1236, 1196, 1197, 1238, 1237, 1197, 1198, 1239, 1238, 1198, 1199, 1240, 1239, 1199, 1200, 1241, 1240, 1200, 1201, 1242, 1241, 1201, 1202, 1243, 1242, 1202, 1203, 1244, 1243, 1203, 1204, 1245, 1244, 1204, 1205, 1246, 1245, 1205, 1206, 1247, 1246, 1206, 1207, 1248, 1247, 1207, 1208, 1249, 1248, 1208, 1209, 1250, 1249, 1209, 1210, 1251, 1250, 1210, 1211, 1252, 1251, 1211, 1212, 1253, 1252, 1212, 1213, 1254, 1253, 1213, 1214, 1255, 1254, 1214, 1215, 1256, 1255, 1215, 1216, 1257, 1256, 1216, 1217, 1258, 1257, 1217, 1218, 1259, 1258, 1218, 1219, 1260, 1259, 1219, 1220, 1261, 1260, 1220, 1221, 1262, 1261, 1221, 1222, 1263, 1262, 1222, 1223, 1264, 1263, 1223, 1224, 1265, 1264, 1224, 1225, 1266, 1265, 1225, 1226, 1267, 1266, 1226, 1227, 1268, 1267, 1227, 1228, 1269, 1268, 1228, 1229, 1270, 1269, 1312, 1313, 1272, 1271, 1313, 1314, 1273, 1272, 1314, 1315, 1274, 1273, 1315, 1316, 1275, 1274, 1316, 1317, 1276, 1275, 1317, 1318, 1277, 1276, 1318, 1319, 1278, 1277, 1319, 1320, 1279, 1278, 1320, 1321, 1280, 1279, 1321, 1322, 1281, 1280, 1322, 1323, 1282, 1281, 1323, 1324, 1283, 1282, 1324, 1325, 1284, 1283, 1325, 1326, 1285, 1284, 1326, 1327, 1286, 1285, 1327, 1328, 1287, 1286, 1328, 1329, 1288, 1287, 1329, 1330, 1289, 1288, 1330, 1331, 1290, 1289, 1331, 1332, 1291, 1290, 1332, 1333, 1292, 1291, 1333, 1334, 1293, 1292, 1334, 1335, 1294, 1293, 1335, 1336, 1295, 1294, 1336, 1337, 1296, 1295, 1337, 1338, 1297, 1296, 1338, 1339, 1298, 1297, 1339, 1340, 1299, 1298, 1340, 1341, 1300, 1299, 1341, 1342, 1301, 1300, 1342, 1343, 1302, 1301, 1343, 1344, 1303, 1302, 1344, 1345, 1304, 1303, 1345, 1346, 1305, 1304, 1346, 1347, 1306, 1305, 1347, 1348, 1307, 1306, 1348, 1349, 1308, 1307, 1349, 1350, 1309, 1308, 1350, 1351, 1310, 1309, 1351, 1352, 1311, 1310, 1353, 1354, 1313, 1312, 1354, 1355, 1314, 1313, 1355, 1356, 1315, 1314, 1356, 1357, 1316, 1315, 1357, 1358, 1317, 1316, 1358, 1359, 1318, 1317, 1359, 1360, 1319, 1318, 1360, 1361, 1320, 1319, 1361, 1362, 1321, 1320, 1362, 1363, 1322, 1321, 1363, 1364, 1323, 1322, 1364, 1365, 1324, 1323, 1365, 1366, 1325, 1324, 1366, 1367, 1326, 1325, 1367, 1368, 1327, 1326, 1368, 1369, 1328, 1327, 1369, 1370, 1329, 1328, 1370, 1371, 1330, 1329, 1371, 1372, 1331, 1330, 1372, 1373, 1332, 1331, 1373, 1374, 1333, 1332, 1374, 1375, 1334, 1333, 1375, 1376, 1335, 1334, 1376, 1377, 1336, 1335, 1377, 1378, 1337, 1336, 1378, 1379, 1338, 1337, 1379, 1380, 1339, 1338, 1380, 1381, 1340, 1339, 1381, 1382, 1341, 1340, 1382, 1383, 1342, 1341, 1383, 1384, 1343, 1342, 1384, 1385, 1344, 1343, 1385, 1386, 1345, 1344, 1386, 1387, 1346, 1345, 1387, 1388, 1347, 1346, 1388, 1389, 1348, 1347, 1389, 1390, 1349, 1348, 1390, 1391, 1350, 1349, 1391, 1392, 1351, 1350, 1392, 1393, 1352, 1351, 1394, 1395, 1354, 1353, 1395, 1396, 1355, 1354, 1396, 1397, 1356, 1355, 1397, 1398, 1357, 1356, 1398, 1399, 1358, 1357, 1399, 1400, 1359, 1358, 1400, 1401, 1360, 1359, 1401, 1402, 1361, 1360, 1402, 1403, 1362, 1361, 1403, 1404, 1363, 1362, 1404, 1405, 1364, 1363, 1405, 1406, 1365, 1364, 1406, 1407, 1366, 1365, 1407, 1408, 1367, 1366, 1408, 1409, 1368, 1367, 1409, 1410, 1369, 1368, 1410, 1411, 1370, 1369, 1411, 1412, 1371, 1370, 1412, 1413, 1372, 1371, 1413, 1414, 1373, 1372, 1414, 1415, 1374, 1373, 1415, 1416, 1375, 1374, 1416, 1417, 1376, 1375, 1417, 1418, 1377, 1376, 1418, 1419, 1378, 1377, 1419, 1420, 1379, 1378, 1420, 1421, 1380, 1379, 1421, 1422, 1381, 1380, 1422, 1423, 1382, 1381, 1423, 1424, 1383, 1382, 1424, 1425, 1384, 1383, 1425, 1426, 1385, 1384, 1426, 1427, 1386, 1385, 1427, 1428, 1387, 1386, 1428, 1429, 1388, 1387, 1429, 1430, 1389, 1388, 1430, 1431, 1390, 1389, 1431, 1432, 1391, 1390, 1432, 1433, 1392, 1391, 1433, 1434, 1393, 1392, 1435, 1436, 1395, 1394, 1436, 1437, 1396, 1395, 1437, 1438, 1397, 1396, 1438, 1439, 1398, 1397, 1439, 1440, 1399, 1398, 1440, 1441, 1400, 1399, 1441, 1442, 1401, 1400, 1442, 1443, 1402, 1401, 1443, 1444, 1403, 1402, 1444, 1445, 1404, 1403, 1445, 1446, 1405, 1404, 1446, 1447, 1406, 1405, 1447, 1448, 1407, 1406, 1448, 1449, 1408, 1407, 1449, 1450, 1409, 1408, 1450, 1451, 1410, 1409, 1451, 1452, 1411, 1410, 1452, 1453, 1412, 1411, 1453, 1454, 1413, 1412, 1454, 1455, 1414, 1413, 1455, 1456, 1415, 1414, 1456, 1457, 1416, 1415, 1457, 1458, 1417, 1416, 1458, 1459, 1418, 1417, 1459, 1460, 1419, 1418, 1460, 1461, 1420, 1419, 1461, 1462, 1421, 1420, 1462, 1463, 1422, 1421, 1463, 1464, 1423, 1422, 1464, 1465, 1424, 1423, 1465, 1466, 1425, 1424, 1466, 1467, 1426, 1425, 1467, 1468, 1427, 1426, 1468, 1469, 1428, 1427, 1469, 1470, 1429, 1428, 1470, 1471, 1430, 1429, 1471, 1472, 1431, 1430, 1472, 1473, 1432, 1431, 1473, 1474, 1433, 1432, 1474, 1475, 1434, 1433, 1476, 1477, 1436, 1435, 1477, 1478, 1437, 1436, 1478, 1479, 1438, 1437, 1479, 1480, 1439, 1438, 1480, 1481, 1440, 1439, 1481, 1482, 1441, 1440, 1482, 1483, 1442, 1441, 1483, 1484, 1443, 1442, 1484, 1485, 1444, 1443, 1485, 1486, 1445, 1444, 1486, 1487, 1446, 1445, 1487, 1488, 1447, 1446, 1488, 1489, 1448, 1447, 1489, 1490, 1449, 1448, 1490, 1491, 1450, 1449, 1491, 1492, 1451, 1450, 1492, 1493, 1452, 1451, 1493, 1494, 1453, 1452, 1494, 1495, 1454, 1453, 1495, 1496, 1455, 1454, 1496, 1497, 1456, 1455, 1497, 1498, 1457, 1456, 1498, 1499, 1458, 1457, 1499, 1500, 1459, 1458, 1500, 1501, 1460, 1459, 1501, 1502, 1461, 1460, 1502, 1503, 1462, 1461, 1503, 1504, 1463, 1462, 1504, 1505, 1464, 1463, 1505, 1506, 1465, 1464, 1506, 1507, 1466, 1465, 1507, 1508, 1467, 1466, 1508, 1509, 1468, 1467, 1509, 1510, 1469, 1468, 1510, 1511, 1470, 1469, 1511, 1512, 1471, 1470, 1512, 1513, 1472, 1471, 1513, 1514, 1473, 1472, 1514, 1515, 1474, 1473, 1515, 1516, 1475, 1474, 1517, 1518, 1477, 1476, 1518, 1519, 1478, 1477, 1519, 1520, 1479, 1478, 1520, 1521, 1480, 1479, 1521, 1522, 1481, 1480, 1522, 1523, 1482, 1481, 1523, 1524, 1483, 1482, 1524, 1525, 1484, 1483, 1525, 1526, 1485, 1484, 1526, 1527, 1486, 1485, 1527, 1528, 1487, 1486, 1528, 1529, 1488, 1487, 1529, 1530, 1489, 1488, 1530, 1531, 1490, 1489, 1531, 1532, 1491, 1490, 1532, 1533, 1492, 1491, 1533, 1534, 1493, 1492, 1534, 1535, 1494, 1493, 1535, 1536, 1495, 1494, 1536, 1537, 1496, 1495, 1537, 1538, 1497, 1496, 1538, 1539, 1498, 1497, 1539, 1540, 1499, 1498, 1540, 1541, 1500, 1499, 1541, 1542, 1501, 1500, 1542, 1543, 1502, 1501, 1543, 1544, 1503, 1502, 1544, 1545, 1504, 1503, 1545, 1546, 1505, 1504, 1546, 1547, 1506, 1505, 1547, 1548, 1507, 1506, 1548, 1549, 1508, 1507, 1549, 1550, 1509, 1508, 1550, 1551, 1510, 1509, 1551, 1552, 1511, 1510, 1552, 1553, 1512, 1511, 1553, 1554, 1513, 1512, 1554, 1555, 1514, 1513, 1555, 1556, 1515, 1514, 1556, 1557, 1516, 1515, 1558, 1559, 1518, 1517, 1559, 1560, 1519, 1518, 1560, 1561, 1520, 1519, 1561, 1562, 1521, 1520, 1562, 1563, 1522, 1521, 1563, 1564, 1523, 1522, 1564, 1565, 1524, 1523, 1565, 1566, 1525, 1524, 1566, 1567, 1526, 1525, 1567, 1568, 1527, 1526, 1568, 1569, 1528, 1527, 1569, 1570, 1529, 1528, 1570, 1571, 1530, 1529, 1571, 1572, 1531, 1530, 1572, 1573, 1532, 1531, 1573, 1574, 1533, 1532, 1574, 1575, 1534, 1533, 1575, 1576, 1535, 1534, 1576, 1577, 1536, 1535, 1577, 1578, 1537, 1536, 1578, 1579, 1538, 1537, 1579, 1580, 1539, 1538, 1580, 1581, 1540, 1539, 1581, 1582, 1541, 1540, 1582, 1583, 1542, 1541, 1583, 1584, 1543, 1542, 1584, 1585, 1544, 1543, 1585, 1586, 1545, 1544, 1586, 1587, 1546, 1545, 1587, 1588, 1547, 1546, 1588, 1589, 1548, 1547, 1589, 1590, 1549, 1548, 1590, 1591, 1550, 1549, 1591, 1592, 1551, 1550, 1592, 1593, 1552, 1551, 1593, 1594, 1553, 1552, 1594, 1595, 1554, 1553, 1595, 1596, 1555, 1554, 1596, 1597, 1556, 1555, 1597, 1598, 1557, 1556, 1599, 1600, 1559, 1558, 1600, 1601, 1560, 1559, 1601, 1602, 1561, 1560, 1602, 1603, 1562, 1561, 1603, 1604, 1563, 1562, 1604, 1605, 1564, 1563, 1605, 1606, 1565, 1564, 1606, 1607, 1566, 1565, 1607, 1608, 1567, 1566, 1608, 1609, 1568, 1567, 1609, 1610, 1569, 1568, 1610, 1611, 1570, 1569, 1611, 1612, 1571, 1570, 1612, 1613, 1572, 1571, 1613, 1614, 1573, 1572, 1614, 1615, 1574, 1573, 1615, 1616, 1575, 1574, 1616, 1617, 1576, 1575, 1617, 1618, 1577, 1576, 1618, 1619, 1578, 1577, 1619, 1620, 1579, 1578, 1620, 1621, 1580, 1579, 1621, 1622, 1581, 1580, 1622, 1623, 1582, 1581, 1623, 1624, 1583, 1582, 1624, 1625, 1584, 1583, 1625, 1626, 1585, 1584, 1626, 1627, 1586, 1585, 1627, 1628, 1587, 1586, 1628, 1629, 1588, 1587, 1629, 1630, 1589, 1588, 1630, 1631, 1590, 1589, 1631, 1632, 1591, 1590, 1632, 1633, 1592, 1591, 1633, 1634, 1593, 1592, 1634, 1635, 1594, 1593, 1635, 1636, 1595, 1594, 1636, 1637, 1596, 1595, 1637, 1638, 1597, 1596, 1638, 1639, 1598, 1597, 1640, 1641, 1600, 1599, 1641, 1642, 1601, 1600, 1642, 1643, 1602, 1601, 1643, 1644, 1603, 1602, 1644, 1645, 1604, 1603, 1645, 1646, 1605, 1604, 1646, 1647, 1606, 1605, 1647, 1648, 1607, 1606, 1648, 1649, 1608, 1607, 1649, 1650, 1609, 1608, 1650, 1651, 1610, 1609, 1651, 1652, 1611, 1610, 1652, 1653, 1612, 1611, 1653, 1654, 1613, 1612, 1654, 1655, 1614, 1613, 1655, 1656, 1615, 1614, 1656, 1657, 1616, 1615, 1657, 1658, 1617, 1616, 1658, 1659, 1618, 1617, 1659, 1660, 1619, 1618, 1660, 1661, 1620, 1619, 1661, 1662, 1621, 1620, 1662, 1663, 1622, 1621, 1663, 1664, 1623, 1622, 1664, 1665, 1624, 1623, 1665, 1666, 1625, 1624, 1666, 1667, 1626, 1625, 1667, 1668, 1627, 1626, 1668, 1669, 1628, 1627, 1669, 1670, 1629, 1628, 1670, 1671, 1630, 1629, 1671, 1672, 1631, 1630, 1672, 1673, 1632, 1631, 1673, 1674, 1633, 1632, 1674, 1675, 1634, 1633, 1675, 1676, 1635, 1634, 1676, 1677, 1636, 1635, 1677, 1678, 1637, 1636, 1678, 1679, 1638, 1637, 1679, 1680, 1639, 1638, 1681, 1682, 1641, 1640, 1682, 1683, 1642, 1641, 1683, 1684, 1643, 1642, 1684, 1685, 1644, 1643, 1685, 1686, 1645, 1644, 1686, 1687, 1646, 1645, 1687, 1688, 1647, 1646, 1688, 1689, 1648, 1647, 1689, 1690, 1649, 1648, 1690, 1691, 1650, 1649, 1691, 1692, 1651, 1650, 1692, 1693, 1652, 1651, 1693, 1694, 1653, 1652, 1694, 1695, 1654, 1653, 1695, 1696, 1655, 1654, 1696, 1697, 1656, 1655, 1697, 1698, 1657, 1656, 1698, 1699, 1658, 1657, 1699, 1700, 1659, 1658, 1700, 1701, 1660, 1659, 1701, 1702, 1661, 1660, 1702, 1703, 1662, 1661, 1703, 1704, 1663, 1662, 1704, 1705, 1664, 1663, 1705, 1706, 1665, 1664, 1706, 1707, 1666, 1665, 1707, 1708, 1667, 1666, 1708, 1709, 1668, 1667, 1709, 1710, 1669, 1668, 1710, 1711, 1670, 1669, 1711, 1712, 1671, 1670, 1712, 1713, 1672, 1671, 1713, 1714, 1673, 1672, 1714, 1715, 1674, 1673, 1715, 1716, 1675, 1674, 1716, 1717, 1676, 1675, 1717, 1718, 1677, 1676, 1718, 1719, 1678, 1677, 1719, 1720, 1679, 1678, 1720, 1721, 1680, 1679, 1722, 1723, 1682, 1681, 1723, 1724, 1683, 1682, 1724, 1725, 1684, 1683, 1725, 1726, 1685, 1684, 1726, 1727, 1686, 1685, 1727, 1728, 1687, 1686, 1728, 1729, 1688, 1687, 1729, 1730, 1689, 1688, 1730, 1731, 1690, 1689, 1731, 1732, 1691, 1690, 1732, 1733, 1692, 1691, 1733, 1734, 1693, 1692, 1734, 1735, 1694, 1693, 1735, 1736, 1695, 1694, 1736, 1737, 1696, 1695, 1737, 1738, 1697, 1696, 1738, 1739, 1698, 1697, 1739, 1740, 1699, 1698, 1740, 1741, 1700, 1699, 1741, 1742, 1701, 1700, 1742, 1743, 1702, 1701, 1743, 1744, 1703, 1702, 1744, 1745, 1704, 1703, 1745, 1746, 1705, 1704, 1746, 1747, 1706, 1705, 1747, 1748, 1707, 1706, 1748, 1749, 1708, 1707, 1749, 1750, 1709, 1708, 1750, 1751, 1710, 1709, 1751, 1752, 1711, 1710, 1752, 1753, 1712, 1711, 1753, 1754, 1713, 1712, 1754, 1755, 1714, 1713, 1755, 1756, 1715, 1714, 1756, 1757, 1716, 1715, 1757, 1758, 1717, 1716, 1758, 1759, 1718, 1717, 1759, 1760, 1719, 1718, 1760, 1761, 1720, 1719, 1761, 1762, 1721, 1720, 1763, 1764, 1723, 1722, 1764, 1765, 1724, 1723, 1765, 1766, 1725, 1724, 1766, 1767, 1726, 1725, 1767, 1768, 1727, 1726, 1768, 1769, 1728, 1727, 1769, 1770, 1729, 1728, 1770, 1771, 1730, 1729, 1771, 1772, 1731, 1730, 1772, 1773, 1732, 1731, 1773, 1774, 1733, 1732, 1774, 1775, 1734, 1733, 1775, 1776, 1735, 1734, 1776, 1777, 1736, 1735, 1777, 1778, 1737, 1736, 1778, 1779, 1738, 1737, 1779, 1780, 1739, 1738, 1780, 1781, 1740, 1739, 1781, 1782, 1741, 1740, 1782, 1783, 1742, 1741, 1783, 1784, 1743, 1742, 1784, 1785, 1744, 1743, 1785, 1786, 1745, 1744, 1786, 1787, 1746, 1745, 1787, 1788, 1747, 1746, 1788, 1789, 1748, 1747, 1789, 1790, 1749, 1748, 1790, 1791, 1750, 1749, 1791, 1792, 1751, 1750, 1792, 1793, 1752, 1751, 1793, 1794, 1753, 1752, 1794, 1795, 1754, 1753, 1795, 1796, 1755, 1754, 1796, 1797, 1756, 1755, 1797, 1798, 1757, 1756, 1798, 1799, 1758, 1757, 1799, 1800, 1759, 1758, 1800, 1801, 1760, 1759, 1801, 1802, 1761, 1760, 1802, 1803, 1762, 1761, 1804, 1805, 1764, 1763, 1805, 1806, 1765, 1764, 1806, 1807, 1766, 1765, 1807, 1808, 1767, 1766, 1808, 1809, 1768, 1767, 1809, 1810, 1769, 1768, 1810, 1811, 1770, 1769, 1811, 1812, 1771, 1770, 1812, 1813, 1772, 1771, 1813, 1814, 1773, 1772, 1814, 1815, 1774, 1773, 1815, 1816, 1775, 1774, 1816, 1817, 1776, 1775, 1817, 1818, 1777, 1776, 1818, 1819, 1778, 1777, 1819, 1820, 1779, 1778, 1820, 1821, 1780, 1779, 1821, 1822, 1781, 1780, 1822, 1823, 1782, 1781, 1823, 1824, 1783, 1782, 1824, 1825, 1784, 1783, 1825, 1826, 1785, 1784, 1826, 1827, 1786, 1785, 1827, 1828, 1787, 1786, 1828, 1829, 1788, 1787, 1829, 1830, 1789, 1788, 1830, 1831, 1790, 1789, 1831, 1832, 1791, 1790, 1832, 1833, 1792, 1791, 1833, 1834, 1793, 1792, 1834, 1835, 1794, 1793, 1835, 1836, 1795, 1794, 1836, 1837, 1796, 1795, 1837, 1838, 1797, 1796, 1838, 1839, 1798, 1797, 1839, 1840, 1799, 1798, 1840, 1841, 1800, 1799, 1841, 1842, 1801, 1800, 1842, 1843, 1802, 1801, 1843, 1844, 1803, 1802, 1845, 1846, 1805, 1804, 1846, 1847, 1806, 1805, 1847, 1848, 1807, 1806, 1848, 1849, 1808, 1807, 1849, 1850, 1809, 1808, 1850, 1851, 1810, 1809, 1851, 1852, 1811, 1810, 1852, 1853, 1812, 1811, 1853, 1854, 1813, 1812, 1854, 1855, 1814, 1813, 1855, 1856, 1815, 1814, 1856, 1857, 1816, 1815, 1857, 1858, 1817, 1816, 1858, 1859, 1818, 1817, 1859, 1860, 1819, 1818, 1860, 1861, 1820, 1819, 1861, 1862, 1821, 1820, 1862, 1863, 1822, 1821, 1863, 1864, 1823, 1822, 1864, 1865, 1824, 1823, 1865, 1866, 1825, 1824, 1866, 1867, 1826, 1825, 1867, 1868, 1827, 1826, 1868, 1869, 1828, 1827, 1869, 1870, 1829, 1828, 1870, 1871, 1830, 1829, 1871, 1872, 1831, 1830, 1872, 1873, 1832, 1831, 1873, 1874, 1833, 1832, 1874, 1875, 1834, 1833, 1875, 1876, 1835, 1834, 1876, 1877, 1836, 1835, 1877, 1878, 1837, 1836, 1878, 1879, 1838, 1837, 1879, 1880, 1839, 1838, 1880, 1881, 1840, 1839, 1881, 1882, 1841, 1840, 1882, 1883, 1842, 1841, 1883, 1884, 1843, 1842, 1884, 1885, 1844, 1843, 1886, 1887, 1846, 1845, 1887, 1888, 1847, 1846, 1888, 1889, 1848, 1847, 1889, 1890, 1849, 1848, 1890, 1891, 1850, 1849, 1891, 1892, 1851, 1850, 1892, 1893, 1852, 1851, 1893, 1894, 1853, 1852, 1894, 1895, 1854, 1853, 1895, 1896, 1855, 1854, 1896, 1897, 1856, 1855, 1897, 1898, 1857, 1856, 1898, 1899, 1858, 1857, 1899, 1900, 1859, 1858, 1900, 1901, 1860, 1859, 1901, 1902, 1861, 1860, 1902, 1903, 1862, 1861, 1903, 1904, 1863, 1862, 1904, 1905, 1864, 1863, 1905, 1906, 1865, 1864, 1906, 1907, 1866, 1865, 1907, 1908, 1867, 1866, 1908, 1909, 1868, 1867, 1909, 1910, 1869, 1868, 1910, 1911, 1870, 1869, 1911, 1912, 1871, 1870, 1912, 1913, 1872, 1871, 1913, 1914, 1873, 1872, 1914, 1915, 1874, 1873, 1915, 1916, 1875, 1874, 1916, 1917, 1876, 1875, 1917, 1918, 1877, 1876, 1918, 1919, 1878, 1877, 1919, 1920, 1879, 1878, 1920, 1921, 1880, 1879, 1921, 1922, 1881, 1880, 1922, 1923, 1882, 1881, 1923, 1924, 1883, 1882, 1924, 1925, 1884, 1883, 1925, 1926, 1885, 1884, 1927, 1928, 1887, 1886, 1928, 1929, 1888, 1887, 1929, 1930, 1889, 1888, 1930, 1931, 1890, 1889, 1931, 1932, 1891, 1890, 1932, 1933, 1892, 1891, 1933, 1934, 1893, 1892, 1934, 1935, 1894, 1893, 1935, 1936, 1895, 1894, 1936, 1937, 1896, 1895, 1937, 1938, 1897, 1896, 1938, 1939, 1898, 1897, 1939, 1940, 1899, 1898, 1940, 1941, 1900, 1899, 1941, 1942, 1901, 1900, 1942, 1943, 1902, 1901, 1943, 1944, 1903, 1902, 1944, 1945, 1904, 1903, 1945, 1946, 1905, 1904, 1946, 1947, 1906, 1905, 1947, 1948, 1907, 1906, 1948, 1949, 1908, 1907, 1949, 1950, 1909, 1908, 1950, 1951, 1910, 1909, 1951, 1952, 1911, 1910, 1952, 1953, 1912, 1911, 1953, 1954, 1913, 1912, 1954, 1955, 1914, 1913, 1955, 1956, 1915, 1914, 1956, 1957, 1916, 1915, 1957, 1958, 1917, 1916, 1958, 1959, 1918, 1917, 1959, 1960, 1919, 1918, 1960, 1961, 1920, 1919, 1961, 1962, 1921, 1920, 1962, 1963, 1922, 1921, 1963, 1964, 1923, 1922, 1964, 1965, 1924, 1923, 1965, 1966, 1925, 1924, 1966, 1967, 1926, 1925, 1968, 1969, 1928, 1927, 1969, 1970, 1929, 1928, 1970, 1971, 1930, 1929, 1971, 1972, 1931, 1930, 1972, 1973, 1932, 1931, 1973, 1974, 1933, 1932, 1974, 1975, 1934, 1933, 1975, 1976, 1935, 1934, 1976, 1977, 1936, 1935, 1977, 1978, 1937, 1936, 1978, 1979, 1938, 1937, 1979, 1980, 1939, 1938, 1980, 1981, 1940, 1939, 1981, 1982, 1941, 1940, 1982, 1983, 1942, 1941, 1983, 1984, 1943, 1942, 1984, 1985, 1944, 1943, 1985, 1986, 1945, 1944, 1986, 1987, 1946, 1945, 1987, 1988, 1947, 1946, 1988, 1989, 1948, 1947, 1989, 1990, 1949, 1948, 1990, 1991, 1950, 1949, 1991, 1992, 1951, 1950, 1992, 1993, 1952, 1951, 1993, 1994, 1953, 1952, 1994, 1995, 1954, 1953, 1995, 1996, 1955, 1954, 1996, 1997, 1956, 1955, 1997, 1998, 1957, 1956, 1998, 1999, 1958, 1957, 1999, 2000, 1959, 1958, 2000, 2001, 1960, 1959, 2001, 2002, 1961, 1960, 2002, 2003, 1962, 1961, 2003, 2004, 1963, 1962, 2004, 2005, 1964, 1963, 2005, 2006, 1965, 1964, 2006, 2007, 1966, 1965, 2007, 2008, 1967, 1966, 2009, 2010, 1969, 1968, 2010, 2011, 1970, 1969, 2011, 2012, 1971, 1970, 2012, 2013, 1972, 1971, 2013, 2014, 1973, 1972, 2014, 2015, 1974, 1973, 2015, 2016, 1975, 1974, 2016, 2017, 1976, 1975, 2017, 2018, 1977, 1976, 2018, 2019, 1978, 1977, 2019, 2020, 1979, 1978, 2020, 2021, 1980, 1979, 2021, 2022, 1981, 1980, 2022, 2023, 1982, 1981, 2023, 2024, 1983, 1982, 2024, 2025, 1984, 1983, 2025, 2026, 1985, 1984, 2026, 2027, 1986, 1985, 2027, 2028, 1987, 1986, 2028, 2029, 1988, 1987, 2029, 2030, 1989, 1988, 2030, 2031, 1990, 1989, 2031, 2032, 1991, 1990, 2032, 2033, 1992, 1991, 2033, 2034, 1993, 1992, 2034, 2035, 1994, 1993, 2035, 2036, 1995, 1994, 2036, 2037, 1996, 1995, 2037, 2038, 1997, 1996, 2038, 2039, 1998, 1997, 2039, 2040, 1999, 1998, 2040, 2041, 2000, 1999, 2041, 2042, 2001, 2000, 2042, 2043, 2002, 2001, 2043, 2044, 2003, 2002, 2044, 2045, 2004, 2003, 2045, 2046, 2005, 2004, 2046, 2047, 2006, 2005, 2047, 2048, 2007, 2006, 2048, 2049, 2008, 2007, 2050, 2051, 2010, 2009, 2051, 2052, 2011, 2010, 2052, 2053, 2012, 2011, 2053, 2054, 2013, 2012, 2054, 2055, 2014, 2013, 2055, 2056, 2015, 2014, 2056, 2057, 2016, 2015, 2057, 2058, 2017, 2016, 2058, 2059, 2018, 2017, 2059, 2060, 2019, 2018, 2060, 2061, 2020, 2019, 2061, 2062, 2021, 2020, 2062, 2063, 2022, 2021, 2063, 2064, 2023, 2022, 2064, 2065, 2024, 2023, 2065, 2066, 2025, 2024, 2066, 2067, 2026, 2025, 2067, 2068, 2027, 2026, 2068, 2069, 2028, 2027, 2069, 2070, 2029, 2028, 2070, 2071, 2030, 2029, 2071, 2072, 2031, 2030, 2072, 2073, 2032, 2031, 2073, 2074, 2033, 2032, 2074, 2075, 2034, 2033, 2075, 2076, 2035, 2034, 2076, 2077, 2036, 2035, 2077, 2078, 2037, 2036, 2078, 2079, 2038, 2037, 2079, 2080, 2039, 2038, 2080, 2081, 2040, 2039, 2081, 2082, 2041, 2040, 2082, 2083, 2042, 2041, 2083, 2084, 2043, 2042, 2084, 2085, 2044, 2043, 2085, 2086, 2045, 2044, 2086, 2087, 2046, 2045, 2087, 2088, 2047, 2046, 2088, 2089, 2048, 2047, 2089, 2090, 2049, 2048, 2091, 2092, 2051, 2050, 2092, 2093, 2052, 2051, 2093, 2094, 2053, 2052, 2094, 2095, 2054, 2053, 2095, 2096, 2055, 2054, 2096, 2097, 2056, 2055, 2097, 2098, 2057, 2056, 2098, 2099, 2058, 2057, 2099, 2100, 2059, 2058, 2100, 2101, 2060, 2059, 2101, 2102, 2061, 2060, 2102, 2103, 2062, 2061, 2103, 2104, 2063, 2062, 2104, 2105, 2064, 2063, 2105, 2106, 2065, 2064, 2106, 2107, 2066, 2065, 2107, 2108, 2067, 2066, 2108, 2109, 2068, 2067, 2109, 2110, 2069, 2068, 2110, 2111, 2070, 2069, 2111, 2112, 2071, 2070, 2112, 2113, 2072, 2071, 2113, 2114, 2073, 2072, 2114, 2115, 2074, 2073, 2115, 2116, 2075, 2074, 2116, 2117, 2076, 2075, 2117, 2118, 2077, 2076, 2118, 2119, 2078, 2077, 2119, 2120, 2079, 2078, 2120, 2121, 2080, 2079, 2121, 2122, 2081, 2080, 2122, 2123, 2082, 2081, 2123, 2124, 2083, 2082, 2124, 2125, 2084, 2083, 2125, 2126, 2085, 2084, 2126, 2127, 2086, 2085, 2127, 2128, 2087, 2086, 2128, 2129, 2088, 2087, 2129, 2130, 2089, 2088, 2130, 2131, 2090, 2089, 2132, 2133, 2092, 2091, 2133, 2134, 2093, 2092, 2134, 2135, 2094, 2093, 2135, 2136, 2095, 2094, 2136, 2137, 2096, 2095, 2137, 2138, 2097, 2096, 2138, 2139, 2098, 2097, 2139, 2140, 2099, 2098, 2140, 2141, 2100, 2099, 2141, 2142, 2101, 2100, 2142, 2143, 2102, 2101, 2143, 2144, 2103, 2102, 2144, 2145, 2104, 2103, 2145, 2146, 2105, 2104, 2146, 2147, 2106, 2105, 2147, 2148, 2107, 2106, 2148, 2149, 2108, 2107, 2149, 2150, 2109, 2108, 2150, 2151, 2110, 2109, 2151, 2152, 2111, 2110, 2152, 2153, 2112, 2111, 2153, 2154, 2113, 2112, 2154, 2155, 2114, 2113, 2155, 2156, 2115, 2114, 2156, 2157, 2116, 2115, 2157, 2158, 2117, 2116, 2158, 2159, 2118, 2117, 2159, 2160, 2119, 2118, 2160, 2161, 2120, 2119, 2161, 2162, 2121, 2120, 2162, 2163, 2122, 2121, 2163, 2164, 2123, 2122, 2164, 2165, 2124, 2123, 2165, 2166, 2125, 2124, 2166, 2167, 2126, 2125, 2167, 2168, 2127, 2126, 2168, 2169, 2128, 2127, 2169, 2170, 2129, 2128, 2170, 2171, 2130, 2129, 2171, 2172, 2131, 2130, 2173, 2174, 2133, 2132, 2174, 2175, 2134, 2133, 2175, 2176, 2135, 2134, 2176, 2177, 2136, 2135, 2177, 2178, 2137, 2136, 2178, 2179, 2138, 2137, 2179, 2180, 2139, 2138, 2180, 2181, 2140, 2139, 2181, 2182, 2141, 2140, 2182, 2183, 2142, 2141, 2183, 2184, 2143, 2142, 2184, 2185, 2144, 2143, 2185, 2186, 2145, 2144, 2186, 2187, 2146, 2145, 2187, 2188, 2147, 2146, 2188, 2189, 2148, 2147, 2189, 2190, 2149, 2148, 2190, 2191, 2150, 2149, 2191, 2192, 2151, 2150, 2192, 2193, 2152, 2151, 2193, 2194, 2153, 2152, 2194, 2195, 2154, 2153, 2195, 2196, 2155, 2154, 2196, 2197, 2156, 2155, 2197, 2198, 2157, 2156, 2198, 2199, 2158, 2157, 2199, 2200, 2159, 2158, 2200, 2201, 2160, 2159, 2201, 2202, 2161, 2160, 2202, 2203, 2162, 2161, 2203, 2204, 2163, 2162, 2204, 2205, 2164, 2163, 2205, 2206, 2165, 2164, 2206, 2207, 2166, 2165, 2207, 2208, 2167, 2166, 2208, 2209, 2168, 2167, 2209, 2210, 2169, 2168, 2210, 2211, 2170, 2169, 2211, 2212, 2171, 2170, 2212, 2213, 2172, 2171, 2214, 2215, 2174, 2173, 2215, 2216, 2175, 2174, 2216, 2217, 2176, 2175, 2217, 2218, 2177, 2176, 2218, 2219, 2178, 2177, 2219, 2220, 2179, 2178, 2220, 2221, 2180, 2179, 2221, 2222, 2181, 2180, 2222, 2223, 2182, 2181, 2223, 2224, 2183, 2182, 2224, 2225, 2184, 2183, 2225, 2226, 2185, 2184, 2226, 2227, 2186, 2185, 2227, 2228, 2187, 2186, 2228, 2229, 2188, 2187, 2229, 2230, 2189, 2188, 2230, 2231, 2190, 2189, 2231, 2232, 2191, 2190, 2232, 2233, 2192, 2191, 2233, 2234, 2193, 2192, 2234, 2235, 2194, 2193, 2235, 2236, 2195, 2194, 2236, 2237, 2196, 2195, 2237, 2238, 2197, 2196, 2238, 2239, 2198, 2197, 2239, 2240, 2199, 2198, 2240, 2241, 2200, 2199, 2241, 2242, 2201, 2200, 2242, 2243, 2202, 2201, 2243, 2244, 2203, 2202, 2244, 2245, 2204, 2203, 2245, 2246, 2205, 2204, 2246, 2247, 2206, 2205, 2247, 2248, 2207, 2206, 2248, 2249, 2208, 2207, 2249, 2250, 2209, 2208, 2250, 2251, 2210, 2209, 2251, 2252, 2211, 2210, 2252, 2253, 2212, 2211, 2253, 2254, 2213, 2212, 2255, 2256, 2215, 2214, 2256, 2257, 2216, 2215, 2257, 2258, 2217, 2216, 2258, 2259, 2218, 2217, 2259, 2260, 2219, 2218, 2260, 2261, 2220, 2219, 2261, 2262, 2221, 2220, 2262, 2263, 2222, 2221, 2263, 2264, 2223, 2222, 2264, 2265, 2224, 2223, 2265, 2266, 2225, 2224, 2266, 2267, 2226, 2225, 2267, 2268, 2227, 2226, 2268, 2269, 2228, 2227, 2269, 2270, 2229, 2228, 2270, 2271, 2230, 2229, 2271, 2272, 2231, 2230, 2272, 2273, 2232, 2231, 2273, 2274, 2233, 2232, 2274, 2275, 2234, 2233, 2275, 2276, 2235, 2234, 2276, 2277, 2236, 2235, 2277, 2278, 2237, 2236, 2278, 2279, 2238, 2237, 2279, 2280, 2239, 2238, 2280, 2281, 2240, 2239, 2281, 2282, 2241, 2240, 2282, 2283, 2242, 2241, 2283, 2284, 2243, 2242, 2284, 2285, 2244, 2243, 2285, 2286, 2245, 2244, 2286, 2287, 2246, 2245, 2287, 2288, 2247, 2246, 2288, 2289, 2248, 2247, 2289, 2290, 2249, 2248, 2290, 2291, 2250, 2249, 2291, 2292, 2251, 2250, 2292, 2293, 2252, 2251, 2293, 2294, 2253, 2252, 2294, 2295, 2254, 2253, 2296, 2297, 2256, 2255, 2297, 2298, 2257, 2256, 2298, 2299, 2258, 2257, 2299, 2300, 2259, 2258, 2300, 2301, 2260, 2259, 2301, 2302, 2261, 2260, 2302, 2303, 2262, 2261, 2303, 2304, 2263, 2262, 2304, 2305, 2264, 2263, 2305, 2306, 2265, 2264, 2306, 2307, 2266, 2265, 2307, 2308, 2267, 2266, 2308, 2309, 2268, 2267, 2309, 2310, 2269, 2268, 2310, 2311, 2270, 2269, 2311, 2312, 2271, 2270, 2312, 2313, 2272, 2271, 2313, 2314, 2273, 2272, 2314, 2315, 2274, 2273, 2315, 2316, 2275, 2274, 2316, 2317, 2276, 2275, 2317, 2318, 2277, 2276, 2318, 2319, 2278, 2277, 2319, 2320, 2279, 2278, 2320, 2321, 2280, 2279, 2321, 2322, 2281, 2280, 2322, 2323, 2282, 2281, 2323, 2324, 2283, 2282, 2324, 2325, 2284, 2283, 2325, 2326, 2285, 2284, 2326, 2327, 2286, 2285, 2327, 2328, 2287, 2286, 2328, 2329, 2288, 2287, 2329, 2330, 2289, 2288, 2330, 2331, 2290, 2289, 2331, 2332, 2291, 2290, 2332, 2333, 2292, 2291, 2333, 2334, 2293, 2292, 2334, 2335, 2294, 2293, 2335, 2336, 2295, 2294, 2337, 2338, 2297, 2296, 2338, 2339, 2298, 2297, 2339, 2340, 2299, 2298, 2340, 2341, 2300, 2299, 2341, 2342, 2301, 2300, 2342, 2343, 2302, 2301, 2343, 2344, 2303, 2302, 2344, 2345, 2304, 2303, 2345, 2346, 2305, 2304, 2346, 2347, 2306, 2305, 2347, 2348, 2307, 2306, 2348, 2349, 2308, 2307, 2349, 2350, 2309, 2308, 2350, 2351, 2310, 2309, 2351, 2352, 2311, 2310, 2352, 2353, 2312, 2311, 2353, 2354, 2313, 2312, 2354, 2355, 2314, 2313, 2355, 2356, 2315, 2314, 2356, 2357, 2316, 2315, 2357, 2358, 2317, 2316, 2358, 2359, 2318, 2317, 2359, 2360, 2319, 2318, 2360, 2361, 2320, 2319, 2361, 2362, 2321, 2320, 2362, 2363, 2322, 2321, 2363, 2364, 2323, 2322, 2364, 2365, 2324, 2323, 2365, 2366, 2325, 2324, 2366, 2367, 2326, 2325, 2367, 2368, 2327, 2326, 2368, 2369, 2328, 2327, 2369, 2370, 2329, 2328, 2370, 2371, 2330, 2329, 2371, 2372, 2331, 2330, 2372, 2373, 2332, 2331, 2373, 2374, 2333, 2332, 2374, 2375, 2334, 2333, 2375, 2376, 2335, 2334, 2376, 2377, 2336, 2335, 2378, 2379, 2338, 2337, 2379, 2380, 2339, 2338, 2380, 2381, 2340, 2339, 2381, 2382, 2341, 2340, 2382, 2383, 2342, 2341, 2383, 2384, 2343, 2342, 2384, 2385, 2344, 2343, 2385, 2386, 2345, 2344, 2386, 2387, 2346, 2345, 2387, 2388, 2347, 2346, 2388, 2389, 2348, 2347, 2389, 2390, 2349, 2348, 2390, 2391, 2350, 2349, 2391, 2392, 2351, 2350, 2392, 2393, 2352, 2351, 2393, 2394, 2353, 2352, 2394, 2395, 2354, 2353, 2395, 2396, 2355, 2354, 2396, 2397, 2356, 2355, 2397, 2398, 2357, 2356, 2398, 2399, 2358, 2357, 2399, 2400, 2359, 2358, 2400, 2401, 2360, 2359, 2401, 2402, 2361, 2360, 2402, 2403, 2362, 2361, 2403, 2404, 2363, 2362, 2404, 2405, 2364, 2363, 2405, 2406, 2365, 2364, 2406, 2407, 2366, 2365, 2407, 2408, 2367, 2366, 2408, 2409, 2368, 2367, 2409, 2410, 2369, 2368, 2410, 2411, 2370, 2369, 2411, 2412, 2371, 2370, 2412, 2413, 2372, 2371, 2413, 2414, 2373, 2372, 2414, 2415, 2374, 2373, 2415, 2416, 2375, 2374, 2416, 2417, 2376, 2375, 2417, 2418, 2377, 2376, 2419, 2420, 2379, 2378, 2420, 2421, 2380, 2379, 2421, 2422, 2381, 2380, 2422, 2423, 2382, 2381, 2423, 2424, 2383, 2382, 2424, 2425, 2384, 2383, 2425, 2426, 2385, 2384, 2426, 2427, 2386, 2385, 2427, 2428, 2387, 2386, 2428, 2429, 2388, 2387, 2429, 2430, 2389, 2388, 2430, 2431, 2390, 2389, 2431, 2432, 2391, 2390, 2432, 2433, 2392, 2391, 2433, 2434, 2393, 2392, 2434, 2435, 2394, 2393, 2435, 2436, 2395, 2394, 2436, 2437, 2396, 2395, 2437, 2438, 2397, 2396, 2438, 2439, 2398, 2397, 2439, 2440, 2399, 2398, 2440, 2441, 2400, 2399, 2441, 2442, 2401, 2400, 2442, 2443, 2402, 2401, 2443, 2444, 2403, 2402, 2444, 2445, 2404, 2403, 2445, 2446, 2405, 2404, 2446, 2447, 2406, 2405, 2447, 2448, 2407, 2406, 2448, 2449, 2408, 2407, 2449, 2450, 2409, 2408, 2450, 2451, 2410, 2409, 2451, 2452, 2411, 2410, 2452, 2453, 2412, 2411, 2453, 2454, 2413, 2412, 2454, 2455, 2414, 2413, 2455, 2456, 2415, 2414, 2456, 2457, 2416, 2415, 2457, 2458, 2417, 2416, 2458, 2459, 2418, 2417, 2460, 2461, 2420, 2419, 2461, 2462, 2421, 2420, 2462, 2463, 2422, 2421, 2463, 2464, 2423, 2422, 2464, 2465, 2424, 2423, 2465, 2466, 2425, 2424, 2466, 2467, 2426, 2425, 2467, 2468, 2427, 2426, 2468, 2469, 2428, 2427, 2469, 2470, 2429, 2428, 2470, 2471, 2430, 2429, 2471, 2472, 2431, 2430, 2472, 2473, 2432, 2431, 2473, 2474, 2433, 2432, 2474, 2475, 2434, 2433, 2475, 2476, 2435, 2434, 2476, 2477, 2436, 2435, 2477, 2478, 2437, 2436, 2478, 2479, 2438, 2437, 2479, 2480, 2439, 2438, 2480, 2481, 2440, 2439, 2481, 2482, 2441, 2440, 2482, 2483, 2442, 2441, 2483, 2484, 2443, 2442, 2484, 2485, 2444, 2443, 2485, 2486, 2445, 2444, 2486, 2487, 2446, 2445, 2487, 2488, 2447, 2446, 2488, 2489, 2448, 2447, 2489, 2490, 2449, 2448, 2490, 2491, 2450, 2449, 2491, 2492, 2451, 2450, 2492, 2493, 2452, 2451, 2493, 2494, 2453, 2452, 2494, 2495, 2454, 2453, 2495, 2496, 2455, 2454, 2496, 2497, 2456, 2455, 2497, 2498, 2457, 2456, 2498, 2499, 2458, 2457, 2499, 2500, 2459, 2458, 2501, 2502, 2461, 2460, 2502, 2503, 2462, 2461, 2503, 2504, 2463, 2462, 2504, 2505, 2464, 2463, 2505, 2506, 2465, 2464, 2506, 2507, 2466, 2465, 2507, 2508, 2467, 2466, 2508, 2509, 2468, 2467, 2509, 2510, 2469, 2468, 2510, 2511, 2470, 2469, 2511, 2512, 2471, 2470, 2512, 2513, 2472, 2471, 2513, 2514, 2473, 2472, 2514, 2515, 2474, 2473, 2515, 2516, 2475, 2474, 2516, 2517, 2476, 2475, 2517, 2518, 2477, 2476, 2518, 2519, 2478, 2477, 2519, 2520, 2479, 2478, 2520, 2521, 2480, 2479, 2521, 2522, 2481, 2480, 2522, 2523, 2482, 2481, 2523, 2524, 2483, 2482, 2524, 2525, 2484, 2483, 2525, 2526, 2485, 2484, 2526, 2527, 2486, 2485, 2527, 2528, 2487, 2486, 2528, 2529, 2488, 2487, 2529, 2530, 2489, 2488, 2530, 2531, 2490, 2489, 2531, 2532, 2491, 2490, 2532, 2533, 2492, 2491, 2533, 2534, 2493, 2492, 2534, 2535, 2494, 2493, 2535, 2536, 2495, 2494, 2536, 2537, 2496, 2495, 2537, 2538, 2497, 2496, 2538, 2539, 2498, 2497, 2539, 2540, 2499, 2498, 2540, 2541, 2500, 2499, 1, 0, 1271, 1272, 2, 1, 1272, 1273, 3, 2, 1273, 1274, 4, 3, 1274, 1275, 5, 4, 1275, 1276, 6, 5, 1276, 1277, 7, 6, 1277, 1278, 8, 7, 1278, 1279, 9, 8, 1279, 1280, 10, 9, 1280, 1281, 11, 10, 1281, 1282, 12, 11, 1282, 1283, 13, 12, 1283, 1284, 14, 13, 1284, 1285, 15, 14, 1285, 1286, 16, 15, 1286, 1287, 17, 16, 1287, 1288, 18, 17, 1288, 1289, 19, 18, 1289, 1290, 20, 19, 1290, 1291, 21, 20, 1291, 1292, 22, 21, 1292, 1293, 23, 22, 1293, 1294, 24, 23, 1294, 1295, 25, 24, 1295, 1296, 26, 25, 1296, 1297, 27, 26, 1297, 1298, 28, 27, 1298, 1299, 29, 28, 1299, 1300, 30, 29, 1300, 1301, 31, 30, 1301, 1302, 32, 31, 1302, 1303, 33, 32, 1303, 1304, 34, 33, 1304, 1305, 35, 34, 1305, 1306, 36, 35, 1306, 1307, 37, 36, 1307, 1308, 38, 37, 1308, 1309, 39, 38, 1309, 1310, 40, 39, 1310, 1311, 81, 40, 1311, 1352, 122, 81, 1352, 1393, 163, 122, 1393, 1434, 204, 163, 1434, 1475, 245, 204, 1475, 1516, 286, 245, 1516, 1557, 327, 286, 1557, 1598, 368, 327, 1598, 1639, 409, 368, 1639, 1680, 450, 409, 1680, 1721, 491, 450, 1721, 1762, 532, 491, 1762, 1803, 573, 532, 1803, 1844, 614, 573, 1844, 1885, 655, 614, 1885, 1926, 696, 655, 1926, 1967, 737, 696, 1967, 2008, 778, 737, 2008, 2049, 819, 778, 2049, 2090, 860, 819, 2090, 2131, 901, 860, 2131, 2172, 942, 901, 2172, 2213, 983, 942, 2213, 2254, 1024, 983, 2254, 2295, 1065, 1024, 2295, 2336, 1106, 1065, 2336, 2377, 1147, 1106, 2377, 2418, 1188, 1147, 2418, 2459, 1229, 1188, 2459, 2500, 1270, 1229, 2500, 2541, 1269, 1270, 2541, 2540, 1268, 1269, 2540, 2539, 1267, 1268, 2539, 2538, 1266, 1267, 2538, 2537, 1265, 1266, 2537, 2536, 1264, 1265, 2536, 2535, 1263, 1264, 2535, 2534, 1262, 1263, 2534, 2533, 1261, 1262, 2533, 2532, 1260, 1261, 2532, 2531, 1259, 1260, 2531, 2530, 1258, 1259, 2530, 2529, 1257, 1258, 2529, 2528, 1256, 1257, 2528, 2527, 1255, 1256, 2527, 2526, 1254, 1255, 2526, 2525, 1253, 1254, 2525, 2524, 1252, 1253, 2524, 2523, 1251, 1252, 2523, 2522, 1250, 1251, 2522, 2521, 1249, 1250, 2521, 2520, 1248, 1249, 2520, 2519, 1247, 1248, 2519, 2518, 1246, 1247, 2518, 2517, 1245, 1246, 2517, 2516, 1244, 1245, 2516, 2515, 1243, 1244, 2515, 2514, 1242, 1243, 2514, 2513, 1241, 1242, 2513, 2512, 1240, 1241, 2512, 2511, 1239, 1240, 2511, 2510, 1238, 1239, 2510, 2509, 1237, 1238, 2509, 2508, 1236, 1237, 2508, 2507, 1235, 1236, 2507, 2506, 1234, 1235, 2506, 2505, 1233, 1234, 2505, 2504, 1232, 1233, 2504, 2503, 1231, 1232, 2503, 2502, 1230, 1231, 2502, 2501, 1189, 1230, 2501, 2460, 1148, 1189, 2460, 2419, 1107, 1148, 2419, 2378, 1066, 1107, 2378, 2337, 1025, 1066, 2337, 2296, 984, 1025, 2296, 2255, 943, 984, 2255, 2214, 902, 943, 2214, 2173, 861, 902, 2173, 2132, 820, 861, 2132, 2091, 779, 820, 2091, 2050, 738, 779, 2050, 2009, 697, 738, 2009, 1968, 656, 697, 1968, 1927, 615, 656, 1927, 1886, 574, 615, 1886, 1845, 533, 574, 1845, 1804, 492, 533, 1804, 1763, 451, 492, 1763, 1722, 410, 451, 1722, 1681, 369, 410, 1681, 1640, 328, 369, 1640, 1599, 287, 328, 1599, 1558, 246, 287, 1558, 1517, 205, 246, 1517, 1476, 164, 205, 1476, 1435, 123, 164, 1435, 1394, 82, 123, 1394, 1353, 41, 82, 1353, 1312, 0, 41, 1312, 1271]
                rel material:binding = </Asset/_materials/PurpleMailer_coated_film>
                normal3f[] normals = [(-0.66038895, -0.65774477, 0.3622958), (-0.14421198, -0.90394586, 0.40259767), (-0.409229, -0.42090395, 0.80955017), (-0.9054001, -0.14553906, 0.3988345), (-0.14421198, -0.90394586, 0.40259767), (-0.039774142, -0.94776285, 0.31648633), (-0.15291643, -0.5511434, 0.82027894), (-0.409229, -0.42090395, 0.80955017), (-0.039774142, -0.94776285, 0.31648633), (-0.025479976, -0.9587617, 0.28306666), (-0.11708271, -0.555164, 0.82345897), (-0.15291643, -0.5511434, 0.82027894), (-0.025479976, -0.9587617, 0.28306666), (0.0009858425, -0.9625604, 0.2710654), (-0.024373597, -0.59113514, 0.8062042), (-0.11708271, -0.555164, 0.82345897), (0.0009858425, -0.9625604, 0.2710654), (-0.0023354245, -0.96271175, 0.27051926), (-0.01619152, -0.6334641, 0.77360266), (-0.024373597, -0.59113514, 0.8062042), (-0.0023354245, -0.96271175, 0.27051926), (-0.02188069, -0.96542954, 0.25974408), (-0.08658287, -0.62380415, 0.7767702), (-0.01619152, -0.6334641, 0.77360266), (-0.02188069, -0.96542954, 0.25974408), (-0.013472936, -0.9698007, 0.24352631), (-0.077102266, -0.60562295, 0.7920076), (-0.08658287, -0.62380415, 0.7767702), (-0.013472936, -0.9698007, 0.24352631), (0.0077209757, -0.97066724, 0.24030295), (0.014061813, -0.64088416, 0.7675088), (-0.077102266, -0.60562295, 0.7920076), (0.0077209757, -0.97066724, 0.24030295), (0.000782523, -0.96969163, 0.24433057), (0.009614087, -0.6686707, 0.7434965), (0.014061813, -0.64088416, 0.7675088), (0.000782523, -0.96969163, 0.24433057), (-0.017373245, -0.971093, 0.23806825), (-0.07202159, -0.6444875, 0.7612153), (0.009614087, -0.6686707, 0.7434965), (-0.017373245, -0.971093, 0.23806825), (-0.008288623, -0.9739167, 0.22675458), (-0.06284767, -0.63104415, 0.7731968), (-0.07202159, -0.6444875, 0.7612153), (-0.008288623, -0.9739167, 0.22675458), (0.009347654, -0.9740127, 0.22630037), (0.031012338, -0.6690879, 0.742536), (-0.06284767, -0.63104415, 0.7731968), (0.009347654, -0.9740127, 0.22630037), (0.0010849162, -0.97291994, 0.23113956), (0.021692459, -0.6823678, 0.73068714), (0.031012338, -0.6690879, 0.742536), (0.0010849162, -0.97291994, 0.23113956), (-0.013895754, -0.97384155, 0.22680257), (-0.06286506, -0.6511659, 0.7563273), (0.021692459, -0.6823678, 0.73068714), (-0.013895754, -0.97384155, 0.22680257), (-0.0045163683, -0.97578156, 0.21870063), (-0.052040253, -0.64900774, 0.7589999), (-0.06286506, -0.6511659, 0.7563273), (-0.0045163683, -0.97578156, 0.21870063), (0.009203302, -0.9755146, 0.2197422), (0.04074523, -0.6859227, 0.7265327), (-0.052040253, -0.64900774, 0.7589999), (0.009203302, -0.9755146, 0.2197422), (0.00085154595, -0.9744962, 0.22440241), (0.029428193, -0.68396276, 0.72892314), (0.04074523, -0.6859227, 0.7265327), (0.00085154595, -0.9744962, 0.22440241), (-0.010212434, -0.9751273, 0.22141041), (-0.05349584, -0.6515348, 0.75673026), (0.029428193, -0.68396276, 0.72892314), (-0.010212434, -0.9751273, 0.22141041), (-0.0014833538, -0.976368, 0.21610954), (-0.041130427, -0.66270494, 0.7477502), (-0.05349584, -0.6515348, 0.75673026), (-0.0014833538, -0.976368, 0.21610954), (0.008084265, -0.97589266, 0.21810152), (0.04651286, -0.6935111, 0.7189429), (-0.041130427, -0.66270494, 0.7477502), (0.008084265, -0.97589266, 0.21810152), (0.0008446345, -0.9749949, 0.22222553), (0.035703927, -0.6766783, 0.73541254), (0.04651286, -0.6935111, 0.7189429), (0.0008446345, -0.9749949, 0.22222553), (-0.0060518878, -0.97533745, 0.2206359), (-0.041926336, -0.64852166, 0.7600407), (0.035703927, -0.6766783, 0.73541254), (-0.0060518878, -0.97533745, 0.2206359), (0.0009399393, -0.9759276, 0.2180925), (-0.02923585, -0.6719036, 0.7400614), (-0.041926336, -0.64852166, 0.7600407), (0.0009399393, -0.9759276, 0.2180925), (0.0064668353, -0.97531986, 0.22070165), (0.04996408, -0.69205946, 0.7201093), (-0.02923585, -0.6719036, 0.7400614), (0.0064668353, -0.97531986, 0.22070165), (0.0015467864, -0.974517, 0.22430834), (0.042180836, -0.66197336, 0.74833953), (0.04996408, -0.69205946, 0.7201093), (0.0015467864, -0.974517, 0.22430834), (-0.0013527891, -0.9744512, 0.22459517), (-0.026930373, -0.6427611, 0.7655933), (0.042180836, -0.66197336, 0.74833953), (-0.0013527891, -0.9744512, 0.22459517), (0.002868815, -0.97436684, 0.22494672), (-0.01591797, -0.6745787, 0.7380312), (-0.026930373, -0.6427611, 0.7655933), (0.002868815, -0.97436684, 0.22494672), (0.0048903693, -0.97364205, 0.22802892), (0.052850943, -0.6806471, 0.7307026), (-0.01591797, -0.6745787, 0.7380312), (0.0048903693, -0.97364205, 0.22802892), (0.0034485664, -0.97280204, 0.23161258), (0.050706495, -0.6401069, 0.76661074), (0.052850943, -0.6806471, 0.7307026), (0.0034485664, -0.97280204, 0.23161258), (0.0040388494, -0.9720461, 0.23475528), (-0.0069041583, -0.6324084, 0.7746044), (0.050706495, -0.6401069, 0.76661074), (0.0040388494, -0.9720461, 0.23475528), (0.0047396854, -0.971135, 0.2384832), (0.00043235996, -0.6666545, 0.74536675), (-0.0069041583, -0.6324084, 0.7746044), (0.0047396854, -0.971135, 0.2384832), (0.004329352, -0.97015405, 0.24245071), (0.058647744, -0.6563269, 0.7521937), (0.00043235996, -0.6666545, 0.74536675), (0.004329352, -0.97015405, 0.24245071), (0.007537218, -0.9688492, 0.24753676), (0.06549535, -0.6086428, 0.79073656), (0.058647744, -0.6563269, 0.7521937), (0.007537218, -0.9688492, 0.24753676), (0.011152974, -0.96666324, 0.25580803), (0.023411473, -0.6104308, 0.7917235), (0.06549535, -0.6086428, 0.79073656), (0.011152974, -0.96666324, 0.25580803), (0.008580256, -0.96419233, 0.26506522), (0.028212927, -0.637824, 0.76966524), (0.023411473, -0.6104308, 0.7917235), (0.008580256, -0.96419233, 0.26506522), (0.008380442, -0.9619332, 0.27315596), (0.0813887, -0.60780793, 0.78990215), (0.028212927, -0.637824, 0.76966524), (0.008380442, -0.9619332, 0.27315596), (0.019551164, -0.9579104, 0.28640068), (0.10983414, -0.5513597, 0.82700604), (0.0813887, -0.60780793, 0.78990215), (0.019551164, -0.9579104, 0.28640068), (0.032255486, -0.9493604, 0.31252939), (0.11410011, -0.5392674, 0.83436906), (0.10983414, -0.5513597, 0.82700604), (0.032255486, -0.9493604, 0.31252939), (0.14573734, -0.9081692, 0.3924147), (0.4130152, -0.43101543, 0.8022744), (0.11410011, -0.5392674, 0.83436906), (0.14573734, -0.9081692, 0.3924147), (0.66284424, -0.66016495, 0.3532984), (0.9108321, -0.15190421, 0.38381), (0.4130152, -0.43101543, 0.8022744), (-0.9054001, -0.14553906, 0.3988345), (-0.409229, -0.42090395, 0.80955017), (-0.5371528, -0.121741, 0.8346532), (-0.9471325, -0.024835642, 0.3198798), (-0.409229, -0.42090395, 0.80955017), (-0.15291643, -0.5511434, 0.82027894), (-0.23390445, -0.19711351, 0.9520688), (-0.5371528, -0.121741, 0.8346532), (-0.15291643, -0.5511434, 0.82027894), (-0.11708271, -0.555164, 0.82345897), (-0.1580838, -0.21371576, 0.96402025), (-0.23390445, -0.19711351, 0.9520688), (-0.11708271, -0.555164, 0.82345897), (-0.024373597, -0.59113514, 0.8062042), (-0.042477645, -0.20561501, 0.9777106), (-0.1580838, -0.21371576, 0.96402025), (-0.024373597, -0.59113514, 0.8062042), (-0.01619152, -0.6334641, 0.77360266), (-0.050022103, -0.22439319, 0.973214), (-0.042477645, -0.20561501, 0.9777106), (-0.01619152, -0.6334641, 0.77360266), (-0.08658287, -0.62380415, 0.7767702), (-0.13397416, -0.25553185, 0.9574729), (-0.050022103, -0.22439319, 0.973214), (-0.08658287, -0.62380415, 0.7767702), (-0.077102266, -0.60562295, 0.7920076), (-0.09746365, -0.25452244, 0.96214294), (-0.13397416, -0.25553185, 0.9574729), (-0.077102266, -0.60562295, 0.7920076), (0.014061813, -0.64088416, 0.7675088), (0.016928356, -0.23608325, 0.97158533), (-0.09746365, -0.25452244, 0.96214294), (0.014061813, -0.64088416, 0.7675088), (0.009614087, -0.6686707, 0.7434965), (-0.0037703542, -0.25582305, 0.9667163), (0.016928356, -0.23608325, 0.97158533), (0.009614087, -0.6686707, 0.7434965), (-0.07202159, -0.6444875, 0.7612153), (-0.110216096, -0.28084823, 0.9534027), (-0.0037703542, -0.25582305, 0.9667163), (-0.07202159, -0.6444875, 0.7612153), (-0.06284767, -0.63104415, 0.7731968), (-0.07790098, -0.27263215, 0.9589594), (-0.110216096, -0.28084823, 0.9534027), (-0.06284767, -0.63104415, 0.7731968), (0.031012338, -0.6690879, 0.742536), (0.044405825, -0.25282794, 0.9664917), (-0.07790098, -0.27263215, 0.9589594), (0.031012338, -0.6690879, 0.742536), (0.021692459, -0.6823678, 0.73068714), (0.022045465, -0.27513444, 0.961153), (0.044405825, -0.25282794, 0.9664917), (0.021692459, -0.6823678, 0.73068714), (-0.06286506, -0.6511659, 0.7563273), (-0.0956104, -0.29279506, 0.951383), (0.022045465, -0.27513444, 0.961153), (-0.06286506, -0.6511659, 0.7563273), (-0.052040253, -0.64900774, 0.7589999), (-0.065582976, -0.28063112, 0.95757246), (-0.0956104, -0.29279506, 0.951383), (-0.052040253, -0.64900774, 0.7589999), (0.04074523, -0.6859227, 0.7265327), (0.061796542, -0.2633449, 0.96272045), (-0.065582976, -0.28063112, 0.95757246), (0.04074523, -0.6859227, 0.7265327), (0.029428193, -0.68396276, 0.72892314), (0.04089212, -0.28603217, 0.95734715), (0.061796542, -0.2633449, 0.96272045), (0.029428193, -0.68396276, 0.72892314), (-0.05349584, -0.6515348, 0.75673026), (-0.081820026, -0.2957403, 0.9517579), (0.04089212, -0.28603217, 0.95734715), (-0.05349584, -0.6515348, 0.75673026), (-0.041130427, -0.66270494, 0.7477502), (-0.054705918, -0.28195673, 0.9578662), (-0.081820026, -0.2957403, 0.9517579), (-0.041130427, -0.66270494, 0.7477502), (0.04651286, -0.6935111, 0.7189429), (0.0740218, -0.2696684, 0.960104), (-0.054705918, -0.28195673, 0.9578662), (0.04651286, -0.6935111, 0.7189429), (0.035703927, -0.6766783, 0.73541254), (0.05668782, -0.28915295, 0.955603), (0.0740218, -0.2696684, 0.960104), (0.035703927, -0.6766783, 0.73541254), (-0.041926336, -0.64852166, 0.7600407), (-0.06580403, -0.29148352, 0.95430976), (0.05668782, -0.28915295, 0.955603), (-0.041926336, -0.64852166, 0.7600407), (-0.02923585, -0.6719036, 0.7400614), (-0.043055758, -0.27797928, 0.95962167), (-0.06580403, -0.29148352, 0.95430976), (-0.02923585, -0.6719036, 0.7400614), (0.04996408, -0.69205946, 0.7201093), (0.08336738, -0.27181414, 0.958732), (-0.043055758, -0.27797928, 0.95962167), (0.04996408, -0.69205946, 0.7201093), (0.042180836, -0.66197336, 0.74833953), (0.07170336, -0.28442183, 0.95601404), (0.08336738, -0.27181414, 0.958732), (0.042180836, -0.66197336, 0.74833953), (-0.026930373, -0.6427611, 0.7655933), (-0.045492392, -0.28058273, 0.9587511), (0.07170336, -0.28442183, 0.95601404), (-0.026930373, -0.6427611, 0.7655933), (-0.01591797, -0.6745787, 0.7380312), (-0.028612597, -0.26897216, 0.96272284), (-0.045492392, -0.28058273, 0.9587511), (-0.01591797, -0.6745787, 0.7380312), (0.052850943, -0.6806471, 0.7307026), (0.092163526, -0.26835772, 0.9589004), (-0.028612597, -0.26897216, 0.96272284), (0.052850943, -0.6806471, 0.7307026), (0.050706495, -0.6401069, 0.76661074), (0.0885294, -0.27128696, 0.9584184), (0.092163526, -0.26835772, 0.9589004), (0.050706495, -0.6401069, 0.76661074), (-0.0069041583, -0.6324084, 0.7746044), (-0.017941108, -0.26237008, 0.96480054), (0.0885294, -0.27128696, 0.9584184), (-0.0069041583, -0.6324084, 0.7746044), (0.00043235996, -0.6666545, 0.74536675), (-0.0072776605, -0.25374758, 0.96724313), (-0.017941108, -0.26237008, 0.96480054), (0.00043235996, -0.6666545, 0.74536675), (0.058647744, -0.6563269, 0.7521937), (0.10530003, -0.25606668, 0.96090674), (-0.0072776605, -0.25374758, 0.96724313), (0.058647744, -0.6563269, 0.7521937), (0.06549535, -0.6086428, 0.79073656), (0.11314662, -0.24760403, 0.9622318), (0.10530003, -0.25606668, 0.96090674), (0.06549535, -0.6086428, 0.79073656), (0.023411473, -0.6104308, 0.7917235), (0.02586296, -0.23366208, 0.9719739), (0.11314662, -0.24760403, 0.9622318), (0.023411473, -0.6104308, 0.7917235), (0.028212927, -0.637824, 0.76966524), (0.03560566, -0.22724427, 0.9731867), (0.02586296, -0.23366208, 0.9719739), (0.028212927, -0.637824, 0.76966524), (0.0813887, -0.60780793, 0.78990215), (0.14325254, -0.22631289, 0.96346307), (0.03560566, -0.22724427, 0.9731867), (0.0813887, -0.60780793, 0.78990215), (0.10983414, -0.5513597, 0.82700604), (0.17921552, -0.20304482, 0.962629), (0.14325254, -0.22631289, 0.96346307), (0.10983414, -0.5513597, 0.82700604), (0.11410011, -0.5392674, 0.83436906), (0.16339648, -0.17640635, 0.9706608), (0.17921552, -0.20304482, 0.962629), (0.11410011, -0.5392674, 0.83436906), (0.4130152, -0.43101543, 0.8022744), (0.5196814, -0.11820499, 0.84614354), (0.16339648, -0.17640635, 0.9706608), (0.4130152, -0.43101543, 0.8022744), (0.9108321, -0.15190421, 0.38381), (0.95328456, -0.02608362, 0.30094546), (0.5196814, -0.11820499, 0.84614354), (-0.9471325, -0.024835642, 0.3198798), (-0.5371528, -0.121741, 0.8346532), (-0.59673303, -0.0883886, 0.797557), (-0.95499295, -0.020835033, 0.29589573), (-0.5371528, -0.121741, 0.8346532), (-0.23390445, -0.19711351, 0.9520688), (-0.25552785, -0.12981513, 0.95804673), (-0.59673303, -0.0883886, 0.797557), (-0.23390445, -0.19711351, 0.9520688), (-0.1580838, -0.21371576, 0.96402025), (-0.1598017, -0.13645637, 0.9776723), (-0.25552785, -0.12981513, 0.95804673), (-0.1580838, -0.21371576, 0.96402025), (-0.042477645, -0.20561501, 0.9777106), (-0.058317855, -0.16208097, 0.9850527), (-0.1598017, -0.13645637, 0.9776723), (-0.042477645, -0.20561501, 0.9777106), (-0.050022103, -0.22439319, 0.973214), (-0.073309146, -0.17858943, 0.98118883), (-0.058317855, -0.16208097, 0.9850527), (-0.050022103, -0.22439319, 0.973214), (-0.13397416, -0.25553185, 0.9574729), (-0.1353267, -0.1693935, 0.97621334), (-0.073309146, -0.17858943, 0.98118883), (-0.13397416, -0.25553185, 0.9574729), (-0.09746365, -0.25452244, 0.96214294), (-0.09147503, -0.16206633, 0.9825309), (-0.1353267, -0.1693935, 0.97621334), (-0.09746365, -0.25452244, 0.96214294), (0.016928356, -0.23608325, 0.97158533), (-0.0027273963, -0.18770714, 0.98222125), (-0.09147503, -0.16206633, 0.9825309), (0.016928356, -0.23608325, 0.97158533), (-0.0037703542, -0.25582305, 0.9667163), (-0.021057272, -0.20189983, 0.9791798), (-0.0027273963, -0.18770714, 0.98222125), (-0.0037703542, -0.25582305, 0.9667163), (-0.110216096, -0.28084823, 0.9534027), (-0.09783969, -0.18416938, 0.97801286), (-0.021057272, -0.20189983, 0.9791798), (-0.110216096, -0.28084823, 0.9534027), (-0.07790098, -0.27263215, 0.9589594), (-0.073010705, -0.1749618, 0.98186445), (-0.09783969, -0.18416938, 0.97801286), (-0.07790098, -0.27263215, 0.9589594), (0.044405825, -0.25282794, 0.9664917), (0.01801535, -0.20163393, 0.9792953), (-0.073010705, -0.1749618, 0.98186445), (0.044405825, -0.25282794, 0.9664917), (0.022045465, -0.27513444, 0.961153), (0.012595952, -0.2131209, 0.9769446), (0.01801535, -0.20163393, 0.9792953), (0.022045465, -0.27513444, 0.961153), (-0.0956104, -0.29279506, 0.951383), (-0.07171112, -0.18957533, 0.97924393), (0.012595952, -0.2131209, 0.9769446), (-0.0956104, -0.29279506, 0.951383), (-0.065582976, -0.28063112, 0.95757246), (-0.065835275, -0.18233326, 0.9810303), (-0.07171112, -0.18957533, 0.97924393), (-0.065582976, -0.28063112, 0.95757246), (0.061796542, -0.2633449, 0.96272045), (0.029802669, -0.2088907, 0.97748476), (-0.065835275, -0.18233326, 0.9810303), (0.061796542, -0.2633449, 0.96272045), (0.04089212, -0.28603217, 0.95734715), (0.041370135, -0.21669766, 0.9753618), (0.029802669, -0.2088907, 0.97748476), (0.04089212, -0.28603217, 0.95734715), (-0.081820026, -0.2957403, 0.9517579), (-0.049242515, -0.18966442, 0.9806134), (0.041370135, -0.21669766, 0.9753618), (-0.081820026, -0.2957403, 0.9517579), (-0.054705918, -0.28195673, 0.9578662), (-0.061980546, -0.18501425, 0.98077935), (-0.049242515, -0.18966442, 0.9806134), (-0.054705918, -0.28195673, 0.9578662), (0.0740218, -0.2696684, 0.960104), (0.03906991, -0.2109867, 0.97670776), (-0.061980546, -0.18501425, 0.98077935), (0.0740218, -0.2696684, 0.960104), (0.05668782, -0.28915295, 0.955603), (0.06810708, -0.21484722, 0.9742701), (0.03906991, -0.2109867, 0.97670776), (0.05668782, -0.28915295, 0.955603), (-0.06580403, -0.29148352, 0.95430976), (-0.028047716, -0.18606852, 0.98213637), (0.06810708, -0.21484722, 0.9742701), (-0.06580403, -0.29148352, 0.95430976), (-0.043055758, -0.27797928, 0.95962167), (-0.057372946, -0.18265532, 0.9815015), (-0.028047716, -0.18606852, 0.98213637), (-0.043055758, -0.27797928, 0.95962167), (0.08336738, -0.27181414, 0.958732), (0.048792593, -0.20851907, 0.97680044), (-0.057372946, -0.18265532, 0.9815015), (0.08336738, -0.27181414, 0.958732), (0.07170336, -0.28442183, 0.95601404), (0.09360047, -0.20893537, 0.9734398), (0.048792593, -0.20851907, 0.97680044), (0.07170336, -0.28442183, 0.95601404), (-0.045492392, -0.28058273, 0.9587511), (-0.006220782, -0.17897901, 0.98383325), (0.09360047, -0.20893537, 0.9734398), (-0.045492392, -0.28058273, 0.9587511), (-0.028612597, -0.26897216, 0.96272284), (-0.048357222, -0.17492023, 0.9833944), (-0.006220782, -0.17897901, 0.98383325), (-0.028612597, -0.26897216, 0.96272284), (0.092163526, -0.26835772, 0.9589004), (0.061552588, -0.2013133, 0.9775911), (-0.048357222, -0.17492023, 0.9833944), (0.092163526, -0.26835772, 0.9589004), (0.0885294, -0.27128696, 0.9584184), (0.11902644, -0.19919032, 0.9727054), (0.061552588, -0.2013133, 0.9775911), (0.0885294, -0.27128696, 0.9584184), (-0.017941108, -0.26237008, 0.96480054), (0.019612122, -0.1675325, 0.98567146), (0.11902644, -0.19919032, 0.9727054), (-0.017941108, -0.26237008, 0.96480054), (-0.0072776605, -0.25374758, 0.96724313), (-0.029286629, -0.1614678, 0.9864433), (0.019612122, -0.1675325, 0.98567146), (-0.0072776605, -0.25374758, 0.96724313), (0.10530003, -0.25606668, 0.96090674), (0.08242309, -0.18776582, 0.9787494), (-0.029286629, -0.1614678, 0.9864433), (0.10530003, -0.25606668, 0.96090674), (0.11314662, -0.24760403, 0.9622318), (0.14945954, -0.18362729, 0.97156715), (0.08242309, -0.18776582, 0.9787494), (0.11314662, -0.24760403, 0.9622318), (0.02586296, -0.23366208, 0.9719739), (0.05977207, -0.14944394, 0.9869619), (0.14945954, -0.18362729, 0.97156715), (0.02586296, -0.23366208, 0.9719739), (0.03560566, -0.22724427, 0.9731867), (0.01715105, -0.14017066, 0.9899788), (0.05977207, -0.14944394, 0.9869619), (0.03560566, -0.22724427, 0.9731867), (0.14325254, -0.22631289, 0.96346307), (0.13353637, -0.16182545, 0.97774255), (0.01715105, -0.14017066, 0.9899788), (0.14325254, -0.22631289, 0.96346307), (0.17921552, -0.20304482, 0.962629), (0.21916041, -0.15328808, 0.96357226), (0.13353637, -0.16182545, 0.97774255), (0.17921552, -0.20304482, 0.962629), (0.16339648, -0.17640635, 0.9706608), (0.19836469, -0.11368948, 0.97351223), (0.21916041, -0.15328808, 0.96357226), (0.16339648, -0.17640635, 0.9706608), (0.5196814, -0.11820499, 0.84614354), (0.5630582, -0.058635045, 0.82433444), (0.19836469, -0.11368948, 0.97351223), (0.5196814, -0.11820499, 0.84614354), (0.95328456, -0.02608362, 0.30094546), (0.9591151, -0.009605385, 0.28285354), (0.5630582, -0.058635045, 0.82433444), (-0.95499295, -0.020835033, 0.29589573), (-0.59673303, -0.0883886, 0.797557), (-0.58202, -0.10188054, 0.8067671), (-0.96230453, -0.029438077, 0.2703763), (-0.59673303, -0.0883886, 0.797557), (-0.25552785, -0.12981513, 0.95804673), (-0.21113141, -0.08360403, 0.9738757), (-0.58202, -0.10188054, 0.8067671), (-0.25552785, -0.12981513, 0.95804673), (-0.1598017, -0.13645637, 0.9776723), (-0.19598833, -0.059752885, 0.978784), (-0.21113141, -0.08360403, 0.9738757), (-0.1598017, -0.13645637, 0.9776723), (-0.058317855, -0.16208097, 0.9850527), (-0.1421337, -0.14710626, 0.9788553), (-0.19598833, -0.059752885, 0.978784), (-0.058317855, -0.16208097, 0.9850527), (-0.073309146, -0.17858943, 0.98118883), (-0.052384965, -0.18818992, 0.9807345), (-0.1421337, -0.14710626, 0.9788553), (-0.073309146, -0.17858943, 0.98118883), (-0.1353267, -0.1693935, 0.97621334), (-0.06446345, -0.112672366, 0.9915389), (-0.052384965, -0.18818992, 0.9807345), (-0.1353267, -0.1693935, 0.97621334), (-0.09147503, -0.16206633, 0.9825309), (-0.1311989, -0.084488176, 0.9877493), (-0.06446345, -0.112672366, 0.9915389), (-0.09147503, -0.16206633, 0.9825309), (-0.0027273963, -0.18770714, 0.98222125), (-0.087661326, -0.16968107, 0.98159254), (-0.1311989, -0.084488176, 0.9877493), (-0.0027273963, -0.18770714, 0.98222125), (-0.021057272, -0.20189983, 0.9791798), (0.012184883, -0.19728923, 0.9802696), (-0.087661326, -0.16968107, 0.98159254), (-0.021057272, -0.20189983, 0.9791798), (-0.09783969, -0.18416938, 0.97801286), (-0.024462072, -0.12384739, 0.9919997), (0.012184883, -0.19728923, 0.9802696), (-0.09783969, -0.18416938, 0.97801286), (-0.073010705, -0.1749618, 0.98186445), (-0.11551163, -0.10502151, 0.9877386), (-0.024462072, -0.12384739, 0.9919997), (-0.073010705, -0.1749618, 0.98186445), (0.01801535, -0.20163393, 0.9792953), (-0.061121244, -0.1785177, 0.9820365), (-0.11551163, -0.10502151, 0.9877386), (0.01801535, -0.20163393, 0.9792953), (0.012595952, -0.2131209, 0.9769446), (0.050730713, -0.19310893, 0.979865), (-0.061121244, -0.1785177, 0.9820365), (0.012595952, -0.2131209, 0.9769446), (-0.07171112, -0.18957533, 0.97924393), (-0.003094561, -0.13118576, 0.991353), (0.050730713, -0.19310893, 0.979865), (-0.07171112, -0.18957533, 0.97924393), (-0.065835275, -0.18233326, 0.9810303), (-0.1066333, -0.122612394, 0.9867094), (-0.003094561, -0.13118576, 0.991353), (-0.065835275, -0.18233326, 0.9810303), (0.029802669, -0.2088907, 0.97748476), (-0.03930311, -0.17732058, 0.98336804), (-0.1066333, -0.122612394, 0.9867094), (0.029802669, -0.2088907, 0.97748476), (0.041370135, -0.21669766, 0.9753618), (0.077917196, -0.18247138, 0.98011893), (-0.03930311, -0.17732058, 0.98336804), (0.041370135, -0.21669766, 0.9753618), (-0.049242515, -0.18966442, 0.9806134), (0.011273229, -0.13729593, 0.99046594), (0.077917196, -0.18247138, 0.98011893), (-0.049242515, -0.18966442, 0.9806134), (-0.061980546, -0.18501425, 0.98077935), (-0.096299075, -0.13631943, 0.9859734), (0.011273229, -0.13729593, 0.99046594), (-0.061980546, -0.18501425, 0.98077935), (0.03906991, -0.2109867, 0.97670776), (-0.017903036, -0.16814062, 0.9856004), (-0.096299075, -0.13631943, 0.9859734), (0.03906991, -0.2109867, 0.97670776), (0.06810708, -0.21484722, 0.9742701), (0.097719, -0.16865705, 0.9808189), (-0.017903036, -0.16814062, 0.9856004), (0.06810708, -0.21484722, 0.9742701), (-0.028047716, -0.18606852, 0.98213637), (0.023052366, -0.1430085, 0.98945296), (0.097719, -0.16865705, 0.9808189), (-0.028047716, -0.18606852, 0.98213637), (-0.057372946, -0.18265532, 0.9815015), (-0.08108514, -0.14488249, 0.9861208), (0.023052366, -0.1430085, 0.98945296), (-0.057372946, -0.18265532, 0.9815015), (0.048792593, -0.20851907, 0.97680044), (0.0044233613, -0.15278731, 0.9882493), (-0.08108514, -0.14488249, 0.9861208), (0.048792593, -0.20851907, 0.97680044), (0.09360047, -0.20893537, 0.9734398), (0.112652056, -0.15347692, 0.98170996), (0.0044233613, -0.15278731, 0.9882493), (0.09360047, -0.20893537, 0.9734398), (-0.006220782, -0.17897901, 0.98383325), (0.035237294, -0.14826594, 0.9883196), (0.112652056, -0.15347692, 0.98170996), (-0.006220782, -0.17897901, 0.98383325), (-0.048357222, -0.17492023, 0.9833944), (-0.058451343, -0.14709118, 0.9873944), (0.035237294, -0.14826594, 0.9883196), (-0.048357222, -0.17492023, 0.9833944), (0.061552588, -0.2013133, 0.9775911), (0.02932369, -0.1327134, 0.9907206), (-0.058451343, -0.14709118, 0.9873944), (0.061552588, -0.2013133, 0.9775911), (0.11902644, -0.19919032, 0.9727054), (0.12593375, -0.13776378, 0.9824265), (0.02932369, -0.1327134, 0.9907206), (0.11902644, -0.19919032, 0.9727054), (0.019612122, -0.1675325, 0.98567146), (0.05191628, -0.15173441, 0.9870569), (0.12593375, -0.13776378, 0.9824265), (0.019612122, -0.1675325, 0.98567146), (-0.029286629, -0.1614678, 0.9864433), (-0.024190564, -0.1417602, 0.98960537), (0.05191628, -0.15173441, 0.9870569), (-0.029286629, -0.1614678, 0.9864433), (0.08242309, -0.18776582, 0.9787494), (0.06168275, -0.10878861, 0.99214935), (-0.024190564, -0.1417602, 0.98960537), (0.08242309, -0.18776582, 0.9787494), (0.14945954, -0.18362729, 0.97156715), (0.14503339, -0.12091346, 0.9820109), (0.06168275, -0.10878861, 0.99214935), (0.14945954, -0.18362729, 0.97156715), (0.05977207, -0.14944394, 0.9869619), (0.08437739, -0.1493828, 0.9851727), (0.14503339, -0.12091346, 0.9820109), (0.05977207, -0.14944394, 0.9869619), (0.01715105, -0.14017066, 0.9899788), (0.03731752, -0.12669289, 0.9912398), (0.08437739, -0.1493828, 0.9851727), (0.01715105, -0.14017066, 0.9899788), (0.13353637, -0.16182545, 0.97774255), (0.124774255, -0.080364004, 0.98892516), (0.03731752, -0.12669289, 0.9912398), (0.13353637, -0.16182545, 0.97774255), (0.21916041, -0.15328808, 0.96357226), (0.20972438, -0.09657604, 0.97297925), (0.124774255, -0.080364004, 0.98892516), (0.21916041, -0.15328808, 0.96357226), (0.19836469, -0.11368948, 0.97351223), (0.22059488, -0.12478962, 0.96734965), (0.20972438, -0.09657604, 0.97297925), (0.19836469, -0.11368948, 0.97351223), (0.5630582, -0.058635045, 0.82433444), (0.5750731, -0.081104495, 0.81407183), (0.22059488, -0.12478962, 0.96734965), (0.5630582, -0.058635045, 0.82433444), (0.9591151, -0.009605385, 0.28285354), (0.962056, -0.010821189, 0.27263758), (0.5750731, -0.081104495, 0.81407183), (-0.96230453, -0.029438077, 0.2703763), (-0.58202, -0.10188054, 0.8067671), (-0.5733444, -0.03985737, 0.8183444), (-0.9673227, -0.006299882, 0.25346997), (-0.58202, -0.10188054, 0.8067671), (-0.21113141, -0.08360403, 0.9738757), (-0.19160147, -0.085942544, 0.9777028), (-0.5733444, -0.03985737, 0.8183444), (-0.21113141, -0.08360403, 0.9738757), (-0.19598833, -0.059752885, 0.978784), (-0.22118044, -0.11746073, 0.96813333), (-0.19160147, -0.085942544, 0.9777028), (-0.19598833, -0.059752885, 0.978784), (-0.1421337, -0.14710626, 0.9788553), (-0.1801539, -0.09425408, 0.9791122), (-0.22118044, -0.11746073, 0.96813333), (-0.1421337, -0.14710626, 0.9788553), (-0.052384965, -0.18818992, 0.9807345), (-0.04121731, -0.06791557, 0.9968393), (-0.1801539, -0.09425408, 0.9791122), (-0.052384965, -0.18818992, 0.9807345), (-0.06446345, -0.112672366, 0.9915389), (-0.042737674, -0.11434008, 0.99252194), (-0.04121731, -0.06791557, 0.9968393), (-0.06446345, -0.112672366, 0.9915389), (-0.1311989, -0.084488176, 0.9877493), (-0.15105131, -0.15438266, 0.97639614), (-0.042737674, -0.11434008, 0.99252194), (-0.1311989, -0.084488176, 0.9877493), (-0.087661326, -0.16968107, 0.98159254), (-0.106621005, -0.10545206, 0.988692), (-0.15105131, -0.15438266, 0.97639614), (-0.087661326, -0.16968107, 0.98159254), (0.012184883, -0.19728923, 0.9802696), (0.021004293, -0.064563945, 0.99769247), (-0.106621005, -0.10545206, 0.988692), (0.012184883, -0.19728923, 0.9802696), (-0.024462072, -0.12384739, 0.9919997), (-0.017581291, -0.13178864, 0.99112195), (0.021004293, -0.064563945, 0.99769247), (-0.024462072, -0.12384739, 0.9919997), (-0.11551163, -0.10502151, 0.9877386), (-0.12625223, -0.17844316, 0.9758168), (-0.017581291, -0.13178864, 0.99112195), (-0.11551163, -0.10502151, 0.9877386), (-0.061121244, -0.1785177, 0.9820365), (-0.05905519, -0.10543383, 0.9926713), (-0.12625223, -0.17844316, 0.9758168), (-0.061121244, -0.1785177, 0.9820365), (0.050730713, -0.19310893, 0.979865), (0.0504698, -0.05806132, 0.9970364), (-0.05905519, -0.10543383, 0.9926713), (0.050730713, -0.19310893, 0.979865), (-0.003094561, -0.13118576, 0.991353), (-0.014228636, -0.14637707, 0.98912656), (0.0504698, -0.05806132, 0.9970364), (-0.003094561, -0.13118576, 0.991353), (-0.1066333, -0.122612394, 0.9867094), (-0.10342566, -0.19323951, 0.9756852), (-0.014228636, -0.14637707, 0.98912656), (-0.1066333, -0.122612394, 0.9867094), (-0.03930311, -0.17732058, 0.98336804), (-0.01757666, -0.09858717, 0.9949732), (-0.10342566, -0.19323951, 0.9756852), (-0.03930311, -0.17732058, 0.98336804), (0.077917196, -0.18247138, 0.98011893), (0.06395546, -0.052736983, 0.99655837), (-0.01757666, -0.09858717, 0.9949732), (0.077917196, -0.18247138, 0.98011893), (0.011273229, -0.13729593, 0.99046594), (-0.017316027, -0.15874714, 0.9871674), (0.06395546, -0.052736983, 0.99655837), (0.011273229, -0.13729593, 0.99046594), (-0.096299075, -0.13631943, 0.9859734), (-0.075141445, -0.19857284, 0.97720146), (-0.017316027, -0.15874714, 0.9871674), (-0.096299075, -0.13631943, 0.9859734), (-0.017903036, -0.16814062, 0.9856004), (0.019991456, -0.08748671, 0.99596506), (-0.075141445, -0.19857284, 0.97720146), (-0.017903036, -0.16814062, 0.9856004), (0.097719, -0.16865705, 0.9808189), (0.06696193, -0.050869532, 0.99645793), (0.019991456, -0.08748671, 0.99596506), (0.097719, -0.16865705, 0.9808189), (0.023052366, -0.1430085, 0.98945296), (-0.019453488, -0.16762778, 0.9856584), (0.06696193, -0.050869532, 0.99645793), (0.023052366, -0.1430085, 0.98945296), (-0.08108514, -0.14488249, 0.9861208), (-0.039804436, -0.19430217, 0.9801339), (-0.019453488, -0.16762778, 0.9856584), (-0.08108514, -0.14488249, 0.9861208), (0.0044233613, -0.15278731, 0.9882493), (0.053271852, -0.07477629, 0.9957764), (-0.039804436, -0.19430217, 0.9801339), (0.0044233613, -0.15278731, 0.9882493), (0.112652056, -0.15347692, 0.98170996), (0.06392498, -0.053038426, 0.9965443), (0.053271852, -0.07477629, 0.9957764), (0.112652056, -0.15347692, 0.98170996), (0.035237294, -0.14826594, 0.9883196), (-0.014821074, -0.17085724, 0.9851844), (0.06392498, -0.053038426, 0.9965443), (0.035237294, -0.14826594, 0.9883196), (-0.058451343, -0.14709118, 0.9873944), (0.0024906923, -0.18102303, 0.9834757), (-0.014821074, -0.17085724, 0.9851844), (-0.058451343, -0.14709118, 0.9873944), (0.02932369, -0.1327134, 0.9907206), (0.08240499, -0.06303006, 0.9946037), (0.0024906923, -0.18102303, 0.9834757), (0.02932369, -0.1327134, 0.9907206), (0.12593375, -0.13776378, 0.9824265), (0.06086549, -0.0579499, 0.99646235), (0.08240499, -0.06303006, 0.9946037), (0.12593375, -0.13776378, 0.9824265), (0.05191628, -0.15173441, 0.9870569), (0.0027801292, -0.16602252, 0.9861181), (0.06086549, -0.0579499, 0.99646235), (0.05191628, -0.15173441, 0.9870569), (-0.024190564, -0.1417602, 0.98960537), (0.05267159, -0.15988958, 0.98572874), (0.0027801292, -0.16602252, 0.9861181), (-0.024190564, -0.1417602, 0.98960537), (0.06168275, -0.10878861, 0.99214935), (0.11141485, -0.053800125, 0.9923166), (0.05267159, -0.15988958, 0.98572874), (0.06168275, -0.10878861, 0.99214935), (0.14503339, -0.12091346, 0.9820109), (0.06961024, -0.062229577, 0.99563146), (0.11141485, -0.053800125, 0.9923166), (0.14503339, -0.12091346, 0.9820109), (0.08437739, -0.1493828, 0.9851727), (0.045498446, -0.15020572, 0.98760724), (0.06961024, -0.062229577, 0.99563146), (0.08437739, -0.1493828, 0.9851727), (0.03731752, -0.12669289, 0.9912398), (0.12185846, -0.1313236, 0.9838214), (0.045498446, -0.15020572, 0.98760724), (0.03731752, -0.12669289, 0.9912398), (0.124774255, -0.080364004, 0.98892516), (0.16447647, -0.045847595, 0.9853149), (0.12185846, -0.1313236, 0.9838214), (0.124774255, -0.080364004, 0.98892516), (0.20972438, -0.09657604, 0.97297925), (0.14019482, -0.057881996, 0.9884306), (0.16447647, -0.045847595, 0.9853149), (0.20972438, -0.09657604, 0.97297925), (0.22059488, -0.12478962, 0.96734965), (0.20218071, -0.112050496, 0.97291714), (0.14019482, -0.057881996, 0.9884306), (0.22059488, -0.12478962, 0.96734965), (0.5750731, -0.081104495, 0.81407183), (0.6195526, -0.078420706, 0.78102803), (0.20218071, -0.112050496, 0.97291714), (0.5750731, -0.081104495, 0.81407183), (0.962056, -0.010821189, 0.27263758), (0.9650194, -0.011367797, 0.2619321), (0.6195526, -0.078420706, 0.78102803), (-0.9673227, -0.006299882, 0.25346997), (-0.5733444, -0.03985737, 0.8183444), (-0.6197207, -0.033765044, 0.7840958), (-0.9687504, -0.005442265, 0.24797767), (-0.5733444, -0.03985737, 0.8183444), (-0.19160147, -0.085942544, 0.9777028), (-0.22635095, -0.060723707, 0.97215116), (-0.6197207, -0.033765044, 0.7840958), (-0.19160147, -0.085942544, 0.9777028), (-0.22118044, -0.11746073, 0.96813333), (-0.23438278, -0.07254858, 0.96943355), (-0.22635095, -0.060723707, 0.97215116), (-0.22118044, -0.11746073, 0.96813333), (-0.1801539, -0.09425408, 0.9791122), (-0.15122648, -0.0789156, 0.98534405), (-0.23438278, -0.07254858, 0.96943355), (-0.1801539, -0.09425408, 0.9791122), (-0.04121731, -0.06791557, 0.9968393), (-0.042850755, -0.07753204, 0.9960686), (-0.15122648, -0.0789156, 0.98534405), (-0.04121731, -0.06791557, 0.9968393), (-0.042737674, -0.11434008, 0.99252194), (-0.09302957, -0.08230854, 0.99225545), (-0.042850755, -0.07753204, 0.9960686), (-0.042737674, -0.11434008, 0.99252194), (-0.15105131, -0.15438266, 0.97639614), (-0.15506755, -0.08745987, 0.9840248), (-0.09302957, -0.08230854, 0.99225545), (-0.15105131, -0.15438266, 0.97639614), (-0.106621005, -0.10545206, 0.988692), (-0.057535082, -0.09092753, 0.9941941), (-0.15506755, -0.08745987, 0.9840248), (-0.106621005, -0.10545206, 0.988692), (0.021004293, -0.064563945, 0.99769247), (0.01390605, -0.08822436, 0.9960035), (-0.057535082, -0.09092753, 0.9941941), (0.021004293, -0.064563945, 0.99769247), (-0.017581291, -0.13178864, 0.99112195), (-0.08184339, -0.0936897, 0.9922318), (0.01390605, -0.08822436, 0.9960035), (-0.017581291, -0.13178864, 0.99112195), (-0.12625223, -0.17844316, 0.9758168), (-0.117915615, -0.094996214, 0.9884693), (-0.08184339, -0.0936897, 0.9922318), (-0.12625223, -0.17844316, 0.9758168), (-0.05905519, -0.10543383, 0.9926713), (0.004596678, -0.09724498, 0.99524987), (-0.117915615, -0.094996214, 0.9884693), (-0.05905519, -0.10543383, 0.9926713), (0.0504698, -0.05806132, 0.9970364), (0.03276902, -0.09459861, 0.99497604), (0.004596678, -0.09724498, 0.99524987), (0.0504698, -0.05806132, 0.9970364), (-0.014228636, -0.14637707, 0.98912656), (-0.08794351, -0.10092572, 0.99099946), (0.03276902, -0.09459861, 0.99497604), (-0.014228636, -0.14637707, 0.98912656), (-0.10342566, -0.19323951, 0.9756852), (-0.080879934, -0.09970033, 0.9917249), (-0.08794351, -0.10092572, 0.99099946), (-0.10342566, -0.19323951, 0.9756852), (-0.01757666, -0.09858717, 0.9949732), (0.054889277, -0.10068922, 0.99340266), (-0.080879934, -0.09970033, 0.9917249), (-0.01757666, -0.09858717, 0.9949732), (0.06395546, -0.052736983, 0.99655837), (0.033432156, -0.09831961, 0.9945932), (0.054889277, -0.10068922, 0.99340266), (0.06395546, -0.052736983, 0.99655837), (-0.017316027, -0.15874714, 0.9871674), (-0.094158694, -0.10525004, 0.9899781), (0.033432156, -0.09831961, 0.9945932), (-0.017316027, -0.15874714, 0.9871674), (-0.075141445, -0.19857284, 0.97720146), (-0.03846558, -0.10252991, 0.9939859), (-0.094158694, -0.10525004, 0.9899781), (-0.075141445, -0.19857284, 0.97720146), (0.019991456, -0.08748671, 0.99596506), (0.09443169, -0.10171088, 0.990322), (-0.03846558, -0.10252991, 0.9939859), (0.019991456, -0.08748671, 0.99596506), (0.06696193, -0.050869532, 0.99645793), (0.023897769, -0.09992588, 0.9947078), (0.09443169, -0.10171088, 0.990322), (0.06696193, -0.050869532, 0.99645793), (-0.019453488, -0.16762778, 0.9856584), (-0.092327, -0.107193805, 0.989942), (0.023897769, -0.09992588, 0.9947078), (-0.019453488, -0.16762778, 0.9856584), (-0.039804436, -0.19430217, 0.9801339), (0.008990632, -0.10324271, 0.99461555), (-0.092327, -0.107193805, 0.989942), (-0.039804436, -0.19430217, 0.9801339), (0.053271852, -0.07477629, 0.9957764), (0.12247345, -0.100228764, 0.9873978), (0.008990632, -0.10324271, 0.99461555), (0.053271852, -0.07477629, 0.9957764), (0.06392498, -0.053038426, 0.9965443), (0.010944485, -0.099645585, 0.9949628), (0.12247345, -0.100228764, 0.9873978), (0.06392498, -0.053038426, 0.9965443), (-0.014821074, -0.17085724, 0.9851844), (-0.077106416, -0.106747046, 0.99129194), (0.010944485, -0.099645585, 0.9949628), (-0.014821074, -0.17085724, 0.9851844), (0.0024906923, -0.18102303, 0.9834757), (0.059663087, -0.100927256, 0.99310327), (-0.077106416, -0.106747046, 0.99129194), (0.0024906923, -0.18102303, 0.9834757), (0.08240499, -0.06303006, 0.9946037), (0.14014056, -0.09607216, 0.9854597), (0.059663087, -0.100927256, 0.99310327), (0.08240499, -0.06303006, 0.9946037), (0.06086549, -0.0579499, 0.99646235), (0.002756668, -0.09737949, 0.99524355), (0.14014056, -0.09607216, 0.9854597), (0.06086549, -0.0579499, 0.99646235), (0.0027801292, -0.16602252, 0.9861181), (-0.04385123, -0.10311414, 0.9937025), (0.002756668, -0.09737949, 0.99524355), (0.0027801292, -0.16602252, 0.9861181), (0.05267159, -0.15988958, 0.98572874), (0.112842314, -0.09431403, 0.9891266), (-0.04385123, -0.10311414, 0.9937025), (0.05267159, -0.15988958, 0.98572874), (0.11141485, -0.053800125, 0.9923166), (0.15379155, -0.08878335, 0.98410654), (0.112842314, -0.09431403, 0.9891266), (0.11141485, -0.053800125, 0.9923166), (0.06961024, -0.062229577, 0.99563146), (0.013409413, -0.09212517, 0.99565715), (0.15379155, -0.08878335, 0.98410654), (0.06961024, -0.062229577, 0.99563146), (0.045498446, -0.15020572, 0.98760724), (0.017651642, -0.094188884, 0.99539787), (0.013409413, -0.09212517, 0.99565715), (0.045498446, -0.15020572, 0.98760724), (0.12185846, -0.1313236, 0.9838214), (0.17787595, -0.08144833, 0.9806765), (0.017651642, -0.094188884, 0.99539787), (0.12185846, -0.1313236, 0.9838214), (0.16447647, -0.045847595, 0.9853149), (0.19113481, -0.07597468, 0.9786191), (0.17787595, -0.08144833, 0.9806765), (0.16447647, -0.045847595, 0.9853149), (0.14019482, -0.057881996, 0.9884306), (0.09811148, -0.07906759, 0.9920294), (0.19113481, -0.07597468, 0.9786191), (0.14019482, -0.057881996, 0.9884306), (0.20218071, -0.112050496, 0.97291714), (0.19737168, -0.07196461, 0.9776838), (0.09811148, -0.07906759, 0.9920294), (0.20218071, -0.112050496, 0.97291714), (0.6195526, -0.078420706, 0.78102803), (0.62678635, -0.04138669, 0.7780913), (0.19737168, -0.07196461, 0.9776838), (0.6195526, -0.078420706, 0.78102803), (0.9650194, -0.011367797, 0.2619321), (0.9673601, -0.0072622583, 0.25330165), (0.62678635, -0.04138669, 0.7780913), (-0.9687504, -0.005442265, 0.24797767), (-0.6197207, -0.033765044, 0.7840958), (-0.58500004, -0.03330786, 0.81034905), (-0.9701049, -0.006262466, 0.24260552), (-0.6197207, -0.033765044, 0.7840958), (-0.22635095, -0.060723707, 0.97215116), (-0.2208044, -0.033040594, 0.97475827), (-0.58500004, -0.03330786, 0.81034905), (-0.22635095, -0.060723707, 0.97215116), (-0.23438278, -0.07254858, 0.96943355), (-0.25495327, -0.034614034, 0.9663336), (-0.2208044, -0.033040594, 0.97475827), (-0.23438278, -0.07254858, 0.96943355), (-0.15122648, -0.0789156, 0.98534405), (-0.16782805, -0.078905486, 0.9826534), (-0.25495327, -0.034614034, 0.9663336), (-0.15122648, -0.0789156, 0.98534405), (-0.042850755, -0.07753204, 0.9960686), (-0.022453967, -0.08702296, 0.99595326), (-0.16782805, -0.078905486, 0.9826534), (-0.042850755, -0.07753204, 0.9960686), (-0.09302957, -0.08230854, 0.99225545), (-0.07673284, -0.04019077, 0.99624133), (-0.022453967, -0.08702296, 0.99595326), (-0.09302957, -0.08230854, 0.99225545), (-0.15506755, -0.08745987, 0.9840248), (-0.18124019, -0.03456675, 0.9828312), (-0.07673284, -0.04019077, 0.99624133), (-0.15506755, -0.08745987, 0.9840248), (-0.057535082, -0.09092753, 0.9941941), (-0.08000585, -0.10036921, 0.99172837), (-0.18124019, -0.03456675, 0.9828312), (-0.057535082, -0.09092753, 0.9941941), (0.01390605, -0.08822436, 0.9960035), (0.04066234, -0.10795707, 0.9933236), (-0.08000585, -0.10036921, 0.99172837), (0.01390605, -0.08822436, 0.9960035), (-0.08184339, -0.0936897, 0.9922318), (-0.05965763, -0.037290026, 0.9975222), (0.04066234, -0.10795707, 0.9933236), (-0.08184339, -0.0936897, 0.9922318), (-0.117915615, -0.094996214, 0.9884693), (-0.14943899, -0.032964468, 0.9882213), (-0.05965763, -0.037290026, 0.9975222), (-0.117915615, -0.094996214, 0.9884693), (0.004596678, -0.09724498, 0.99524987), (-0.022417175, -0.11949307, 0.99258196), (-0.14943899, -0.032964468, 0.9882213), (0.004596678, -0.09724498, 0.99524987), (0.03276902, -0.09459861, 0.99497604), (0.06467695, -0.121860035, 0.9904378), (-0.022417175, -0.11949307, 0.99258196), (0.03276902, -0.09459861, 0.99497604), (-0.08794351, -0.10092572, 0.99099946), (-0.06170158, -0.031159742, 0.99760807), (0.06467695, -0.121860035, 0.9904378), (-0.08794351, -0.10092572, 0.99099946), (-0.080879934, -0.09970033, 0.9917249), (-0.11642205, -0.034577653, 0.9925977), (-0.06170158, -0.031159742, 0.99760807), (-0.080879934, -0.09970033, 0.9917249), (0.054889277, -0.10068922, 0.99340266), (0.025572244, -0.13616922, 0.9903555), (-0.11642205, -0.034577653, 0.9925977), (0.054889277, -0.10068922, 0.99340266), (0.033432156, -0.09831961, 0.9945932), (0.069263615, -0.12835762, 0.9893062), (0.025572244, -0.13616922, 0.9903555), (0.033432156, -0.09831961, 0.9945932), (-0.094158694, -0.10525004, 0.9899781), (-0.06587067, -0.025048897, 0.9975137), (0.069263615, -0.12835762, 0.9893062), (-0.094158694, -0.10525004, 0.9899781), (-0.03846558, -0.10252991, 0.9939859), (-0.07614234, -0.04071652, 0.99626523), (-0.06587067, -0.025048897, 0.9975137), (-0.03846558, -0.10252991, 0.9939859), (0.09443169, -0.10171088, 0.990322), (0.065572225, -0.14794803, 0.98681897), (-0.07614234, -0.04071652, 0.99626523), (0.09443169, -0.10171088, 0.990322), (0.023897769, -0.09992588, 0.9947078), (0.062225707, -0.1273788, 0.98990035), (0.065572225, -0.14794803, 0.98681897), (0.023897769, -0.09992588, 0.9947078), (-0.092327, -0.107193805, 0.989942), (-0.0642093, -0.021680495, 0.9977009), (0.062225707, -0.1273788, 0.98990035), (-0.092327, -0.107193805, 0.989942), (0.008990632, -0.10324271, 0.99461555), (-0.028661389, -0.050329678, 0.99832135), (-0.0642093, -0.021680495, 0.9977009), (0.008990632, -0.10324271, 0.99461555), (0.12247345, -0.100228764, 0.9873978), (0.09669433, -0.15214123, 0.98361737), (-0.028661389, -0.050329678, 0.99832135), (0.12247345, -0.100228764, 0.9873978), (0.010944485, -0.099645585, 0.9949628), (0.050239872, -0.120060004, 0.99149466), (0.09669433, -0.15214123, 0.98361737), (0.010944485, -0.099645585, 0.9949628), (-0.077106416, -0.106747046, 0.99129194), (-0.051199563, -0.02263845, 0.9984318), (0.050239872, -0.120060004, 0.99149466), (-0.077106416, -0.106747046, 0.99129194), (0.059663087, -0.100927256, 0.99310327), (0.02432512, -0.0605363, 0.9978695), (-0.051199563, -0.02263845, 0.9984318), (0.059663087, -0.100927256, 0.99310327), (0.14014056, -0.09607216, 0.9854597), (0.11944082, -0.1470537, 0.98189056), (0.02432512, -0.0605363, 0.9978695), (0.14014056, -0.09607216, 0.9854597), (0.002756668, -0.09737949, 0.99524355), (0.041374046, -0.10834534, 0.9932519), (0.11944082, -0.1470537, 0.98189056), (0.002756668, -0.09737949, 0.99524355), (-0.04385123, -0.10311414, 0.9937025), (-0.021605406, -0.027533682, 0.9993873), (0.041374046, -0.10834534, 0.9932519), (-0.04385123, -0.10311414, 0.9937025), (0.112842314, -0.09431403, 0.9891266), (0.082365, -0.067404635, 0.9943202), (-0.021605406, -0.027533682, 0.9993873), (0.112842314, -0.09431403, 0.9891266), (0.15379155, -0.08878335, 0.98410654), (0.13951637, -0.13228208, 0.98134434), (0.082365, -0.067404635, 0.9943202), (0.15379155, -0.08878335, 0.98410654), (0.013409413, -0.09212517, 0.99565715), (0.04954568, -0.09385666, 0.9943521), (0.13951637, -0.13228208, 0.98134434), (0.013409413, -0.09212517, 0.99565715), (0.017651642, -0.094188884, 0.99539787), (0.035813596, -0.033527184, 0.9987959), (0.04954568, -0.09385666, 0.9943521), (0.017651642, -0.094188884, 0.99539787), (0.17787595, -0.08144833, 0.9806765), (0.15591286, -0.0662333, 0.9855477), (0.035813596, -0.033527184, 0.9987959), (0.17787595, -0.08144833, 0.9806765), (0.19113481, -0.07597468, 0.9786191), (0.18491271, -0.10674026, 0.97694105), (0.15591286, -0.0662333, 0.9855477), (0.19113481, -0.07597468, 0.9786191), (0.09811148, -0.07906759, 0.9920294), (0.12995689, -0.07507408, 0.9886734), (0.18491271, -0.10674026, 0.97694105), (0.09811148, -0.07906759, 0.9920294), (0.19737168, -0.07196461, 0.9776838), (0.21351601, -0.033064164, 0.9763799), (0.12995689, -0.07507408, 0.9886734), (0.19737168, -0.07196461, 0.9776838), (0.62678635, -0.04138669, 0.7780913), (0.65337324, -0.02336067, 0.7566755), (0.21351601, -0.033064164, 0.9763799), (0.62678635, -0.04138669, 0.7780913), (0.9673601, -0.0072622583, 0.25330165), (0.96916133, -0.0080985185, 0.2462942), (0.65337324, -0.02336067, 0.7566755), (-0.9701049, -0.006262466, 0.24260552), (-0.58500004, -0.03330786, 0.81034905), (-0.6216153, -0.03951286, 0.7823255), (-0.9707747, 0.00023946463, 0.23999245), (-0.58500004, -0.03330786, 0.81034905), (-0.2208044, -0.033040594, 0.97475827), (-0.21844728, -0.08654681, 0.97200334), (-0.6216153, -0.03951286, 0.7823255), (-0.2208044, -0.033040594, 0.97475827), (-0.25495327, -0.034614034, 0.9663336), (-0.22543064, -0.047602687, 0.9730956), (-0.21844728, -0.08654681, 0.97200334), (-0.25495327, -0.034614034, 0.9663336), (-0.16782805, -0.078905486, 0.9826534), (-0.17935257, 0.0055797286, 0.98376906), (-0.22543064, -0.047602687, 0.9730956), (-0.16782805, -0.078905486, 0.9826534), (-0.022453967, -0.08702296, 0.99595326), (-0.054561984, -0.04686934, 0.99740976), (-0.17935257, 0.0055797286, 0.98376906), (-0.022453967, -0.08702296, 0.99595326), (-0.07673284, -0.04019077, 0.99624133), (-0.06319782, -0.1052163, 0.9924392), (-0.054561984, -0.04686934, 0.99740976), (-0.07673284, -0.04019077, 0.99624133), (-0.18124019, -0.03456675, 0.9828312), (-0.15936579, -0.05404263, 0.9857393), (-0.06319782, -0.1052163, 0.9924392), (-0.18124019, -0.03456675, 0.9828312), (-0.08000585, -0.10036921, 0.99172837), (-0.09814144, -0.005144574, 0.9951592), (-0.15936579, -0.05404263, 0.9857393), (-0.08000585, -0.10036921, 0.99172837), (0.04066234, -0.10795707, 0.9933236), (0.024207208, -0.061060466, 0.9978405), (-0.09814144, -0.005144574, 0.9951592), (0.04066234, -0.10795707, 0.9933236), (-0.05965763, -0.037290026, 0.9975222), (-0.039329834, -0.10553753, 0.99363726), (0.024207208, -0.061060466, 0.9978405), (-0.05965763, -0.037290026, 0.9975222), (-0.14943899, -0.032964468, 0.9882213), (-0.14425229, -0.05555707, 0.9879801), (-0.039329834, -0.10553753, 0.99363726), (-0.14943899, -0.032964468, 0.9882213), (-0.022417175, -0.11949307, 0.99258196), (-0.044357035, -0.02218027, 0.99876946), (-0.14425229, -0.05555707, 0.9879801), (-0.022417175, -0.11949307, 0.99258196), (0.06467695, -0.121860035, 0.9904378), (0.06850064, -0.07117259, 0.99510914), (-0.044357035, -0.02218027, 0.99876946), (0.06467695, -0.121860035, 0.9904378), (-0.06170158, -0.031159742, 0.99760807), (-0.03905031, -0.09696378, 0.99452156), (0.06850064, -0.07117259, 0.99510914), (-0.06170158, -0.031159742, 0.99760807), (-0.11642205, -0.034577653, 0.9925977), (-0.13131125, -0.059185386, 0.9895728), (-0.03905031, -0.09696378, 0.99452156), (-0.11642205, -0.034577653, 0.9925977), (0.025572244, -0.13616922, 0.9903555), (0.0035649166, -0.043215424, 0.9990594), (-0.13131125, -0.059185386, 0.9895728), (0.025572244, -0.13616922, 0.9903555), (0.069263615, -0.12835762, 0.9893062), (0.09445993, -0.0751764, 0.9926861), (0.0035649166, -0.043215424, 0.9990594), (0.069263615, -0.12835762, 0.9893062), (-0.06587067, -0.025048897, 0.9975137), (-0.045500312, -0.08357885, 0.9954619), (0.09445993, -0.0751764, 0.9926861), (-0.06587067, -0.025048897, 0.9975137), (-0.07614234, -0.04071652, 0.99626523), (-0.1112533, -0.06685438, 0.99154085), (-0.045500312, -0.08357885, 0.9954619), (-0.07614234, -0.04071652, 0.99626523), (0.065572225, -0.14794803, 0.98681897), (0.04805631, -0.06486131, 0.9967365), (-0.1112533, -0.06685438, 0.99154085), (0.065572225, -0.14794803, 0.98681897), (0.062225707, -0.1273788, 0.98990035), (0.107006125, -0.072290316, 0.99162686), (0.04805631, -0.06486131, 0.9967365), (0.062225707, -0.1273788, 0.98990035), (-0.0642093, -0.021680495, 0.9977009), (-0.050783955, -0.06881435, 0.9963361), (0.107006125, -0.072290316, 0.99162686), (-0.0642093, -0.021680495, 0.9977009), (-0.028661389, -0.050329678, 0.99832135), (-0.081345834, -0.07789807, 0.9936371), (-0.050783955, -0.06881435, 0.9963361), (-0.028661389, -0.050329678, 0.99832135), (0.09669433, -0.15214123, 0.98361737), (0.088747256, -0.08349119, 0.9925489), (-0.081345834, -0.07789807, 0.9936371), (0.09669433, -0.15214123, 0.98361737), (0.050239872, -0.120060004, 0.99149466), (0.11038817, -0.06335102, 0.9918675), (0.088747256, -0.08349119, 0.9925489), (0.050239872, -0.120060004, 0.99149466), (-0.051199563, -0.02263845, 0.9984318), (-0.048854865, -0.055370174, 0.99727), (0.11038817, -0.06335102, 0.9918675), (-0.051199563, -0.02263845, 0.9984318), (0.02432512, -0.0605363, 0.9978695), (-0.04063815, -0.08974709, 0.9951351), (-0.048854865, -0.055370174, 0.99727), (0.02432512, -0.0605363, 0.9978695), (0.11944082, -0.1470537, 0.98189056), (0.12541427, -0.09575658, 0.9874725), (-0.04063815, -0.08974709, 0.9951351), (0.11944082, -0.1470537, 0.98189056), (0.041374046, -0.10834534, 0.9932519), (0.11066266, -0.050405152, 0.99257904), (0.12541427, -0.09575658, 0.9874725), (0.041374046, -0.10834534, 0.9932519), (-0.021605406, -0.027533682, 0.9993873), (-0.032620393, -0.04475594, 0.99846524), (0.11066266, -0.050405152, 0.99257904), (-0.021605406, -0.027533682, 0.9993873), (0.082365, -0.067404635, 0.9943202), (0.013161717, -0.0984977, 0.99505025), (-0.032620393, -0.04475594, 0.99846524), (0.082365, -0.067404635, 0.9943202), (0.13951637, -0.13228208, 0.98134434), (0.16127439, -0.09891898, 0.98193973), (0.013161717, -0.0984977, 0.99505025), (0.13951637, -0.13228208, 0.98134434), (0.04954568, -0.09385666, 0.9943521), (0.119987585, -0.035897553, 0.99212617), (0.16127439, -0.09891898, 0.98193973), (0.04954568, -0.09385666, 0.9943521), (0.035813596, -0.033527184, 0.9987959), (0.013164066, -0.036586035, 0.9992438), (0.119987585, -0.035897553, 0.99212617), (0.035813596, -0.033527184, 0.9987959), (0.15591286, -0.0662333, 0.9855477), (0.0940023, -0.09836619, 0.99070054), (0.013164066, -0.036586035, 0.9992438), (0.15591286, -0.0662333, 0.9855477), (0.18491271, -0.10674026, 0.97694105), (0.21980254, -0.09015403, 0.9713697), (0.0940023, -0.09836619, 0.99070054), (0.18491271, -0.10674026, 0.97694105), (0.12995689, -0.07507408, 0.9886734), (0.19163729, -0.021722212, 0.9812253), (0.21980254, -0.09015403, 0.9713697), (0.12995689, -0.07507408, 0.9886734), (0.21351601, -0.033064164, 0.9763799), (0.19599187, -0.02447309, 0.9803001), (0.19163729, -0.021722212, 0.9812253), (0.21351601, -0.033064164, 0.9763799), (0.65337324, -0.02336067, 0.7566755), (0.62130743, -0.046442337, 0.78218937), (0.19599187, -0.02447309, 0.9803001), (0.65337324, -0.02336067, 0.7566755), (0.96916133, -0.0080985185, 0.2462942), (0.9716905, -0.015570888, 0.23574379), (0.62130743, -0.046442337, 0.78218937), (-0.9707747, 0.00023946463, 0.23999245), (-0.6216153, -0.03951286, 0.7823255), (-0.64079934, -0.050891157, 0.76601976), (-0.9714973, -0.0072960546, 0.23693807), (-0.6216153, -0.03951286, 0.7823255), (-0.21844728, -0.08654681, 0.97200334), (-0.20285387, -0.057934813, 0.97749364), (-0.64079934, -0.050891157, 0.76601976), (-0.21844728, -0.08654681, 0.97200334), (-0.22543064, -0.047602687, 0.9730956), (-0.14814185, -0.0070914472, 0.98894066), (-0.20285387, -0.057934813, 0.97749364), (-0.22543064, -0.047602687, 0.9730956), (-0.17935257, 0.0055797286, 0.98376906), (-0.20733371, -0.008488812, 0.9782334), (-0.14814185, -0.0070914472, 0.98894066), (-0.17935257, 0.0055797286, 0.98376906), (-0.054561984, -0.04686934, 0.99740976), (-0.14417705, -0.085253015, 0.9858726), (-0.20733371, -0.008488812, 0.9782334), (-0.054561984, -0.04686934, 0.99740976), (-0.06319782, -0.1052163, 0.9924392), (-0.026130615, -0.08248549, 0.9962496), (-0.14417705, -0.085253015, 0.9858726), (-0.06319782, -0.1052163, 0.9924392), (-0.15936579, -0.05404263, 0.9857393), (-0.069165684, 0.0011406073, 0.99760455), (-0.026130615, -0.08248549, 0.9962496), (-0.15936579, -0.05404263, 0.9857393), (-0.09814144, -0.005144574, 0.9951592), (-0.14811663, -0.008096986, 0.9889367), (-0.069165684, 0.0011406073, 0.99760455), (-0.09814144, -0.005144574, 0.9951592), (0.024207208, -0.061060466, 0.9978405), (-0.06755993, -0.10866262, 0.9917803), (-0.14811663, -0.008096986, 0.9889367), (0.024207208, -0.061060466, 0.9978405), (-0.039329834, -0.10553753, 0.99363726), (0.018571412, -0.0926875, 0.995522), (-0.06755993, -0.10866262, 0.9917803), (-0.039329834, -0.10553753, 0.99363726), (-0.14425229, -0.05555707, 0.9879801), (-0.059061844, 0.012843024, 0.99817175), (0.018571412, -0.0926875, 0.995522), (-0.14425229, -0.05555707, 0.9879801), (-0.044357035, -0.02218027, 0.99876946), (-0.111487016, -0.0117008565, 0.993697), (-0.059061844, 0.012843024, 0.99817175), (-0.044357035, -0.02218027, 0.99876946), (0.06850064, -0.07117259, 0.99510914), (-0.012534516, -0.12780206, 0.99172044), (-0.111487016, -0.0117008565, 0.993697), (0.06850064, -0.07117259, 0.99510914), (-0.03905031, -0.09696378, 0.99452156), (0.032927494, -0.09492898, 0.9949393), (-0.012534516, -0.12780206, 0.99172044), (-0.03905031, -0.09696378, 0.99452156), (-0.13131125, -0.059185386, 0.9895728), (-0.060915332, 0.023162086, 0.99787414), (0.032927494, -0.09492898, 0.9949393), (-0.13131125, -0.059185386, 0.9895728), (0.0035649166, -0.043215424, 0.9990594), (-0.07238282, -0.0193859, 0.9971885), (-0.060915332, 0.023162086, 0.99787414), (0.0035649166, -0.043215424, 0.9990594), (0.09445993, -0.0751764, 0.9926861), (0.032502923, -0.14113036, 0.9894573), (-0.07238282, -0.0193859, 0.9971885), (0.09445993, -0.0751764, 0.9926861), (-0.045500312, -0.08357885, 0.9954619), (0.0317234, -0.091221064, 0.9953252), (0.032502923, -0.14113036, 0.9894573), (-0.045500312, -0.08357885, 0.9954619), (-0.1112533, -0.06685438, 0.99154085), (-0.06125768, 0.02923503, 0.9976938), (0.0317234, -0.091221064, 0.9953252), (-0.1112533, -0.06685438, 0.99154085), (0.04805631, -0.06486131, 0.9967365), (-0.027586939, -0.029423581, 0.9991863), (-0.06125768, 0.02923503, 0.9976938), (0.04805631, -0.06486131, 0.9967365), (0.107006125, -0.072290316, 0.99162686), (0.068486065, -0.14694275, 0.9867713), (-0.027586939, -0.029423581, 0.9991863), (0.107006125, -0.072290316, 0.99162686), (-0.050783955, -0.06881435, 0.9963361), (0.022814479, -0.08372938, 0.99622726), (0.068486065, -0.14694275, 0.9867713), (-0.050783955, -0.06881435, 0.9963361), (-0.081345834, -0.07789807, 0.9936371), (-0.053522095, 0.029600315, 0.9981279), (0.022814479, -0.08372938, 0.99622726), (-0.081345834, -0.07789807, 0.9936371), (0.088747256, -0.08349119, 0.9925489), (0.021740353, -0.039267726, 0.9989922), (-0.053522095, 0.029600315, 0.9981279), (0.088747256, -0.08349119, 0.9925489), (0.11038817, -0.06335102, 0.9918675), (0.0956937, -0.14433816, 0.98489046), (0.021740353, -0.039267726, 0.9989922), (0.11038817, -0.06335102, 0.9918675), (-0.048854865, -0.055370174, 0.99727), (0.013522717, -0.074591, 0.9971225), (0.0956937, -0.14433816, 0.98489046), (-0.048854865, -0.055370174, 0.99727), (-0.04063815, -0.08974709, 0.9951351), (-0.03343508, 0.024362423, 0.9991439), (0.013522717, -0.074591, 0.9971225), (-0.04063815, -0.08974709, 0.9951351), (0.12541427, -0.09575658, 0.9874725), (0.073943205, -0.046427004, 0.9961812), (-0.03343508, 0.024362423, 0.9991439), (0.12541427, -0.09575658, 0.9874725), (0.11066266, -0.050405152, 0.99257904), (0.11678761, -0.13338698, 0.98415875), (0.073943205, -0.046427004, 0.9961812), (0.11066266, -0.050405152, 0.99257904), (-0.032620393, -0.04475594, 0.99846524), (0.012886207, -0.06530106, 0.9977824), (0.11678761, -0.13338698, 0.98415875), (-0.032620393, -0.04475594, 0.99846524), (0.013161717, -0.0984977, 0.99505025), (0.003877491, 0.01503761, 0.9998794), (0.012886207, -0.06530106, 0.9977824), (0.013161717, -0.0984977, 0.99505025), (0.16127439, -0.09891898, 0.98193973), (0.13048372, -0.048816882, 0.9902479), (0.003877491, 0.01503761, 0.9998794), (0.16127439, -0.09891898, 0.98193973), (0.119987585, -0.035897553, 0.99212617), (0.14143904, -0.11456096, 0.9832959), (0.13048372, -0.048816882, 0.9902479), (0.119987585, -0.035897553, 0.99212617), (0.013164066, -0.036586035, 0.9992438), (0.038861994, -0.05612107, 0.99766743), (0.14143904, -0.11456096, 0.9832959), (0.013164066, -0.036586035, 0.9992438), (0.0940023, -0.09836619, 0.99070054), (0.075090945, 0.0042008334, 0.9971678), (0.038861994, -0.05612107, 0.99766743), (0.0940023, -0.09836619, 0.99070054), (0.21980254, -0.09015403, 0.9713697), (0.21264073, -0.043730907, 0.9761514), (0.075090945, 0.0042008334, 0.9971678), (0.21980254, -0.09015403, 0.9713697), (0.19163729, -0.021722212, 0.9812253), (0.22068457, -0.08584664, 0.9715599), (0.21264073, -0.043730907, 0.9761514), (0.19163729, -0.021722212, 0.9812253), (0.19599187, -0.02447309, 0.9803001), (0.20534427, -0.04447227, 0.9776789), (0.22068457, -0.08584664, 0.9715599), (0.19599187, -0.02447309, 0.9803001), (0.62130743, -0.046442337, 0.78218937), (0.6100944, -0.00044420955, 0.7923286), (0.20534427, -0.04447227, 0.9776789), (0.62130743, -0.046442337, 0.78218937), (0.9716905, -0.015570888, 0.23574379), (0.97319293, 0.002379669, 0.22997804), (0.6100944, -0.00044420955, 0.7923286), (-0.9714973, -0.0072960546, 0.23693807), (-0.64079934, -0.050891157, 0.76601976), (-0.6480207, 0.00341223, 0.76161504), (-0.97202986, 0.0025153847, 0.23484373), (-0.64079934, -0.050891157, 0.76601976), (-0.20285387, -0.057934813, 0.97749364), (-0.2164829, -0.031281218, 0.97578514), (-0.6480207, 0.00341223, 0.76161504), (-0.20285387, -0.057934813, 0.97749364), (-0.14814185, -0.0070914472, 0.98894066), (-0.1222691, -0.06889992, 0.99010247), (-0.2164829, -0.031281218, 0.97578514), (-0.14814185, -0.0070914472, 0.98894066), (-0.20733371, -0.008488812, 0.9782334), (-0.20899858, -0.042455204, 0.9769939), (-0.1222691, -0.06889992, 0.99010247), (-0.20733371, -0.008488812, 0.9782334), (-0.14417705, -0.085253015, 0.9858726), (-0.18009868, -0.010426208, 0.98359334), (-0.20899858, -0.042455204, 0.9769939), (-0.14417705, -0.085253015, 0.9858726), (-0.026130615, -0.08248549, 0.9962496), (-0.019537434, -0.040449485, 0.9989906), (-0.18009868, -0.010426208, 0.98359334), (-0.026130615, -0.08248549, 0.9962496), (-0.069165684, 0.0011406073, 0.99760455), (-0.02879264, -0.07233114, 0.99696505), (-0.019537434, -0.040449485, 0.9989906), (-0.069165684, 0.0011406073, 0.99760455), (-0.14811663, -0.008096986, 0.9889367), (-0.16926816, -0.048561573, 0.9843729), (-0.02879264, -0.07233114, 0.99696505), (-0.14811663, -0.008096986, 0.9889367), (-0.06755993, -0.10866262, 0.9917803), (-0.11051712, -0.021147044, 0.9936492), (-0.16926816, -0.048561573, 0.9843729), (-0.06755993, -0.10866262, 0.9917803), (0.018571412, -0.0926875, 0.995522), (0.049533516, -0.04373124, 0.99781466), (-0.11051712, -0.021147044, 0.9936492), (0.018571412, -0.0926875, 0.995522), (-0.059061844, 0.012843024, 0.99817175), (-0.014580701, -0.067856856, 0.9975886), (0.049533516, -0.04373124, 0.99781466), (-0.059061844, 0.012843024, 0.99817175), (-0.111487016, -0.0117008565, 0.993697), (-0.15609127, -0.05271147, 0.98633516), (-0.014580701, -0.067856856, 0.9975886), (-0.111487016, -0.0117008565, 0.993697), (-0.012534516, -0.12780206, 0.99172044), (-0.05470186, -0.030551342, 0.9980352), (-0.15609127, -0.05271147, 0.98633516), (-0.012534516, -0.12780206, 0.99172044), (0.032927494, -0.09492898, 0.9949393), (0.08840596, -0.042448346, 0.99517965), (-0.05470186, -0.030551342, 0.9980352), (0.032927494, -0.09492898, 0.9949393), (-0.060915332, 0.023162086, 0.99787414), (-0.02082077, -0.06069998, 0.9979389), (0.08840596, -0.042448346, 0.99517965), (-0.060915332, 0.023162086, 0.99787414), (-0.07238282, -0.0193859, 0.9971885), (-0.13928097, -0.056743525, 0.9886258), (-0.02082077, -0.06069998, 0.9979389), (-0.07238282, -0.0193859, 0.9971885), (0.032502923, -0.14113036, 0.9894573), (-0.0017092102, -0.03807738, 0.9992733), (-0.13928097, -0.056743525, 0.9886258), (0.032502923, -0.14113036, 0.9894573), (0.0317234, -0.091221064, 0.9953252), (0.108023725, -0.037882544, 0.99342626), (-0.0017092102, -0.03807738, 0.9992733), (0.0317234, -0.091221064, 0.9953252), (-0.06125768, 0.02923503, 0.9976938), (-0.032600712, -0.052506216, 0.99808836), (0.108023725, -0.037882544, 0.99342626), (-0.06125768, 0.02923503, 0.9976938), (-0.027586939, -0.029423581, 0.9991863), (-0.111707404, -0.06060599, 0.99189126), (-0.032600712, -0.052506216, 0.99808836), (-0.027586939, -0.029423581, 0.9991863), (0.068486065, -0.14694275, 0.9867713), (0.048017222, -0.043848652, 0.99788356), (-0.111707404, -0.06060599, 0.99189126), (0.068486065, -0.14694275, 0.9867713), (0.022814479, -0.08372938, 0.99622726), (0.11321707, -0.031132625, 0.9930824), (0.048017222, -0.043848652, 0.99788356), (0.022814479, -0.08372938, 0.99622726), (-0.053522095, 0.029600315, 0.9981279), (-0.04116188, -0.0438728, 0.9981888), (0.11321707, -0.031132625, 0.9930824), (-0.053522095, 0.029600315, 0.9981279), (0.021740353, -0.039267726, 0.9989922), (-0.071847804, -0.06395703, 0.99536294), (-0.04116188, -0.0438728, 0.9981888), (0.021740353, -0.039267726, 0.9989922), (0.0956937, -0.14433816, 0.98489046), (0.092618026, -0.048189122, 0.9945349), (-0.071847804, -0.06395703, 0.99536294), (0.0956937, -0.14433816, 0.98489046), (0.013522717, -0.074591, 0.9971225), (0.10954329, -0.022970341, 0.9937166), (0.092618026, -0.048189122, 0.9945349), (0.013522717, -0.074591, 0.9971225), (-0.03343508, 0.024362423, 0.9991439), (-0.039129402, -0.035086147, 0.998618), (0.10954329, -0.022970341, 0.9937166), (-0.03343508, 0.024362423, 0.9991439), (0.073943205, -0.046427004, 0.9961812), (-0.020096803, -0.066407256, 0.9975902), (-0.039129402, -0.035086147, 0.998618), (0.073943205, -0.046427004, 0.9961812), (0.11678761, -0.13338698, 0.98415875), (0.13173622, -0.05109553, 0.98996705), (-0.020096803, -0.066407256, 0.9975902), (0.11678761, -0.13338698, 0.98415875), (0.012886207, -0.06530106, 0.9977824), (0.10554199, -0.013977245, 0.99431664), (0.13173622, -0.05109553, 0.98996705), (0.012886207, -0.06530106, 0.9977824), (0.003877491, 0.01503761, 0.9998794), (-0.01767906, -0.026425818, 0.99949443), (0.10554199, -0.013977245, 0.99431664), (0.003877491, 0.01503761, 0.9998794), (0.13048372, -0.048816882, 0.9902479), (0.04535077, -0.06709383, 0.9967154), (-0.01767906, -0.026425818, 0.99949443), (0.13048372, -0.048816882, 0.9902479), (0.14143904, -0.11456096, 0.9832959), (0.1712347, -0.05179525, 0.9838678), (0.04535077, -0.06709383, 0.9967154), (0.14143904, -0.11456096, 0.9832959), (0.038861994, -0.05612107, 0.99766743), (0.11927385, -0.004918073, 0.99284923), (0.1712347, -0.05179525, 0.9838678), (0.038861994, -0.05612107, 0.99766743), (0.075090945, 0.0042008334, 0.9971678), (0.044904146, -0.017936036, 0.99883026), (0.11927385, -0.004918073, 0.99284923), (0.075090945, 0.0042008334, 0.9971678), (0.21264073, -0.043730907, 0.9761514), (0.14708462, -0.062883765, 0.98712295), (0.044904146, -0.017936036, 0.99883026), (0.21264073, -0.043730907, 0.9761514), (0.22068457, -0.08584664, 0.9715599), (0.25603783, -0.04777353, 0.9654855), (0.14708462, -0.062883765, 0.98712295), (0.22068457, -0.08584664, 0.9715599), (0.20534427, -0.04447227, 0.9776789), (0.26155147, 0.002119193, 0.9651872), (0.25603783, -0.04777353, 0.9654855), (0.20534427, -0.04447227, 0.9776789), (0.6100944, -0.00044420955, 0.7923286), (0.64553386, 0.01255831, 0.7636284), (0.26155147, 0.002119193, 0.9651872), (0.6100944, -0.00044420955, 0.7923286), (0.97319293, 0.002379669, 0.22997804), (0.97274566, 0.0018969929, 0.2318671), (0.64553386, 0.01255831, 0.7636284), (-0.97202986, 0.0025153847, 0.23484373), (-0.6480207, 0.00341223, 0.76161504), (-0.68780756, -0.023349915, 0.7255174), (-0.9724254, -0.0060590813, 0.23313545), (-0.6480207, 0.00341223, 0.76161504), (-0.2164829, -0.031281218, 0.97578514), (-0.24642919, -0.028963935, 0.96872795), (-0.68780756, -0.023349915, 0.7255174), (-0.2164829, -0.031281218, 0.97578514), (-0.1222691, -0.06889992, 0.99010247), (-0.12894732, -0.027841642, 0.9912605), (-0.24642919, -0.028963935, 0.96872795), (-0.1222691, -0.06889992, 0.99010247), (-0.20899858, -0.042455204, 0.9769939), (-0.18277664, -0.03906934, 0.9823778), (-0.12894732, -0.027841642, 0.9912605), (-0.20899858, -0.042455204, 0.9769939), (-0.18009868, -0.010426208, 0.98359334), (-0.18545845, -0.043206852, 0.9817018), (-0.18277664, -0.03906934, 0.9823778), (-0.18009868, -0.010426208, 0.98359334), (-0.019537434, -0.040449485, 0.9989906), (-0.050840832, -0.030366618, 0.998245), (-0.18545845, -0.043206852, 0.9817018), (-0.019537434, -0.040449485, 0.9989906), (-0.02879264, -0.07233114, 0.99696505), (-0.03074138, -0.03258078, 0.99899626), (-0.050840832, -0.030366618, 0.998245), (-0.02879264, -0.07233114, 0.99696505), (-0.16926816, -0.048561573, 0.9843729), (-0.14419022, -0.05249174, 0.9881568), (-0.03074138, -0.03258078, 0.99899626), (-0.16926816, -0.048561573, 0.9843729), (-0.11051712, -0.021147044, 0.9936492), (-0.11686952, -0.046790484, 0.99204445), (-0.14419022, -0.05249174, 0.9881568), (-0.11051712, -0.021147044, 0.9936492), (0.049533516, -0.04373124, 0.99781466), (0.024978464, -0.023136636, 0.9994202), (-0.11686952, -0.046790484, 0.99204445), (0.049533516, -0.04373124, 0.99781466), (-0.014580701, -0.067856856, 0.9975886), (-0.013839851, -0.035997096, 0.9992561), (0.024978464, -0.023136636, 0.9994202), (-0.014580701, -0.067856856, 0.9975886), (-0.15609127, -0.05271147, 0.98633516), (-0.13821195, -0.062671326, 0.98841786), (-0.013839851, -0.035997096, 0.9992561), (-0.15609127, -0.05271147, 0.98633516), (-0.05470186, -0.030551342, 0.9980352), (-0.060007475, -0.043813813, 0.9972359), (-0.13821195, -0.062671326, 0.98841786), (-0.05470186, -0.030551342, 0.9980352), (0.08840596, -0.042448346, 0.99517965), (0.07395233, -0.014414417, 0.9971576), (-0.060007475, -0.043813813, 0.9972359), (0.08840596, -0.042448346, 0.99517965), (-0.02082077, -0.06069998, 0.9979389), (-0.02041517, -0.04000524, 0.9989909), (0.07395233, -0.014414417, 0.9971576), (-0.02082077, -0.06069998, 0.9979389), (-0.13928097, -0.056743525, 0.9886258), (-0.13125294, -0.067844115, 0.98902476), (-0.02041517, -0.04000524, 0.9989909), (-0.13928097, -0.056743525, 0.9886258), (-0.0017092102, -0.03807738, 0.9992733), (-0.0029440909, -0.036272127, 0.9993376), (-0.13125294, -0.067844115, 0.98902476), (-0.0017092102, -0.03807738, 0.9992733), (0.108023725, -0.037882544, 0.99342626), (0.10487283, -0.008213347, 0.99445176), (-0.0029440909, -0.036272127, 0.9993376), (0.108023725, -0.037882544, 0.99342626), (-0.032600712, -0.052506216, 0.99808836), (-0.03559412, -0.043803502, 0.9984059), (0.10487283, -0.008213347, 0.99445176), (-0.032600712, -0.052506216, 0.99808836), (-0.111707404, -0.06060599, 0.99189126), (-0.114014246, -0.066452965, 0.99125415), (-0.03559412, -0.043803502, 0.9984059), (-0.111707404, -0.06060599, 0.99189126), (0.048017222, -0.043848652, 0.99788356), (0.053335868, -0.027036682, 0.99821055), (-0.114014246, -0.066452965, 0.99125415), (0.048017222, -0.043848652, 0.99788356), (0.11321707, -0.031132625, 0.9930824), (0.12050994, -0.0066327304, 0.9926899), (0.053335868, -0.027036682, 0.99821055), (0.11321707, -0.031132625, 0.9930824), (-0.04116188, -0.0438728, 0.9981888), (-0.050022062, -0.045636464, 0.9977049), (0.12050994, -0.0066327304, 0.9926899), (-0.04116188, -0.0438728, 0.9981888), (-0.071847804, -0.06395703, 0.99536294), (-0.083145544, -0.05867787, 0.9948084), (-0.050022062, -0.045636464, 0.9977049), (-0.071847804, -0.06395703, 0.99536294), (0.092618026, -0.048189122, 0.9945349), (0.105776794, -0.019132273, 0.9942058), (-0.083145544, -0.05867787, 0.9948084), (0.092618026, -0.048189122, 0.9945349), (0.10954329, -0.022970341, 0.9937166), (0.124721214, -0.009455997, 0.99214673), (0.105776794, -0.019132273, 0.9942058), (0.10954329, -0.022970341, 0.9937166), (-0.039129402, -0.035086147, 0.998618), (-0.05529863, -0.04401601, 0.9974992), (0.124721214, -0.009455997, 0.99214673), (-0.039129402, -0.035086147, 0.998618), (-0.020096803, -0.066407256, 0.9975902), (-0.037734065, -0.0466496, 0.9981984), (-0.05529863, -0.04401601, 0.9974992), (-0.020096803, -0.066407256, 0.9975902), (0.13173622, -0.05109553, 0.98996705), (0.15259096, -0.014527291, 0.9881826), (-0.037734065, -0.0466496, 0.9981984), (0.13173622, -0.05109553, 0.98996705), (0.10554199, -0.013977245, 0.99431664), (0.124922685, -0.01450721, 0.9920604), (0.15259096, -0.014527291, 0.9881826), (0.10554199, -0.013977245, 0.99431664), (-0.01767906, -0.026425818, 0.99949443), (-0.041189678, -0.038562093, 0.99840695), (0.124922685, -0.01450721, 0.9920604), (-0.01767906, -0.026425818, 0.99949443), (0.04535077, -0.06709383, 0.9967154), (0.024789419, -0.03352513, 0.99913037), (-0.041189678, -0.038562093, 0.99840695), (0.04535077, -0.06709383, 0.9967154), (0.1712347, -0.05179525, 0.9838678), (0.19796382, -0.013269493, 0.9801195), (0.024789419, -0.03352513, 0.99913037), (0.1712347, -0.05179525, 0.9838678), (0.11927385, -0.004918073, 0.99284923), (0.13852264, -0.018613845, 0.9901843), (0.19796382, -0.013269493, 0.9801195), (0.11927385, -0.004918073, 0.99284923), (0.044904146, -0.017936036, 0.99883026), (0.016215017, -0.030015504, 0.9994179), (0.13852264, -0.018613845, 0.9901843), (0.044904146, -0.017936036, 0.99883026), (0.14708462, -0.062883765, 0.98712295), (0.12761119, -0.021792594, 0.99158484), (0.016215017, -0.030015504, 0.9994179), (0.14708462, -0.062883765, 0.98712295), (0.25603783, -0.04777353, 0.9654855), (0.28369492, -0.012802992, 0.95882916), (0.12761119, -0.021792594, 0.99158484), (0.25603783, -0.04777353, 0.9654855), (0.26155147, 0.002119193, 0.9651872), (0.2754059, -0.017064994, 0.9611766), (0.28369492, -0.012802992, 0.95882916), (0.26155147, 0.002119193, 0.9651872), (0.64553386, 0.01255831, 0.7636284), (0.6095983, -0.01243418, 0.7926129), (0.2754059, -0.017064994, 0.9611766), (0.64553386, 0.01255831, 0.7636284), (0.97274566, 0.0018969929, 0.2318671), (0.972529, 0.00006399383, 0.23278205), (0.6095983, -0.01243418, 0.7926129), (-0.9724254, -0.0060590813, 0.23313545), (-0.68780756, -0.023349915, 0.7255174), (-0.6537669, -0.03862294, 0.75570965), (-0.97422785, -0.012432437, 0.22522314), (-0.68780756, -0.023349915, 0.7255174), (-0.24642919, -0.028963935, 0.96872795), (-0.21650116, -0.013425844, 0.97619003), (-0.6537669, -0.03862294, 0.75570965), (-0.24642919, -0.028963935, 0.96872795), (-0.12894732, -0.027841642, 0.9912605), (-0.13911918, 0.012499164, 0.99019676), (-0.21650116, -0.013425844, 0.97619003), (-0.12894732, -0.027841642, 0.9912605), (-0.18277664, -0.03906934, 0.9823778), (-0.22514868, -0.036946557, 0.97362363), (-0.13911918, 0.012499164, 0.99019676), (-0.18277664, -0.03906934, 0.9823778), (-0.18545845, -0.043206852, 0.9817018), (-0.17520635, -0.06452644, 0.98241484), (-0.22514868, -0.036946557, 0.97362363), (-0.18545845, -0.043206852, 0.9817018), (-0.050840832, -0.030366618, 0.998245), (-0.016293101, -0.018331071, 0.99969923), (-0.17520635, -0.06452644, 0.98241484), (-0.050840832, -0.030366618, 0.998245), (-0.03074138, -0.03258078, 0.99899626), (-0.042011112, 0.004635366, 0.9991064), (-0.016293101, -0.018331071, 0.99969923), (-0.03074138, -0.03258078, 0.99899626), (-0.14419022, -0.05249174, 0.9881568), (-0.17628999, -0.043161467, 0.9833915), (-0.042011112, 0.004635366, 0.9991064), (-0.14419022, -0.05249174, 0.9881568), (-0.11686952, -0.046790484, 0.99204445), (-0.104325265, -0.058681183, 0.9928106), (-0.17628999, -0.043161467, 0.9833915), (-0.11686952, -0.046790484, 0.99204445), (0.024978464, -0.023136636, 0.9994202), (0.04770956, -0.018646866, 0.99868727), (-0.104325265, -0.058681183, 0.9928106), (0.024978464, -0.023136636, 0.9994202), (-0.013839851, -0.035997096, 0.9992561), (-0.022848766, -0.008115519, 0.99970603), (0.04770956, -0.018646866, 0.99868727), (-0.013839851, -0.035997096, 0.9992561), (-0.13821195, -0.062671326, 0.98841786), (-0.1550412, -0.04330021, 0.9869586), (-0.022848766, -0.008115519, 0.99970603), (-0.13821195, -0.062671326, 0.98841786), (-0.060007475, -0.043813813, 0.9972359), (-0.052246753, -0.044508312, 0.99764186), (-0.1550412, -0.04330021, 0.9869586), (-0.060007475, -0.043813813, 0.9972359), (0.07395233, -0.014414417, 0.9971576), (0.081514, -0.020821832, 0.9964547), (-0.052246753, -0.044508312, 0.99764186), (0.07395233, -0.014414417, 0.9971576), (-0.02041517, -0.04000524, 0.9989909), (-0.022045989, -0.0230525, 0.99949116), (0.081514, -0.020821832, 0.9964547), (-0.02041517, -0.04000524, 0.9989909), (-0.13125294, -0.067844115, 0.98902476), (-0.13223757, -0.036721155, 0.9905376), (-0.022045989, -0.0230525, 0.99949116), (-0.13125294, -0.067844115, 0.98902476), (-0.0029440909, -0.036272127, 0.9993376), (-0.0055994457, -0.026455646, 0.9996343), (-0.13223757, -0.036721155, 0.9905376), (-0.0029440909, -0.036272127, 0.9993376), (0.10487283, -0.008213347, 0.99445176), (0.09794408, -0.026654802, 0.9948349), (-0.0055994457, -0.026455646, 0.9996343), (0.10487283, -0.008213347, 0.99445176), (-0.03559412, -0.043803502, 0.9984059), (-0.026076365, -0.037533175, 0.9989551), (0.09794408, -0.026654802, 0.9948349), (-0.03559412, -0.043803502, 0.9984059), (-0.114014246, -0.066452965, 0.99125415), (-0.10127668, -0.023881014, 0.9945716), (-0.026076365, -0.037533175, 0.9989551), (-0.114014246, -0.066452965, 0.99125415), (0.053335868, -0.027036682, 0.99821055), (0.03731284, -0.008195527, 0.99927), (-0.10127668, -0.023881014, 0.9945716), (0.053335868, -0.027036682, 0.99821055), (0.12050994, -0.0066327304, 0.9926899), (0.102091506, -0.03617011, 0.9941172), (0.03731284, -0.008195527, 0.99927), (0.12050994, -0.0066327304, 0.9926899), (-0.050022062, -0.045636464, 0.9977049), (-0.027614834, -0.048822828, 0.99842566), (0.102091506, -0.03617011, 0.9941172), (-0.050022062, -0.045636464, 0.9977049), (-0.083145544, -0.05867787, 0.9948084), (-0.060401227, -0.006768313, 0.9981513), (-0.027614834, -0.048822828, 0.99842566), (-0.083145544, -0.05867787, 0.9948084), (0.105776794, -0.019132273, 0.9942058), (0.07615347, 0.006899005, 0.9970723), (-0.060401227, -0.006768313, 0.9981513), (0.105776794, -0.019132273, 0.9942058), (0.124721214, -0.009455997, 0.99214673), (0.09888614, -0.047703043, 0.9939547), (0.07615347, 0.006899005, 0.9970723), (0.124721214, -0.009455997, 0.99214673), (-0.05529863, -0.04401601, 0.9974992), (-0.020210708, -0.054510355, 0.99830866), (0.09888614, -0.047703043, 0.9939547), (-0.05529863, -0.04401601, 0.9974992), (-0.037734065, -0.0466496, 0.9981984), (-0.009180776, 0.0112815285, 0.99989426), (-0.020210708, -0.054510355, 0.99830866), (-0.037734065, -0.0466496, 0.9981984), (0.15259096, -0.014527291, 0.9881826), (0.11128966, 0.016143525, 0.9936569), (-0.009180776, 0.0112815285, 0.99989426), (0.15259096, -0.014527291, 0.9881826), (0.124922685, -0.01450721, 0.9920604), (0.09594621, -0.058181908, 0.9936847), (0.11128966, 0.016143525, 0.9936569), (0.124922685, -0.01450721, 0.9920604), (-0.041189678, -0.038562093, 0.99840695), (0.0044917143, -0.053178612, 0.9985749), (0.09594621, -0.058181908, 0.9936847), (-0.041189678, -0.038562093, 0.99840695), (0.024789419, -0.03352513, 0.99913037), (0.055059567, 0.026145188, 0.99814075), (0.0044917143, -0.053178612, 0.9985749), (0.024789419, -0.03352513, 0.99913037), (0.19796382, -0.013269493, 0.9801195), (0.14892569, 0.018445665, 0.9886764), (0.055059567, 0.026145188, 0.99814075), (0.19796382, -0.013269493, 0.9801195), (0.13852264, -0.018613845, 0.9901843), (0.11078691, -0.063395396, 0.9918202), (0.14892569, 0.018445665, 0.9886764), (0.13852264, -0.018613845, 0.9901843), (0.016215017, -0.030015504, 0.9994179), (0.06751993, -0.04495489, 0.99670464), (0.11078691, -0.063395396, 0.9918202), (0.016215017, -0.030015504, 0.9994179), (0.12761119, -0.021792594, 0.99158484), (0.15502313, 0.033045966, 0.987358), (0.06751993, -0.04495489, 0.99670464), (0.12761119, -0.021792594, 0.99158484), (0.28369492, -0.012802992, 0.95882916), (0.23555087, 0.015879368, 0.9717323), (0.15502313, 0.033045966, 0.987358), (0.28369492, -0.012802992, 0.95882916), (0.2754059, -0.017064994, 0.9611766), (0.25462365, -0.05407715, 0.96552706), (0.23555087, 0.015879368, 0.9717323), (0.2754059, -0.017064994, 0.9611766), (0.6095983, -0.01243418, 0.7926129), (0.6484784, -0.041280877, 0.76011294), (0.25462365, -0.05407715, 0.96552706), (0.6095983, -0.01243418, 0.7926129), (0.972529, 0.00006399383, 0.23278205), (0.9728588, -0.0031653363, 0.23137788), (0.6484784, -0.041280877, 0.76011294), (-0.97422785, -0.012432437, 0.22522314), (-0.6537669, -0.03862294, 0.75570965), (-0.6577706, 0.03683704, 0.7523171), (-0.9744583, 0.0101975845, 0.22433679), (-0.6537669, -0.03862294, 0.75570965), (-0.21650116, -0.013425844, 0.97619003), (-0.24326113, -0.011602088, 0.9698914), (-0.6577706, 0.03683704, 0.7523171), (-0.21650116, -0.013425844, 0.97619003), (-0.13911918, 0.012499164, 0.99019676), (-0.15918832, -0.081798404, 0.9838537), (-0.24326113, -0.011602088, 0.9698914), (-0.13911918, 0.012499164, 0.99019676), (-0.22514868, -0.036946557, 0.97362363), (-0.18844832, -0.021329587, 0.9818514), (-0.15918832, -0.081798404, 0.9838537), (-0.22514868, -0.036946557, 0.97362363), (-0.17520635, -0.06452644, 0.98241484), (-0.16353154, 0.06426983, 0.9844424), (-0.18844832, -0.021329587, 0.9818514), (-0.17520635, -0.06452644, 0.98241484), (-0.016293101, -0.018331071, 0.99969923), (-0.073002405, -0.011301826, 0.9972677), (-0.16353154, 0.06426983, 0.9844424), (-0.016293101, -0.018331071, 0.99969923), (-0.042011112, 0.004635366, 0.9991064), (-0.05717226, -0.106659554, 0.99265057), (-0.073002405, -0.011301826, 0.9972677), (-0.042011112, 0.004635366, 0.9991064), (-0.17628999, -0.043161467, 0.9833915), (-0.10864543, -0.021155532, 0.9938554), (-0.05717226, -0.106659554, 0.99265057), (-0.17628999, -0.043161467, 0.9833915), (-0.104325265, -0.058681183, 0.9928106), (-0.09978642, 0.07991304, 0.99179465), (-0.10864543, -0.021155532, 0.9938554), (-0.104325265, -0.058681183, 0.9928106), (0.04770956, -0.018646866, 0.99868727), (-0.036229365, -0.016883055, 0.9992009), (-0.09978642, 0.07991304, 0.99179465), (0.04770956, -0.018646866, 0.99868727), (-0.022848766, -0.008115519, 0.99970603), (-0.025980344, -0.1215146, 0.99224955), (-0.036229365, -0.016883055, 0.9992009), (-0.022848766, -0.008115519, 0.99970603), (-0.1550412, -0.04330021, 0.9869586), (-0.06105385, -0.015318514, 0.9980169), (-0.025980344, -0.1215146, 0.99224955), (-0.1550412, -0.04330021, 0.9869586), (-0.052246753, -0.044508312, 0.99764186), (-0.060618408, 0.0894437, 0.99414545), (-0.06105385, -0.015318514, 0.9980169), (-0.052246753, -0.044508312, 0.99764186), (0.081514, -0.020821832, 0.9964547), (-0.024268424, -0.025246074, 0.99938667), (-0.060618408, 0.0894437, 0.99414545), (0.081514, -0.020821832, 0.9964547), (-0.022045989, -0.0230525, 0.99949116), (-0.008315032, -0.12809172, 0.9917275), (-0.024268424, -0.025246074, 0.99938667), (-0.022045989, -0.0230525, 0.99949116), (-0.13223757, -0.036721155, 0.9905376), (-0.019110937, -0.006280468, 0.99979764), (-0.008315032, -0.12809172, 0.9917275), (-0.13223757, -0.036721155, 0.9905376), (-0.0055994457, -0.026455646, 0.9996343), (-0.030549355, 0.092062965, 0.99528444), (-0.019110937, -0.006280468, 0.99979764), (-0.0055994457, -0.026455646, 0.9996343), (0.09794408, -0.026654802, 0.9948349), (-0.021656977, -0.0350152, 0.99915206), (-0.030549355, 0.092062965, 0.99528444), (0.09794408, -0.026654802, 0.9948349), (-0.026076365, -0.037533175, 0.9989551), (0.0074499003, -0.12625143, 0.99197036), (-0.021656977, -0.0350152, 0.99915206), (-0.026076365, -0.037533175, 0.9989551), (-0.10127668, -0.023881014, 0.9945716), (0.021522738, 0.0040524327, 0.99976015), (0.0074499003, -0.12625143, 0.99197036), (-0.10127668, -0.023881014, 0.9945716), (0.03731284, -0.008195527, 0.99927), (-0.006264418, 0.08710949, 0.99617904), (0.021522738, 0.0040524327, 0.99976015), (0.03731284, -0.008195527, 0.99927), (0.102091506, -0.03617011, 0.9941172), (-0.021509783, -0.044239506, 0.99878937), (-0.006264418, 0.08710949, 0.99617904), (0.102091506, -0.03617011, 0.9941172), (-0.027614834, -0.048822828, 0.99842566), (0.026140053, -0.11631755, 0.992868), (-0.021509783, -0.044239506, 0.99878937), (-0.027614834, -0.048822828, 0.99842566), (-0.060401227, -0.006768313, 0.9981513), (0.061380677, 0.013449566, 0.99802375), (0.026140053, -0.11631755, 0.992868), (-0.060401227, -0.006768313, 0.9981513), (0.07615347, 0.006899005, 0.9970723), (0.014248598, 0.07497825, 0.9970833), (0.061380677, 0.013449566, 0.99802375), (0.07615347, 0.006899005, 0.9970723), (0.09888614, -0.047703043, 0.9939547), (-0.018164422, -0.05049229, 0.9985593), (0.014248598, 0.07497825, 0.9970833), (0.09888614, -0.047703043, 0.9939547), (-0.020210708, -0.054510355, 0.99830866), (0.050783858, -0.09962959, 0.9937278), (-0.018164422, -0.05049229, 0.9985593), (-0.020210708, -0.054510355, 0.99830866), (-0.009180776, 0.0112815285, 0.99989426), (0.10078595, 0.01948046, 0.99471736), (0.050783858, -0.09962959, 0.9937278), (-0.009180776, 0.0112815285, 0.99989426), (0.11128966, 0.016143525, 0.9936569), (0.034884676, 0.057451848, 0.9977386), (0.10078595, 0.01948046, 0.99471736), (0.11128966, 0.016143525, 0.9936569), (0.09594621, -0.058181908, 0.9936847), (-0.004435496, -0.051356293, 0.9986705), (0.034884676, 0.057451848, 0.9977386), (0.09594621, -0.058181908, 0.9936847), (0.0044917143, -0.053178612, 0.9985749), (0.08557119, -0.07845084, 0.9932387), (-0.004435496, -0.051356293, 0.9986705), (0.0044917143, -0.053178612, 0.9985749), (0.055059567, 0.026145188, 0.99814075), (0.14341596, 0.020081135, 0.98945874), (0.08557119, -0.07845084, 0.9932387), (0.055059567, 0.026145188, 0.99814075), (0.14892569, 0.018445665, 0.9886764), (0.06638418, 0.037465192, 0.9970905), (0.14341596, 0.020081135, 0.98945874), (0.14892569, 0.018445665, 0.9886764), (0.11078691, -0.063395396, 0.9918202), (0.035612613, -0.04494864, 0.9983543), (0.06638418, 0.037465192, 0.9970905), (0.11078691, -0.063395396, 0.9918202), (0.06751993, -0.04495489, 0.99670464), (0.1462292, -0.05536235, 0.98770034), (0.035612613, -0.04494864, 0.9983543), (0.06751993, -0.04495489, 0.99670464), (0.15502313, 0.033045966, 0.987358), (0.21375611, 0.014227051, 0.97678345), (0.1462292, -0.05536235, 0.98770034), (0.15502313, 0.033045966, 0.987358), (0.23555087, 0.015879368, 0.9717323), (0.16379145, 0.018716203, 0.9863174), (0.21375611, 0.014227051, 0.97678345), (0.23555087, 0.015879368, 0.9717323), (0.25462365, -0.05407715, 0.96552706), (0.21174625, -0.028179217, 0.97691834), (0.16379145, 0.018716203, 0.9863174), (0.25462365, -0.05407715, 0.96552706), (0.6484784, -0.041280877, 0.76011294), (0.63217986, -0.03264546, 0.77413374), (0.21174625, -0.028179217, 0.97691834), (0.6484784, -0.041280877, 0.76011294), (0.9728588, -0.0031653363, 0.23137788), (0.9736241, -0.0045288643, 0.22811311), (0.63217986, -0.03264546, 0.77413374), (-0.9744583, 0.0101975845, 0.22433679), (-0.6577706, 0.03683704, 0.7523171), (-0.6994935, 0.0148714045, 0.7144841), (-0.9728292, 0.0062320433, 0.23143992), (-0.6577706, 0.03683704, 0.7523171), (-0.24326113, -0.011602088, 0.9698914), (-0.32172042, -0.0068930825, 0.9468097), (-0.6994935, 0.0148714045, 0.7144841), (-0.24326113, -0.011602088, 0.9698914), (-0.15918832, -0.081798404, 0.9838537), (-0.16305502, -0.025411772, 0.9862897), (-0.32172042, -0.0068930825, 0.9468097), (-0.15918832, -0.081798404, 0.9838537), (-0.18844832, -0.021329587, 0.9818514), (-0.090654455, 0.0028184683, 0.9958784), (-0.16305502, -0.025411772, 0.9862897), (-0.18844832, -0.021329587, 0.9818514), (-0.16353154, 0.06426983, 0.9844424), (-0.15814848, 0.021805592, 0.9871745), (-0.090654455, 0.0028184683, 0.9958784), (-0.16353154, 0.06426983, 0.9844424), (-0.073002405, -0.011301826, 0.9972677), (-0.18213761, -0.0046431483, 0.9832621), (-0.15814848, 0.021805592, 0.9871745), (-0.073002405, -0.011301826, 0.9972677), (-0.05717226, -0.106659554, 0.99265057), (-0.058966763, -0.023601416, 0.99798095), (-0.18213761, -0.0046431483, 0.9832621), (-0.05717226, -0.106659554, 0.99265057), (-0.10864543, -0.021155532, 0.9938554), (0.0067716977, -0.0026184265, 0.99997365), (-0.058966763, -0.023601416, 0.99798095), (-0.10864543, -0.021155532, 0.9938554), (-0.09978642, 0.07991304, 0.99179465), (-0.09865677, 0.014248047, 0.9950195), (0.0067716977, -0.0026184265, 0.99997365), (-0.09978642, 0.07991304, 0.99179465), (-0.036229365, -0.016883055, 0.9992009), (-0.15460567, -0.00086674286, 0.98797584), (-0.09865677, 0.014248047, 0.9950195), (-0.036229365, -0.016883055, 0.9992009), (-0.025980344, -0.1215146, 0.99224955), (-0.022221627, -0.017036308, 0.99960786), (-0.15460567, -0.00086674286, 0.98797584), (-0.025980344, -0.1215146, 0.99224955), (-0.06105385, -0.015318514, 0.9980169), (0.058198944, -0.011170153, 0.99824256), (-0.022221627, -0.017036308, 0.99960786), (-0.06105385, -0.015318514, 0.9980169), (-0.060618408, 0.0894437, 0.99414545), (-0.06577186, 0.0029261997, 0.99783045), (0.058198944, -0.011170153, 0.99824256), (-0.060618408, 0.0894437, 0.99414545), (-0.024268424, -0.025246074, 0.99938667), (-0.14127153, 0.0053180824, 0.9899566), (-0.06577186, 0.0029261997, 0.99783045), (-0.024268424, -0.025246074, 0.99938667), (-0.008315032, -0.12809172, 0.9917275), (0.001077359, -0.009074373, 0.9999582), (-0.14127153, 0.0053180824, 0.9899566), (-0.008315032, -0.12809172, 0.9917275), (-0.019110937, -0.006280468, 0.99979764), (0.09428188, -0.022598064, 0.9952891), (0.001077359, -0.009074373, 0.9999582), (-0.019110937, -0.006280468, 0.99979764), (-0.030549355, 0.092062965, 0.99528444), (-0.041630812, -0.009154245, 0.99909115), (0.09428188, -0.022598064, 0.9952891), (-0.030549355, 0.092062965, 0.99528444), (-0.021656977, -0.0350152, 0.99915206), (-0.1290047, 0.01334999, 0.99155414), (-0.041630812, -0.009154245, 0.99909115), (-0.021656977, -0.0350152, 0.99915206), (0.0074499003, -0.12625143, 0.99197036), (0.020698423, -0.0019618962, 0.9997838), (-0.1290047, 0.01334999, 0.99155414), (0.0074499003, -0.12625143, 0.99197036), (0.021522738, 0.0040524327, 0.99976015), (0.12158895, -0.03547123, 0.9919465), (0.020698423, -0.0019618962, 0.9997838), (0.021522738, 0.0040524327, 0.99976015), (-0.006264418, 0.08710949, 0.99617904), (-0.020735834, -0.019412832, 0.9995965), (0.12158895, -0.03547123, 0.9919465), (-0.006264418, 0.08710949, 0.99617904), (-0.021509783, -0.044239506, 0.99878937), (-0.11307181, 0.021995116, 0.99334335), (-0.020735834, -0.019412832, 0.9995965), (-0.021509783, -0.044239506, 0.99878937), (0.026140053, -0.11631755, 0.992868), (0.040064946, 0.0025797454, 0.9991937), (-0.11307181, 0.021995116, 0.99334335), (0.026140053, -0.11631755, 0.992868), (0.061380677, 0.013449566, 0.99802375), (0.14313757, -0.047665518, 0.9885543), (0.040064946, 0.0025797454, 0.9991937), (0.061380677, 0.013449566, 0.99802375), (0.014248598, 0.07497825, 0.9970833), (0.00062253425, -0.025900489, 0.9996643), (0.14313757, -0.047665518, 0.9885543), (0.014248598, 0.07497825, 0.9970833), (-0.018164422, -0.05049229, 0.9985593), (-0.09035219, 0.02963862, 0.9954687), (0.00062253425, -0.025900489, 0.9996643), (-0.018164422, -0.05049229, 0.9985593), (0.050783858, -0.09962959, 0.9937278), (0.06150483, 0.0036536166, 0.99810016), (-0.09035219, 0.02963862, 0.9954687), (0.050783858, -0.09962959, 0.9937278), (0.10078595, 0.01948046, 0.99471736), (0.1621138, -0.056772236, 0.9851375), (0.06150483, 0.0036536166, 0.99810016), (0.10078595, 0.01948046, 0.99471736), (0.034884676, 0.057451848, 0.9977386), (0.02706363, -0.027668122, 0.9992507), (0.1621138, -0.056772236, 0.9851375), (0.034884676, 0.057451848, 0.9977386), (-0.004435496, -0.051356293, 0.9986705), (-0.056351073, 0.03459433, 0.99781156), (0.02706363, -0.027668122, 0.9992507), (-0.004435496, -0.051356293, 0.9986705), (0.08557119, -0.07845084, 0.9932387), (0.0894341, 0.0015428757, 0.9959916), (-0.056351073, 0.03459433, 0.99781156), (0.08557119, -0.07845084, 0.9932387), (0.14341596, 0.020081135, 0.98945874), (0.18504752, -0.060375974, 0.98087317), (0.0894341, 0.0015428757, 0.9959916), (0.14341596, 0.020081135, 0.98945874), (0.06638418, 0.037465192, 0.9970905), (0.06869785, -0.025005491, 0.9973241), (0.18504752, -0.060375974, 0.98087317), (0.06638418, 0.037465192, 0.9970905), (0.035612613, -0.04494864, 0.9983543), (0.0026541534, 0.035278566, 0.999374), (0.06869785, -0.025005491, 0.9973241), (0.035612613, -0.04494864, 0.9983543), (0.1462292, -0.05536235, 0.98770034), (0.1414245, -0.0019432239, 0.9899471), (0.0026541534, 0.035278566, 0.999374), (0.1462292, -0.05536235, 0.98770034), (0.21375611, 0.014227051, 0.97678345), (0.23845778, -0.055518027, 0.96956474), (0.1414245, -0.0019432239, 0.9899471), (0.21375611, 0.014227051, 0.97678345), (0.16379145, 0.018716203, 0.9863174), (0.17730363, -0.019664146, 0.98395973), (0.23845778, -0.055518027, 0.96956474), (0.16379145, 0.018716203, 0.9863174), (0.21174625, -0.028179217, 0.97691834), (0.1974489, 0.028720856, 0.9798924), (0.17730363, -0.019664146, 0.98395973), (0.21174625, -0.028179217, 0.97691834), (0.63217986, -0.03264546, 0.77413374), (0.65287054, 0.014664684, 0.75732756), (0.1974489, 0.028720856, 0.9798924), (0.63217986, -0.03264546, 0.77413374), (0.9736241, -0.0045288643, 0.22811311), (0.9742479, -0.0019158, 0.22547151), (0.65287054, 0.014664684, 0.75732756), (-0.9728292, 0.0062320433, 0.23143992), (-0.6994935, 0.0148714045, 0.7144841), (-0.6819649, 0.00070962467, 0.7313846), (-0.9718119, 0.0033884987, 0.23573303), (-0.6994935, 0.0148714045, 0.7144841), (-0.32172042, -0.0068930825, 0.9468097), (-0.3348921, -0.003624499, 0.94224954), (-0.6819649, 0.00070962467, 0.7313846), (-0.32172042, -0.0068930825, 0.9468097), (-0.16305502, -0.025411772, 0.9862897), (-0.14173755, 0.0075570866, 0.98987544), (-0.3348921, -0.003624499, 0.94224954), (-0.16305502, -0.025411772, 0.9862897), (-0.090654455, 0.0028184683, 0.9958784), (-0.0682623, 0.01798947, 0.99750525), (-0.14173755, 0.0075570866, 0.98987544), (-0.090654455, 0.0028184683, 0.9958784), (-0.15814848, 0.021805592, 0.9871745), (-0.18331262, 0.008589651, 0.98301715), (-0.0682623, 0.01798947, 0.99750525), (-0.15814848, 0.021805592, 0.9871745), (-0.18213761, -0.0046431483, 0.9832621), (-0.19580993, 0.0013691038, 0.9806409), (-0.18331262, 0.008589651, 0.98301715), (-0.18213761, -0.0046431483, 0.9832621), (-0.058966763, -0.023601416, 0.99798095), (-0.032585405, 0.0071975295, 0.999443), (-0.19580993, 0.0013691038, 0.9806409), (-0.058966763, -0.023601416, 0.99798095), (0.0067716977, -0.0026184265, 0.99997365), (0.018282238, 0.011800861, 0.99976325), (-0.032585405, 0.0071975295, 0.999443), (0.0067716977, -0.0026184265, 0.99997365), (-0.09865677, 0.014248047, 0.9950195), (-0.12645435, 0.008956111, 0.9919321), (0.018282238, 0.011800861, 0.99976325), (-0.09865677, 0.014248047, 0.9950195), (-0.15460567, -0.00086674286, 0.98797584), (-0.1586338, 0.007024133, 0.9873125), (-0.12645435, 0.008956111, 0.9919321), (-0.15460567, -0.00086674286, 0.98797584), (-0.022221627, -0.017036308, 0.99960786), (0.0027514964, 0.0048411717, 0.9999845), (-0.1586338, 0.007024133, 0.9873125), (-0.022221627, -0.017036308, 0.99960786), (0.058198944, -0.011170153, 0.99824256), (0.057255443, 0.0033557187, 0.9983539), (0.0027514964, 0.0048411717, 0.9999845), (0.058198944, -0.011170153, 0.99824256), (-0.06577186, 0.0029261997, 0.99783045), (-0.08939512, 0.007930435, 0.9959647), (0.057255443, 0.0033557187, 0.9983539), (-0.06577186, 0.0029261997, 0.99783045), (-0.14127153, 0.0053180824, 0.9899566), (-0.13442262, 0.010492687, 0.99086857), (-0.08939512, 0.007930435, 0.9959647), (-0.14127153, 0.0053180824, 0.9899566), (0.001077359, -0.009074373, 0.9999582), (0.019434465, 0.0015485364, 0.9998099), (-0.13442262, 0.010492687, 0.99086857), (0.001077359, -0.009074373, 0.9999582), (0.09428188, -0.022598064, 0.9952891), (0.08224999, -0.0041753137, 0.99660295), (0.019434465, 0.0015485364, 0.9998099), (0.09428188, -0.022598064, 0.9952891), (-0.041630812, -0.009154245, 0.99909115), (-0.05552514, 0.005151375, 0.99844396), (0.08224999, -0.0041753137, 0.99660295), (-0.041630812, -0.009154245, 0.99909115), (-0.1290047, 0.01334999, 0.99155414), (-0.11258464, 0.010516493, 0.99358654), (-0.05552514, 0.005151375, 0.99844396), (-0.1290047, 0.01334999, 0.99155414), (0.020698423, -0.0019618962, 0.9997838), (0.028124312, -0.0012405812, 0.9996037), (-0.11258464, 0.010516493, 0.99358654), (0.020698423, -0.0019618962, 0.9997838), (0.12158895, -0.03547123, 0.9919465), (0.10147271, -0.009196753, 0.9947958), (0.028124312, -0.0012405812, 0.9996037), (0.12158895, -0.03547123, 0.9919465), (-0.020735834, -0.019412832, 0.9995965), (-0.020932632, 0.00032681317, 0.9997808), (0.10147271, -0.009196753, 0.9947958), (-0.020735834, -0.019412832, 0.9995965), (-0.11307181, 0.021995116, 0.99334335), (-0.089983694, 0.0074148863, 0.9959157), (-0.020932632, 0.00032681317, 0.9997808), (-0.11307181, 0.021995116, 0.99334335), (0.040064946, 0.0025797454, 0.9991937), (0.03373073, -0.0025187386, 0.99942774), (-0.089983694, 0.0074148863, 0.9959157), (0.040064946, 0.0025797454, 0.9991937), (0.14313757, -0.047665518, 0.9885543), (0.11890755, -0.011589835, 0.9928377), (0.03373073, -0.0025187386, 0.99942774), (0.14313757, -0.047665518, 0.9885543), (0.00062253425, -0.025900489, 0.9996643), (0.015864935, -0.005942793, 0.9998565), (0.11890755, -0.011589835, 0.9928377), (0.00062253425, -0.025900489, 0.9996643), (-0.09035219, 0.02963862, 0.9954687), (-0.06447517, 0.0027106763, 0.99791557), (0.015864935, -0.005942793, 0.9998565), (-0.09035219, 0.02963862, 0.9954687), (0.06150483, 0.0036536166, 0.99810016), (0.04067905, -0.0022246717, 0.99916977), (-0.06447517, 0.0027106763, 0.99791557), (0.06150483, 0.0036536166, 0.99810016), (0.1621138, -0.056772236, 0.9851375), (0.13810284, -0.0121638635, 0.99034315), (0.04067905, -0.0022246717, 0.99916977), (0.1621138, -0.056772236, 0.9851375), (0.02706363, -0.027668122, 0.9992507), (0.056764793, -0.011977925, 0.9983157), (0.13810284, -0.0121638635, 0.99034315), (0.02706363, -0.027668122, 0.9992507), (-0.056351073, 0.03459433, 0.99781156), (-0.0318836, -0.00172083, 0.99949014), (0.056764793, -0.011977925, 0.9983157), (-0.056351073, 0.03459433, 0.99781156), (0.0894341, 0.0015428757, 0.9959916), (0.056060035, -0.0012276039, 0.9984266), (-0.0318836, -0.00172083, 0.99949014), (0.0894341, 0.0015428757, 0.9959916), (0.18504752, -0.060375974, 0.98087317), (0.16537483, -0.01175715, 0.98616076), (0.056060035, -0.0012276039, 0.9984266), (0.18504752, -0.060375974, 0.98087317), (0.06869785, -0.025005491, 0.9973241), (0.108798824, -0.015491015, 0.9939431), (0.16537483, -0.01175715, 0.98616076), (0.06869785, -0.025005491, 0.9973241), (0.0026541534, 0.035278566, 0.999374), (0.022014307, -0.0044663153, 0.9997477), (0.108798824, -0.015491015, 0.9939431), (0.0026541534, 0.035278566, 0.999374), (0.1414245, -0.0019432239, 0.9899471), (0.10113489, -0.0007540905, 0.99487245), (0.022014307, -0.0044663153, 0.9997477), (0.1414245, -0.0019432239, 0.9899471), (0.23845778, -0.055518027, 0.96956474), (0.22647321, -0.010347333, 0.9739625), (0.10113489, -0.0007540905, 0.99487245), (0.23845778, -0.055518027, 0.96956474), (0.17730363, -0.019664146, 0.98395973), (0.21911068, -0.014218269, 0.97559637), (0.22647321, -0.010347333, 0.9739625), (0.17730363, -0.019664146, 0.98395973), (0.1974489, 0.028720856, 0.9798924), (0.2119814, -0.0049163005, 0.97726136), (0.21911068, -0.014218269, 0.97559637), (0.1974489, 0.028720856, 0.9798924), (0.65287054, 0.014664684, 0.75732756), (0.62008846, -0.0011500451, 0.7845311), (0.2119814, -0.0049163005, 0.97726136), (0.65287054, 0.014664684, 0.75732756), (0.9742479, -0.0019158, 0.22547151), (0.9746297, -0.0021260416, 0.22381334), (0.62008846, -0.0011500451, 0.7845311), (-0.9718119, 0.0033884987, 0.23573303), (-0.6819649, 0.00070962467, 0.7313846), (-0.69837177, 0.0022998983, 0.71573156), (-0.971635, -0.0015225686, 0.23648065), (-0.6819649, 0.00070962467, 0.7313846), (-0.3348921, -0.003624499, 0.94224954), (-0.31604713, 0.02585592, 0.948391), (-0.69837177, 0.0022998983, 0.71573156), (-0.3348921, -0.003624499, 0.94224954), (-0.14173755, 0.0075570866, 0.98987544), (-0.13633679, 0.02595258, 0.99032253), (-0.31604713, 0.02585592, 0.948391), (-0.14173755, 0.0075570866, 0.98987544), (-0.0682623, 0.01798947, 0.99750525), (-0.085807696, -0.0018788275, 0.99631), (-0.13633679, 0.02595258, 0.99032253), (-0.0682623, 0.01798947, 0.99750525), (-0.18331262, 0.008589651, 0.98301715), (-0.1829752, 0.0013326157, 0.9831166), (-0.085807696, -0.0018788275, 0.99631), (-0.18331262, 0.008589651, 0.98301715), (-0.19580993, 0.0013691038, 0.9806409), (-0.17694788, 0.026312014, 0.9838685), (-0.1829752, 0.0013326157, 0.9831166), (-0.19580993, 0.0013691038, 0.9806409), (-0.032585405, 0.0071975295, 0.999443), (-0.022815833, 0.018860428, 0.9995617), (-0.17694788, 0.026312014, 0.9838685), (-0.032585405, 0.0071975295, 0.999443), (0.018282238, 0.011800861, 0.99976325), (0.0035678563, 0.0033551033, 0.999988), (-0.022815833, 0.018860428, 0.9995617), (0.018282238, 0.011800861, 0.99976325), (-0.12645435, 0.008956111, 0.9919321), (-0.13542344, 0.012346409, 0.99071085), (0.0035678563, 0.0033551033, 0.999988), (-0.12645435, 0.008956111, 0.9919321), (-0.1586338, 0.007024133, 0.9873125), (-0.14442542, 0.020015245, 0.9893132), (-0.13542344, 0.012346409, 0.99071085), (-0.1586338, 0.007024133, 0.9873125), (0.0027514964, 0.0048411717, 0.9999845), (0.020798976, 0.009013451, 0.99974304), (-0.14442542, 0.020015245, 0.9893132), (0.0027514964, 0.0048411717, 0.9999845), (0.057255443, 0.0033557187, 0.9983539), (0.04752166, 0.01049182, 0.9988151), (0.020798976, 0.009013451, 0.99974304), (0.057255443, 0.0033557187, 0.9983539), (-0.08939512, 0.007930435, 0.9959647), (-0.10968737, 0.020447114, 0.99375576), (0.04752166, 0.01049182, 0.9988151), (-0.08939512, 0.007930435, 0.9959647), (-0.13442262, 0.010492687, 0.99086857), (-0.1258229, 0.009490522, 0.9920074), (-0.10968737, 0.020447114, 0.99375576), (-0.13442262, 0.010492687, 0.99086857), (0.019434465, 0.0015485364, 0.9998099), (0.04758547, 0.00050932536, 0.998867), (-0.1258229, 0.009490522, 0.9920074), (0.019434465, 0.0015485364, 0.9998099), (0.08224999, -0.0041753137, 0.99660295), (0.077602565, 0.018863764, 0.9968059), (0.04758547, 0.00050932536, 0.998867), (0.08224999, -0.0041753137, 0.99660295), (-0.05552514, 0.005151375, 0.99844396), (-0.08814319, 0.024267498, 0.9958121), (0.077602565, 0.018863764, 0.9968059), (-0.05552514, 0.005151375, 0.99844396), (-0.11258464, 0.010516493, 0.99358654), (-0.10939091, -0.0033311993, 0.9939933), (-0.08814319, 0.024267498, 0.9958121), (-0.11258464, 0.010516493, 0.99358654), (0.028124312, -0.0012405812, 0.9996037), (0.06721194, -0.0053715813, 0.99772424), (-0.10939091, -0.0033311993, 0.9939933), (0.028124312, -0.0012405812, 0.9996037), (0.10147271, -0.009196753, 0.9947958), (0.1010274, 0.02769967, 0.99449795), (0.06721194, -0.0053715813, 0.99772424), (0.10147271, -0.009196753, 0.9947958), (-0.020932632, 0.00032681317, 0.9997808), (-0.06551659, 0.023820572, 0.99756706), (0.1010274, 0.02769967, 0.99449795), (-0.020932632, 0.00032681317, 0.9997808), (-0.089983694, 0.0074148863, 0.9959157), (-0.090857685, -0.016988058, 0.99571896), (-0.06551659, 0.023820572, 0.99756706), (-0.089983694, 0.0074148863, 0.9959157), (0.03373073, -0.0025187386, 0.99942774), (0.08332058, -0.0082482, 0.99648863), (-0.090857685, -0.016988058, 0.99571896), (0.03373073, -0.0025187386, 0.99942774), (0.11890755, -0.011589835, 0.9928377), (0.12099024, 0.036396578, 0.9919862), (0.08332058, -0.0082482, 0.99648863), (0.11890755, -0.011589835, 0.9928377), (0.015864935, -0.005942793, 0.9998565), (-0.038610667, 0.019981144, 0.99905455), (0.12099024, 0.036396578, 0.9919862), (0.015864935, -0.005942793, 0.9998565), (-0.06447517, 0.0027106763, 0.99791557), (-0.06699888, -0.030323561, 0.99729216), (-0.038610667, 0.019981144, 0.99905455), (-0.06447517, 0.0027106763, 0.99791557), (0.04067905, -0.0022246717, 0.99916977), (0.098683506, -0.008220102, 0.9950849), (-0.06699888, -0.030323561, 0.99729216), (0.04067905, -0.0022246717, 0.99916977), (0.13810284, -0.0121638635, 0.99034315), (0.14052354, 0.044311482, 0.9890852), (0.098683506, -0.008220102, 0.9950849), (0.13810284, -0.0121638635, 0.99034315), (0.056764793, -0.011977925, 0.9983157), (-0.0035791898, 0.014128716, 0.99989384), (0.14052354, 0.044311482, 0.9890852), (0.056764793, -0.011977925, 0.9983157), (-0.0318836, -0.00172083, 0.99949014), (-0.032988667, -0.042009212, 0.9985724), (-0.0035791898, 0.014128716, 0.99989384), (-0.0318836, -0.00172083, 0.99949014), (0.056060035, -0.0012276039, 0.9984266), (0.11847823, -0.0058145775, 0.99293965), (-0.032988667, -0.042009212, 0.9985724), (0.056060035, -0.0012276039, 0.9984266), (0.16537483, -0.01175715, 0.98616076), (0.16606152, 0.050240166, 0.9848348), (0.11847823, -0.0058145775, 0.99293965), (0.16537483, -0.01175715, 0.98616076), (0.108798824, -0.015491015, 0.9939431), (0.048851572, 0.007879123, 0.99877495), (0.16606152, 0.050240166, 0.9848348), (0.108798824, -0.015491015, 0.9939431), (0.022014307, -0.0044663153, 0.9997477), (0.025114013, -0.049761187, 0.99844533), (0.048851572, 0.007879123, 0.99877495), (0.022014307, -0.0044663153, 0.9997477), (0.10113489, -0.0007540905, 0.99487245), (0.16160016, -0.0022903476, 0.98685366), (0.025114013, -0.049761187, 0.99844533), (0.10113489, -0.0007540905, 0.99487245), (0.22647321, -0.010347333, 0.9739625), (0.22514214, 0.05113244, 0.97298336), (0.16160016, -0.0022903476, 0.98685366), (0.22647321, -0.010347333, 0.9739625), (0.21911068, -0.014218269, 0.97559637), (0.17053406, 0.003984133, 0.9853437), (0.22514214, 0.05113244, 0.97298336), (0.21911068, -0.014218269, 0.97559637), (0.2119814, -0.0049163005, 0.97726136), (0.21824309, -0.04726701, 0.9747491), (0.17053406, 0.003984133, 0.9853437), (0.2119814, -0.0049163005, 0.97726136), (0.62008846, -0.0011500451, 0.7845311), (0.6680149, -0.025262894, 0.7437189), (0.21824309, -0.04726701, 0.9747491), (0.62008846, -0.0011500451, 0.7845311), (0.9746297, -0.0021260416, 0.22381334), (0.9749483, -0.0011340108, 0.22242843), (0.6680149, -0.025262894, 0.7437189), (-0.971635, -0.0015225686, 0.23648065), (-0.69837177, 0.0022998983, 0.71573156), (-0.6560273, -0.03821967, 0.7537688), (-0.97278166, -0.010319797, 0.23149347), (-0.69837177, 0.0022998983, 0.71573156), (-0.31604713, 0.02585592, 0.948391), (-0.24863258, 0.003964308, 0.9685897), (-0.6560273, -0.03821967, 0.7537688), (-0.31604713, 0.02585592, 0.948391), (-0.13633679, 0.02595258, 0.99032253), (-0.13834709, 0.07547696, 0.9875036), (-0.24863258, 0.003964308, 0.9685897), (-0.13633679, 0.02595258, 0.99032253), (-0.085807696, -0.0018788275, 0.99631), (-0.16695106, 0.020420328, 0.9857537), (-0.13834709, 0.07547696, 0.9875036), (-0.085807696, -0.0018788275, 0.99631), (-0.1829752, 0.0013326157, 0.9831166), (-0.18006578, -0.057866942, 0.98195094), (-0.16695106, 0.020420328, 0.9857537), (-0.1829752, 0.0013326157, 0.9831166), (-0.17694788, 0.026312014, 0.9838685), (-0.09036921, 0.010124964, 0.9958568), (-0.18006578, -0.057866942, 0.98195094), (-0.17694788, 0.026312014, 0.9838685), (-0.022815833, 0.018860428, 0.9995617), (-0.027974296, 0.09478742, 0.99510443), (-0.09036921, 0.010124964, 0.9958568), (-0.022815833, 0.018860428, 0.9995617), (0.0035678563, 0.0033551033, 0.999988), (-0.08461971, 0.014199346, 0.99631214), (-0.027974296, 0.09478742, 0.99510443), (0.0035678563, 0.0033551033, 0.999988), (-0.13542344, 0.012346409, 0.99071085), (-0.13041207, -0.06739825, 0.98916644), (-0.08461971, 0.014199346, 0.99631214), (-0.13542344, 0.012346409, 0.99071085), (-0.14442542, 0.020015245, 0.9893132), (-0.05819462, 0.022607638, 0.9980492), (-0.13041207, -0.06739825, 0.98916644), (-0.14442542, 0.020015245, 0.9893132), (0.020798976, 0.009013451, 0.99974304), (0.014562725, 0.103018984, 0.9945728), (-0.05819462, 0.022607638, 0.9980492), (0.020798976, 0.009013451, 0.99974304), (0.04752166, 0.01049182, 0.9988151), (-0.036691375, 0.0039552716, 0.99931884), (0.014562725, 0.103018984, 0.9945728), (0.04752166, 0.01049182, 0.9988151), (-0.10968737, 0.020447114, 0.99375576), (-0.10488901, -0.069325276, 0.9920647), (-0.036691375, 0.0039552716, 0.99931884), (-0.10968737, 0.020447114, 0.99375576), (-0.1258229, 0.009490522, 0.9920074), (-0.046756405, 0.035327114, 0.9982814), (-0.10488901, -0.069325276, 0.9920647), (-0.1258229, 0.009490522, 0.9920074), (0.04758547, 0.00050932536, 0.998867), (0.04386016, 0.102515824, 0.9937639), (-0.046756405, 0.035327114, 0.9982814), (0.04758547, 0.00050932536, 0.998867), (0.077602565, 0.018863764, 0.9968059), (0.002857386, -0.0058182958, 0.999979), (0.04386016, 0.102515824, 0.9937639), (0.077602565, 0.018863764, 0.9968059), (-0.08814319, 0.024267498, 0.9958121), (-0.08693027, -0.064340726, 0.9941345), (0.002857386, -0.0058182958, 0.999979), (-0.08814319, 0.024267498, 0.9958121), (-0.10939091, -0.0033311993, 0.9939933), (-0.04112992, 0.045253824, 0.9981285), (-0.08693027, -0.064340726, 0.9941345), (-0.10939091, -0.0033311993, 0.9939933), (0.06721194, -0.0053715813, 0.99772424), (0.06933532, 0.09494659, 0.9930649), (-0.04112992, 0.045253824, 0.9981285), (0.06721194, -0.0053715813, 0.99772424), (0.1010274, 0.02769967, 0.99449795), (0.03866707, -0.012611797, 0.99917257), (0.06933532, 0.09494659, 0.9930649), (0.1010274, 0.02769967, 0.99449795), (-0.06551659, 0.023820572, 0.99756706), (-0.07125308, -0.053888313, 0.99600154), (0.03866707, -0.012611797, 0.99917257), (-0.06551659, 0.023820572, 0.99756706), (-0.090857685, -0.016988058, 0.99571896), (-0.03516143, 0.050375707, 0.99811125), (-0.07125308, -0.053888313, 0.99600154), (-0.090857685, -0.016988058, 0.99571896), (0.08332058, -0.0082482, 0.99648863), (0.09384077, 0.082389325, 0.99217236), (-0.03516143, 0.050375707, 0.99811125), (0.08332058, -0.0082482, 0.99648863), (0.12099024, 0.036396578, 0.9919862), (0.07212886, -0.015092328, 0.99728113), (0.09384077, 0.082389325, 0.99217236), (0.12099024, 0.036396578, 0.9919862), (-0.038610667, 0.019981144, 0.99905455), (-0.05404198, -0.039959025, 0.99773884), (0.07212886, -0.015092328, 0.99728113), (-0.038610667, 0.019981144, 0.99905455), (-0.06699888, -0.030323561, 0.99729216), (-0.024386823, 0.04978874, 0.998462), (-0.05404198, -0.039959025, 0.99773884), (-0.06699888, -0.030323561, 0.99729216), (0.098683506, -0.008220102, 0.9950849), (0.119134866, 0.06690242, 0.9906215), (-0.024386823, 0.04978874, 0.998462), (0.098683506, -0.008220102, 0.9950849), (0.14052354, 0.044311482, 0.9890852), (0.10494214, -0.012997528, 0.9943934), (0.119134866, 0.06690242, 0.9906215), (0.14052354, 0.044311482, 0.9890852), (-0.0035791898, 0.014128716, 0.99989384), (-0.030275362, -0.024665158, 0.99923724), (0.10494214, -0.012997528, 0.9943934), (-0.0035791898, 0.014128716, 0.99989384), (-0.032988667, -0.042009212, 0.9985724), (-0.0031711704, 0.043679517, 0.9990405), (-0.030275362, -0.024665158, 0.99923724), (-0.032988667, -0.042009212, 0.9985724), (0.11847823, -0.0058145775, 0.99293965), (0.14898886, 0.05016228, 0.9875657), (-0.0031711704, 0.043679517, 0.9990405), (0.11847823, -0.0058145775, 0.99293965), (0.16606152, 0.050240166, 0.9848348), (0.14259452, -0.0070749302, 0.98975587), (0.14898886, 0.05016228, 0.9875657), (0.16606152, 0.050240166, 0.9848348), (0.048851572, 0.007879123, 0.99877495), (0.011431703, -0.010059537, 0.99988407), (0.14259452, -0.0070749302, 0.98975587), (0.048851572, 0.007879123, 0.99877495), (0.025114013, -0.049761187, 0.99844533), (0.042969186, 0.03301104, 0.99853086), (0.011431703, -0.010059537, 0.99988407), (0.025114013, -0.049761187, 0.99844533), (0.16160016, -0.0022903476, 0.98685366), (0.19932294, 0.033307724, 0.9793676), (0.042969186, 0.03301104, 0.99853086), (0.16160016, -0.0022903476, 0.98685366), (0.22514214, 0.05113244, 0.97298336), (0.21222861, 0.0008568805, 0.97721964), (0.19932294, 0.033307724, 0.9793676), (0.22514214, 0.05113244, 0.97298336), (0.17053406, 0.003984133, 0.9853437), (0.12902771, 0.0013945148, 0.99164), (0.21222861, 0.0008568805, 0.97721964), (0.17053406, 0.003984133, 0.9853437), (0.21824309, -0.04726701, 0.9747491), (0.22332837, 0.018173298, 0.9745738), (0.12902771, 0.0013945148, 0.99164), (0.21824309, -0.04726701, 0.9747491), (0.6680149, -0.025262894, 0.7437189), (0.6598153, 0.014944931, 0.7512792), (0.22332837, 0.018173298, 0.9745738), (0.6680149, -0.025262894, 0.7437189), (0.9749483, -0.0011340108, 0.22242843), (0.97488195, 0.0019473456, 0.222714), (0.6598153, 0.014944931, 0.7512792), (-0.97278166, -0.010319797, 0.23149347), (-0.6560273, -0.03821967, 0.7537688), (-0.65104365, 0.022929654, 0.7586938), (-0.9736365, 0.0020794882, 0.22809578), (-0.6560273, -0.03821967, 0.7537688), (-0.24863258, 0.003964308, 0.9685897), (-0.20578106, 0.026785934, 0.97823143), (-0.65104365, 0.022929654, 0.7586938), (-0.24863258, 0.003964308, 0.9685897), (-0.13834709, 0.07547696, 0.9875036), (-0.13508122, 0.0028741055, 0.99083036), (-0.20578106, 0.026785934, 0.97823143), (-0.13834709, 0.07547696, 0.9875036), (-0.16695106, 0.020420328, 0.9857537), (-0.21955481, 0.00026519826, 0.9756001), (-0.13508122, 0.0028741055, 0.99083036), (-0.16695106, 0.020420328, 0.9857537), (-0.18006578, -0.057866942, 0.98195094), (-0.18331808, 0.023763886, 0.9827664), (-0.21955481, 0.00026519826, 0.9756001), (-0.18006578, -0.057866942, 0.98195094), (-0.09036921, 0.010124964, 0.9958568), (-0.022912083, 0.026403053, 0.99938875), (-0.18331808, 0.023763886, 0.9827664), (-0.09036921, 0.010124964, 0.9958568), (-0.027974296, 0.09478742, 0.99510443), (-0.020654306, 0.013680923, 0.99969304), (-0.022912083, 0.026403053, 0.99938875), (-0.027974296, 0.09478742, 0.99510443), (-0.08461971, 0.014199346, 0.99631214), (-0.15997298, 0.012770298, 0.9870388), (-0.020654306, 0.013680923, 0.99969304), (-0.08461971, 0.014199346, 0.99631214), (-0.13041207, -0.06739825, 0.98916644), (-0.13585715, 0.016709473, 0.99058753), (-0.15997298, 0.012770298, 0.9870388), (-0.13041207, -0.06739825, 0.98916644), (-0.05819462, 0.022607638, 0.9980492), (0.029216956, 0.019986864, 0.9993732), (-0.13585715, 0.016709473, 0.99058753), (-0.05819462, 0.022607638, 0.9980492), (0.014562725, 0.103018984, 0.9945728), (0.021623151, 0.029474525, 0.9993316), (0.029216956, 0.019986864, 0.9993732), (0.014562725, 0.103018984, 0.9945728), (-0.036691375, 0.0039552716, 0.99931884), (-0.1316376, 0.02596439, 0.9909578), (0.021623151, 0.029474525, 0.9993316), (-0.036691375, 0.0039552716, 0.99931884), (-0.10488901, -0.069325276, 0.9920647), (-0.10869533, 0.004687996, 0.99406403), (-0.1316376, 0.02596439, 0.9909578), (-0.10488901, -0.069325276, 0.9920647), (-0.046756405, 0.035327114, 0.9982814), (0.05724052, 0.014087976, 0.998261), (-0.10869533, 0.004687996, 0.99406403), (-0.046756405, 0.035327114, 0.9982814), (0.04386016, 0.102515824, 0.9937639), (0.04667347, 0.04908428, 0.9977035), (0.05724052, 0.014087976, 0.998261), (0.04386016, 0.102515824, 0.9937639), (0.002857386, -0.0058182958, 0.999979), (-0.10730187, 0.037046157, 0.993536), (0.04667347, 0.04908428, 0.9977035), (0.002857386, -0.0058182958, 0.999979), (-0.08693027, -0.064340726, 0.9941345), (-0.085909896, -0.009828116, 0.99625444), (-0.10730187, 0.037046157, 0.993536), (-0.08693027, -0.064340726, 0.9941345), (-0.04112992, 0.045253824, 0.9981285), (0.07429694, 0.010905534, 0.9971765), (-0.085909896, -0.009828116, 0.99625444), (-0.04112992, 0.045253824, 0.9981285), (0.06933532, 0.09494659, 0.9930649), (0.065429784, 0.06973407, 0.9954175), (0.07429694, 0.010905534, 0.9971765), (0.06933532, 0.09494659, 0.9930649), (0.03866707, -0.012611797, 0.99917257), (-0.080336936, 0.04427506, 0.9957839), (0.065429784, 0.06973407, 0.9954175), (0.03866707, -0.012611797, 0.99917257), (-0.07125308, -0.053888313, 0.99600154), (-0.0637657, -0.024249012, 0.99767023), (-0.080336936, 0.04427506, 0.9957839), (-0.07125308, -0.053888313, 0.99600154), (-0.03516143, 0.050375707, 0.99811125), (0.084867954, 0.011163371, 0.99632967), (-0.0637657, -0.024249012, 0.99767023), (-0.03516143, 0.050375707, 0.99811125), (0.09384077, 0.082389325, 0.99217236), (0.08291862, 0.08804508, 0.99265933), (0.084867954, 0.011163371, 0.99632967), (0.09384077, 0.082389325, 0.99217236), (0.07212886, -0.015092328, 0.99728113), (-0.0479815, 0.046927985, 0.9977452), (0.08291862, 0.08804508, 0.99265933), (0.07212886, -0.015092328, 0.99728113), (-0.05404198, -0.039959025, 0.99773884), (-0.040445656, -0.03607222, 0.99853045), (-0.0479815, 0.046927985, 0.9977452), (-0.05404198, -0.039959025, 0.99773884), (-0.024386823, 0.04978874, 0.998462), (0.09258412, 0.014371398, 0.9956011), (-0.040445656, -0.03607222, 0.99853045), (-0.024386823, 0.04978874, 0.998462), (0.119134866, 0.06690242, 0.9906215), (0.1030334, 0.10062111, 0.9895754), (0.09258412, 0.014371398, 0.9956011), (0.119134866, 0.06690242, 0.9906215), (0.10494214, -0.012997528, 0.9943934), (-0.008229124, 0.04520563, 0.9989438), (0.1030334, 0.10062111, 0.9895754), (0.10494214, -0.012997528, 0.9943934), (-0.030275362, -0.024665158, 0.99923724), (-0.012854581, -0.043205854, 0.9989835), (-0.008229124, 0.04520563, 0.9989438), (-0.030275362, -0.024665158, 0.99923724), (-0.0031711704, 0.043679517, 0.9990405), (0.10320195, 0.019031692, 0.99447834), (-0.012854581, -0.043205854, 0.9989835), (-0.0031711704, 0.043679517, 0.9990405), (0.14898886, 0.05016228, 0.9875657), (0.13110602, 0.10444744, 0.9858509), (0.10320195, 0.019031692, 0.99447834), (0.14898886, 0.05016228, 0.9875657), (0.14259452, -0.0070749302, 0.98975587), (0.04383982, 0.039943658, 0.99823976), (0.13110602, 0.10444744, 0.9858509), (0.14259452, -0.0070749302, 0.98975587), (0.011431703, -0.010059537, 0.99988407), (0.028859178, -0.044201944, 0.99860567), (0.04383982, 0.039943658, 0.99823976), (0.011431703, -0.010059537, 0.99988407), (0.042969186, 0.03301104, 0.99853086), (0.13151501, 0.022637196, 0.99105567), (0.028859178, -0.044201944, 0.99860567), (0.042969186, 0.03301104, 0.99853086), (0.19932294, 0.033307724, 0.9793676), (0.18389134, 0.096472375, 0.9782009), (0.13151501, 0.022637196, 0.99105567), (0.19932294, 0.033307724, 0.9793676), (0.21222861, 0.0008568805, 0.97721964), (0.1355337, 0.03239862, 0.9902429), (0.18389134, 0.096472375, 0.9782009), (0.21222861, 0.0008568805, 0.97721964), (0.12902771, 0.0013945148, 0.99164), (0.14035258, -0.037720468, 0.9893828), (0.1355337, 0.03239862, 0.9902429), (0.12902771, 0.0013945148, 0.99164), (0.22332837, 0.018173298, 0.9745738), (0.28131962, 0.017592618, 0.95945287), (0.14035258, -0.037720468, 0.9893828), (0.22332837, 0.018173298, 0.9745738), (0.6598153, 0.014944931, 0.7512792), (0.67896694, 0.053009424, 0.7322526), (0.28131962, 0.017592618, 0.95945287), (0.6598153, 0.014944931, 0.7512792), (0.97488195, 0.0019473456, 0.222714), (0.9729633, 0.015880778, 0.23041339), (0.67896694, 0.053009424, 0.7322526), (-0.9736365, 0.0020794882, 0.22809578), (-0.65104365, 0.022929654, 0.7586938), (-0.6547043, 0.008635887, 0.7558358), (-0.9738132, -0.0037431156, 0.22731899), (-0.65104365, 0.022929654, 0.7586938), (-0.20578106, 0.026785934, 0.97823143), (-0.20904987, 0.04359064, 0.97693294), (-0.6547043, 0.008635887, 0.7558358), (-0.20578106, 0.026785934, 0.97823143), (-0.13508122, 0.0028741055, 0.99083036), (-0.1752867, 0.03209567, 0.9839941), (-0.20904987, 0.04359064, 0.97693294), (-0.13508122, 0.0028741055, 0.99083036), (-0.21955481, 0.00026519826, 0.9756001), (-0.22382022, -0.01553632, 0.9745067), (-0.1752867, 0.03209567, 0.9839941), (-0.21955481, 0.00026519826, 0.9756001), (-0.18331808, 0.023763886, 0.9827664), (-0.14745249, 0.0050286306, 0.9890564), (-0.22382022, -0.01553632, 0.9745067), (-0.18331808, 0.023763886, 0.9827664), (-0.022912083, 0.026403053, 0.99938875), (-0.020649223, 0.06608647, 0.9976002), (-0.14745249, 0.0050286306, 0.9890564), (-0.022912083, 0.026403053, 0.99938875), (-0.020654306, 0.013680923, 0.99969304), (-0.05823469, 0.04006898, 0.9974985), (-0.020649223, 0.06608647, 0.9976002), (-0.020654306, 0.013680923, 0.99969304), (-0.15997298, 0.012770298, 0.9870388), (-0.16506316, -0.024961317, 0.9859671), (-0.05823469, 0.04006898, 0.9974985), (-0.15997298, 0.012770298, 0.9870388), (-0.13585715, 0.016709473, 0.99058753), (-0.10596202, 0.009543609, 0.9943243), (-0.16506316, -0.024961317, 0.9859671), (-0.13585715, 0.016709473, 0.99058753), (0.029216956, 0.019986864, 0.9993732), (0.034334064, 0.08256227, 0.99599427), (-0.10596202, 0.009543609, 0.9943243), (0.029216956, 0.019986864, 0.9993732), (0.021623151, 0.029474525, 0.9993316), (-0.0056591462, 0.04257101, 0.9990774), (0.034334064, 0.08256227, 0.99599427), (0.021623151, 0.029474525, 0.9993316), (-0.1316376, 0.02596439, 0.9909578), (-0.139244, -0.030345257, 0.98979306), (-0.0056591462, 0.04257101, 0.9990774), (-0.1316376, 0.02596439, 0.9909578), (-0.10869533, 0.004687996, 0.99406403), (-0.08917011, 0.017366378, 0.99586505), (-0.139244, -0.030345257, 0.98979306), (-0.10869533, 0.004687996, 0.99406403), (0.05724052, 0.014087976, 0.998261), (0.06718785, 0.09283503, 0.99341196), (-0.08917011, 0.017366378, 0.99586505), (0.05724052, 0.014087976, 0.998261), (0.04667347, 0.04908428, 0.9977035), (0.031656846, 0.04224268, 0.9986057), (0.06718785, 0.09283503, 0.99341196), (0.04667347, 0.04908428, 0.9977035), (-0.10730187, 0.037046157, 0.993536), (-0.12059953, -0.029279767, 0.99226934), (0.031656846, 0.04224268, 0.9986057), (-0.10730187, 0.037046157, 0.993536), (-0.085909896, -0.009828116, 0.99625444), (-0.07757025, 0.027187925, 0.9966161), (-0.12059953, -0.029279767, 0.99226934), (-0.085909896, -0.009828116, 0.99625444), (0.07429694, 0.010905534, 0.9971765), (0.09177082, 0.09564871, 0.99117583), (-0.07757025, 0.027187925, 0.9966161), (0.07429694, 0.010905534, 0.9971765), (0.065429784, 0.06973407, 0.9954175), (0.06159599, 0.040370833, 0.9972844), (0.09177082, 0.09564871, 0.99117583), (0.065429784, 0.06973407, 0.9954175), (-0.080336936, 0.04427506, 0.9957839), (-0.10285287, -0.02132194, 0.994468), (0.06159599, 0.040370833, 0.9972844), (-0.080336936, 0.04427506, 0.9957839), (-0.0637657, -0.024249012, 0.99767023), (-0.06500735, 0.03691093, 0.9972019), (-0.10285287, -0.02132194, 0.994468), (-0.0637657, -0.024249012, 0.99767023), (0.084867954, 0.011163371, 0.99632967), (0.11227961, 0.09102572, 0.9894987), (-0.06500735, 0.03691093, 0.9972019), (0.084867954, 0.011163371, 0.99632967), (0.08291862, 0.08804508, 0.99265933), (0.08693097, 0.03811837, 0.99548477), (0.11227961, 0.09102572, 0.9894987), (0.08291862, 0.08804508, 0.99265933), (-0.0479815, 0.046927985, 0.9977452), (-0.08240904, -0.007912727, 0.9965672), (0.08693097, 0.03811837, 0.99548477), (-0.0479815, 0.046927985, 0.9977452), (-0.040445656, -0.03607222, 0.99853045), (-0.047997776, 0.044235073, 0.99786747), (-0.08240904, -0.007912727, 0.9965672), (-0.040445656, -0.03607222, 0.99853045), (0.09258412, 0.014371398, 0.9956011), (0.13096085, 0.08032375, 0.98812824), (-0.047997776, 0.044235073, 0.99786747), (0.09258412, 0.014371398, 0.9956011), (0.1030334, 0.10062111, 0.9895754), (0.11028919, 0.036325656, 0.99323547), (0.13096085, 0.08032375, 0.98812824), (0.1030334, 0.10062111, 0.9895754), (-0.008229124, 0.04520563, 0.9989438), (-0.05522363, 0.008013617, 0.9984418), (0.11028919, 0.036325656, 0.99323547), (-0.008229124, 0.04520563, 0.9989438), (-0.012854581, -0.043205854, 0.9989835), (-0.022803074, 0.047310747, 0.9986199), (-0.05522363, 0.008013617, 0.9984418), (-0.012854581, -0.043205854, 0.9989835), (0.10320195, 0.019031692, 0.99447834), (0.151081, 0.0657145, 0.98633474), (-0.022803074, 0.047310747, 0.9986199), (0.10320195, 0.019031692, 0.99447834), (0.13110602, 0.10444744, 0.9858509), (0.1369143, 0.03506065, 0.9899623), (0.151081, 0.0657145, 0.98633474), (0.13110602, 0.10444744, 0.9858509), (0.04383982, 0.039943658, 0.99823976), (-0.013316241, 0.022564119, 0.9996567), (0.1369143, 0.03506065, 0.9899623), (0.04383982, 0.039943658, 0.99823976), (0.028859178, -0.044201944, 0.99860567), (0.019749964, 0.045144025, 0.99878526), (-0.013316241, 0.022564119, 0.9996567), (0.028859178, -0.044201944, 0.99860567), (0.13151501, 0.022637196, 0.99105567), (0.1835132, 0.049323097, 0.98177916), (0.019749964, 0.045144025, 0.99878526), (0.13151501, 0.022637196, 0.99105567), (0.18389134, 0.096472375, 0.9782009), (0.18453178, 0.032951795, 0.982274), (0.1835132, 0.049323097, 0.98177916), (0.18389134, 0.096472375, 0.9782009), (0.1355337, 0.03239862, 0.9902429), (0.07532871, 0.030912794, 0.9966795), (0.18453178, 0.032951795, 0.982274), (0.1355337, 0.03239862, 0.9902429), (0.14035258, -0.037720468, 0.9893828), (0.13196024, 0.036684413, 0.99057597), (0.07532871, 0.030912794, 0.9966795), (0.14035258, -0.037720468, 0.9893828), (0.28131962, 0.017592618, 0.95945287), (0.31805784, 0.030756779, 0.94757235), (0.13196024, 0.036684413, 0.99057597), (0.28131962, 0.017592618, 0.95945287), (0.67896694, 0.053009424, 0.7322526), (0.69454646, 0.017653167, 0.7192313), (0.31805784, 0.030756779, 0.94757235), (0.67896694, 0.053009424, 0.7322526), (0.9729633, 0.015880778, 0.23041339), (0.9708953, 0.0046648663, 0.23945896), (0.69454646, 0.017653167, 0.7192313), (-0.9738132, -0.0037431156, 0.22731899), (-0.6547043, 0.008635887, 0.7558358), (-0.61789286, 0.009786105, 0.7862014), (-0.9741415, 0.0006280788, 0.22593804), (-0.6547043, 0.008635887, 0.7558358), (-0.20904987, 0.04359064, 0.97693294), (-0.1913442, 0.019211873, 0.9813349), (-0.61789286, 0.009786105, 0.7862014), (-0.20904987, 0.04359064, 0.97693294), (-0.1752867, 0.03209567, 0.9839941), (-0.19107004, 0.028701367, 0.9811567), (-0.1913442, 0.019211873, 0.9813349), (-0.1752867, 0.03209567, 0.9839941), (-0.22382022, -0.01553632, 0.9745067), (-0.23978311, 0.037339002, 0.9701082), (-0.19107004, 0.028701367, 0.9811567), (-0.22382022, -0.01553632, 0.9745067), (-0.14745249, 0.0050286306, 0.9890564), (-0.121716775, 0.03448934, 0.9919654), (-0.23978311, 0.037339002, 0.9701082), (-0.14745249, 0.0050286306, 0.9890564), (-0.020649223, 0.06608647, 0.9976002), (-0.0055457423, 0.029906955, 0.9995373), (-0.121716775, 0.03448934, 0.9919654), (-0.020649223, 0.06608647, 0.9976002), (-0.05823469, 0.04006898, 0.9974985), (-0.0831911, 0.03188665, 0.9960233), (-0.0055457423, 0.029906955, 0.9995373), (-0.05823469, 0.04006898, 0.9974985), (-0.16506316, -0.024961317, 0.9859671), (-0.17540896, 0.04132579, 0.98362786), (-0.0831911, 0.03188665, 0.9960233), (-0.16506316, -0.024961317, 0.9859671), (-0.10596202, 0.009543609, 0.9943243), (-0.074583836, 0.04324139, 0.9962768), (-0.17540896, 0.04132579, 0.98362786), (-0.10596202, 0.009543609, 0.9943243), (0.034334064, 0.08256227, 0.99599427), (0.040642075, 0.037126835, 0.9984838), (-0.074583836, 0.04324139, 0.9962768), (0.034334064, 0.08256227, 0.99599427), (-0.0056591462, 0.04257101, 0.9990774), (-0.03635482, 0.0332233, 0.9987865), (0.040642075, 0.037126835, 0.9984838), (-0.0056591462, 0.04257101, 0.9990774), (-0.139244, -0.030345257, 0.98979306), (-0.13973325, 0.043609936, 0.98922837), (-0.03635482, 0.0332233, 0.9987865), (-0.139244, -0.030345257, 0.98979306), (-0.08917011, 0.017366378, 0.99586505), (-0.05559197, 0.04968197, 0.9972167), (-0.13973325, 0.043609936, 0.98922837), (-0.08917011, 0.017366378, 0.99586505), (0.06718785, 0.09283503, 0.99341196), (0.062014293, 0.042369366, 0.9971756), (-0.05559197, 0.04968197, 0.9972167), (0.06718785, 0.09283503, 0.99341196), (0.031656846, 0.04224268, 0.9986057), (-0.0006747278, 0.034340665, 0.99941), (0.062014293, 0.042369366, 0.9971756), (0.031656846, 0.04224268, 0.9986057), (-0.12059953, -0.029279767, 0.99226934), (-0.109293856, 0.04556871, 0.9929644), (-0.0006747278, 0.034340665, 0.99941), (-0.12059953, -0.029279767, 0.99226934), (-0.07757025, 0.027187925, 0.9966161), (-0.045686323, 0.054936413, 0.9974441), (-0.109293856, 0.04556871, 0.9929644), (-0.07757025, 0.027187925, 0.9966161), (0.09177082, 0.09564871, 0.99117583), (0.07448935, 0.04578583, 0.99617016), (-0.045686323, 0.054936413, 0.9974441), (0.09177082, 0.09564871, 0.99117583), (0.06159599, 0.040370833, 0.9972844), (0.032076165, 0.034898657, 0.9988759), (0.07448935, 0.04578583, 0.99617016), (0.06159599, 0.040370833, 0.9972844), (-0.10285287, -0.02132194, 0.994468), (-0.07978582, 0.04739843, 0.99568456), (0.032076165, 0.034898657, 0.9988759), (-0.10285287, -0.02132194, 0.994468), (-0.06500735, 0.03691093, 0.9972019), (-0.038728498, 0.05967237, 0.99746644), (-0.07978582, 0.04739843, 0.99568456), (-0.06500735, 0.03691093, 0.9972019), (0.11227961, 0.09102572, 0.9894987), (0.08419996, 0.04726677, 0.9953272), (-0.038728498, 0.05967237, 0.99746644), (0.11227961, 0.09102572, 0.9894987), (0.08693097, 0.03811837, 0.99548477), (0.064313486, 0.03409651, 0.9973471), (0.08419996, 0.04726677, 0.9953272), (0.08693097, 0.03811837, 0.99548477), (-0.08240904, -0.007912727, 0.9965672), (-0.049619403, 0.049115628, 0.9975598), (0.064313486, 0.03409651, 0.9973471), (-0.08240904, -0.007912727, 0.9965672), (-0.047997776, 0.044235073, 0.99786747), (-0.030635653, 0.06398381, 0.9974805), (-0.049619403, 0.049115628, 0.9975598), (-0.047997776, 0.044235073, 0.99786747), (0.13096085, 0.08032375, 0.98812824), (0.09518508, 0.04650128, 0.9943729), (-0.030635653, 0.06398381, 0.9974805), (0.13096085, 0.08032375, 0.98812824), (0.11028919, 0.036325656, 0.99323547), (0.09742687, 0.031321876, 0.99474967), (0.09518508, 0.04650128, 0.9943729), (0.11028919, 0.036325656, 0.99323547), (-0.05522363, 0.008013617, 0.9984418), (-0.016662367, 0.05058187, 0.99858093), (0.09742687, 0.031321876, 0.99474967), (-0.05522363, 0.008013617, 0.9984418), (-0.022803074, 0.047310747, 0.9986199), (-0.0163801, 0.06711942, 0.9976105), (-0.016662367, 0.05058187, 0.99858093), (-0.022803074, 0.047310747, 0.9986199), (0.151081, 0.0657145, 0.98633474), (0.11216617, 0.043068413, 0.9927557), (-0.0163801, 0.06711942, 0.9976105), (0.151081, 0.0657145, 0.98633474), (0.1369143, 0.03506065, 0.9899623), (0.13458526, 0.026484089, 0.9905481), (0.11216617, 0.043068413, 0.9927557), (0.1369143, 0.03506065, 0.9899623), (-0.013316241, 0.022564119, 0.9996567), (0.025363568, 0.05106082, 0.9983734), (0.13458526, 0.026484089, 0.9905481), (-0.013316241, 0.022564119, 0.9996567), (0.019749964, 0.045144025, 0.99878526), (0.015121713, 0.06728845, 0.9976189), (0.025363568, 0.05106082, 0.9983734), (0.019749964, 0.045144025, 0.99878526), (0.1835132, 0.049323097, 0.98177916), (0.14699827, 0.036547855, 0.98846126), (0.015121713, 0.06728845, 0.9976189), (0.1835132, 0.049323097, 0.98177916), (0.18453178, 0.032951795, 0.982274), (0.19038355, 0.019776553, 0.9815106), (0.14699827, 0.036547855, 0.98846126), (0.18453178, 0.032951795, 0.982274), (0.07532871, 0.030912794, 0.9966795), (0.10613475, 0.047771953, 0.9932035), (0.19038355, 0.019776553, 0.9815106), (0.07532871, 0.030912794, 0.9966795), (0.13196024, 0.036684413, 0.99057597), (0.11907052, 0.060289007, 0.9910537), (0.10613475, 0.047771953, 0.9932035), (0.13196024, 0.036684413, 0.99057597), (0.31805784, 0.030756779, 0.94757235), (0.2922499, 0.02591053, 0.9559909), (0.11907052, 0.060289007, 0.9910537), (0.31805784, 0.030756779, 0.94757235), (0.69454646, 0.017653167, 0.7192313), (0.6682713, 0.0022977702, 0.7439141), (0.2922499, 0.02591053, 0.9559909), (0.69454646, 0.017653167, 0.7192313), (0.9708953, 0.0046648663, 0.23945896), (0.97033256, 0.00034652278, 0.2417741), (0.6682713, 0.0022977702, 0.7439141), (-0.9741415, 0.0006280788, 0.22593804), (-0.61789286, 0.009786105, 0.7862014), (-0.6520781, 0.061266996, 0.7556722), (-0.97195596, 0.01877211, 0.23441246), (-0.61789286, 0.009786105, 0.7862014), (-0.1913442, 0.019211873, 0.9813349), (-0.2500595, 0.016468462, 0.96809036), (-0.6520781, 0.061266996, 0.7556722), (-0.1913442, 0.019211873, 0.9813349), (-0.19107004, 0.028701367, 0.9811567), (-0.16556956, -0.02858579, 0.98578376), (-0.2500595, 0.016468462, 0.96809036), (-0.19107004, 0.028701367, 0.9811567), (-0.23978311, 0.037339002, 0.9701082), (-0.16097574, 0.07037747, 0.9844459), (-0.16556956, -0.02858579, 0.98578376), (-0.23978311, 0.037339002, 0.9701082), (-0.121716775, 0.03448934, 0.9919654), (-0.15289764, 0.1275741, 0.9799731), (-0.16097574, 0.07037747, 0.9844459), (-0.121716775, 0.03448934, 0.9919654), (-0.0055457423, 0.029906955, 0.9995373), (-0.09183803, 0.023617279, 0.9954938), (-0.15289764, 0.1275741, 0.9799731), (-0.0055457423, 0.029906955, 0.9995373), (-0.0831911, 0.03188665, 0.9960233), (-0.047987495, -0.032912295, 0.99830556), (-0.09183803, 0.023617279, 0.9954938), (-0.0831911, 0.03188665, 0.9960233), (-0.17540896, 0.04132579, 0.98362786), (-0.08186852, 0.08395248, 0.993101), (-0.047987495, -0.032912295, 0.99830556), (-0.17540896, 0.04132579, 0.98362786), (-0.074583836, 0.04324139, 0.9962768), (-0.11435646, 0.14088722, 0.98339885), (-0.08186852, 0.08395248, 0.993101), (-0.074583836, 0.04324139, 0.9962768), (0.040642075, 0.037126835, 0.9984838), (-0.05467013, 0.021920366, 0.99826384), (-0.11435646, 0.14088722, 0.98339885), (0.040642075, 0.037126835, 0.9984838), (-0.03635482, 0.0332233, 0.9987865), (0.006824292, -0.030711178, 0.99950504), (-0.05467013, 0.021920366, 0.99826384), (-0.03635482, 0.0332233, 0.9987865), (-0.13973325, 0.043609936, 0.98922837), (-0.04130089, 0.093430765, 0.9947688), (0.006824292, -0.030711178, 0.99950504), (-0.13973325, 0.043609936, 0.98922837), (-0.05559197, 0.04968197, 0.9972167), (-0.10158439, 0.14218572, 0.98461354), (-0.04130089, 0.093430765, 0.9947688), (-0.05559197, 0.04968197, 0.9972167), (0.062014293, 0.042369366, 0.9971756), (-0.03382388, 0.019333312, 0.9992408), (-0.10158439, 0.14218572, 0.98461354), (0.062014293, 0.042369366, 0.9971756), (-0.0006747278, 0.034340665, 0.99941), (0.04772016, -0.023148943, 0.99859244), (-0.03382388, 0.019333312, 0.9992408), (-0.0006747278, 0.034340665, 0.99941), (-0.109293856, 0.04556871, 0.9929644), (-0.013437979, 0.09863546, 0.9950329), (0.04772016, -0.023148943, 0.99859244), (-0.109293856, 0.04556871, 0.9929644), (-0.045686323, 0.054936413, 0.9974441), (-0.09504919, 0.13476586, 0.9863082), (-0.013437979, 0.09863546, 0.9950329), (-0.045686323, 0.054936413, 0.9974441), (0.07448935, 0.04578583, 0.99617016), (-0.015518461, 0.018081546, 0.99971604), (-0.09504919, 0.13476586, 0.9863082), (0.07448935, 0.04578583, 0.99617016), (0.032076165, 0.034898657, 0.9988759), (0.08196914, -0.0112004895, 0.99657196), (-0.015518461, 0.018081546, 0.99971604), (0.032076165, 0.034898657, 0.9988759), (-0.07978582, 0.04739843, 0.99568456), (0.007218774, 0.09871189, 0.9950898), (0.08196914, -0.0112004895, 0.99657196), (-0.07978582, 0.04739843, 0.99568456), (-0.038728498, 0.05967237, 0.99746644), (-0.087868944, 0.12081207, 0.9887788), (0.007218774, 0.09871189, 0.9950898), (-0.038728498, 0.05967237, 0.99746644), (0.08419996, 0.04726677, 0.9953272), (0.004607673, 0.019507049, 0.9997991), (-0.087868944, 0.12081207, 0.9887788), (0.08419996, 0.04726677, 0.9953272), (0.064313486, 0.03409651, 0.9973471), (0.11131283, 0.0034775957, 0.9937793), (0.004607673, 0.019507049, 0.9997991), (0.064313486, 0.03409651, 0.9973471), (-0.049619403, 0.049115628, 0.9975598), (0.023855623, 0.09294333, 0.9953856), (0.11131283, 0.0034775957, 0.9937793), (-0.049619403, 0.049115628, 0.9975598), (-0.030635653, 0.06398381, 0.9974805), (-0.07542322, 0.1026941, 0.9918494), (0.023855623, 0.09294333, 0.9953856), (-0.030635653, 0.06398381, 0.9974805), (0.09518508, 0.04650128, 0.9943729), (0.028670255, 0.024196502, 0.999296), (-0.07542322, 0.1026941, 0.9918494), (0.09518508, 0.04650128, 0.9943729), (0.09742687, 0.031321876, 0.99474967), (0.1369347, 0.01841183, 0.99040896), (0.028670255, 0.024196502, 0.999296), (0.09742687, 0.031321876, 0.99474967), (-0.016662367, 0.05058187, 0.99858093), (0.04068496, 0.08117836, 0.99586886), (0.1369347, 0.01841183, 0.99040896), (-0.016662367, 0.05058187, 0.99858093), (-0.0163801, 0.06711942, 0.9976105), (-0.052664813, 0.08301631, 0.99515563), (0.04068496, 0.08117836, 0.99586886), (-0.0163801, 0.06711942, 0.9976105), (0.11216617, 0.043068413, 0.9927557), (0.05943985, 0.031717744, 0.9977279), (-0.052664813, 0.08301631, 0.99515563), (0.11216617, 0.043068413, 0.9927557), (0.13458526, 0.026484089, 0.9905481), (0.16239531, 0.030465322, 0.98625535), (0.05943985, 0.031717744, 0.9977279), (0.13458526, 0.026484089, 0.9905481), (0.025363568, 0.05106082, 0.9983734), (0.06611692, 0.06398665, 0.9957582), (0.16239531, 0.030465322, 0.98625535), (0.025363568, 0.05106082, 0.9983734), (0.015121713, 0.06728845, 0.9976189), (-0.009359397, 0.06398639, 0.9979069), (0.06611692, 0.06398665, 0.9957582), (0.015121713, 0.06728845, 0.9976189), (0.14699827, 0.036547855, 0.98846126), (0.10705269, 0.039980616, 0.99344915), (-0.009359397, 0.06398639, 0.9979069), (0.14699827, 0.036547855, 0.98846126), (0.19038355, 0.019776553, 0.9815106), (0.2033364, 0.036064085, 0.9784445), (0.10705269, 0.039980616, 0.99344915), (0.19038355, 0.019776553, 0.9815106), (0.10613475, 0.047771953, 0.9932035), (0.1308684, 0.042294953, 0.9904972), (0.2033364, 0.036064085, 0.9784445), (0.10613475, 0.047771953, 0.9932035), (0.11907052, 0.060289007, 0.9910537), (0.10697668, 0.045027513, 0.9932415), (0.1308684, 0.042294953, 0.9904972), (0.11907052, 0.060289007, 0.9910537), (0.2922499, 0.02591053, 0.9559909), (0.26200342, 0.041343167, 0.96418095), (0.10697668, 0.045027513, 0.9932415), (0.2922499, 0.02591053, 0.9559909), (0.6682713, 0.0022977702, 0.7439141), (0.6714164, 0.023548145, 0.740706), (0.26200342, 0.041343167, 0.96418095), (0.6682713, 0.0022977702, 0.7439141), (0.97033256, 0.00034652278, 0.2417741), (0.96991515, 0.0034309167, 0.24341902), (0.6714164, 0.023548145, 0.740706), (-0.97195596, 0.01877211, 0.23441246), (-0.6520781, 0.061266996, 0.7556722), (-0.6817942, 0.03641218, 0.73063725), (-0.9689144, 0.009425783, 0.24721654), (-0.6520781, 0.061266996, 0.7556722), (-0.2500595, 0.016468462, 0.96809036), (-0.30721855, 0.049435444, 0.95035416), (-0.6817942, 0.03641218, 0.73063725), (-0.2500595, 0.016468462, 0.96809036), (-0.16556956, -0.02858579, 0.98578376), (-0.13588306, 0.052442178, 0.98933595), (-0.30721855, 0.049435444, 0.95035416), (-0.16556956, -0.02858579, 0.98578376), (-0.16097574, 0.07037747, 0.9844459), (-0.07974306, 0.059069443, 0.9950638), (-0.13588306, 0.052442178, 0.98933595), (-0.16097574, 0.07037747, 0.9844459), (-0.15289764, 0.1275741, 0.9799731), (-0.17604166, 0.061257113, 0.98247486), (-0.07974306, 0.059069443, 0.9950638), (-0.15289764, 0.1275741, 0.9799731), (-0.09183803, 0.023617279, 0.9954938), (-0.16236839, 0.07006837, 0.9842393), (-0.17604166, 0.061257113, 0.98247486), (-0.09183803, 0.023617279, 0.9954938), (-0.047987495, -0.032912295, 0.99830556), (-0.012393275, 0.0758904, 0.99703914), (-0.16236839, 0.07006837, 0.9842393), (-0.047987495, -0.032912295, 0.99830556), (-0.08186852, 0.08395248, 0.993101), (-0.011768496, 0.062372893, 0.9979836), (-0.012393275, 0.0758904, 0.99703914), (-0.08186852, 0.08395248, 0.993101), (-0.11435646, 0.14088722, 0.98339885), (-0.146301, 0.05557605, 0.9876778), (-0.011768496, 0.062372893, 0.9979836), (-0.11435646, 0.14088722, 0.98339885), (-0.05467013, 0.021920366, 0.99826384), (-0.11101269, 0.082807876, 0.99036306), (-0.146301, 0.05557605, 0.9876778), (-0.05467013, 0.021920366, 0.99826384), (0.006824292, -0.030711178, 0.99950504), (0.044545323, 0.092640705, 0.9947027), (-0.11101269, 0.082807876, 0.99036306), (0.006824292, -0.030711178, 0.99950504), (-0.04130089, 0.093430765, 0.9947688), (0.005975794, 0.058035854, 0.9982967), (0.044545323, 0.092640705, 0.9947027), (-0.04130089, 0.093430765, 0.9947688), (-0.10158439, 0.14218572, 0.98461354), (-0.13476655, 0.0466048, 0.9897808), (0.005975794, 0.058035854, 0.9982967), (-0.10158439, 0.14218572, 0.98461354), (-0.03382388, 0.019333312, 0.9992408), (-0.067811936, 0.09328779, 0.9933272), (-0.13476655, 0.0466048, 0.9897808), (-0.03382388, 0.019333312, 0.9992408), (0.04772016, -0.023148943, 0.99859244), (0.080613956, 0.10401392, 0.99130344), (-0.067811936, 0.09328779, 0.9933272), (0.04772016, -0.023148943, 0.99859244), (-0.013437979, 0.09863546, 0.9950329), (0.0069598895, 0.049033, 0.9987729), (0.080613956, 0.10401392, 0.99130344), (-0.013437979, 0.09863546, 0.9950329), (-0.09504919, 0.13476586, 0.9863082), (-0.12114107, 0.03716485, 0.99193937), (0.0069598895, 0.049033, 0.9987729), (-0.09504919, 0.13476586, 0.9863082), (-0.015518461, 0.018081546, 0.99971604), (-0.024835207, 0.10223164, 0.9944506), (-0.12114107, 0.03716485, 0.99193937), (-0.015518461, 0.018081546, 0.99971604), (0.08196914, -0.0112004895, 0.99657196), (0.102161646, 0.11039469, 0.9886233), (-0.024835207, 0.10223164, 0.9944506), (0.08196914, -0.0112004895, 0.99657196), (0.007218774, 0.09871189, 0.9950898), (0.0020382411, 0.03680249, 0.99932045), (0.102161646, 0.11039469, 0.9886233), (0.007218774, 0.09871189, 0.9950898), (-0.087868944, 0.12081207, 0.9887788), (-0.098740384, 0.028568322, 0.9947031), (0.0020382411, 0.03680249, 0.99932045), (-0.087868944, 0.12081207, 0.9887788), (0.004607673, 0.019507049, 0.9997991), (0.017777402, 0.10980002, 0.9937947), (-0.098740384, 0.028568322, 0.9947031), (0.004607673, 0.019507049, 0.9997991), (0.11131283, 0.0034775957, 0.9937793), (0.11181421, 0.11196143, 0.9874017), (0.017777402, 0.10980002, 0.9937947), (0.11131283, 0.0034775957, 0.9937793), (0.023855623, 0.09294333, 0.9953856), (-0.0012683586, 0.022494145, 0.99974614), (0.11181421, 0.11196143, 0.9874017), (0.023855623, 0.09294333, 0.9953856), (-0.07542322, 0.1026941, 0.9918494), (-0.06482441, 0.021863643, 0.9976571), (-0.0012683586, 0.022494145, 0.99974614), (-0.07542322, 0.1026941, 0.9918494), (0.028670255, 0.024196502, 0.999296), (0.058334887, 0.11569809, 0.99157), (-0.06482441, 0.021863643, 0.9976571), (0.028670255, 0.024196502, 0.999296), (0.1369347, 0.01841183, 0.99040896), (0.1135331, 0.108510315, 0.9875909), (0.058334887, 0.11569809, 0.99157), (0.1369347, 0.01841183, 0.99040896), (0.04068496, 0.08117836, 0.99586886), (0.0042626956, 0.007629063, 0.99996185), (0.1135331, 0.108510315, 0.9875909), (0.04068496, 0.08117836, 0.99586886), (-0.052664813, 0.08301631, 0.99515563), (-0.018045183, 0.017963413, 0.99967575), (0.0042626956, 0.007629063, 0.99996185), (-0.052664813, 0.08301631, 0.99515563), (0.05943985, 0.031717744, 0.9977279), (0.09682826, 0.118565865, 0.9882138), (-0.018045183, 0.017963413, 0.99967575), (0.05943985, 0.031717744, 0.9977279), (0.16239531, 0.030465322, 0.98625535), (0.11538102, 0.0995044, 0.9883249), (0.09682826, 0.118565865, 0.9882138), (0.16239531, 0.030465322, 0.98625535), (0.06611692, 0.06398665, 0.9957582), (0.028344143, -0.005509359, 0.99958307), (0.11538102, 0.0995044, 0.9883249), (0.06611692, 0.06398665, 0.9957582), (-0.009359397, 0.06398639, 0.9979069), (0.04621719, 0.016958911, 0.99878746), (0.028344143, -0.005509359, 0.99958307), (-0.009359397, 0.06398639, 0.9979069), (0.10705269, 0.039980616, 0.99344915), (0.14212613, 0.114855, 0.9831624), (0.04621719, 0.016958911, 0.99878746), (0.10705269, 0.039980616, 0.99344915), (0.2033364, 0.036064085, 0.9784445), (0.1396234, 0.08419181, 0.986619), (0.14212613, 0.114855, 0.9831624), (0.2033364, 0.036064085, 0.9784445), (0.1308684, 0.042294953, 0.9904972), (0.10099813, -0.013764717, 0.9947914), (0.1396234, 0.08419181, 0.986619), (0.1308684, 0.042294953, 0.9904972), (0.10697668, 0.045027513, 0.9932415), (0.16960812, 0.015329001, 0.98539233), (0.10099813, -0.013764717, 0.9947914), (0.10697668, 0.045027513, 0.9932415), (0.26200342, 0.041343167, 0.96418095), (0.28568563, 0.09153643, 0.95394176), (0.16960812, 0.015329001, 0.98539233), (0.26200342, 0.041343167, 0.96418095), (0.6714164, 0.023548145, 0.740706), (0.63902944, 0.06673261, 0.7662821), (0.28568563, 0.09153643, 0.95394176), (0.6714164, 0.023548145, 0.740706), (0.96991515, 0.0034309167, 0.24341902), (0.9687523, 0.006651223, 0.24794105), (0.63902944, 0.06673261, 0.7662821), (-0.9689144, 0.009425783, 0.24721654), (-0.6817942, 0.03641218, 0.73063725), (-0.6543518, 0.027729467, 0.7556817), (-0.9669807, 0.0067333877, 0.25476053), (-0.6817942, 0.03641218, 0.73063725), (-0.30721855, 0.049435444, 0.95035416), (-0.2950741, 0.05383935, 0.9539563), (-0.6543518, 0.027729467, 0.7556817), (-0.30721855, 0.049435444, 0.95035416), (-0.13588306, 0.052442178, 0.98933595), (-0.11896477, 0.077274606, 0.9898869), (-0.2950741, 0.05383935, 0.9539563), (-0.13588306, 0.052442178, 0.98933595), (-0.07974306, 0.059069443, 0.9950638), (-0.091302514, 0.076293506, 0.9928963), (-0.11896477, 0.077274606, 0.9898869), (-0.07974306, 0.059069443, 0.9950638), (-0.17604166, 0.061257113, 0.98247486), (-0.1839535, 0.06705804, 0.9806448), (-0.091302514, 0.076293506, 0.9928963), (-0.17604166, 0.061257113, 0.98247486), (-0.16236839, 0.07006837, 0.9842393), (-0.13420525, 0.07651044, 0.98799545), (-0.1839535, 0.06705804, 0.9806448), (-0.16236839, 0.07006837, 0.9842393), (-0.012393275, 0.0758904, 0.99703914), (-0.0025917871, 0.08658275, 0.9962413), (-0.13420525, 0.07651044, 0.98799545), (-0.012393275, 0.0758904, 0.99703914), (-0.011768496, 0.062372893, 0.9979836), (-0.046384238, 0.08253328, 0.9955084), (-0.0025917871, 0.08658275, 0.9962413), (-0.011768496, 0.062372893, 0.9979836), (-0.146301, 0.05557605, 0.9876778), (-0.14631501, 0.079995506, 0.98599833), (-0.046384238, 0.08253328, 0.9955084), (-0.146301, 0.05557605, 0.9876778), (-0.11101269, 0.082807876, 0.99036306), (-0.06438087, 0.08755391, 0.9940772), (-0.14631501, 0.079995506, 0.98599833), (-0.11101269, 0.082807876, 0.99036306), (0.044545323, 0.092640705, 0.9947027), (0.0398332, 0.08675357, 0.9954331), (-0.06438087, 0.08755391, 0.9940772), (0.044545323, 0.092640705, 0.9947027), (0.005975794, 0.058035854, 0.9982967), (-0.047077622, 0.08429597, 0.995328), (0.0398332, 0.08675357, 0.9954331), (0.005975794, 0.058035854, 0.9982967), (-0.13476655, 0.0466048, 0.9897808), (-0.11861656, 0.0872709, 0.98909754), (-0.047077622, 0.08429597, 0.995328), (-0.13476655, 0.0466048, 0.9897808), (-0.067811936, 0.09328779, 0.9933272), (-0.0063494626, 0.09140327, 0.9957937), (-0.11861656, 0.0872709, 0.98909754), (-0.067811936, 0.09328779, 0.9933272), (0.080613956, 0.10401392, 0.99130344), (0.05606892, 0.08445228, 0.9948488), (-0.0063494626, 0.09140327, 0.9957937), (0.080613956, 0.10401392, 0.99130344), (0.0069598895, 0.049033, 0.9987729), (-0.058011282, 0.08469937, 0.9947164), (0.05606892, 0.08445228, 0.9948488), (0.0069598895, 0.049033, 0.9987729), (-0.12114107, 0.03716485, 0.99193937), (-0.08470629, 0.08918027, 0.99240696), (-0.058011282, 0.08469937, 0.9947164), (-0.12114107, 0.03716485, 0.99193937), (-0.024835207, 0.10223164, 0.9944506), (0.044627383, 0.09007182, 0.994935), (-0.08470629, 0.08918027, 0.99240696), (-0.024835207, 0.10223164, 0.9944506), (0.102161646, 0.11039469, 0.9886233), (0.056087974, 0.082208134, 0.9950357), (0.044627383, 0.09007182, 0.994935), (0.102161646, 0.11039469, 0.9886233), (0.0020382411, 0.03680249, 0.99932045), (-0.067010164, 0.083720796, 0.9942336), (0.056087974, 0.082208134, 0.9950357), (0.0020382411, 0.03680249, 0.99932045), (-0.098740384, 0.028568322, 0.9947031), (-0.042269323, 0.08630166, 0.99537194), (-0.067010164, 0.083720796, 0.9942336), (-0.098740384, 0.028568322, 0.9947031), (0.017777402, 0.10980002, 0.9937947), (0.08699307, 0.08583611, 0.99250406), (-0.042269323, 0.08630166, 0.99537194), (0.017777402, 0.10980002, 0.9937947), (0.11181421, 0.11196143, 0.9874017), (0.046521664, 0.080299065, 0.9956846), (0.08699307, 0.08583611, 0.99250406), (0.11181421, 0.11196143, 0.9874017), (-0.0012683586, 0.022494145, 0.99974614), (-0.06663902, 0.08064057, 0.99451315), (0.046521664, 0.080299065, 0.9956846), (-0.0012683586, 0.022494145, 0.99974614), (-0.06482441, 0.021863643, 0.9976571), (0.007353026, 0.08019368, 0.9967522), (-0.06663902, 0.08064057, 0.99451315), (-0.06482441, 0.021863643, 0.9976571), (0.058334887, 0.11569809, 0.99157), (0.11949033, 0.080505215, 0.989566), (0.007353026, 0.08019368, 0.9967522), (0.058334887, 0.11569809, 0.99157), (0.1135331, 0.108510315, 0.9875909), (0.03470971, 0.077475294, 0.9963899), (0.11949033, 0.080505215, 0.989566), (0.1135331, 0.108510315, 0.9875909), (0.0042626956, 0.007629063, 0.99996185), (-0.051194683, 0.07508366, 0.99586225), (0.03470971, 0.077475294, 0.9963899), (0.0042626956, 0.007629063, 0.99996185), (-0.018045183, 0.017963413, 0.99967575), (0.062432755, 0.072801456, 0.9953904), (-0.051194683, 0.07508366, 0.99586225), (-0.018045183, 0.017963413, 0.99967575), (0.09682826, 0.118565865, 0.9882138), (0.14416534, 0.07453397, 0.9867426), (0.062432755, 0.072801456, 0.9953904), (0.09682826, 0.118565865, 0.9882138), (0.11538102, 0.0995044, 0.9883249), (0.031093633, 0.07178491, 0.99693537), (0.14416534, 0.07453397, 0.9867426), (0.11538102, 0.0995044, 0.9883249), (0.028344143, -0.005509359, 0.99958307), (-0.013518218, 0.06715695, 0.99765086), (0.031093633, 0.07178491, 0.99693537), (0.028344143, -0.005509359, 0.99958307), (0.04621719, 0.016958911, 0.99878746), (0.12536724, 0.06524141, 0.98996294), (-0.013518218, 0.06715695, 0.99765086), (0.04621719, 0.016958911, 0.99878746), (0.14212613, 0.114855, 0.9831624), (0.17273286, 0.06644553, 0.98272496), (0.12536724, 0.06524141, 0.98996294), (0.14212613, 0.114855, 0.9831624), (0.1396234, 0.08419181, 0.986619), (0.0602016, 0.06095133, 0.9963236), (0.17273286, 0.06644553, 0.98272496), (0.1396234, 0.08419181, 0.986619), (0.10099813, -0.013764717, 0.9947914), (0.073445365, 0.055983208, 0.9957267), (0.0602016, 0.06095133, 0.9963236), (0.10099813, -0.013764717, 0.9947914), (0.16960812, 0.015329001, 0.98539233), (0.23232391, 0.054815944, 0.9710926), (0.073445365, 0.055983208, 0.9957267), (0.16960812, 0.015329001, 0.98539233), (0.28568563, 0.09153643, 0.95394176), (0.29874438, 0.049688645, 0.95303875), (0.23232391, 0.054815944, 0.9710926), (0.28568563, 0.09153643, 0.95394176), (0.63902944, 0.06673261, 0.7662821), (0.6375408, 0.024534974, 0.77002585), (0.29874438, 0.049688645, 0.95303875), (0.63902944, 0.06673261, 0.7662821), (0.9687523, 0.006651223, 0.24794105), (0.96774805, 0.0020920443, 0.25191146), (0.6375408, 0.024534974, 0.77002585), (-0.9669807, 0.0067333877, 0.25476053), (-0.6543518, 0.027729467, 0.7556817), (-0.6590611, 0.037758417, 0.75114095), (-0.9651233, 0.008060706, 0.26167178), (-0.6543518, 0.027729467, 0.7556817), (-0.2950741, 0.05383935, 0.9539563), (-0.2690789, 0.063291654, 0.9610362), (-0.6590611, 0.037758417, 0.75114095), (-0.2950741, 0.05383935, 0.9539563), (-0.11896477, 0.077274606, 0.9898869), (-0.09812326, 0.07823611, 0.9920942), (-0.2690789, 0.063291654, 0.9610362), (-0.11896477, 0.077274606, 0.9898869), (-0.091302514, 0.076293506, 0.9928963), (-0.099970974, 0.088726364, 0.9910265), (-0.09812326, 0.07823611, 0.9920942), (-0.091302514, 0.076293506, 0.9928963), (-0.1839535, 0.06705804, 0.9806448), (-0.19389613, 0.08621161, 0.9772267), (-0.099970974, 0.088726364, 0.9910265), (-0.1839535, 0.06705804, 0.9806448), (-0.13420525, 0.07651044, 0.98799545), (-0.11311501, 0.07713713, 0.99058306), (-0.19389613, 0.08621161, 0.9772267), (-0.13420525, 0.07651044, 0.98799545), (-0.0025917871, 0.08658275, 0.9962413), (0.01820238, 0.08887465, 0.9958765), (-0.11311501, 0.07713713, 0.99058306), (-0.0025917871, 0.08658275, 0.9962413), (-0.046384238, 0.08253328, 0.9955084), (-0.057020657, 0.10951605, 0.99234813), (0.01820238, 0.08887465, 0.9958765), (-0.046384238, 0.08253328, 0.9955084), (-0.14631501, 0.079995506, 0.98599833), (-0.16275497, 0.10213258, 0.98136634), (-0.057020657, 0.10951605, 0.99234813), (-0.14631501, 0.079995506, 0.98599833), (-0.06438087, 0.08755391, 0.9940772), (-0.04724035, 0.07683533, 0.995924), (-0.16275497, 0.10213258, 0.98136634), (-0.06438087, 0.08755391, 0.9940772), (0.0398332, 0.08675357, 0.9954331), (0.062517904, 0.091900475, 0.9938038), (-0.04724035, 0.07683533, 0.995924), (0.0398332, 0.08675357, 0.9954331), (-0.047077622, 0.08429597, 0.995328), (-0.05624106, 0.12578608, 0.99046195), (0.062517904, 0.091900475, 0.9938038), (-0.047077622, 0.08429597, 0.995328), (-0.11861656, 0.0872709, 0.98909754), (-0.14041801, 0.11082864, 0.9838698), (-0.05624106, 0.12578608, 0.99046195), (-0.11861656, 0.0872709, 0.98909754), (-0.0063494626, 0.09140327, 0.9957937), (0.005893834, 0.070679404, 0.99748164), (-0.14041801, 0.11082864, 0.9838698), (-0.0063494626, 0.09140327, 0.9957937), (0.05606892, 0.08445228, 0.9948488), (0.0814196, 0.09331551, 0.99230194), (0.005893834, 0.070679404, 0.99748164), (0.05606892, 0.08445228, 0.9948488), (-0.058011282, 0.08469937, 0.9947164), (-0.064643696, 0.1387848, 0.9882105), (0.0814196, 0.09331551, 0.99230194), (-0.058011282, 0.08469937, 0.9947164), (-0.08470629, 0.08918027, 0.99240696), (-0.11127654, 0.11342648, 0.98729527), (-0.064643696, 0.1387848, 0.9882105), (-0.08470629, 0.08918027, 0.99240696), (0.044627383, 0.09007182, 0.994935), (0.051832084, 0.06207686, 0.9967246), (-0.11127654, 0.11342648, 0.98729527), (0.044627383, 0.09007182, 0.994935), (0.056087974, 0.082208134, 0.9950357), (0.084498085, 0.09469069, 0.99191415), (0.051832084, 0.06207686, 0.9967246), (0.056087974, 0.082208134, 0.9950357), (-0.067010164, 0.083720796, 0.9942336), (-0.071247146, 0.14747375, 0.98649657), (0.084498085, 0.09469069, 0.99191415), (-0.067010164, 0.083720796, 0.9942336), (-0.042269323, 0.08630166, 0.99537194), (-0.07278233, 0.11077967, 0.99117637), (-0.071247146, 0.14747375, 0.98649657), (-0.042269323, 0.08630166, 0.99537194), (0.08699307, 0.08583611, 0.99250406), (0.09004486, 0.05358441, 0.99449515), (-0.07278233, 0.11077967, 0.99117637), (0.08699307, 0.08583611, 0.99250406), (0.046521664, 0.080299065, 0.9956846), (0.07787301, 0.09581043, 0.99234885), (0.09004486, 0.05358441, 0.99449515), (0.046521664, 0.080299065, 0.9956846), (-0.06663902, 0.08064057, 0.99451315), (-0.06925874, 0.15053338, 0.98617595), (0.07787301, 0.09581043, 0.99234885), (-0.06663902, 0.08064057, 0.99451315), (0.007353026, 0.08019368, 0.9967522), (-0.025922824, 0.10413567, 0.99422526), (-0.06925874, 0.15053338, 0.98617595), (0.007353026, 0.08019368, 0.9967522), (0.11949033, 0.080505215, 0.989566), (0.1199091, 0.046880048, 0.99167746), (-0.025922824, 0.10413567, 0.99422526), (0.11949033, 0.080505215, 0.989566), (0.03470971, 0.077475294, 0.9963899), (0.06822892, 0.095436364, 0.9930945), (0.1199091, 0.046880048, 0.99167746), (0.03470971, 0.077475294, 0.9963899), (-0.051194683, 0.07508366, 0.99586225), (-0.053093337, 0.14695176, 0.98771775), (0.06822892, 0.095436364, 0.9930945), (-0.051194683, 0.07508366, 0.99586225), (0.062432755, 0.072801456, 0.9953904), (0.027919, 0.09477427, 0.99510723), (-0.053093337, 0.14695176, 0.98771775), (0.062432755, 0.072801456, 0.9953904), (0.14416534, 0.07453397, 0.9867426), (0.14342058, 0.042392682, 0.98875344), (0.027919, 0.09477427, 0.99510723), (0.14416534, 0.07453397, 0.9867426), (0.031093633, 0.07178491, 0.99693537), (0.06515062, 0.09175272, 0.99364823), (0.14342058, 0.042392682, 0.98875344), (0.031093633, 0.07178491, 0.99693537), (-0.013518218, 0.06715695, 0.99765086), (-0.015405758, 0.13592295, 0.9905996), (0.06515062, 0.09175272, 0.99364823), (-0.013518218, 0.06715695, 0.99765086), (0.12536724, 0.06524141, 0.98996294), (0.09165788, 0.08322474, 0.99230665), (-0.015405758, 0.13592295, 0.9905996), (0.12536724, 0.06524141, 0.98996294), (0.17273286, 0.06644553, 0.98272496), (0.17153595, 0.038848422, 0.9844116), (0.09165788, 0.08322474, 0.99230665), (0.17273286, 0.06644553, 0.98272496), (0.0602016, 0.06095133, 0.9963236), (0.09151488, 0.08178673, 0.9924394), (0.17153595, 0.038848422, 0.9844116), (0.0602016, 0.06095133, 0.9963236), (0.073445365, 0.055983208, 0.9957267), (0.07088478, 0.114949346, 0.99083906), (0.09151488, 0.08178673, 0.9924394), (0.073445365, 0.055983208, 0.9957267), (0.23232391, 0.054815944, 0.9710926), (0.20356478, 0.0671089, 0.9767589), (0.07088478, 0.114949346, 0.99083906), (0.23232391, 0.054815944, 0.9710926), (0.29874438, 0.049688645, 0.95303875), (0.29461724, 0.03014153, 0.9551399), (0.20356478, 0.0671089, 0.9767589), (0.29874438, 0.049688645, 0.95303875), (0.6375408, 0.024534974, 0.77002585), (0.61642146, 0.02469191, 0.78702915), (0.29461724, 0.03014153, 0.9551399), (0.6375408, 0.024534974, 0.77002585), (0.96774805, 0.0020920443, 0.25191146), (0.9665681, 0.0074916114, 0.25630063), (0.61642146, 0.02469191, 0.78702915), (-0.9651233, 0.008060706, 0.26167178), (-0.6590611, 0.037758417, 0.75114095), (-0.6160517, 0.077902436, 0.78384405), (-0.9627896, 0.009719372, 0.27007708), (-0.6590611, 0.037758417, 0.75114095), (-0.2690789, 0.063291654, 0.9610362), (-0.26914334, 0.1230371, 0.9552087), (-0.6160517, 0.077902436, 0.78384405), (-0.2690789, 0.063291654, 0.9610362), (-0.09812326, 0.07823611, 0.9920942), (-0.14158939, 0.07477192, 0.9870976), (-0.26914334, 0.1230371, 0.9552087), (-0.09812326, 0.07823611, 0.9920942), (-0.099970974, 0.088726364, 0.9910265), (-0.08433614, 0.03921434, 0.99566543), (-0.14158939, 0.07477192, 0.9870976), (-0.099970974, 0.088726364, 0.9910265), (-0.19389613, 0.08621161, 0.9772267), (-0.14043322, 0.11246912, 0.9836815), (-0.08433614, 0.03921434, 0.99566543), (-0.19389613, 0.08621161, 0.9772267), (-0.11311501, 0.07713713, 0.99058306), (-0.12968296, 0.15588023, 0.9792261), (-0.14043322, 0.11246912, 0.9836815), (-0.11311501, 0.07713713, 0.99058306), (0.01820238, 0.08887465, 0.9958765), (-0.027672118, 0.08827155, 0.995712), (-0.12968296, 0.15588023, 0.9792261), (0.01820238, 0.08887465, 0.9958765), (-0.057020657, 0.10951605, 0.99234813), (-0.03047923, 0.054025967, 0.9980743), (-0.027672118, 0.08827155, 0.995712), (-0.057020657, 0.10951605, 0.99234813), (-0.16275497, 0.10213258, 0.98136634), (-0.11789507, 0.13060607, 0.9843997), (-0.03047923, 0.054025967, 0.9980743), (-0.16275497, 0.10213258, 0.98136634), (-0.04724035, 0.07683533, 0.995924), (-0.07591573, 0.16537358, 0.98330486), (-0.11789507, 0.13060607, 0.9843997), (-0.04724035, 0.07683533, 0.995924), (0.062517904, 0.091900475, 0.9938038), (0.027021943, 0.09400102, 0.9952053), (-0.07591573, 0.16537358, 0.98330486), (0.062517904, 0.091900475, 0.9938038), (-0.05624106, 0.12578608, 0.99046195), (-0.021835655, 0.0682657, 0.9974282), (0.027021943, 0.09400102, 0.9952053), (-0.05624106, 0.12578608, 0.99046195), (-0.14041801, 0.11082864, 0.9838698), (-0.11102969, 0.14068581, 0.9838089), (-0.021835655, 0.0682657, 0.9974282), (-0.14041801, 0.11082864, 0.9838698), (0.005893834, 0.070679404, 0.99748164), (-0.028968336, 0.1661325, 0.9856779), (-0.11102969, 0.14068581, 0.9838089), (0.005893834, 0.070679404, 0.99748164), (0.0814196, 0.09331551, 0.99230194), (0.0618109, 0.0988634, 0.9931795), (-0.028968336, 0.1661325, 0.9856779), (0.0814196, 0.09331551, 0.99230194), (-0.064643696, 0.1387848, 0.9882105), (-0.028068986, 0.08170643, 0.9962611), (0.0618109, 0.0988634, 0.9931795), (-0.064643696, 0.1387848, 0.9882105), (-0.11127654, 0.11342648, 0.98729527), (-0.10073017, 0.14410347, 0.98442245), (-0.028068986, 0.08170643, 0.9962611), (-0.11127654, 0.11342648, 0.98729527), (0.051832084, 0.06207686, 0.9967246), (0.017062554, 0.16175264, 0.98668385), (-0.10073017, 0.14410347, 0.98442245), (0.051832084, 0.06207686, 0.9967246), (0.084498085, 0.09469069, 0.99191415), (0.08249248, 0.10427053, 0.9911219), (0.017062554, 0.16175264, 0.98668385), (0.084498085, 0.09469069, 0.99191415), (-0.071247146, 0.14747375, 0.98649657), (-0.038738213, 0.093357556, 0.99487877), (0.08249248, 0.10427053, 0.9911219), (-0.071247146, 0.14747375, 0.98649657), (-0.07278233, 0.11077967, 0.99117637), (-0.081361264, 0.14155692, 0.98658097), (-0.038738213, 0.093357556, 0.99487877), (-0.07278233, 0.11077967, 0.99117637), (0.09004486, 0.05358441, 0.99449515), (0.061124302, 0.15376554, 0.98621494), (-0.081361264, 0.14155692, 0.98658097), (0.09004486, 0.05358441, 0.99449515), (0.07787301, 0.09581043, 0.99234885), (0.092226215, 0.11008809, 0.98963374), (0.061124302, 0.15376554, 0.98621494), (0.07787301, 0.09581043, 0.99234885), (-0.06925874, 0.15053338, 0.98617595), (-0.046547975, 0.10228808, 0.9936651), (0.092226215, 0.11008809, 0.98963374), (-0.06925874, 0.15053338, 0.98617595), (-0.025922824, 0.10413567, 0.99422526), (-0.051303938, 0.13356602, 0.98971105), (-0.046547975, 0.10228808, 0.9936651), (-0.025922824, 0.10413567, 0.99422526), (0.1199091, 0.046880048, 0.99167746), (0.10140566, 0.14277728, 0.98454636), (-0.051303938, 0.13356602, 0.98971105), (0.1199091, 0.046880048, 0.99167746), (0.06822892, 0.095436364, 0.9930945), (0.09538991, 0.115358554, 0.9887331), (0.10140566, 0.14277728, 0.98454636), (0.06822892, 0.095436364, 0.9930945), (-0.053093337, 0.14695176, 0.98771775), (-0.044528756, 0.107513934, 0.99320585), (0.09538991, 0.115358554, 0.9887331), (-0.053093337, 0.14695176, 0.98771775), (0.027919, 0.09477427, 0.99510723), (-0.010022487, 0.12044345, 0.9926696), (-0.044528756, 0.107513934, 0.99320585), (0.027919, 0.09477427, 0.99510723), (0.14342058, 0.042392682, 0.98875344), (0.13795945, 0.12872171, 0.98203766), (-0.010022487, 0.12044345, 0.9926696), (0.14342058, 0.042392682, 0.98875344), (0.06515062, 0.09175272, 0.99364823), (0.09965973, 0.11826538, 0.9879682), (0.13795945, 0.12872171, 0.98203766), (0.06515062, 0.09175272, 0.99364823), (-0.015405758, 0.13592295, 0.9905996), (-0.023034662, 0.107463926, 0.99394214), (0.09965973, 0.11826538, 0.9879682), (-0.015405758, 0.13592295, 0.9905996), (0.09165788, 0.08322474, 0.99230665), (0.046707634, 0.101993784, 0.9936879), (-0.023034662, 0.107463926, 0.99394214), (0.09165788, 0.08322474, 0.99230665), (0.17153595, 0.038848422, 0.9844116), (0.17847854, 0.11029903, 0.9777421), (0.046707634, 0.101993784, 0.9936879), (0.17153595, 0.038848422, 0.9844116), (0.09151488, 0.08178673, 0.9924394), (0.12539165, 0.114756905, 0.985448), (0.17847854, 0.11029903, 0.9777421), (0.09151488, 0.08178673, 0.9924394), (0.07088478, 0.114949346, 0.99083906), (0.04828054, 0.09821213, 0.99399364), (0.12539165, 0.114756905, 0.985448), (0.07088478, 0.114949346, 0.99083906), (0.20356478, 0.0671089, 0.9767589), (0.15801959, 0.075456776, 0.9845487), (0.04828054, 0.09821213, 0.99399364), (0.20356478, 0.0671089, 0.9767589), (0.29461724, 0.03014153, 0.9551399), (0.30277058, 0.0781643, 0.9498528), (0.15801959, 0.075456776, 0.9845487), (0.29461724, 0.03014153, 0.9551399), (0.61642146, 0.02469191, 0.78702915), (0.646854, 0.06050318, 0.76021), (0.30277058, 0.0781643, 0.9498528), (0.61642146, 0.02469191, 0.78702915), (0.9665681, 0.0074916114, 0.25630063), (0.9635347, 0.014791414, 0.2671743), (0.646854, 0.06050318, 0.76021), (-0.9627896, 0.009719372, 0.27007708), (-0.6160517, 0.077902436, 0.78384405), (-0.6048465, 0.059899073, 0.79408616), (-0.95990413, 0.010746983, 0.2801225), (-0.6160517, 0.077902436, 0.78384405), (-0.26914334, 0.1230371, 0.9552087), (-0.27519447, 0.09217408, 0.9569598), (-0.6048465, 0.059899073, 0.79408616), (-0.26914334, 0.1230371, 0.9552087), (-0.14158939, 0.07477192, 0.9870976), (-0.19195907, 0.09193276, 0.9770875), (-0.27519447, 0.09217408, 0.9569598), (-0.14158939, 0.07477192, 0.9870976), (-0.08433614, 0.03921434, 0.99566543), (-0.054257013, 0.11158386, 0.9922727), (-0.19195907, 0.09193276, 0.9770875), (-0.08433614, 0.03921434, 0.99566543), (-0.14043322, 0.11246912, 0.9836815), (-0.06826341, 0.1362641, 0.98831785), (-0.054257013, 0.11158386, 0.9922727), (-0.14043322, 0.11246912, 0.9836815), (-0.12968296, 0.15588023, 0.9792261), (-0.16159986, 0.12569036, 0.97881943), (-0.06826341, 0.1362641, 0.98831785), (-0.12968296, 0.15588023, 0.9792261), (-0.027672118, 0.08827155, 0.995712), (-0.094965465, 0.10389375, 0.9900443), (-0.16159986, 0.12569036, 0.97881943), (-0.027672118, 0.08827155, 0.995712), (-0.03047923, 0.054025967, 0.9980743), (0.018625777, 0.12845469, 0.99154043), (-0.094965465, 0.10389375, 0.9900443), (-0.03047923, 0.054025967, 0.9980743), (-0.11789507, 0.13060607, 0.9843997), (-0.042610105, 0.16366985, 0.9855945), (0.018625777, 0.12845469, 0.99154043), (-0.11789507, 0.13060607, 0.9843997), (-0.07591573, 0.16537358, 0.98330486), (-0.13220403, 0.14141859, 0.9810825), (-0.042610105, 0.16366985, 0.9855945), (-0.07591573, 0.16537358, 0.98330486), (0.027021943, 0.09400102, 0.9952053), (-0.040788118, 0.106938414, 0.9934287), (-0.13220403, 0.14141859, 0.9810825), (0.027021943, 0.09400102, 0.9952053), (-0.021835655, 0.0682657, 0.9974282), (0.046911098, 0.13975964, 0.98907363), (-0.040788118, 0.106938414, 0.9934287), (-0.021835655, 0.0682657, 0.9974282), (-0.11102969, 0.14068581, 0.9838089), (-0.043094564, 0.18318725, 0.98213303), (0.046911098, 0.13975964, 0.98907363), (-0.11102969, 0.14068581, 0.9838089), (-0.028968336, 0.1661325, 0.9856779), (-0.10572844, 0.15019855, 0.98298615), (-0.043094564, 0.18318725, 0.98213303), (-0.028968336, 0.1661325, 0.9856779), (0.0618109, 0.0988634, 0.9931795), (0.003955328, 0.107238464, 0.99422544), (-0.10572844, 0.15019855, 0.98298615), (0.0618109, 0.0988634, 0.9931795), (-0.028068986, 0.08170643, 0.9962611), (0.05603954, 0.14844346, 0.9873318), (0.003955328, 0.107238464, 0.99422544), (-0.028068986, 0.08170643, 0.9962611), (-0.10073017, 0.14410347, 0.98442245), (-0.048424907, 0.19716433, 0.97917384), (0.05603954, 0.14844346, 0.9873318), (-0.10073017, 0.14410347, 0.98442245), (0.017062554, 0.16175264, 0.98668385), (-0.07302016, 0.15451597, 0.9852882), (-0.048424907, 0.19716433, 0.97917384), (0.017062554, 0.16175264, 0.98668385), (0.08249248, 0.10427053, 0.9911219), (0.041683067, 0.10576655, 0.993517), (-0.07302016, 0.15451597, 0.9852882), (0.08249248, 0.10427053, 0.9911219), (-0.038738213, 0.093357556, 0.99487877), (0.053322684, 0.15464845, 0.9865295), (0.041683067, 0.10576655, 0.993517), (-0.038738213, 0.093357556, 0.99487877), (-0.081361264, 0.14155692, 0.98658097), (-0.049758457, 0.2064136, 0.97719884), (0.053322684, 0.15464845, 0.9865295), (-0.081361264, 0.14155692, 0.98658097), (0.061124302, 0.15376554, 0.98621494), (-0.033233263, 0.1549, 0.98737097), (-0.049758457, 0.2064136, 0.97719884), (0.061124302, 0.15376554, 0.98621494), (0.092226215, 0.11008809, 0.98963374), (0.071527444, 0.10232844, 0.99217576), (-0.033233263, 0.1549, 0.98737097), (0.092226215, 0.11008809, 0.98963374), (-0.046547975, 0.10228808, 0.9936651), (0.044431705, 0.15804772, 0.9864313), (0.071527444, 0.10232844, 0.99217576), (-0.046547975, 0.10228808, 0.9936651), (-0.051303938, 0.13356602, 0.98971105), (-0.041488416, 0.21076567, 0.9766558), (0.044431705, 0.15804772, 0.9864313), (-0.051303938, 0.13356602, 0.98971105), (0.10140566, 0.14277728, 0.98454636), (0.011949099, 0.15077738, 0.9884955), (-0.041488416, 0.21076567, 0.9766558), (0.10140566, 0.14277728, 0.98454636), (0.09538991, 0.115358554, 0.9887331), (0.093573235, 0.09666004, 0.9909091), (0.011949099, 0.15077738, 0.9884955), (0.09538991, 0.115358554, 0.9887331), (-0.044528756, 0.107513934, 0.99320585), (0.036152784, 0.1579903, 0.9867786), (0.093573235, 0.09666004, 0.9909091), (-0.044528756, 0.107513934, 0.99320585), (-0.010022487, 0.12044345, 0.9926696), (-0.019211382, 0.20870636, 0.9777896), (0.036152784, 0.1579903, 0.9867786), (-0.010022487, 0.12044345, 0.9926696), (0.13795945, 0.12872171, 0.98203766), (0.061190847, 0.14107507, 0.988106), (-0.019211382, 0.20870636, 0.9777896), (0.13795945, 0.12872171, 0.98203766), (0.09965973, 0.11826538, 0.9879682), (0.11165152, 0.08859345, 0.9897905), (0.061190847, 0.14107507, 0.988106), (0.09965973, 0.11826538, 0.9879682), (-0.023034662, 0.107463926, 0.99394214), (0.03900291, 0.1526513, 0.98751014), (0.11165152, 0.08859345, 0.9897905), (-0.023034662, 0.107463926, 0.99394214), (0.046707634, 0.101993784, 0.9936879), (0.024038393, 0.19678646, 0.98015165), (0.03900291, 0.1526513, 0.98751014), (0.046707634, 0.101993784, 0.9936879), (0.17847854, 0.11029903, 0.9777421), (0.11968655, 0.124223016, 0.98500955), (0.024038393, 0.19678646, 0.98015165), (0.17847854, 0.11029903, 0.9777421), (0.12539165, 0.114756905, 0.985448), (0.14249918, 0.076802455, 0.9868107), (0.11968655, 0.124223016, 0.98500955), (0.12539165, 0.114756905, 0.985448), (0.04828054, 0.09821213, 0.99399364), (0.08360991, 0.13578744, 0.9872037), (0.14249918, 0.076802455, 0.9868107), (0.04828054, 0.09821213, 0.99399364), (0.15801959, 0.075456776, 0.9845487), (0.12820323, 0.16568784, 0.9778095), (0.08360991, 0.13578744, 0.9872037), (0.15801959, 0.075456776, 0.9845487), (0.30277058, 0.0781643, 0.9498528), (0.26314706, 0.09355625, 0.9602088), (0.12820323, 0.16568784, 0.9778095), (0.30277058, 0.0781643, 0.9498528), (0.646854, 0.06050318, 0.76021), (0.6229801, 0.026841529, 0.781777), (0.26314706, 0.09355625, 0.9602088), (0.646854, 0.06050318, 0.76021), (0.9635347, 0.014791414, 0.2671743), (0.9609297, 0.0040629474, 0.27676296), (0.6229801, 0.026841529, 0.781777), (-0.95990413, 0.010746983, 0.2801225), (-0.6048465, 0.059899073, 0.79408616), (-0.57034606, 0.05259245, 0.8197191), (-0.95767313, 0.0042474843, 0.28782654), (-0.6048465, 0.059899073, 0.79408616), (-0.27519447, 0.09217408, 0.9569598), (-0.23696673, 0.12975796, 0.96281344), (-0.57034606, 0.05259245, 0.8197191), (-0.27519447, 0.09217408, 0.9569598), (-0.19195907, 0.09193276, 0.9770875), (-0.19688001, 0.1711924, 0.965366), (-0.23696673, 0.12975796, 0.96281344), (-0.19195907, 0.09193276, 0.9770875), (-0.054257013, 0.11158386, 0.9922727), (-0.075576276, 0.14433381, 0.98663867), (-0.19688001, 0.1711924, 0.965366), (-0.054257013, 0.11158386, 0.9922727), (-0.06826341, 0.1362641, 0.98831785), (-0.043602385, 0.12109587, 0.9916827), (-0.075576276, 0.14433381, 0.98663867), (-0.06826341, 0.1362641, 0.98831785), (-0.16159986, 0.12569036, 0.97881943), (-0.13433753, 0.16596748, 0.9769382), (-0.043602385, 0.12109587, 0.9916827), (-0.16159986, 0.12569036, 0.97881943), (-0.094965465, 0.10389375, 0.9900443), (-0.11745242, 0.20110704, 0.97250235), (-0.13433753, 0.16596748, 0.9769382), (-0.094965465, 0.10389375, 0.9900443), (0.018625777, 0.12845469, 0.99154043), (0.006949063, 0.1702501, 0.98537636), (-0.11745242, 0.20110704, 0.97250235), (0.018625777, 0.12845469, 0.99154043), (-0.042610105, 0.16366985, 0.9855945), (-0.007388178, 0.14544298, 0.989339), (0.006949063, 0.1702501, 0.98537636), (-0.042610105, 0.16366985, 0.9855945), (-0.13220403, 0.14141859, 0.9810825), (-0.12256431, 0.18248372, 0.97553974), (-0.007388178, 0.14544298, 0.989339), (-0.13220403, 0.14141859, 0.9810825), (-0.040788118, 0.106938414, 0.9934287), (-0.074632175, 0.21336828, 0.9741171), (-0.12256431, 0.18248372, 0.97553974), (-0.040788118, 0.106938414, 0.9934287), (0.046911098, 0.13975964, 0.98907363), (0.052581403, 0.18620361, 0.9811032), (-0.074632175, 0.21336828, 0.9741171), (0.046911098, 0.13975964, 0.98907363), (-0.043094564, 0.18318725, 0.98213303), (-0.0019637113, 0.16313733, 0.9866014), (0.052581403, 0.18620361, 0.9811032), (-0.043094564, 0.18318725, 0.98213303), (-0.10572844, 0.15019855, 0.98298615), (-0.11787238, 0.19139998, 0.9744086), (-0.0019637113, 0.16313733, 0.9866014), (-0.10572844, 0.15019855, 0.98298615), (0.003955328, 0.107238464, 0.99422544), (-0.034488946, 0.21861528, 0.9752014), (-0.11787238, 0.19139998, 0.9744086), (0.003955328, 0.107238464, 0.99422544), (0.05603954, 0.14844346, 0.9873318), (0.081518, 0.19682212, 0.97704446), (-0.034488946, 0.21861528, 0.9752014), (0.05603954, 0.14844346, 0.9873318), (-0.048424907, 0.19716433, 0.97917384), (-0.008570303, 0.1757295, 0.9844012), (0.081518, 0.19682212, 0.97704446), (-0.048424907, 0.19716433, 0.97917384), (-0.07302016, 0.15451597, 0.9852882), (-0.10784126, 0.1957049, 0.97471523), (-0.008570303, 0.1757295, 0.9844012), (-0.07302016, 0.15451597, 0.9852882), (0.041683067, 0.10576655, 0.993517), (0.0060015717, 0.21920761, 0.9756598), (-0.10784126, 0.1957049, 0.97471523), (0.041683067, 0.10576655, 0.993517), (0.053322684, 0.15464845, 0.9865295), (0.09747995, 0.20289749, 0.9743358), (0.0060015717, 0.21920761, 0.9756598), (0.053322684, 0.15464845, 0.9865295), (-0.049758457, 0.2064136, 0.97719884), (-0.018945288, 0.18370926, 0.982798), (0.09747995, 0.20289749, 0.9743358), (-0.049758457, 0.2064136, 0.97719884), (-0.033233263, 0.1549, 0.98737097), (-0.088164635, 0.19616258, 0.9765998), (-0.018945288, 0.18370926, 0.982798), (-0.033233263, 0.1549, 0.98737097), (0.071527444, 0.10232844, 0.99217576), (0.045513626, 0.21527967, 0.9754912), (-0.088164635, 0.19616258, 0.9765998), (0.071527444, 0.10232844, 0.99217576), (0.044431705, 0.15804772, 0.9864313), (0.10301684, 0.2045932, 0.97341114), (0.045513626, 0.21527967, 0.9754912), (0.044431705, 0.15804772, 0.9864313), (-0.041488416, 0.21076567, 0.9766558), (-0.026475187, 0.1872801, 0.9819497), (0.10301684, 0.2045932, 0.97341114), (-0.041488416, 0.21076567, 0.9766558), (0.011949099, 0.15077738, 0.9884955), (-0.05743619, 0.1919896, 0.97971475), (-0.026475187, 0.1872801, 0.9819497), (0.011949099, 0.15077738, 0.9884955), (0.093573235, 0.09666004, 0.9909091), (0.082260996, 0.20611344, 0.9750643), (-0.05743619, 0.1919896, 0.97971475), (0.093573235, 0.09666004, 0.9909091), (0.036152784, 0.1579903, 0.9867786), (0.10228004, 0.20182627, 0.9740662), (0.082260996, 0.20611344, 0.9750643), (0.036152784, 0.1579903, 0.9867786), (-0.019211382, 0.20870636, 0.9777896), (-0.02424652, 0.18583491, 0.98228174), (0.10228004, 0.20182627, 0.9740662), (-0.019211382, 0.20870636, 0.9777896), (0.061190847, 0.14107507, 0.988106), (-0.014875675, 0.18116829, 0.98333967), (-0.02424652, 0.18583491, 0.98228174), (0.061190847, 0.14107507, 0.988106), (0.11165152, 0.08859345, 0.9897905), (0.11657409, 0.19049983, 0.97474116), (-0.014875675, 0.18116829, 0.98333967), (0.11165152, 0.08859345, 0.9897905), (0.03900291, 0.1526513, 0.98751014), (0.10353104, 0.19342771, 0.9756368), (0.11657409, 0.19049983, 0.97474116), (0.03900291, 0.1526513, 0.98751014), (0.024038393, 0.19678646, 0.98015165), (-0.0015711889, 0.17678358, 0.98424846), (0.10353104, 0.19342771, 0.9756368), (0.024038393, 0.19678646, 0.98015165), (0.11968655, 0.124223016, 0.98500955), (0.045412384, 0.16029234, 0.9860244), (-0.0015711889, 0.17678358, 0.98424846), (0.11968655, 0.124223016, 0.98500955), (0.14249918, 0.076802455, 0.9868107), (0.15919769, 0.16521409, 0.9733244), (0.045412384, 0.16029234, 0.9860244), (0.14249918, 0.076802455, 0.9868107), (0.08360991, 0.13578744, 0.9872037), (0.13359241, 0.17343697, 0.9757421), (0.15919769, 0.16521409, 0.9733244), (0.08360991, 0.13578744, 0.9872037), (0.12820323, 0.16568784, 0.9778095), (0.08576216, 0.15097725, 0.98480994), (0.13359241, 0.17343697, 0.9757421), (0.12820323, 0.16568784, 0.9778095), (0.26314706, 0.09355625, 0.9602088), (0.19709608, 0.11757156, 0.97330886), (0.08576216, 0.15097725, 0.98480994), (0.26314706, 0.09355625, 0.9602088), (0.6229801, 0.026841529, 0.781777), (0.59065634, 0.07531676, 0.8034005), (0.19709608, 0.11757156, 0.97330886), (0.6229801, 0.026841529, 0.781777), (0.9609297, 0.0040629474, 0.27676296), (0.9575153, 0.018599743, 0.28778228), (0.59065634, 0.07531676, 0.8034005), (-0.95767313, 0.0042474843, 0.28782654), (-0.57034606, 0.05259245, 0.8197191), (-0.5236076, 0.12319542, 0.84300536), (-0.95259553, 0.025671273, 0.30315465), (-0.57034606, 0.05259245, 0.8197191), (-0.23696673, 0.12975796, 0.96281344), (-0.18368818, 0.18539757, 0.96534264), (-0.5236076, 0.12319542, 0.84300536), (-0.23696673, 0.12975796, 0.96281344), (-0.19688001, 0.1711924, 0.965366), (-0.18974306, 0.20246923, 0.9607308), (-0.18368818, 0.18539757, 0.96534264), (-0.19688001, 0.1711924, 0.965366), (-0.075576276, 0.14433381, 0.98663867), (-0.1051361, 0.21358581, 0.9712505), (-0.18974306, 0.20246923, 0.9607308), (-0.075576276, 0.14433381, 0.98663867), (-0.043602385, 0.12109587, 0.9916827), (-0.025904164, 0.22934079, 0.9730014), (-0.1051361, 0.21358581, 0.9712505), (-0.043602385, 0.12109587, 0.9916827), (-0.13433753, 0.16596748, 0.9769382), (-0.08177493, 0.24112324, 0.9670431), (-0.025904164, 0.22934079, 0.9730014), (-0.13433753, 0.16596748, 0.9769382), (-0.11745242, 0.20110704, 0.97250235), (-0.12200528, 0.24617353, 0.96151614), (-0.08177493, 0.24112324, 0.9670431), (-0.11745242, 0.20110704, 0.97250235), (0.006949063, 0.1702501, 0.98537636), (-0.03236037, 0.2458944, 0.9687563), (-0.12200528, 0.24617353, 0.96151614), (0.006949063, 0.1702501, 0.98537636), (-0.007388178, 0.14544298, 0.989339), (0.010886128, 0.2561079, 0.9665868), (-0.03236037, 0.2458944, 0.9687563), (-0.007388178, 0.14544298, 0.989339), (-0.12256431, 0.18248372, 0.97553974), (-0.07246299, 0.26615813, 0.96120185), (0.010886128, 0.2561079, 0.9665868), (-0.12256431, 0.18248372, 0.97553974), (-0.074632175, 0.21336828, 0.9741171), (-0.08673753, 0.26944044, 0.95910287), (-0.07246299, 0.26615813, 0.96120185), (-0.074632175, 0.21336828, 0.9741171), (0.052581403, 0.18620361, 0.9811032), (0.012733456, 0.26343435, 0.96459323), (-0.08673753, 0.26944044, 0.95910287), (0.052581403, 0.18620361, 0.9811032), (-0.0019637113, 0.16313733, 0.9866014), (0.018356016, 0.2703035, 0.9626002), (0.012733456, 0.26343435, 0.96459323), (-0.0019637113, 0.16313733, 0.9866014), (-0.11787238, 0.19139998, 0.9744086), (-0.07385831, 0.28023487, 0.95708585), (0.018356016, 0.2703035, 0.9626002), (-0.11787238, 0.19139998, 0.9744086), (-0.034488946, 0.21861528, 0.9752014), (-0.051882785, 0.2832166, 0.95765156), (-0.07385831, 0.28023487, 0.95708585), (-0.034488946, 0.21861528, 0.9752014), (0.081518, 0.19682212, 0.97704446), (0.046448685, 0.27296692, 0.9609015), (-0.051882785, 0.2832166, 0.95765156), (0.081518, 0.19682212, 0.97704446), (-0.008570303, 0.1757295, 0.9844012), (0.012738872, 0.2769883, 0.96078885), (0.046448685, 0.27296692, 0.9609015), (-0.008570303, 0.1757295, 0.9844012), (-0.10784126, 0.1957049, 0.97471523), (-0.07331759, 0.28748286, 0.9549754), (0.012738872, 0.2769883, 0.96078885), (-0.10784126, 0.1957049, 0.97471523), (0.0060015717, 0.21920761, 0.9756598), (-0.014050066, 0.28980327, 0.9569831), (-0.07331759, 0.28748286, 0.9549754), (0.0060015717, 0.21920761, 0.9756598), (0.09747995, 0.20289749, 0.9743358), (0.07042658, 0.2761064, 0.9585434), (-0.014050066, 0.28980327, 0.9569831), (0.09747995, 0.20289749, 0.9743358), (-0.018945288, 0.18370926, 0.982798), (0.0009148877, 0.27780783, 0.96063626), (0.07042658, 0.2761064, 0.9585434), (-0.018945288, 0.18370926, 0.982798), (-0.088164635, 0.19616258, 0.9765998), (-0.06538773, 0.28927752, 0.9550094), (0.0009148877, 0.27780783, 0.96063626), (-0.088164635, 0.19616258, 0.9765998), (0.045513626, 0.21527967, 0.9754912), (0.025720552, 0.28945962, 0.95684457), (-0.06538773, 0.28927752, 0.9550094), (0.045513626, 0.21527967, 0.9754912), (0.10301684, 0.2045932, 0.97341114), (0.08501513, 0.2731102, 0.95821875), (0.025720552, 0.28945962, 0.95684457), (0.10301684, 0.2045932, 0.97341114), (-0.026475187, 0.1872801, 0.9819497), (-0.011265065, 0.27327326, 0.9618705), (0.08501513, 0.2731102, 0.95821875), (-0.026475187, 0.1872801, 0.9819497), (-0.05743619, 0.1919896, 0.97971475), (-0.047004744, 0.28549224, 0.95722765), (-0.011265065, 0.27327326, 0.9618705), (-0.05743619, 0.1919896, 0.97971475), (0.082260996, 0.20611344, 0.9750643), (0.06541548, 0.28154373, 0.95731604), (-0.047004744, 0.28549224, 0.95722765), (0.082260996, 0.20611344, 0.9750643), (0.10228004, 0.20182627, 0.9740662), (0.09211803, 0.26347387, 0.9602581), (0.06541548, 0.28154373, 0.95731604), (0.10228004, 0.20182627, 0.9740662), (-0.02424652, 0.18583491, 0.98228174), (-0.017064441, 0.26288554, 0.96467614), (0.09211803, 0.26347387, 0.9602581), (-0.02424652, 0.18583491, 0.98228174), (-0.014875675, 0.18116829, 0.98333967), (-0.015791317, 0.27440038, 0.96148586), (-0.017064441, 0.26288554, 0.96467614), (-0.014875675, 0.18116829, 0.98333967), (0.11657409, 0.19049983, 0.97474116), (0.10434346, 0.26445648, 0.95873624), (-0.015791317, 0.27440038, 0.96148586), (0.11657409, 0.19049983, 0.97474116), (0.10353104, 0.19342771, 0.9756368), (0.0978348, 0.24533014, 0.9644903), (0.10434346, 0.26445648, 0.95873624), (0.10353104, 0.19342771, 0.9756368), (-0.0015711889, 0.17678358, 0.98424846), (-0.0056638215, 0.24400143, 0.96975833), (0.0978348, 0.24533014, 0.9644903), (-0.0015711889, 0.17678358, 0.98424846), (0.045412384, 0.16029234, 0.9860244), (0.03475226, 0.25133255, 0.96727675), (-0.0056638215, 0.24400143, 0.96975833), (0.045412384, 0.16029234, 0.9860244), (0.15919769, 0.16521409, 0.9733244), (0.1504872, 0.23339026, 0.9606677), (0.03475226, 0.25133255, 0.96727675), (0.15919769, 0.16521409, 0.9733244), (0.13359241, 0.17343697, 0.9757421), (0.12563157, 0.21165292, 0.9692366), (0.1504872, 0.23339026, 0.9606677), (0.13359241, 0.17343697, 0.9757421), (0.08576216, 0.15097725, 0.98480994), (0.064981416, 0.2052157, 0.97655714), (0.12563157, 0.21165292, 0.9692366), (0.08576216, 0.15097725, 0.98480994), (0.19709608, 0.11757156, 0.97330886), (0.1724974, 0.19606727, 0.96529907), (0.064981416, 0.2052157, 0.97655714), (0.19709608, 0.11757156, 0.97330886), (0.59065634, 0.07531676, 0.8034005), (0.5752795, 0.12132083, 0.8089096), (0.1724974, 0.19606727, 0.96529907), (0.59065634, 0.07531676, 0.8034005), (0.9575153, 0.018599743, 0.28778228), (0.95002586, 0.026298692, 0.31106174), (0.5752795, 0.12132083, 0.8089096), (-0.95259553, 0.025671273, 0.30315465), (-0.5236076, 0.12319542, 0.84300536), (-0.4109827, 0.41733322, 0.8105098), (-0.9112142, 0.14854716, 0.38421673), (-0.5236076, 0.12319542, 0.84300536), (-0.18368818, 0.18539757, 0.96534264), (-0.12683937, 0.52718574, 0.8402302), (-0.4109827, 0.41733322, 0.8105098), (-0.18368818, 0.18539757, 0.96534264), (-0.18974306, 0.20246923, 0.9607308), (-0.1197009, 0.55873066, 0.8206655), (-0.12683937, 0.52718574, 0.8402302), (-0.18974306, 0.20246923, 0.9607308), (-0.1051361, 0.21358581, 0.9712505), (-0.057189208, 0.617107, 0.78479826), (-0.1197009, 0.55873066, 0.8206655), (-0.1051361, 0.21358581, 0.9712505), (-0.025904164, 0.22934079, 0.9730014), (-0.01856295, 0.6336458, 0.77340055), (-0.057189208, 0.617107, 0.78479826), (-0.025904164, 0.22934079, 0.9730014), (-0.08177493, 0.24112324, 0.9670431), (-0.06110889, 0.6032039, 0.7952426), (-0.01856295, 0.6336458, 0.77340055), (-0.08177493, 0.24112324, 0.9670431), (-0.12200528, 0.24617353, 0.96151614), (-0.07572177, 0.6067245, 0.7912975), (-0.06110889, 0.6032039, 0.7952426), (-0.12200528, 0.24617353, 0.96151614), (-0.03236037, 0.2458944, 0.9687563), (-0.009807624, 0.66032475, 0.7509162), (-0.07572177, 0.6067245, 0.7912975), (-0.03236037, 0.2458944, 0.9687563), (0.010886128, 0.2561079, 0.9665868), (0.0032303692, 0.6724415, 0.74014324), (-0.009807624, 0.66032475, 0.7509162), (0.010886128, 0.2561079, 0.9665868), (-0.07246299, 0.26615813, 0.96120185), (-0.055755522, 0.63082993, 0.7739153), (0.0032303692, 0.6724415, 0.74014324), (-0.07246299, 0.26615813, 0.96120185), (-0.08673753, 0.26944044, 0.95910287), (-0.053509466, 0.62573844, 0.7781955), (-0.055755522, 0.63082993, 0.7739153), (-0.08673753, 0.26944044, 0.95910287), (0.012733456, 0.26343435, 0.96459323), (0.018184984, 0.68051136, 0.7325118), (-0.053509466, 0.62573844, 0.7781955), (0.012733456, 0.26343435, 0.96459323), (0.018356016, 0.2703035, 0.9626002), (0.006927654, 0.6925484, 0.72133815), (0.018184984, 0.68051136, 0.7325118), (0.018356016, 0.2703035, 0.9626002), (-0.07385831, 0.28023487, 0.95708585), (-0.056489445, 0.64447457, 0.7625362), (0.006927654, 0.6925484, 0.72133815), (-0.07385831, 0.28023487, 0.95708585), (-0.051882785, 0.2832166, 0.95765156), (-0.031399883, 0.63441414, 0.7723554), (-0.056489445, 0.64447457, 0.7625362), (-0.051882785, 0.2832166, 0.95765156), (0.046448685, 0.27296692, 0.9609015), (0.037932776, 0.69023174, 0.7225934), (-0.031399883, 0.63441414, 0.7723554), (0.046448685, 0.27296692, 0.9609015), (0.012738872, 0.2769883, 0.96078885), (0.0034270368, 0.7025689, 0.71160746), (0.037932776, 0.69023174, 0.7225934), (0.012738872, 0.2769883, 0.96078885), (-0.07331759, 0.28748286, 0.9549754), (-0.055395998, 0.6503303, 0.75762904), (0.0034270368, 0.7025689, 0.71160746), (-0.07331759, 0.28748286, 0.9549754), (-0.014050066, 0.28980327, 0.9569831), (-0.0073636, 0.6371325, 0.77071905), (-0.055395998, 0.6503303, 0.75762904), (-0.014050066, 0.28980327, 0.9569831), (0.07042658, 0.2761064, 0.9585434), (0.0510942, 0.6927276, 0.7193871), (-0.0073636, 0.6371325, 0.77071905), (0.07042658, 0.2761064, 0.9585434), (0.0009148877, 0.27780783, 0.96063626), (-0.0028934628, 0.7048035, 0.7093967), (0.0510942, 0.6927276, 0.7193871), (0.0009148877, 0.27780783, 0.96063626), (-0.06538773, 0.28927752, 0.9550094), (-0.04938034, 0.65048367, 0.75791335), (-0.0028934628, 0.7048035, 0.7093967), (-0.06538773, 0.28927752, 0.9550094), (0.025720552, 0.28945962, 0.95684457), (0.01768873, 0.6351726, 0.7721676), (-0.04938034, 0.65048367, 0.75791335), (0.025720552, 0.28945962, 0.95684457), (0.08501513, 0.2731102, 0.95821875), (0.058631707, 0.6886246, 0.72274375), (0.01768873, 0.6351726, 0.7721676), (0.08501513, 0.2731102, 0.95821875), (-0.011265065, 0.27327326, 0.9618705), (-0.008829932, 0.69955325, 0.7145259), (0.058631707, 0.6886246, 0.72274375), (-0.011265065, 0.27327326, 0.9618705), (-0.047004744, 0.28549224, 0.95722765), (-0.036894135, 0.6453266, 0.76301533), (-0.008829932, 0.69955325, 0.7145259), (-0.047004744, 0.28549224, 0.95722765), (0.06541548, 0.28154373, 0.95731604), (0.042398077, 0.62821317, 0.77688515), (-0.036894135, 0.6453266, 0.76301533), (0.06541548, 0.28154373, 0.95731604), (0.09211803, 0.26347387, 0.9602581), (0.062319905, 0.67683935, 0.73348814), (0.042398077, 0.62821317, 0.77688515), (0.09211803, 0.26347387, 0.9602581), (-0.017064441, 0.26288554, 0.96467614), (-0.010938647, 0.6856073, 0.7278893), (0.062319905, 0.67683935, 0.73348814), (-0.017064441, 0.26288554, 0.96467614), (-0.015791317, 0.27440038, 0.96148586), (-0.016675198, 0.6335089, 0.77355564), (-0.010938647, 0.6856073, 0.7278893), (-0.015791317, 0.27440038, 0.96148586), (0.10434346, 0.26445648, 0.95873624), (0.06657613, 0.613923, 0.7865533), (-0.016675198, 0.6335089, 0.77355564), (0.10434346, 0.26445648, 0.95873624), (0.0978348, 0.24533014, 0.9644903), (0.066153824, 0.65364206, 0.75390697), (0.06657613, 0.613923, 0.7865533), (0.0978348, 0.24533014, 0.9644903), (-0.0056638215, 0.24400143, 0.96975833), (-0.0031902848, 0.6585867, 0.7524981), (0.066153824, 0.65364206, 0.75390697), (-0.0056638215, 0.24400143, 0.96975833), (0.03475226, 0.25133255, 0.96727675), (0.015566835, 0.60950214, 0.7926316), (-0.0031902848, 0.6585867, 0.7524981), (0.03475226, 0.25133255, 0.96727675), (0.1504872, 0.23339026, 0.9606677), (0.09614573, 0.584196, 0.8058977), (0.015566835, 0.60950214, 0.7926316), (0.1504872, 0.23339026, 0.9606677), (0.12563157, 0.21165292, 0.9692366), (0.08485057, 0.6057267, 0.79113555), (0.09614573, 0.584196, 0.8058977), (0.12563157, 0.21165292, 0.9692366), (0.064981416, 0.2052157, 0.97655714), (0.040985342, 0.5983793, 0.8001639), (0.08485057, 0.6057267, 0.79113555), (0.064981416, 0.2052157, 0.97655714), (0.1724974, 0.19606727, 0.96529907), (0.10677586, 0.54100233, 0.83421546), (0.040985342, 0.5983793, 0.8001639), (0.1724974, 0.19606727, 0.96529907), (0.5752795, 0.12132083, 0.8089096), (0.42887658, 0.4051814, 0.80739886), (0.10677586, 0.54100233, 0.83421546), (0.5752795, 0.12132083, 0.8089096), (0.95002586, 0.026298692, 0.31106174), (0.9124098, 0.1392989, 0.38484302), (0.42887658, 0.4051814, 0.80739886), (-0.9112142, 0.14854716, 0.38421673), (-0.4109827, 0.41733322, 0.8105098), (-0.14681183, 0.90869653, 0.3907901), (-0.6635254, 0.6602685, 0.35182318), (-0.4109827, 0.41733322, 0.8105098), (-0.12683937, 0.52718574, 0.8402302), (-0.032204237, 0.94986266, 0.31100467), (-0.14681183, 0.90869653, 0.3907901), (-0.12683937, 0.52718574, 0.8402302), (-0.1197009, 0.55873066, 0.8206655), (-0.018273793, 0.9581214, 0.28577855), (-0.032204237, 0.94986266, 0.31100467), (-0.1197009, 0.55873066, 0.8206655), (-0.057189208, 0.617107, 0.78479826), (-0.005655905, 0.9615608, 0.27453378), (-0.018273793, 0.9581214, 0.28577855), (-0.057189208, 0.617107, 0.78479826), (-0.01856295, 0.6336458, 0.77340055), (-0.0093117, 0.9636005, 0.26718393), (-0.005655905, 0.9615608, 0.27453378), (-0.01856295, 0.6336458, 0.77340055), (-0.06110889, 0.6032039, 0.7952426), (-0.016805423, 0.96685016, 0.25479087), (-0.0093117, 0.9636005, 0.26718393), (-0.06110889, 0.6032039, 0.7952426), (-0.07572177, 0.6067245, 0.7912975), (-0.007105302, 0.9696159, 0.24452938), (-0.016805423, 0.96685016, 0.25479087), (-0.07572177, 0.6067245, 0.7912975), (-0.009807624, 0.66032475, 0.7509162), (0.0043483367, 0.96980983, 0.24382372), (-0.007105302, 0.9696159, 0.24452938), (-0.009807624, 0.66032475, 0.7509162), (0.0032303692, 0.6724415, 0.74014324), (-0.0052900556, 0.9700519, 0.24284029), (0.0043483367, 0.96980983, 0.24382372), (0.0032303692, 0.6724415, 0.74014324), (-0.055755522, 0.63082993, 0.7739153), (-0.015514173, 0.97226316, 0.23337455), (-0.0052900556, 0.9700519, 0.24284029), (-0.055755522, 0.63082993, 0.7739153), (-0.053509466, 0.62573844, 0.7781955), (-0.0024467204, 0.97399515, 0.22655542), (-0.015514173, 0.97226316, 0.23337455), (-0.053509466, 0.62573844, 0.7781955), (0.018184984, 0.68051136, 0.7325118), (0.009463665, 0.9731144, 0.23012806), (-0.0024467204, 0.97399515, 0.22655542), (0.018184984, 0.68051136, 0.7325118), (0.006927654, 0.6925484, 0.72133815), (-0.004640678, 0.9728968, 0.23119304), (0.009463665, 0.9731144, 0.23012806), (0.006927654, 0.6925484, 0.72133815), (-0.056489445, 0.64447457, 0.7625362), (-0.015437514, 0.97486675, 0.22225294), (-0.004640678, 0.9728968, 0.23119304), (-0.056489445, 0.64447457, 0.7625362), (-0.031399883, 0.63441414, 0.7723554), (0.0013182454, 0.9760464, 0.21755865), (-0.015437514, 0.97486675, 0.22225294), (-0.031399883, 0.63441414, 0.7723554), (0.037932776, 0.69023174, 0.7225934), (0.012786319, 0.97451043, 0.22397746), (0.0013182454, 0.9760464, 0.21755865), (0.037932776, 0.69023174, 0.7225934), (0.0034270368, 0.7025689, 0.71160746), (-0.0050892043, 0.9741532, 0.22583134), (0.012786319, 0.97451043, 0.22397746), (0.0034270368, 0.7025689, 0.71160746), (-0.055395998, 0.6503303, 0.75762904), (-0.015112505, 0.97605646, 0.2169915), (-0.0050892043, 0.9741532, 0.22583134), (-0.055395998, 0.6503303, 0.75762904), (-0.0073636, 0.6371325, 0.77071905), (0.0048615467, 0.97678506, 0.21416634), (-0.015112505, 0.97605646, 0.2169915), (-0.0073636, 0.6371325, 0.77071905), (0.0510942, 0.6927276, 0.7193871), (0.014912524, 0.97476137, 0.22275084), (0.0048615467, 0.97678506, 0.21416634), (0.0510942, 0.6927276, 0.7193871), (-0.0028934628, 0.7048035, 0.7093967), (-0.0058331937, 0.97435325, 0.22494817), (0.014912524, 0.97476137, 0.22275084), (-0.0028934628, 0.7048035, 0.7093967), (-0.04938034, 0.65048367, 0.75791335), (-0.014074896, 0.9762142, 0.21635075), (-0.0058331937, 0.97435325, 0.22494817), (-0.04938034, 0.65048367, 0.75791335), (0.01768873, 0.6351726, 0.7721676), (0.008259019, 0.97649467, 0.21538314), (-0.014074896, 0.9762142, 0.21635075), (0.01768873, 0.6351726, 0.7721676), (0.058631707, 0.6886246, 0.72274375), (0.01614932, 0.9740501, 0.22575547), (0.008259019, 0.97649467, 0.21538314), (0.058631707, 0.6886246, 0.72274375), (-0.008829932, 0.69955325, 0.7145259), (-0.006323167, 0.97356766, 0.22831155), (0.01614932, 0.9740501, 0.22575547), (-0.008829932, 0.69955325, 0.7145259), (-0.036894135, 0.6453266, 0.76301533), (-0.012084344, 0.97533727, 0.22038871), (-0.006323167, 0.97356766, 0.22831155), (-0.036894135, 0.6453266, 0.76301533), (0.042398077, 0.62821317, 0.77688515), (0.011537136, 0.9751094, 0.22142388), (-0.012084344, 0.97533727, 0.22038871), (0.042398077, 0.62821317, 0.77688515), (0.062319905, 0.67683935, 0.73348814), (0.01688781, 0.9722015, 0.23353617), (0.011537136, 0.9751094, 0.22142388), (0.062319905, 0.67683935, 0.73348814), (-0.010938647, 0.6856073, 0.7278893), (-0.00597087, 0.9715095, 0.23692536), (0.01688781, 0.9722015, 0.23353617), (-0.010938647, 0.6856073, 0.7278893), (-0.016675198, 0.6335089, 0.77355564), (-0.008819035, 0.9730417, 0.23046061), (-0.00597087, 0.9715095, 0.23692536), (-0.016675198, 0.6335089, 0.77355564), (0.06657613, 0.613923, 0.7865533), (0.015001871, 0.972109, 0.23404914), (-0.008819035, 0.9730417, 0.23046061), (0.06657613, 0.613923, 0.7865533), (0.066153824, 0.65364206, 0.75390697), (0.01795762, 0.96844685, 0.24857236), (0.015001871, 0.972109, 0.23404914), (0.066153824, 0.65364206, 0.75390697), (-0.0031902848, 0.6585867, 0.7524981), (-0.0036397034, 0.96713996, 0.25421852), (0.01795762, 0.96844685, 0.24857236), (-0.0031902848, 0.6585867, 0.7524981), (0.015566835, 0.60950214, 0.7926316), (-0.0030872922, 0.96795076, 0.2511214), (-0.0036397034, 0.96713996, 0.25421852), (0.015566835, 0.60950214, 0.7926316), (0.09614573, 0.584196, 0.8058977), (0.0204546, 0.9655136, 0.2595482), (-0.0030872922, 0.96795076, 0.2511214), (0.09614573, 0.584196, 0.8058977), (0.08485057, 0.6057267, 0.79113555), (0.022742312, 0.9596699, 0.2802082), (0.0204546, 0.9655136, 0.2595482), (0.08485057, 0.6057267, 0.79113555), (0.040985342, 0.5983793, 0.8001639), (0.006724121, 0.9555362, 0.29479712), (0.022742312, 0.9596699, 0.2802082), (0.040985342, 0.5983793, 0.8001639), (0.10677586, 0.54100233, 0.83421546), (0.01769601, 0.9514995, 0.30714092), (0.006724121, 0.9555362, 0.29479712), (0.10677586, 0.54100233, 0.83421546), (0.42887658, 0.4051814, 0.80739886), (0.14956631, 0.9127156, 0.38023677), (0.01769601, 0.9514995, 0.30714092), (0.42887658, 0.4051814, 0.80739886), (0.9124098, 0.1392989, 0.38484302), (0.6652234, 0.66296715, 0.343442), (0.14956631, 0.9127156, 0.38023677), (-0.9054001, -0.14553906, -0.3988345), (-0.409229, -0.42090395, -0.80955017), (-0.144212, -0.9039458, -0.40259773), (-0.66038895, -0.65774477, -0.3622958), (-0.409229, -0.42090395, -0.80955017), (-0.15291642, -0.5511436, -0.8202789), (-0.03977414, -0.94776285, -0.31648633), (-0.144212, -0.9039458, -0.40259773), (-0.15291642, -0.5511436, -0.8202789), (-0.117082685, -0.55516404, -0.8234589), (-0.02547997, -0.9587617, -0.28306663), (-0.03977414, -0.94776285, -0.31648633), (-0.117082685, -0.55516404, -0.8234589), (-0.024373602, -0.5911351, -0.8062042), (0.0009858407, -0.9625604, -0.2710654), (-0.02547997, -0.9587617, -0.28306663), (-0.024373602, -0.5911351, -0.8062042), (-0.016191516, -0.6334643, -0.7736025), (-0.0023354222, -0.9627118, -0.27051914), (0.0009858407, -0.9625604, -0.2710654), (-0.016191516, -0.6334643, -0.7736025), (-0.086582884, -0.6238041, -0.7767702), (-0.02188069, -0.96542954, -0.25974405), (-0.0023354222, -0.9627118, -0.27051914), (-0.086582884, -0.6238041, -0.7767702), (-0.07710229, -0.6056229, -0.7920077), (-0.0134729445, -0.9698007, -0.24352635), (-0.02188069, -0.96542954, -0.25974405), (-0.07710229, -0.6056229, -0.7920077), (0.014061814, -0.64088416, -0.7675088), (0.007720975, -0.97066724, -0.24030295), (-0.0134729445, -0.9698007, -0.24352635), (0.014061814, -0.64088416, -0.7675088), (0.009614089, -0.6686707, -0.7434965), (0.00078252424, -0.96969175, -0.24433053), (0.007720975, -0.97066724, -0.24030295), (0.009614089, -0.6686707, -0.7434965), (-0.07202158, -0.6444875, -0.76121527), (-0.017373247, -0.971093, -0.23806825), (0.00078252424, -0.96969175, -0.24433053), (-0.07202158, -0.6444875, -0.76121527), (-0.062847674, -0.63104415, -0.7731969), (-0.008288626, -0.9739167, -0.22675464), (-0.017373247, -0.971093, -0.23806825), (-0.062847674, -0.63104415, -0.7731969), (0.031012338, -0.6690879, -0.742536), (0.009347653, -0.9740127, -0.22630036), (-0.008288626, -0.9739167, -0.22675464), (0.031012338, -0.6690879, -0.742536), (0.021692457, -0.6823678, -0.73068714), (0.001084913, -0.97291994, -0.23113959), (0.009347653, -0.9740127, -0.22630036), (0.021692457, -0.6823678, -0.73068714), (-0.06286507, -0.6511659, -0.7563273), (-0.013895755, -0.97384155, -0.22680262), (0.001084913, -0.97291994, -0.23113959), (-0.06286507, -0.6511659, -0.7563273), (-0.052040257, -0.64900774, -0.7589999), (-0.004516367, -0.97578156, -0.2187006), (-0.013895755, -0.97384155, -0.22680262), (-0.052040257, -0.64900774, -0.7589999), (0.04074522, -0.6859226, -0.7265328), (0.009203302, -0.97551453, -0.21974233), (-0.004516367, -0.97578156, -0.2187006), (0.04074522, -0.6859226, -0.7265328), (0.029428188, -0.68396264, -0.7289232), (0.00085154525, -0.9744961, -0.22440255), (0.009203302, -0.97551453, -0.21974233), (0.029428188, -0.68396264, -0.7289232), (-0.053495836, -0.65153486, -0.75673026), (-0.010212434, -0.9751273, -0.22141042), (0.00085154525, -0.9744961, -0.22440255), (-0.053495836, -0.65153486, -0.75673026), (-0.04113043, -0.6627049, -0.74775034), (-0.0014833559, -0.97636795, -0.21610966), (-0.010212434, -0.9751273, -0.22141042), (-0.04113043, -0.6627049, -0.74775034), (0.04651286, -0.69351107, -0.71894294), (0.008084263, -0.9758926, -0.21810162), (-0.0014833559, -0.97636795, -0.21610966), (0.04651286, -0.69351107, -0.71894294), (0.035703927, -0.6766783, -0.73541254), (0.0008446345, -0.9749949, -0.22222553), (0.008084263, -0.9758926, -0.21810162), (0.035703927, -0.6766783, -0.73541254), (-0.04192633, -0.6485216, -0.76004076), (-0.0060518887, -0.97533745, -0.22063594), (0.0008446345, -0.9749949, -0.22222553), (-0.04192633, -0.6485216, -0.76004076), (-0.029235855, -0.6719036, -0.7400614), (0.00093993865, -0.97592765, -0.2180925), (-0.0060518887, -0.97533745, -0.22063594), (-0.029235855, -0.6719036, -0.7400614), (0.04996408, -0.69205946, -0.7201093), (0.006466835, -0.97531986, -0.22070162), (0.00093993865, -0.97592765, -0.2180925), (0.04996408, -0.69205946, -0.7201093), (0.042180836, -0.66197336, -0.74833953), (0.0015467865, -0.974517, -0.22430831), (0.006466835, -0.97531986, -0.22070162), (0.042180836, -0.66197336, -0.74833953), (-0.026930373, -0.6427611, -0.7655933), (-0.001352789, -0.9744512, -0.22459517), (0.0015467865, -0.974517, -0.22430831), (-0.026930373, -0.6427611, -0.7655933), (-0.01591797, -0.6745789, -0.73803115), (0.0028688163, -0.97436684, -0.22494662), (-0.001352789, -0.9744512, -0.22459517), (-0.01591797, -0.6745789, -0.73803115), (0.052850943, -0.6806472, -0.7307025), (0.00489037, -0.97364205, -0.22802882), (0.0028688163, -0.97436684, -0.22494662), (0.052850943, -0.6806472, -0.7307025), (0.050706495, -0.640107, -0.7666107), (0.0034485653, -0.97280204, -0.23161247), (0.00489037, -0.97364205, -0.22802882), (0.050706495, -0.640107, -0.7666107), (-0.0069041597, -0.63240844, -0.7746043), (0.0040388484, -0.9720461, -0.23475522), (0.0034485653, -0.97280204, -0.23161247), (-0.0069041597, -0.63240844, -0.7746043), (0.00043235873, -0.66665447, -0.74536675), (0.0047396845, -0.971135, -0.23848318), (0.0040388484, -0.9720461, -0.23475522), (0.00043235873, -0.66665447, -0.74536675), (0.058647744, -0.65632695, -0.7521937), (0.0043293512, -0.97015405, -0.24245068), (0.0047396845, -0.971135, -0.23848318), (0.058647744, -0.65632695, -0.7521937), (0.06549535, -0.6086428, -0.79073656), (0.0075372197, -0.9688492, -0.24753681), (0.0043293512, -0.97015405, -0.24245068), (0.06549535, -0.6086428, -0.79073656), (0.023411473, -0.61043084, -0.7917235), (0.011152976, -0.96666324, -0.2558081), (0.0075372197, -0.9688492, -0.24753681), (0.023411473, -0.61043084, -0.7917235), (0.028212927, -0.637824, -0.76966524), (0.008580256, -0.96419233, -0.26506528), (0.011152976, -0.96666324, -0.2558081), (0.028212927, -0.637824, -0.76966524), (0.0813887, -0.60780805, -0.78990203), (0.00838044, -0.9619333, -0.27315593), (0.008580256, -0.96419233, -0.26506528), (0.0813887, -0.60780805, -0.78990203), (0.10983412, -0.55135983, -0.82700586), (0.019551162, -0.9579105, -0.2864006), (0.00838044, -0.9619333, -0.27315593), (0.10983412, -0.55135983, -0.82700586), (0.1141001, -0.53926766, -0.834369), (0.03225547, -0.9493603, -0.3125293), (0.019551162, -0.9579105, -0.2864006), (0.1141001, -0.53926766, -0.834369), (0.41301513, -0.43101585, -0.80227417), (0.14573734, -0.9081692, -0.39241466), (0.03225547, -0.9493603, -0.3125293), (0.41301513, -0.43101585, -0.80227417), (0.910832, -0.15190437, -0.38380998), (0.66284436, -0.6601649, -0.3532984), (0.14573734, -0.9081692, -0.39241466), (-0.9471325, -0.024835642, -0.3198798), (-0.5371528, -0.121741, -0.8346532), (-0.409229, -0.42090395, -0.80955017), (-0.9054001, -0.14553906, -0.3988345), (-0.5371528, -0.121741, -0.8346532), (-0.2339045, -0.19711371, -0.95206875), (-0.15291642, -0.5511436, -0.8202789), (-0.409229, -0.42090395, -0.80955017), (-0.2339045, -0.19711371, -0.95206875), (-0.15808383, -0.21371584, -0.96402025), (-0.117082685, -0.55516404, -0.8234589), (-0.15291642, -0.5511436, -0.8202789), (-0.15808383, -0.21371584, -0.96402025), (-0.042477615, -0.20561491, -0.97771066), (-0.024373602, -0.5911351, -0.8062042), (-0.117082685, -0.55516404, -0.8234589), (-0.042477615, -0.20561491, -0.97771066), (-0.05002215, -0.2243934, -0.973214), (-0.016191516, -0.6334643, -0.7736025), (-0.024373602, -0.5911351, -0.8062042), (-0.05002215, -0.2243934, -0.973214), (-0.13397418, -0.25553188, -0.9574729), (-0.086582884, -0.6238041, -0.7767702), (-0.016191516, -0.6334643, -0.7736025), (-0.13397418, -0.25553188, -0.9574729), (-0.097463615, -0.25452235, -0.962143), (-0.07710229, -0.6056229, -0.7920077), (-0.086582884, -0.6238041, -0.7767702), (-0.097463615, -0.25452235, -0.962143), (0.01692836, -0.23608321, -0.9715854), (0.014061814, -0.64088416, -0.7675088), (-0.07710229, -0.6056229, -0.7920077), (0.01692836, -0.23608321, -0.9715854), (-0.003770371, -0.25582308, -0.9667163), (0.009614089, -0.6686707, -0.7434965), (0.014061814, -0.64088416, -0.7675088), (-0.003770371, -0.25582308, -0.9667163), (-0.11021611, -0.28084826, -0.9534027), (-0.07202158, -0.6444875, -0.76121527), (0.009614089, -0.6686707, -0.7434965), (-0.11021611, -0.28084826, -0.9534027), (-0.07790097, -0.27263203, -0.9589594), (-0.062847674, -0.63104415, -0.7731969), (-0.07202158, -0.6444875, -0.76121527), (-0.07790097, -0.27263203, -0.9589594), (0.04440583, -0.25282797, -0.9664917), (0.031012338, -0.6690879, -0.742536), (-0.062847674, -0.63104415, -0.7731969), (0.04440583, -0.25282797, -0.9664917), (0.022045469, -0.27513444, -0.9611529), (0.021692457, -0.6823678, -0.73068714), (0.031012338, -0.6690879, -0.742536), (0.022045469, -0.27513444, -0.9611529), (-0.09561039, -0.292795, -0.95138305), (-0.06286507, -0.6511659, -0.7563273), (0.021692457, -0.6823678, -0.73068714), (-0.09561039, -0.292795, -0.95138305), (-0.06558295, -0.28063104, -0.9575725), (-0.052040257, -0.64900774, -0.7589999), (-0.06286507, -0.6511659, -0.7563273), (-0.06558295, -0.28063104, -0.9575725), (0.061796553, -0.26334494, -0.96272045), (0.04074522, -0.6859226, -0.7265328), (-0.052040257, -0.64900774, -0.7589999), (0.061796553, -0.26334494, -0.96272045), (0.040892128, -0.2860322, -0.95734704), (0.029428188, -0.68396264, -0.7289232), (0.04074522, -0.6859226, -0.7265328), (0.040892128, -0.2860322, -0.95734704), (-0.08182005, -0.29574037, -0.9517579), (-0.053495836, -0.65153486, -0.75673026), (0.029428188, -0.68396264, -0.7289232), (-0.08182005, -0.29574037, -0.9517579), (-0.05470594, -0.28195676, -0.9578662), (-0.04113043, -0.6627049, -0.74775034), (-0.053495836, -0.65153486, -0.75673026), (-0.05470594, -0.28195676, -0.9578662), (0.07402177, -0.26966834, -0.960104), (0.04651286, -0.69351107, -0.71894294), (-0.04113043, -0.6627049, -0.74775034), (0.07402177, -0.26966834, -0.960104), (0.056687795, -0.28915283, -0.95560294), (0.035703927, -0.6766783, -0.73541254), (0.04651286, -0.69351107, -0.71894294), (0.056687795, -0.28915283, -0.95560294), (-0.06580403, -0.29148346, -0.95430976), (-0.04192633, -0.6485216, -0.76004076), (0.035703927, -0.6766783, -0.73541254), (-0.06580403, -0.29148346, -0.95430976), (-0.043055758, -0.27797925, -0.95962167), (-0.029235855, -0.6719036, -0.7400614), (-0.04192633, -0.6485216, -0.76004076), (-0.043055758, -0.27797925, -0.95962167), (0.08336739, -0.27181417, -0.95873195), (0.04996408, -0.69205946, -0.7201093), (-0.029235855, -0.6719036, -0.7400614), (0.08336739, -0.27181417, -0.95873195), (0.07170339, -0.28442186, -0.95601404), (0.042180836, -0.66197336, -0.74833953), (0.04996408, -0.69205946, -0.7201093), (0.07170339, -0.28442186, -0.95601404), (-0.045492392, -0.28058273, -0.9587511), (-0.026930373, -0.6427611, -0.7655933), (0.042180836, -0.66197336, -0.74833953), (-0.045492392, -0.28058273, -0.9587511), (-0.028612599, -0.26897216, -0.9627229), (-0.01591797, -0.6745789, -0.73803115), (-0.026930373, -0.6427611, -0.7655933), (-0.028612599, -0.26897216, -0.9627229), (0.092163526, -0.26835772, -0.9589004), (0.052850943, -0.6806472, -0.7307025), (-0.01591797, -0.6745789, -0.73803115), (0.092163526, -0.26835772, -0.9589004), (0.08852941, -0.27128705, -0.9584184), (0.050706495, -0.640107, -0.7666107), (0.052850943, -0.6806472, -0.7307025), (0.08852941, -0.27128705, -0.9584184), (-0.017941087, -0.26237002, -0.96480054), (-0.0069041597, -0.63240844, -0.7746043), (0.050706495, -0.640107, -0.7666107), (-0.017941087, -0.26237002, -0.96480054), (-0.0072776494, -0.25374746, -0.96724313), (0.00043235873, -0.66665447, -0.74536675), (-0.0069041597, -0.63240844, -0.7746043), (-0.0072776494, -0.25374746, -0.96724313), (0.10530006, -0.2560668, -0.96090674), (0.058647744, -0.65632695, -0.7521937), (0.00043235873, -0.66665447, -0.74536675), (0.10530006, -0.2560668, -0.96090674), (0.113146625, -0.24760413, -0.96223176), (0.06549535, -0.6086428, -0.79073656), (0.058647744, -0.65632695, -0.7521937), (0.113146625, -0.24760413, -0.96223176), (0.025862966, -0.23366213, -0.97197384), (0.023411473, -0.61043084, -0.7917235), (0.06549535, -0.6086428, -0.79073656), (0.025862966, -0.23366213, -0.97197384), (0.03560567, -0.22724424, -0.9731867), (0.028212927, -0.637824, -0.76966524), (0.023411473, -0.61043084, -0.7917235), (0.03560567, -0.22724424, -0.9731867), (0.14325263, -0.22631302, -0.96346307), (0.0813887, -0.60780805, -0.78990203), (0.028212927, -0.637824, -0.76966524), (0.14325263, -0.22631302, -0.96346307), (0.17921558, -0.20304509, -0.96262896), (0.10983412, -0.55135983, -0.82700586), (0.0813887, -0.60780805, -0.78990203), (0.17921558, -0.20304509, -0.96262896), (0.16339646, -0.17640653, -0.97066075), (0.1141001, -0.53926766, -0.834369), (0.10983412, -0.55135983, -0.82700586), (0.16339646, -0.17640653, -0.97066075), (0.51968133, -0.11820531, -0.84614354), (0.41301513, -0.43101585, -0.80227417), (0.1141001, -0.53926766, -0.834369), (0.51968133, -0.11820531, -0.84614354), (0.95328456, -0.02608385, -0.30094543), (0.910832, -0.15190437, -0.38380998), (0.41301513, -0.43101585, -0.80227417), (-0.95499295, -0.020835033, -0.29589573), (-0.596733, -0.088388406, -0.79755706), (-0.5371528, -0.121741, -0.8346532), (-0.9471325, -0.024835642, -0.3198798), (-0.596733, -0.088388406, -0.79755706), (-0.25552782, -0.12981501, -0.95804673), (-0.2339045, -0.19711371, -0.95206875), (-0.5371528, -0.121741, -0.8346532), (-0.25552782, -0.12981501, -0.95804673), (-0.1598017, -0.13645636, -0.9776723), (-0.15808383, -0.21371584, -0.96402025), (-0.2339045, -0.19711371, -0.95206875), (-0.1598017, -0.13645636, -0.9776723), (-0.058317825, -0.16208076, -0.9850527), (-0.042477615, -0.20561491, -0.97771066), (-0.15808383, -0.21371584, -0.96402025), (-0.058317825, -0.16208076, -0.9850527), (-0.07330919, -0.17858945, -0.98118883), (-0.05002215, -0.2243934, -0.973214), (-0.042477615, -0.20561491, -0.97771066), (-0.07330919, -0.17858945, -0.98118883), (-0.1353267, -0.16939357, -0.97621334), (-0.13397418, -0.25553188, -0.9574729), (-0.05002215, -0.2243934, -0.973214), (-0.1353267, -0.16939357, -0.97621334), (-0.09147501, -0.16206633, -0.9825309), (-0.097463615, -0.25452235, -0.962143), (-0.13397418, -0.25553188, -0.9574729), (-0.09147501, -0.16206633, -0.9825309), (-0.0027273975, -0.18770705, -0.9822213), (0.01692836, -0.23608321, -0.9715854), (-0.097463615, -0.25452235, -0.962143), (-0.0027273975, -0.18770705, -0.9822213), (-0.02105729, -0.20189987, -0.9791798), (-0.003770371, -0.25582308, -0.9667163), (0.01692836, -0.23608321, -0.9715854), (-0.02105729, -0.20189987, -0.9791798), (-0.09783968, -0.18416946, -0.97801286), (-0.11021611, -0.28084826, -0.9534027), (-0.003770371, -0.25582308, -0.9667163), (-0.09783968, -0.18416946, -0.97801286), (-0.07301069, -0.1749618, -0.98186445), (-0.07790097, -0.27263203, -0.9589594), (-0.11021611, -0.28084826, -0.9534027), (-0.07301069, -0.1749618, -0.98186445), (0.018015342, -0.20163395, -0.9792952), (0.04440583, -0.25282797, -0.9664917), (-0.07790097, -0.27263203, -0.9589594), (0.018015342, -0.20163395, -0.9792952), (0.012595952, -0.2131209, -0.9769446), (0.022045469, -0.27513444, -0.9611529), (0.04440583, -0.25282797, -0.9664917), (0.012595952, -0.2131209, -0.9769446), (-0.07171108, -0.18957527, -0.97924405), (-0.09561039, -0.292795, -0.95138305), (0.022045469, -0.27513444, -0.9611529), (-0.07171108, -0.18957527, -0.97924405), (-0.06583525, -0.18233323, -0.98103017), (-0.06558295, -0.28063104, -0.9575725), (-0.09561039, -0.292795, -0.95138305), (-0.06583525, -0.18233323, -0.98103017), (0.029802686, -0.20889081, -0.97748476), (0.061796553, -0.26334494, -0.96272045), (-0.06558295, -0.28063104, -0.9575725), (0.029802686, -0.20889081, -0.97748476), (0.041370157, -0.21669772, -0.9753618), (0.040892128, -0.2860322, -0.95734704), (0.061796553, -0.26334494, -0.96272045), (0.041370157, -0.21669772, -0.9753618), (-0.049242545, -0.18966447, -0.9806134), (-0.08182005, -0.29574037, -0.9517579), (0.040892128, -0.2860322, -0.95734704), (-0.049242545, -0.18966447, -0.9806134), (-0.06198058, -0.18501428, -0.98077935), (-0.05470594, -0.28195676, -0.9578662), (-0.08182005, -0.29574037, -0.9517579), (-0.06198058, -0.18501428, -0.98077935), (0.039069872, -0.21098661, -0.9767078), (0.07402177, -0.26966834, -0.960104), (-0.05470594, -0.28195676, -0.9578662), (0.039069872, -0.21098661, -0.9767078), (0.068107046, -0.21484709, -0.9742701), (0.056687795, -0.28915283, -0.95560294), (0.07402177, -0.26966834, -0.960104), (0.068107046, -0.21484709, -0.9742701), (-0.028047713, -0.18606846, -0.98213637), (-0.06580403, -0.29148346, -0.95430976), (0.056687795, -0.28915283, -0.95560294), (-0.028047713, -0.18606846, -0.98213637), (-0.057372946, -0.18265532, -0.9815015), (-0.043055758, -0.27797925, -0.95962167), (-0.06580403, -0.29148346, -0.95430976), (-0.057372946, -0.18265532, -0.9815015), (0.04879262, -0.20851916, -0.9768005), (0.08336739, -0.27181417, -0.95873195), (-0.043055758, -0.27797925, -0.95962167), (0.04879262, -0.20851916, -0.9768005), (0.09360048, -0.20893541, -0.9734397), (0.07170339, -0.28442186, -0.95601404), (0.08336739, -0.27181417, -0.95873195), (0.09360048, -0.20893541, -0.9734397), (-0.006220782, -0.17897902, -0.98383325), (-0.045492392, -0.28058273, -0.9587511), (0.07170339, -0.28442186, -0.95601404), (-0.006220782, -0.17897902, -0.98383325), (-0.048357196, -0.17492013, -0.9833944), (-0.028612599, -0.26897216, -0.9627229), (-0.045492392, -0.28058273, -0.9587511), (-0.048357196, -0.17492013, -0.9833944), (0.061552588, -0.20131317, -0.9775911), (0.092163526, -0.26835772, -0.9589004), (-0.028612599, -0.26897216, -0.9627229), (0.061552588, -0.20131317, -0.9775911), (0.11902642, -0.1991903, -0.9727054), (0.08852941, -0.27128705, -0.9584184), (0.092163526, -0.26835772, -0.9589004), (0.11902642, -0.1991903, -0.9727054), (0.019612141, -0.1675325, -0.98567146), (-0.017941087, -0.26237002, -0.96480054), (0.08852941, -0.27128705, -0.9584184), (0.019612141, -0.1675325, -0.98567146), (-0.029286612, -0.16146775, -0.98644334), (-0.0072776494, -0.25374746, -0.96724313), (-0.017941087, -0.26237002, -0.96480054), (-0.029286612, -0.16146775, -0.98644334), (0.08242313, -0.18776582, -0.9787494), (0.10530006, -0.2560668, -0.96090674), (-0.0072776494, -0.25374746, -0.96724313), (0.08242313, -0.18776582, -0.9787494), (0.1494596, -0.18362746, -0.9715672), (0.113146625, -0.24760413, -0.96223176), (0.10530006, -0.2560668, -0.96090674), (0.1494596, -0.18362746, -0.9715672), (0.059772078, -0.14944392, -0.9869619), (0.025862966, -0.23366213, -0.97197384), (0.113146625, -0.24760413, -0.96223176), (0.059772078, -0.14944392, -0.9869619), (0.01715106, -0.14017063, -0.98997885), (0.03560567, -0.22724424, -0.9731867), (0.025862966, -0.23366213, -0.97197384), (0.01715106, -0.14017063, -0.98997885), (0.13353644, -0.16182557, -0.97774255), (0.14325263, -0.22631302, -0.96346307), (0.03560567, -0.22724424, -0.9731867), (0.13353644, -0.16182557, -0.97774255), (0.2191604, -0.15328817, -0.96357226), (0.17921558, -0.20304509, -0.96262896), (0.14325263, -0.22631302, -0.96346307), (0.2191604, -0.15328817, -0.96357226), (0.19836465, -0.113689445, -0.97351235), (0.16339646, -0.17640653, -0.97066075), (0.17921558, -0.20304509, -0.96262896), (0.19836465, -0.113689445, -0.97351235), (0.5630582, -0.058634955, -0.8243345), (0.51968133, -0.11820531, -0.84614354), (0.16339646, -0.17640653, -0.97066075), (0.5630582, -0.058634955, -0.8243345), (0.9591151, -0.009605385, -0.28285354), (0.95328456, -0.02608385, -0.30094543), (0.51968133, -0.11820531, -0.84614354), (-0.96230453, -0.029438077, -0.2703763), (-0.5820199, -0.10188036, -0.8067671), (-0.596733, -0.088388406, -0.79755706), (-0.95499295, -0.020835033, -0.29589573), (-0.5820199, -0.10188036, -0.8067671), (-0.21113136, -0.083603926, -0.97387576), (-0.25552782, -0.12981501, -0.95804673), (-0.596733, -0.088388406, -0.79755706), (-0.21113136, -0.083603926, -0.97387576), (-0.19598833, -0.059752915, -0.978784), (-0.1598017, -0.13645636, -0.9776723), (-0.25552782, -0.12981501, -0.95804673), (-0.19598833, -0.059752915, -0.978784), (-0.1421337, -0.14710617, -0.9788553), (-0.058317825, -0.16208076, -0.9850527), (-0.1598017, -0.13645636, -0.9776723), (-0.1421337, -0.14710617, -0.9788553), (-0.052384965, -0.1881899, -0.9807346), (-0.07330919, -0.17858945, -0.98118883), (-0.058317825, -0.16208076, -0.9850527), (-0.052384965, -0.1881899, -0.9807346), (-0.06446345, -0.11267243, -0.9915389), (-0.1353267, -0.16939357, -0.97621334), (-0.07330919, -0.17858945, -0.98118883), (-0.06446345, -0.11267243, -0.9915389), (-0.13119891, -0.084488176, -0.9877493), (-0.09147501, -0.16206633, -0.9825309), (-0.1353267, -0.16939357, -0.97621334), (-0.13119891, -0.084488176, -0.9877493), (-0.08766134, -0.16968097, -0.98159254), (-0.0027273975, -0.18770705, -0.9822213), (-0.09147501, -0.16206633, -0.9825309), (-0.08766134, -0.16968097, -0.98159254), (0.01218488, -0.19728914, -0.9802696), (-0.02105729, -0.20189987, -0.9791798), (-0.0027273975, -0.18770705, -0.9822213), (0.01218488, -0.19728914, -0.9802696), (-0.024462074, -0.12384739, -0.9919997), (-0.09783968, -0.18416946, -0.97801286), (-0.02105729, -0.20189987, -0.9791798), (-0.024462074, -0.12384739, -0.9919997), (-0.11551165, -0.10502154, -0.9877386), (-0.07301069, -0.1749618, -0.98186445), (-0.09783968, -0.18416946, -0.97801286), (-0.11551165, -0.10502154, -0.9877386), (-0.06112126, -0.17851774, -0.9820365), (0.018015342, -0.20163395, -0.9792952), (-0.07301069, -0.1749618, -0.98186445), (-0.06112126, -0.17851774, -0.9820365), (0.050730743, -0.19310895, -0.97986495), (0.012595952, -0.2131209, -0.9769446), (0.018015342, -0.20163395, -0.9792952), (0.050730743, -0.19310895, -0.97986495), (-0.0030945453, -0.13118586, -0.991353), (-0.07171108, -0.18957527, -0.97924405), (0.012595952, -0.2131209, -0.9769446), (-0.0030945453, -0.13118586, -0.991353), (-0.10663326, -0.12261243, -0.9867094), (-0.06583525, -0.18233323, -0.98103017), (-0.07171108, -0.18957527, -0.97924405), (-0.10663326, -0.12261243, -0.9867094), (-0.039303076, -0.17732061, -0.98336804), (0.029802686, -0.20889081, -0.97748476), (-0.06583525, -0.18233323, -0.98103017), (-0.039303076, -0.17732061, -0.98336804), (0.07791721, -0.18247147, -0.9801189), (0.041370157, -0.21669772, -0.9753618), (0.029802686, -0.20889081, -0.97748476), (0.07791721, -0.18247147, -0.9801189), (0.011273217, -0.13729596, -0.99046594), (-0.049242545, -0.18966447, -0.9806134), (0.041370157, -0.21669772, -0.9753618), (0.011273217, -0.13729596, -0.99046594), (-0.09629909, -0.13631943, -0.98597336), (-0.06198058, -0.18501428, -0.98077935), (-0.049242545, -0.18966447, -0.9806134), (-0.09629909, -0.13631943, -0.98597336), (-0.017903049, -0.16814056, -0.9856005), (0.039069872, -0.21098661, -0.9767078), (-0.06198058, -0.18501428, -0.98077935), (-0.017903049, -0.16814056, -0.9856005), (0.09771901, -0.16865703, -0.9808189), (0.068107046, -0.21484709, -0.9742701), (0.039069872, -0.21098661, -0.9767078), (0.09771901, -0.16865703, -0.9808189), (0.02305239, -0.14300853, -0.98945296), (-0.028047713, -0.18606846, -0.98213637), (0.068107046, -0.21484709, -0.9742701), (0.02305239, -0.14300853, -0.98945296), (-0.0810851, -0.14488246, -0.9861209), (-0.057372946, -0.18265532, -0.9815015), (-0.028047713, -0.18606846, -0.98213637), (-0.0810851, -0.14488246, -0.9861209), (0.0044233734, -0.1527873, -0.9882493), (0.04879262, -0.20851916, -0.9768005), (-0.057372946, -0.18265532, -0.9815015), (0.0044233734, -0.1527873, -0.9882493), (0.11265203, -0.15347695, -0.98170996), (0.09360048, -0.20893541, -0.9734397), (0.04879262, -0.20851916, -0.9768005), (0.11265203, -0.15347695, -0.98170996), (0.035237294, -0.14826594, -0.9883196), (-0.006220782, -0.17897902, -0.98383325), (0.09360048, -0.20893541, -0.9734397), (0.035237294, -0.14826594, -0.9883196), (-0.05845131, -0.1470911, -0.9873944), (-0.048357196, -0.17492013, -0.9833944), (-0.006220782, -0.17897902, -0.98383325), (-0.05845131, -0.1470911, -0.9873944), (0.029323686, -0.13271329, -0.9907206), (0.061552588, -0.20131317, -0.9775911), (-0.048357196, -0.17492013, -0.9833944), (0.029323686, -0.13271329, -0.9907206), (0.12593369, -0.13776372, -0.9824265), (0.11902642, -0.1991903, -0.9727054), (0.061552588, -0.20131317, -0.9775911), (0.12593369, -0.13776372, -0.9824265), (0.05191628, -0.15173443, -0.9870569), (0.019612141, -0.1675325, -0.98567146), (0.11902642, -0.1991903, -0.9727054), (0.05191628, -0.15173443, -0.9870569), (-0.024190558, -0.14176016, -0.9896054), (-0.029286612, -0.16146775, -0.98644334), (0.019612141, -0.1675325, -0.98567146), (-0.024190558, -0.14176016, -0.9896054), (0.061682757, -0.1087885, -0.99214935), (0.08242313, -0.18776582, -0.9787494), (-0.029286612, -0.16146775, -0.98644334), (0.061682757, -0.1087885, -0.99214935), (0.1450334, -0.120913446, -0.9820109), (0.1494596, -0.18362746, -0.9715672), (0.08242313, -0.18776582, -0.9787494), (0.1450334, -0.120913446, -0.9820109), (0.08437739, -0.14938281, -0.9851727), (0.059772078, -0.14944392, -0.9869619), (0.1494596, -0.18362746, -0.9715672), (0.08437739, -0.14938281, -0.9851727), (0.03731752, -0.12669288, -0.9912398), (0.01715106, -0.14017063, -0.98997885), (0.059772078, -0.14944392, -0.9869619), (0.03731752, -0.12669288, -0.9912398), (0.124774255, -0.080364086, -0.98892516), (0.13353644, -0.16182557, -0.97774255), (0.01715106, -0.14017063, -0.98997885), (0.124774255, -0.080364086, -0.98892516), (0.20972438, -0.09657621, -0.9729793), (0.2191604, -0.15328817, -0.96357226), (0.13353644, -0.16182557, -0.97774255), (0.20972438, -0.09657621, -0.9729793), (0.22059487, -0.1247897, -0.9673497), (0.19836465, -0.113689445, -0.97351235), (0.2191604, -0.15328817, -0.96357226), (0.22059487, -0.1247897, -0.9673497), (0.5750731, -0.08110448, -0.81407183), (0.5630582, -0.058634955, -0.8243345), (0.19836465, -0.113689445, -0.97351235), (0.5750731, -0.08110448, -0.81407183), (0.962056, -0.010821189, -0.27263758), (0.9591151, -0.009605385, -0.28285354), (0.5630582, -0.058634955, -0.8243345), (-0.9673227, -0.006299882, -0.25346997), (-0.5733444, -0.039857477, -0.8183444), (-0.5820199, -0.10188036, -0.8067671), (-0.96230453, -0.029438077, -0.2703763), (-0.5733444, -0.039857477, -0.8183444), (-0.19160149, -0.08594272, -0.9777028), (-0.21113136, -0.083603926, -0.97387576), (-0.5820199, -0.10188036, -0.8067671), (-0.19160149, -0.08594272, -0.9777028), (-0.22118044, -0.117460854, -0.96813333), (-0.19598833, -0.059752915, -0.978784), (-0.21113136, -0.083603926, -0.97387576), (-0.22118044, -0.117460854, -0.96813333), (-0.1801539, -0.09425414, -0.9791122), (-0.1421337, -0.14710617, -0.9788553), (-0.19598833, -0.059752915, -0.978784), (-0.1801539, -0.09425414, -0.9791122), (-0.04121731, -0.06791565, -0.9968393), (-0.052384965, -0.1881899, -0.9807346), (-0.1421337, -0.14710617, -0.9788553), (-0.04121731, -0.06791565, -0.9968393), (-0.042737674, -0.11434016, -0.99252194), (-0.06446345, -0.11267243, -0.9915389), (-0.052384965, -0.1881899, -0.9807346), (-0.042737674, -0.11434016, -0.99252194), (-0.15105131, -0.15438266, -0.97639614), (-0.13119891, -0.084488176, -0.9877493), (-0.06446345, -0.11267243, -0.9915389), (-0.15105131, -0.15438266, -0.97639614), (-0.10662102, -0.10545202, -0.988692), (-0.08766134, -0.16968097, -0.98159254), (-0.13119891, -0.084488176, -0.9877493), (-0.10662102, -0.10545202, -0.988692), (0.021004295, -0.06456392, -0.9976925), (0.01218488, -0.19728914, -0.9802696), (-0.08766134, -0.16968097, -0.98159254), (0.021004295, -0.06456392, -0.9976925), (-0.017581291, -0.13178863, -0.99112195), (-0.024462074, -0.12384739, -0.9919997), (0.01218488, -0.19728914, -0.9802696), (-0.017581291, -0.13178863, -0.99112195), (-0.12625223, -0.17844321, -0.9758168), (-0.11551165, -0.10502154, -0.9877386), (-0.024462074, -0.12384739, -0.9919997), (-0.12625223, -0.17844321, -0.9758168), (-0.05905519, -0.10543387, -0.9926712), (-0.06112126, -0.17851774, -0.9820365), (-0.11551165, -0.10502154, -0.9877386), (-0.05905519, -0.10543387, -0.9926712), (0.05046982, -0.058061358, -0.9970364), (0.050730743, -0.19310895, -0.97986495), (-0.06112126, -0.17851774, -0.9820365), (0.05046982, -0.058061358, -0.9970364), (-0.014228627, -0.14637715, -0.98912644), (-0.0030945453, -0.13118586, -0.991353), (0.050730743, -0.19310895, -0.97986495), (-0.014228627, -0.14637715, -0.98912644), (-0.10342565, -0.19323952, -0.9756852), (-0.10663326, -0.12261243, -0.9867094), (-0.0030945453, -0.13118586, -0.991353), (-0.10342565, -0.19323952, -0.9756852), (-0.01757662, -0.09858716, -0.9949732), (-0.039303076, -0.17732061, -0.98336804), (-0.10663326, -0.12261243, -0.9867094), (-0.01757662, -0.09858716, -0.9949732), (0.06395546, -0.052736998, -0.99655837), (0.07791721, -0.18247147, -0.9801189), (-0.039303076, -0.17732061, -0.98336804), (0.06395546, -0.052736998, -0.99655837), (-0.01731603, -0.15874714, -0.9871674), (0.011273217, -0.13729596, -0.99046594), (0.07791721, -0.18247147, -0.9801189), (-0.01731603, -0.15874714, -0.9871674), (-0.075141445, -0.19857284, -0.97720146), (-0.09629909, -0.13631943, -0.98597336), (0.011273217, -0.13729596, -0.99046594), (-0.075141445, -0.19857284, -0.97720146), (0.019991456, -0.08748671, -0.99596506), (-0.017903049, -0.16814056, -0.9856005), (-0.09629909, -0.13631943, -0.98597336), (0.019991456, -0.08748671, -0.99596506), (0.066961944, -0.050869558, -0.99645793), (0.09771901, -0.16865703, -0.9808189), (-0.017903049, -0.16814056, -0.9856005), (0.066961944, -0.050869558, -0.99645793), (-0.01945346, -0.16762783, -0.9856584), (0.02305239, -0.14300853, -0.98945296), (0.09771901, -0.16865703, -0.9808189), (-0.01945346, -0.16762783, -0.9856584), (-0.0398044, -0.19430211, -0.9801338), (-0.0810851, -0.14488246, -0.9861209), (0.02305239, -0.14300853, -0.98945296), (-0.0398044, -0.19430211, -0.9801338), (0.053271882, -0.07477627, -0.9957765), (0.0044233734, -0.1527873, -0.9882493), (-0.0810851, -0.14488246, -0.9861209), (0.053271882, -0.07477627, -0.9957765), (0.06392497, -0.05303844, -0.9965443), (0.11265203, -0.15347695, -0.98170996), (0.0044233734, -0.1527873, -0.9882493), (0.06392497, -0.05303844, -0.9965443), (-0.014821074, -0.17085724, -0.9851844), (0.035237294, -0.14826594, -0.9883196), (0.11265203, -0.15347695, -0.98170996), (-0.014821074, -0.17085724, -0.9851844), (0.0024907019, -0.18102297, -0.9834757), (-0.05845131, -0.1470911, -0.9873944), (0.035237294, -0.14826594, -0.9883196), (0.0024907019, -0.18102297, -0.9834757), (0.082404986, -0.063030005, -0.9946037), (0.029323686, -0.13271329, -0.9907206), (-0.05845131, -0.1470911, -0.9873944), (0.082404986, -0.063030005, -0.9946037), (0.06086547, -0.057949927, -0.99646235), (0.12593369, -0.13776372, -0.9824265), (0.029323686, -0.13271329, -0.9907206), (0.06086547, -0.057949927, -0.99646235), (0.0027801266, -0.16602257, -0.98611796), (0.05191628, -0.15173443, -0.9870569), (0.12593369, -0.13776372, -0.9824265), (0.0027801266, -0.16602257, -0.98611796), (0.05267159, -0.15988961, -0.98572874), (-0.024190558, -0.14176016, -0.9896054), (0.05191628, -0.15173443, -0.9870569), (0.05267159, -0.15988961, -0.98572874), (0.11141485, -0.053800102, -0.9923166), (0.061682757, -0.1087885, -0.99214935), (-0.024190558, -0.14176016, -0.9896054), (0.11141485, -0.053800102, -0.9923166), (0.06961024, -0.06222953, -0.99563146), (0.1450334, -0.120913446, -0.9820109), (0.061682757, -0.1087885, -0.99214935), (0.06961024, -0.06222953, -0.99563146), (0.045498446, -0.15020567, -0.98760724), (0.08437739, -0.14938281, -0.9851727), (0.1450334, -0.120913446, -0.9820109), (0.045498446, -0.15020567, -0.98760724), (0.12185846, -0.13132364, -0.9838214), (0.03731752, -0.12669288, -0.9912398), (0.08437739, -0.14938281, -0.9851727), (0.12185846, -0.13132364, -0.9838214), (0.16447645, -0.04584777, -0.98531485), (0.124774255, -0.080364086, -0.98892516), (0.03731752, -0.12669288, -0.9912398), (0.16447645, -0.04584777, -0.98531485), (0.14019482, -0.057882227, -0.9884306), (0.20972438, -0.09657621, -0.9729793), (0.124774255, -0.080364086, -0.98892516), (0.14019482, -0.057882227, -0.9884306), (0.2021807, -0.11205045, -0.97291714), (0.22059487, -0.1247897, -0.9673497), (0.20972438, -0.09657621, -0.9729793), (0.2021807, -0.11205045, -0.97291714), (0.6195526, -0.07842057, -0.78102803), (0.5750731, -0.08110448, -0.81407183), (0.22059487, -0.1247897, -0.9673497), (0.6195526, -0.07842057, -0.78102803), (0.9650194, -0.011367797, -0.2619321), (0.962056, -0.010821189, -0.27263758), (0.5750731, -0.08110448, -0.81407183), (-0.9687504, -0.005442265, -0.24797767), (-0.61972064, -0.033765137, -0.78409576), (-0.5733444, -0.039857477, -0.8183444), (-0.9673227, -0.006299882, -0.25346997), (-0.61972064, -0.033765137, -0.78409576), (-0.22635095, -0.06072388, -0.97215116), (-0.19160149, -0.08594272, -0.9777028), (-0.5733444, -0.039857477, -0.8183444), (-0.22635095, -0.06072388, -0.97215116), (-0.23438278, -0.07254876, -0.96943355), (-0.22118044, -0.117460854, -0.96813333), (-0.19160149, -0.08594272, -0.9777028), (-0.23438278, -0.07254876, -0.96943355), (-0.15122648, -0.078915656, -0.98534405), (-0.1801539, -0.09425414, -0.9791122), (-0.22118044, -0.117460854, -0.96813333), (-0.15122648, -0.078915656, -0.98534405), (-0.042850748, -0.07753207, -0.99606854), (-0.04121731, -0.06791565, -0.9968393), (-0.1801539, -0.09425414, -0.9791122), (-0.042850748, -0.07753207, -0.99606854), (-0.093029596, -0.082308665, -0.9922554), (-0.042737674, -0.11434016, -0.99252194), (-0.04121731, -0.06791565, -0.9968393), (-0.093029596, -0.082308665, -0.9922554), (-0.15506755, -0.087459914, -0.9840248), (-0.15105131, -0.15438266, -0.97639614), (-0.042737674, -0.11434016, -0.99252194), (-0.15506755, -0.087459914, -0.9840248), (-0.057535082, -0.090927534, -0.9941941), (-0.10662102, -0.10545202, -0.988692), (-0.15105131, -0.15438266, -0.97639614), (-0.057535082, -0.090927534, -0.9941941), (0.01390605, -0.08822434, -0.9960035), (0.021004295, -0.06456392, -0.9976925), (-0.10662102, -0.10545202, -0.988692), (0.01390605, -0.08822434, -0.9960035), (-0.08184339, -0.09368966, -0.9922318), (-0.017581291, -0.13178863, -0.99112195), (0.021004295, -0.06456392, -0.9976925), (-0.08184339, -0.09368966, -0.9922318), (-0.117915615, -0.094996236, -0.9884693), (-0.12625223, -0.17844321, -0.9758168), (-0.017581291, -0.13178863, -0.99112195), (-0.117915615, -0.094996236, -0.9884693), (0.004596679, -0.09724505, -0.99524987), (-0.05905519, -0.10543387, -0.9926712), (-0.12625223, -0.17844321, -0.9758168), (0.004596679, -0.09724505, -0.99524987), (0.03276902, -0.09459861, -0.99497604), (0.05046982, -0.058061358, -0.9970364), (-0.05905519, -0.10543387, -0.9926712), (0.03276902, -0.09459861, -0.99497604), (-0.08794351, -0.1009257, -0.99099946), (-0.014228627, -0.14637715, -0.98912644), (0.05046982, -0.058061358, -0.9970364), (-0.08794351, -0.1009257, -0.99099946), (-0.080879934, -0.0997003, -0.9917249), (-0.10342565, -0.19323952, -0.9756852), (-0.014228627, -0.14637715, -0.98912644), (-0.080879934, -0.0997003, -0.9917249), (0.054889277, -0.10068921, -0.99340266), (-0.01757662, -0.09858716, -0.9949732), (-0.10342565, -0.19323952, -0.9756852), (0.054889277, -0.10068921, -0.99340266), (0.033432156, -0.09831961, -0.9945932), (0.06395546, -0.052736998, -0.99655837), (-0.01757662, -0.09858716, -0.9949732), (0.033432156, -0.09831961, -0.9945932), (-0.094158694, -0.105250046, -0.9899781), (-0.01731603, -0.15874714, -0.9871674), (0.06395546, -0.052736998, -0.99655837), (-0.094158694, -0.105250046, -0.9899781), (-0.03846558, -0.10252993, -0.9939859), (-0.075141445, -0.19857284, -0.97720146), (-0.01731603, -0.15874714, -0.9871674), (-0.03846558, -0.10252993, -0.9939859), (0.09443169, -0.10171088, -0.990322), (0.019991456, -0.08748671, -0.99596506), (-0.075141445, -0.19857284, -0.97720146), (0.09443169, -0.10171088, -0.990322), (0.023897758, -0.099925905, -0.9947078), (0.066961944, -0.050869558, -0.99645793), (0.019991456, -0.08748671, -0.99596506), (0.023897758, -0.099925905, -0.9947078), (-0.09232703, -0.10719382, -0.989942), (-0.01945346, -0.16762783, -0.9856584), (0.066961944, -0.050869558, -0.99645793), (-0.09232703, -0.10719382, -0.989942), (0.008990616, -0.1032427, -0.99461555), (-0.0398044, -0.19430211, -0.9801338), (-0.01945346, -0.16762783, -0.9856584), (0.008990616, -0.1032427, -0.99461555), (0.12247345, -0.10022879, -0.9873978), (0.053271882, -0.07477627, -0.9957765), (-0.0398044, -0.19430211, -0.9801338), (0.12247345, -0.10022879, -0.9873978), (0.010944485, -0.0996456, -0.9949628), (0.06392497, -0.05303844, -0.9965443), (0.053271882, -0.07477627, -0.9957765), (0.010944485, -0.0996456, -0.9949628), (-0.077106416, -0.10674704, -0.99129194), (-0.014821074, -0.17085724, -0.9851844), (0.06392497, -0.05303844, -0.9965443), (-0.077106416, -0.10674704, -0.99129194), (0.059663087, -0.10092722, -0.99310327), (0.0024907019, -0.18102297, -0.9834757), (-0.014821074, -0.17085724, -0.9851844), (0.059663087, -0.10092722, -0.99310327), (0.14014056, -0.09607209, -0.9854597), (0.082404986, -0.063030005, -0.9946037), (0.0024907019, -0.18102297, -0.9834757), (0.14014056, -0.09607209, -0.9854597), (0.002756668, -0.09737949, -0.99524355), (0.06086547, -0.057949927, -0.99646235), (0.082404986, -0.063030005, -0.9946037), (0.002756668, -0.09737949, -0.99524355), (-0.04385123, -0.10311414, -0.9937025), (0.0027801266, -0.16602257, -0.98611796), (0.06086547, -0.057949927, -0.99646235), (-0.04385123, -0.10311414, -0.9937025), (0.112842314, -0.094313994, -0.9891266), (0.05267159, -0.15988961, -0.98572874), (0.0027801266, -0.16602257, -0.98611796), (0.112842314, -0.094313994, -0.9891266), (0.15379155, -0.08878332, -0.98410654), (0.11141485, -0.053800102, -0.9923166), (0.05267159, -0.15988961, -0.98572874), (0.15379155, -0.08878332, -0.98410654), (0.013409413, -0.092125155, -0.99565715), (0.06961024, -0.06222953, -0.99563146), (0.11141485, -0.053800102, -0.9923166), (0.013409413, -0.092125155, -0.99565715), (0.017651623, -0.09418887, -0.99539787), (0.045498446, -0.15020567, -0.98760724), (0.06961024, -0.06222953, -0.99563146), (0.017651623, -0.09418887, -0.99539787), (0.17787594, -0.08144846, -0.9806765), (0.12185846, -0.13132364, -0.9838214), (0.045498446, -0.15020567, -0.98760724), (0.17787594, -0.08144846, -0.9806765), (0.19113483, -0.07597487, -0.9786191), (0.16447645, -0.04584777, -0.98531485), (0.12185846, -0.13132364, -0.9838214), (0.19113483, -0.07597487, -0.9786191), (0.09811148, -0.0790676, -0.9920294), (0.14019482, -0.057882227, -0.9884306), (0.16447645, -0.04584777, -0.98531485), (0.09811148, -0.0790676, -0.9920294), (0.19737168, -0.071964435, -0.9776838), (0.2021807, -0.11205045, -0.97291714), (0.14019482, -0.057882227, -0.9884306), (0.19737168, -0.071964435, -0.9776838), (0.62678635, -0.041386504, -0.7780913), (0.6195526, -0.07842057, -0.78102803), (0.2021807, -0.11205045, -0.97291714), (0.62678635, -0.041386504, -0.7780913), (0.9673601, -0.0072622583, -0.25330165), (0.9650194, -0.011367797, -0.2619321), (0.6195526, -0.07842057, -0.78102803), (-0.9701049, -0.006262466, -0.24260552), (-0.58500004, -0.033307914, -0.81034905), (-0.61972064, -0.033765137, -0.78409576), (-0.9687504, -0.005442265, -0.24797767), (-0.58500004, -0.033307914, -0.81034905), (-0.2208044, -0.033040635, -0.97475827), (-0.22635095, -0.06072388, -0.97215116), (-0.61972064, -0.033765137, -0.78409576), (-0.2208044, -0.033040635, -0.97475827), (-0.25495327, -0.03461408, -0.9663336), (-0.23438278, -0.07254876, -0.96943355), (-0.22635095, -0.06072388, -0.97215116), (-0.25495327, -0.03461408, -0.9663336), (-0.16782805, -0.0789055, -0.9826534), (-0.15122648, -0.078915656, -0.98534405), (-0.23438278, -0.07254876, -0.96943355), (-0.16782805, -0.0789055, -0.9826534), (-0.022453964, -0.087023005, -0.99595326), (-0.042850748, -0.07753207, -0.99606854), (-0.15122648, -0.078915656, -0.98534405), (-0.022453964, -0.087023005, -0.99595326), (-0.076732844, -0.040190887, -0.99624133), (-0.093029596, -0.082308665, -0.9922554), (-0.042850748, -0.07753207, -0.99606854), (-0.076732844, -0.040190887, -0.99624133), (-0.18124019, -0.034566786, -0.9828312), (-0.15506755, -0.087459914, -0.9840248), (-0.093029596, -0.082308665, -0.9922554), (-0.18124019, -0.034566786, -0.9828312), (-0.08000585, -0.1003692, -0.99172837), (-0.057535082, -0.090927534, -0.9941941), (-0.15506755, -0.087459914, -0.9840248), (-0.08000585, -0.1003692, -0.99172837), (0.04066234, -0.10795704, -0.9933236), (0.01390605, -0.08822434, -0.9960035), (-0.057535082, -0.090927534, -0.9941941), (0.04066234, -0.10795704, -0.9933236), (-0.05965763, -0.03728996, -0.9975222), (-0.08184339, -0.09368966, -0.9922318), (0.01390605, -0.08822434, -0.9960035), (-0.05965763, -0.03728996, -0.9975222), (-0.14943899, -0.032964457, -0.9882213), (-0.117915615, -0.094996236, -0.9884693), (-0.08184339, -0.09368966, -0.9922318), (-0.14943899, -0.032964457, -0.9882213), (-0.022417175, -0.11949315, -0.99258196), (0.004596679, -0.09724505, -0.99524987), (-0.117915615, -0.094996236, -0.9884693), (-0.022417175, -0.11949315, -0.99258196), (0.06467695, -0.121860065, -0.9904378), (0.03276902, -0.09459861, -0.99497604), (0.004596679, -0.09724505, -0.99524987), (0.06467695, -0.121860065, -0.9904378), (-0.06170158, -0.031159768, -0.99760807), (-0.08794351, -0.1009257, -0.99099946), (0.03276902, -0.09459861, -0.99497604), (-0.06170158, -0.031159768, -0.99760807), (-0.11642204, -0.034577694, -0.9925977), (-0.080879934, -0.0997003, -0.9917249), (-0.08794351, -0.1009257, -0.99099946), (-0.11642204, -0.034577694, -0.9925977), (0.025572248, -0.13616922, -0.9903555), (0.054889277, -0.10068921, -0.99340266), (-0.080879934, -0.0997003, -0.9917249), (0.025572248, -0.13616922, -0.9903555), (0.069263615, -0.12835757, -0.9893062), (0.033432156, -0.09831961, -0.9945932), (0.054889277, -0.10068921, -0.99340266), (0.069263615, -0.12835757, -0.9893062), (-0.06587067, -0.025048893, -0.9975137), (-0.094158694, -0.105250046, -0.9899781), (0.033432156, -0.09831961, -0.9945932), (-0.06587067, -0.025048893, -0.9975137), (-0.07614234, -0.040716525, -0.99626523), (-0.03846558, -0.10252993, -0.9939859), (-0.094158694, -0.105250046, -0.9899781), (-0.07614234, -0.040716525, -0.99626523), (0.065572225, -0.14794803, -0.98681897), (0.09443169, -0.10171088, -0.990322), (-0.03846558, -0.10252993, -0.9939859), (0.065572225, -0.14794803, -0.98681897), (0.06222569, -0.12737885, -0.98990035), (0.023897758, -0.099925905, -0.9947078), (0.09443169, -0.10171088, -0.990322), (0.06222569, -0.12737885, -0.98990035), (-0.064209335, -0.021680519, -0.9977009), (-0.09232703, -0.10719382, -0.989942), (0.023897758, -0.099925905, -0.9947078), (-0.064209335, -0.021680519, -0.9977009), (-0.028661406, -0.050329655, -0.99832135), (0.008990616, -0.1032427, -0.99461555), (-0.09232703, -0.10719382, -0.989942), (-0.028661406, -0.050329655, -0.99832135), (0.09669433, -0.15214123, -0.98361737), (0.12247345, -0.10022879, -0.9873978), (0.008990616, -0.1032427, -0.99461555), (0.09669433, -0.15214123, -0.98361737), (0.050239857, -0.120060034, -0.9914946), (0.010944485, -0.0996456, -0.9949628), (0.12247345, -0.10022879, -0.9873978), (0.050239857, -0.120060034, -0.9914946), (-0.05119957, -0.02263848, -0.9984318), (-0.077106416, -0.10674704, -0.99129194), (0.010944485, -0.0996456, -0.9949628), (-0.05119957, -0.02263848, -0.9984318), (0.02432512, -0.060536277, -0.9978696), (0.059663087, -0.10092722, -0.99310327), (-0.077106416, -0.10674704, -0.99129194), (0.02432512, -0.060536277, -0.9978696), (0.11944078, -0.14705364, -0.98189056), (0.14014056, -0.09607209, -0.9854597), (0.059663087, -0.10092722, -0.99310327), (0.11944078, -0.14705364, -0.98189056), (0.04137402, -0.10834531, -0.993252), (0.002756668, -0.09737949, -0.99524355), (0.14014056, -0.09607209, -0.9854597), (0.04137402, -0.10834531, -0.993252), (-0.0216054, -0.027533675, -0.9993873), (-0.04385123, -0.10311414, -0.9937025), (0.002756668, -0.09737949, -0.99524355), (-0.0216054, -0.027533675, -0.9993873), (0.082365, -0.067404546, -0.9943202), (0.112842314, -0.094313994, -0.9891266), (-0.04385123, -0.10311414, -0.9937025), (0.082365, -0.067404546, -0.9943202), (0.13951637, -0.13228197, -0.98134434), (0.15379155, -0.08878332, -0.98410654), (0.112842314, -0.094313994, -0.9891266), (0.13951637, -0.13228197, -0.98134434), (0.04954568, -0.09385664, -0.9943521), (0.013409413, -0.092125155, -0.99565715), (0.15379155, -0.08878332, -0.98410654), (0.04954568, -0.09385664, -0.9943521), (0.035813577, -0.033527236, -0.9987959), (0.017651623, -0.09418887, -0.99539787), (0.013409413, -0.092125155, -0.99565715), (0.035813577, -0.033527236, -0.9987959), (0.15591283, -0.066233516, -0.9855477), (0.17787594, -0.08144846, -0.9806765), (0.017651623, -0.09418887, -0.99539787), (0.15591283, -0.066233516, -0.9855477), (0.18491271, -0.106740415, -0.97694105), (0.19113483, -0.07597487, -0.9786191), (0.17787594, -0.08144846, -0.9806765), (0.18491271, -0.106740415, -0.97694105), (0.12995689, -0.07507409, -0.9886734), (0.09811148, -0.0790676, -0.9920294), (0.19113483, -0.07597487, -0.9786191), (0.12995689, -0.07507409, -0.9886734), (0.21351601, -0.033064116, -0.9763799), (0.19737168, -0.071964435, -0.9776838), (0.09811148, -0.0790676, -0.9920294), (0.21351601, -0.033064116, -0.9763799), (0.65337324, -0.02336058, -0.7566755), (0.62678635, -0.041386504, -0.7780913), (0.19737168, -0.071964435, -0.9776838), (0.65337324, -0.02336058, -0.7566755), (0.96916133, -0.0080985185, -0.2462942), (0.9673601, -0.0072622583, -0.25330165), (0.62678635, -0.041386504, -0.7780913), (-0.9707747, 0.00023946493, -0.23999248), (-0.6216153, -0.039513066, -0.7823255), (-0.58500004, -0.033307914, -0.81034905), (-0.9701049, -0.006262466, -0.24260552), (-0.6216153, -0.039513066, -0.7823255), (-0.21844733, -0.086546995, -0.9720033), (-0.2208044, -0.033040635, -0.97475827), (-0.58500004, -0.033307914, -0.81034905), (-0.21844733, -0.086546995, -0.9720033), (-0.22543065, -0.04760267, -0.9730956), (-0.25495327, -0.03461408, -0.9663336), (-0.2208044, -0.033040635, -0.97475827), (-0.22543065, -0.04760267, -0.9730956), (-0.17935257, 0.005579759, -0.98376906), (-0.16782805, -0.0789055, -0.9826534), (-0.25495327, -0.03461408, -0.9663336), (-0.17935257, 0.005579759, -0.98376906), (-0.05456197, -0.046869334, -0.99740976), (-0.022453964, -0.087023005, -0.99595326), (-0.16782805, -0.0789055, -0.9826534), (-0.05456197, -0.046869334, -0.99740976), (-0.06319781, -0.10521632, -0.9924392), (-0.076732844, -0.040190887, -0.99624133), (-0.022453964, -0.087023005, -0.99595326), (-0.06319781, -0.10521632, -0.9924392), (-0.15936579, -0.05404258, -0.9857393), (-0.18124019, -0.034566786, -0.9828312), (-0.076732844, -0.040190887, -0.99624133), (-0.15936579, -0.05404258, -0.9857393), (-0.09814145, -0.005144526, -0.9951592), (-0.08000585, -0.1003692, -0.99172837), (-0.18124019, -0.034566786, -0.9828312), (-0.09814145, -0.005144526, -0.9951592), (0.0242072, -0.06106046, -0.9978405), (0.04066234, -0.10795704, -0.9933236), (-0.08000585, -0.1003692, -0.99172837), (0.0242072, -0.06106046, -0.9978405), (-0.039329827, -0.10553752, -0.99363726), (-0.05965763, -0.03728996, -0.9975222), (0.04066234, -0.10795704, -0.9933236), (-0.039329827, -0.10553752, -0.99363726), (-0.14425229, -0.05555705, -0.9879801), (-0.14943899, -0.032964457, -0.9882213), (-0.05965763, -0.03728996, -0.9975222), (-0.14425229, -0.05555705, -0.9879801), (-0.044357046, -0.0221803, -0.99876946), (-0.022417175, -0.11949315, -0.99258196), (-0.14943899, -0.032964457, -0.9882213), (-0.044357046, -0.0221803, -0.99876946), (0.06850062, -0.07117255, -0.9951091), (0.06467695, -0.121860065, -0.9904378), (-0.022417175, -0.11949315, -0.99258196), (0.06850062, -0.07117255, -0.9951091), (-0.03905032, -0.096963726, -0.99452156), (-0.06170158, -0.031159768, -0.99760807), (0.06467695, -0.121860065, -0.9904378), (-0.03905032, -0.096963726, -0.99452156), (-0.13131127, -0.059185393, -0.9895728), (-0.11642204, -0.034577694, -0.9925977), (-0.06170158, -0.031159768, -0.99760807), (-0.13131127, -0.059185393, -0.9895728), (0.0035649044, -0.043215424, -0.9990594), (0.025572248, -0.13616922, -0.9903555), (-0.11642204, -0.034577694, -0.9925977), (0.0035649044, -0.043215424, -0.9990594), (0.09445993, -0.07517641, -0.9926861), (0.069263615, -0.12835757, -0.9893062), (0.025572248, -0.13616922, -0.9903555), (0.09445993, -0.07517641, -0.9926861), (-0.045500312, -0.083578855, -0.9954619), (-0.06587067, -0.025048893, -0.9975137), (0.069263615, -0.12835757, -0.9893062), (-0.045500312, -0.083578855, -0.9954619), (-0.1112533, -0.06685438, -0.99154085), (-0.07614234, -0.040716525, -0.99626523), (-0.06587067, -0.025048893, -0.9975137), (-0.1112533, -0.06685438, -0.99154085), (0.04805631, -0.06486131, -0.9967365), (0.065572225, -0.14794803, -0.98681897), (-0.07614234, -0.040716525, -0.99626523), (0.04805631, -0.06486131, -0.9967365), (0.10700612, -0.072290294, -0.99162686), (0.06222569, -0.12737885, -0.98990035), (0.065572225, -0.14794803, -0.98681897), (0.10700612, -0.072290294, -0.99162686), (-0.050783947, -0.06881432, -0.9963361), (-0.064209335, -0.021680519, -0.9977009), (0.06222569, -0.12737885, -0.98990035), (-0.050783947, -0.06881432, -0.9963361), (-0.08134582, -0.07789804, -0.9936371), (-0.028661406, -0.050329655, -0.99832135), (-0.064209335, -0.021680519, -0.9977009), (-0.08134582, -0.07789804, -0.9936371), (0.088747256, -0.08349119, -0.9925489), (0.09669433, -0.15214123, -0.98361737), (-0.028661406, -0.050329655, -0.99832135), (0.088747256, -0.08349119, -0.9925489), (0.11038815, -0.06335105, -0.9918675), (0.050239857, -0.120060034, -0.9914946), (0.09669433, -0.15214123, -0.98361737), (0.11038815, -0.06335105, -0.9918675), (-0.04885487, -0.055370156, -0.99727), (-0.05119957, -0.02263848, -0.9984318), (0.050239857, -0.120060034, -0.9914946), (-0.04885487, -0.055370156, -0.99727), (-0.040638153, -0.08974704, -0.9951351), (0.02432512, -0.060536277, -0.9978696), (-0.05119957, -0.02263848, -0.9984318), (-0.040638153, -0.08974704, -0.9951351), (0.12541421, -0.09575651, -0.9874725), (0.11944078, -0.14705364, -0.98189056), (0.02432512, -0.060536277, -0.9978696), (0.12541421, -0.09575651, -0.9874725), (0.11066259, -0.050405085, -0.992579), (0.04137402, -0.10834531, -0.993252), (0.11944078, -0.14705364, -0.98189056), (0.11066259, -0.050405085, -0.992579), (-0.032620404, -0.044755943, -0.99846524), (-0.0216054, -0.027533675, -0.9993873), (0.04137402, -0.10834531, -0.993252), (-0.032620404, -0.044755943, -0.99846524), (0.013161718, -0.09849763, -0.99505025), (0.082365, -0.067404546, -0.9943202), (-0.0216054, -0.027533675, -0.9993873), (0.013161718, -0.09849763, -0.99505025), (0.16127439, -0.09891889, -0.98193973), (0.13951637, -0.13228197, -0.98134434), (0.082365, -0.067404546, -0.9943202), (0.16127439, -0.09891889, -0.98193973), (0.11998756, -0.03589753, -0.99212617), (0.04954568, -0.09385664, -0.9943521), (0.13951637, -0.13228197, -0.98134434), (0.11998756, -0.03589753, -0.99212617), (0.013164069, -0.036586095, -0.9992438), (0.035813577, -0.033527236, -0.9987959), (0.04954568, -0.09385664, -0.9943521), (0.013164069, -0.036586095, -0.9992438), (0.09400229, -0.09836633, -0.9907006), (0.15591283, -0.066233516, -0.9855477), (0.035813577, -0.033527236, -0.9987959), (0.09400229, -0.09836633, -0.9907006), (0.21980253, -0.09015414, -0.9713697), (0.18491271, -0.106740415, -0.97694105), (0.15591283, -0.066233516, -0.9855477), (0.21980253, -0.09015414, -0.9713697), (0.19163729, -0.021722293, -0.9812253), (0.12995689, -0.07507409, -0.9886734), (0.18491271, -0.106740415, -0.97694105), (0.19163729, -0.021722293, -0.9812253), (0.19599187, -0.024473038, -0.9803001), (0.21351601, -0.033064116, -0.9763799), (0.12995689, -0.07507409, -0.9886734), (0.19599187, -0.024473038, -0.9803001), (0.62130743, -0.04644185, -0.78218937), (0.65337324, -0.02336058, -0.7566755), (0.21351601, -0.033064116, -0.9763799), (0.62130743, -0.04644185, -0.78218937), (0.9716905, -0.0155705465, -0.23574379), (0.96916133, -0.0080985185, -0.2462942), (0.65337324, -0.02336058, -0.7566755), (-0.9714973, -0.007296054, -0.2369381), (-0.64079934, -0.050891373, -0.76601976), (-0.6216153, -0.039513066, -0.7823255), (-0.9707747, 0.00023946493, -0.23999248), (-0.64079934, -0.050891373, -0.76601976), (-0.20285392, -0.057934977, -0.97749364), (-0.21844733, -0.086546995, -0.9720033), (-0.6216153, -0.039513066, -0.7823255), (-0.20285392, -0.057934977, -0.97749364), (-0.14814185, -0.0070914733, -0.9889407), (-0.22543065, -0.04760267, -0.9730956), (-0.21844733, -0.086546995, -0.9720033), (-0.14814185, -0.0070914733, -0.9889407), (-0.2073337, -0.008488804, -0.9782334), (-0.17935257, 0.005579759, -0.98376906), (-0.22543065, -0.04760267, -0.9730956), (-0.2073337, -0.008488804, -0.9782334), (-0.14417703, -0.08525304, -0.9858726), (-0.05456197, -0.046869334, -0.99740976), (-0.17935257, 0.005579759, -0.98376906), (-0.14417703, -0.08525304, -0.9858726), (-0.0261306, -0.08248553, -0.9962496), (-0.06319781, -0.10521632, -0.9924392), (-0.05456197, -0.046869334, -0.99740976), (-0.0261306, -0.08248553, -0.9962496), (-0.06916566, 0.0011406527, -0.99760455), (-0.15936579, -0.05404258, -0.9857393), (-0.06319781, -0.10521632, -0.9924392), (-0.06916566, 0.0011406527, -0.99760455), (-0.14811665, -0.008096962, -0.9889367), (-0.09814145, -0.005144526, -0.9951592), (-0.15936579, -0.05404258, -0.9857393), (-0.14811665, -0.008096962, -0.9889367), (-0.067559935, -0.108662635, -0.9917803), (0.0242072, -0.06106046, -0.9978405), (-0.09814145, -0.005144526, -0.9951592), (-0.067559935, -0.108662635, -0.9917803), (0.018571422, -0.092687465, -0.995522), (-0.039329827, -0.10553752, -0.99363726), (0.0242072, -0.06106046, -0.9978405), (0.018571422, -0.092687465, -0.995522), (-0.059061848, 0.012843091, -0.99817175), (-0.14425229, -0.05555705, -0.9879801), (-0.039329827, -0.10553752, -0.99363726), (-0.059061848, 0.012843091, -0.99817175), (-0.11148703, -0.011700876, -0.993697), (-0.044357046, -0.0221803, -0.99876946), (-0.14425229, -0.05555705, -0.9879801), (-0.11148703, -0.011700876, -0.993697), (-0.012534525, -0.12780204, -0.99172044), (0.06850062, -0.07117255, -0.9951091), (-0.044357046, -0.0221803, -0.99876946), (-0.012534525, -0.12780204, -0.99172044), (0.032927494, -0.09492896, -0.9949393), (-0.03905032, -0.096963726, -0.99452156), (0.06850062, -0.07117255, -0.9951091), (0.032927494, -0.09492896, -0.9949393), (-0.06091534, 0.023162095, -0.99787414), (-0.13131127, -0.059185393, -0.9895728), (-0.03905032, -0.096963726, -0.99452156), (-0.06091534, 0.023162095, -0.99787414), (-0.072382845, -0.01938588, -0.9971885), (0.0035649044, -0.043215424, -0.9990594), (-0.13131127, -0.059185393, -0.9895728), (-0.072382845, -0.01938588, -0.9971885), (0.032502916, -0.14113036, -0.9894573), (0.09445993, -0.07517641, -0.9926861), (0.0035649044, -0.043215424, -0.9990594), (0.032502916, -0.14113036, -0.9894573), (0.031723406, -0.091221064, -0.9953252), (-0.045500312, -0.083578855, -0.9954619), (0.09445993, -0.07517641, -0.9926861), (0.031723406, -0.091221064, -0.9953252), (-0.06125768, 0.029235035, -0.9976938), (-0.1112533, -0.06685438, -0.99154085), (-0.045500312, -0.083578855, -0.9954619), (-0.06125768, 0.029235035, -0.9976938), (-0.027586939, -0.029423589, -0.9991863), (0.04805631, -0.06486131, -0.9967365), (-0.1112533, -0.06685438, -0.99154085), (-0.027586939, -0.029423589, -0.9991863), (0.06848605, -0.14694273, -0.9867713), (0.10700612, -0.072290294, -0.99162686), (0.04805631, -0.06486131, -0.9967365), (0.06848605, -0.14694273, -0.9867713), (0.022814497, -0.08372937, -0.9962274), (-0.050783947, -0.06881432, -0.9963361), (0.10700612, -0.072290294, -0.99162686), (0.022814497, -0.08372937, -0.9962274), (-0.053522084, 0.029600307, -0.9981279), (-0.08134582, -0.07789804, -0.9936371), (-0.050783947, -0.06881432, -0.9963361), (-0.053522084, 0.029600307, -0.9981279), (0.021740353, -0.039267715, -0.9989922), (0.088747256, -0.08349119, -0.9925489), (-0.08134582, -0.07789804, -0.9936371), (0.021740353, -0.039267715, -0.9989922), (0.0956937, -0.14433813, -0.98489046), (0.11038815, -0.06335105, -0.9918675), (0.088747256, -0.08349119, -0.9925489), (0.0956937, -0.14433813, -0.98489046), (0.013522715, -0.07459099, -0.9971225), (-0.04885487, -0.055370156, -0.99727), (0.11038815, -0.06335105, -0.9918675), (0.013522715, -0.07459099, -0.9971225), (-0.033435084, 0.024362417, -0.9991439), (-0.040638153, -0.08974704, -0.9951351), (-0.04885487, -0.055370156, -0.99727), (-0.033435084, 0.024362417, -0.9991439), (0.07394316, -0.046426963, -0.9961812), (0.12541421, -0.09575651, -0.9874725), (-0.040638153, -0.08974704, -0.9951351), (0.07394316, -0.046426963, -0.9961812), (0.11678758, -0.13338697, -0.9841589), (0.11066259, -0.050405085, -0.992579), (0.12541421, -0.09575651, -0.9874725), (0.11678758, -0.13338697, -0.9841589), (0.01288619, -0.06530106, -0.9977824), (-0.032620404, -0.044755943, -0.99846524), (0.11066259, -0.050405085, -0.992579), (0.01288619, -0.06530106, -0.9977824), (0.0038774959, 0.015037646, -0.9998794), (0.013161718, -0.09849763, -0.99505025), (-0.032620404, -0.044755943, -0.99846524), (0.0038774959, 0.015037646, -0.9998794), (0.13048372, -0.048816893, -0.9902479), (0.16127439, -0.09891889, -0.98193973), (0.013161718, -0.09849763, -0.99505025), (0.13048372, -0.048816893, -0.9902479), (0.14143899, -0.114561014, -0.9832958), (0.11998756, -0.03589753, -0.99212617), (0.16127439, -0.09891889, -0.98193973), (0.14143899, -0.114561014, -0.9832958), (0.038861994, -0.056121062, -0.99766743), (0.013164069, -0.036586095, -0.9992438), (0.11998756, -0.03589753, -0.99212617), (0.038861994, -0.056121062, -0.99766743), (0.07509092, 0.0042008404, -0.9971678), (0.09400229, -0.09836633, -0.9907006), (0.013164069, -0.036586095, -0.9992438), (0.07509092, 0.0042008404, -0.9971678), (0.2126407, -0.043730855, -0.9761514), (0.21980253, -0.09015414, -0.9713697), (0.09400229, -0.09836633, -0.9907006), (0.2126407, -0.043730855, -0.9761514), (0.22068459, -0.085846506, -0.97155994), (0.19163729, -0.021722293, -0.9812253), (0.21980253, -0.09015414, -0.9713697), (0.22068459, -0.085846506, -0.97155994), (0.20534426, -0.044472124, -0.9776789), (0.19599187, -0.024473038, -0.9803001), (0.19163729, -0.021722293, -0.9812253), (0.20534426, -0.044472124, -0.9776789), (0.6100944, -0.00044373586, -0.7923286), (0.62130743, -0.04644185, -0.78218937), (0.19599187, -0.024473038, -0.9803001), (0.6100944, -0.00044373586, -0.7923286), (0.97319293, 0.0023800104, -0.22997804), (0.9716905, -0.0155705465, -0.23574379), (0.62130743, -0.04644185, -0.78218937), (-0.97202986, 0.0025157277, -0.23484373), (-0.6480207, 0.0034126632, -0.76161504), (-0.64079934, -0.050891373, -0.76601976), (-0.9714973, -0.007296054, -0.2369381), (-0.6480207, 0.0034126632, -0.76161504), (-0.2164829, -0.03128113, -0.97578514), (-0.20285392, -0.057934977, -0.97749364), (-0.64079934, -0.050891373, -0.76601976), (-0.2164829, -0.03128113, -0.97578514), (-0.1222691, -0.068899974, -0.99010247), (-0.14814185, -0.0070914733, -0.9889407), (-0.20285392, -0.057934977, -0.97749364), (-0.1222691, -0.068899974, -0.99010247), (-0.20899858, -0.04245525, -0.9769939), (-0.2073337, -0.008488804, -0.9782334), (-0.14814185, -0.0070914733, -0.9889407), (-0.20899858, -0.04245525, -0.9769939), (-0.18009868, -0.010426227, -0.98359334), (-0.14417703, -0.08525304, -0.9858726), (-0.2073337, -0.008488804, -0.9782334), (-0.18009868, -0.010426227, -0.98359334), (-0.019537434, -0.040449526, -0.9989906), (-0.0261306, -0.08248553, -0.9962496), (-0.14417703, -0.08525304, -0.9858726), (-0.019537434, -0.040449526, -0.9989906), (-0.02879264, -0.07233116, -0.99696505), (-0.06916566, 0.0011406527, -0.99760455), (-0.0261306, -0.08248553, -0.9962496), (-0.02879264, -0.07233116, -0.99696505), (-0.16926818, -0.048561558, -0.9843729), (-0.14811665, -0.008096962, -0.9889367), (-0.06916566, 0.0011406527, -0.99760455), (-0.16926818, -0.048561558, -0.9843729), (-0.11051713, -0.02114701, -0.9936492), (-0.067559935, -0.108662635, -0.9917803), (-0.14811665, -0.008096962, -0.9889367), (-0.11051713, -0.02114701, -0.9936492), (0.049533516, -0.04373121, -0.99781466), (0.018571422, -0.092687465, -0.995522), (-0.067559935, -0.108662635, -0.9917803), (0.049533516, -0.04373121, -0.99781466), (-0.014580701, -0.06785686, -0.9975886), (-0.059061848, 0.012843091, -0.99817175), (0.018571422, -0.092687465, -0.995522), (-0.014580701, -0.06785686, -0.9975886), (-0.15609127, -0.05271156, -0.98633516), (-0.11148703, -0.011700876, -0.993697), (-0.059061848, 0.012843091, -0.99817175), (-0.15609127, -0.05271156, -0.98633516), (-0.054701865, -0.030551434, -0.9980352), (-0.012534525, -0.12780204, -0.99172044), (-0.11148703, -0.011700876, -0.993697), (-0.054701865, -0.030551434, -0.9980352), (0.08840595, -0.042448338, -0.99517965), (0.032927494, -0.09492896, -0.9949393), (-0.012534525, -0.12780204, -0.99172044), (0.08840595, -0.042448338, -0.99517965), (-0.020820776, -0.06069998, -0.9979389), (-0.06091534, 0.023162095, -0.99787414), (0.032927494, -0.09492896, -0.9949393), (-0.020820776, -0.06069998, -0.9979389), (-0.13928097, -0.05674352, -0.9886258), (-0.072382845, -0.01938588, -0.9971885), (-0.06091534, 0.023162095, -0.99787414), (-0.13928097, -0.05674352, -0.9886258), (-0.0017092102, -0.03807736, -0.9992733), (0.032502916, -0.14113036, -0.9894573), (-0.072382845, -0.01938588, -0.9971885), (-0.0017092102, -0.03807736, -0.9992733), (0.108023725, -0.037882544, -0.99342626), (0.031723406, -0.091221064, -0.9953252), (0.032502916, -0.14113036, -0.9894573), (0.108023725, -0.037882544, -0.99342626), (-0.032600697, -0.0525062, -0.99808836), (-0.06125768, 0.029235035, -0.9976938), (0.031723406, -0.091221064, -0.9953252), (-0.032600697, -0.0525062, -0.99808836), (-0.11170738, -0.060605988, -0.99189126), (-0.027586939, -0.029423589, -0.9991863), (-0.06125768, 0.029235035, -0.9976938), (-0.11170738, -0.060605988, -0.99189126), (0.048017222, -0.043848645, -0.99788356), (0.06848605, -0.14694273, -0.9867713), (-0.027586939, -0.029423589, -0.9991863), (0.048017222, -0.043848645, -0.99788356), (0.11321706, -0.031132607, -0.9930824), (0.022814497, -0.08372937, -0.9962274), (0.06848605, -0.14694273, -0.9867713), (0.11321706, -0.031132607, -0.9930824), (-0.04116189, -0.04387281, -0.9981888), (-0.053522084, 0.029600307, -0.9981279), (0.022814497, -0.08372937, -0.9962274), (-0.04116189, -0.04387281, -0.9981888), (-0.071847804, -0.063957036, -0.99536294), (0.021740353, -0.039267715, -0.9989922), (-0.053522084, 0.029600307, -0.9981279), (-0.071847804, -0.063957036, -0.99536294), (0.09261805, -0.048189104, -0.9945349), (0.0956937, -0.14433813, -0.98489046), (0.021740353, -0.039267715, -0.9989922), (0.09261805, -0.048189104, -0.9945349), (0.10954331, -0.022970336, -0.9937166), (0.013522715, -0.07459099, -0.9971225), (0.0956937, -0.14433813, -0.98489046), (0.10954331, -0.022970336, -0.9937166), (-0.039129402, -0.035086192, -0.998618), (-0.033435084, 0.024362417, -0.9991439), (0.013522715, -0.07459099, -0.9971225), (-0.039129402, -0.035086192, -0.998618), (-0.020096803, -0.066407256, -0.9975902), (0.07394316, -0.046426963, -0.9961812), (-0.033435084, 0.024362417, -0.9991439), (-0.020096803, -0.066407256, -0.9975902), (0.13173622, -0.051095534, -0.98996705), (0.11678758, -0.13338697, -0.9841589), (0.07394316, -0.046426963, -0.9961812), (0.13173622, -0.051095534, -0.98996705), (0.10554199, -0.013977282, -0.99431664), (0.01288619, -0.06530106, -0.9977824), (0.11678758, -0.13338697, -0.9841589), (0.10554199, -0.013977282, -0.99431664), (-0.01767906, -0.026425818, -0.99949443), (0.0038774959, 0.015037646, -0.9998794), (0.01288619, -0.06530106, -0.9977824), (-0.01767906, -0.026425818, -0.99949443), (0.04535077, -0.06709385, -0.9967154), (0.13048372, -0.048816893, -0.9902479), (0.0038774959, 0.015037646, -0.9998794), (0.04535077, -0.06709385, -0.9967154), (0.1712347, -0.05179532, -0.9838678), (0.14143899, -0.114561014, -0.9832958), (0.13048372, -0.048816893, -0.9902479), (0.1712347, -0.05179532, -0.9838678), (0.11927385, -0.004918073, -0.99284923), (0.038861994, -0.056121062, -0.99766743), (0.14143899, -0.114561014, -0.9832958), (0.11927385, -0.004918073, -0.99284923), (0.044904146, -0.017936014, -0.99883026), (0.07509092, 0.0042008404, -0.9971678), (0.038861994, -0.056121062, -0.99766743), (0.044904146, -0.017936014, -0.99883026), (0.14708462, -0.06288365, -0.98712295), (0.2126407, -0.043730855, -0.9761514), (0.07509092, 0.0042008404, -0.9971678), (0.14708462, -0.06288365, -0.98712295), (0.25603783, -0.047773257, -0.9654855), (0.22068459, -0.085846506, -0.97155994), (0.2126407, -0.043730855, -0.9761514), (0.25603783, -0.047773257, -0.9654855), (0.2615515, 0.0021194622, -0.9651872), (0.20534426, -0.044472124, -0.9776789), (0.22068459, -0.085846506, -0.97155994), (0.2615515, 0.0021194622, -0.9651872), (0.64553386, 0.012558453, -0.7636284), (0.6100944, -0.00044373586, -0.7923286), (0.20534426, -0.044472124, -0.9776789), (0.64553386, 0.012558453, -0.7636284), (0.97274566, 0.0018969929, -0.2318671), (0.97319293, 0.0023800104, -0.22997804), (0.6100944, -0.00044373586, -0.7923286), (-0.9724254, -0.0060587376, -0.23313546), (-0.68780756, -0.02334937, -0.7255174), (-0.6480207, 0.0034126632, -0.76161504), (-0.97202986, 0.0025157277, -0.23484373), (-0.68780756, -0.02334937, -0.7255174), (-0.24642919, -0.02896375, -0.96872795), (-0.2164829, -0.03128113, -0.97578514), (-0.6480207, 0.0034126632, -0.76161504), (-0.24642919, -0.02896375, -0.96872795), (-0.12894732, -0.027841665, -0.9912605), (-0.1222691, -0.068899974, -0.99010247), (-0.2164829, -0.03128113, -0.97578514), (-0.12894732, -0.027841665, -0.9912605), (-0.18277664, -0.039069466, -0.9823778), (-0.20899858, -0.04245525, -0.9769939), (-0.1222691, -0.068899974, -0.99010247), (-0.18277664, -0.039069466, -0.9823778), (-0.18545845, -0.043206885, -0.9817018), (-0.18009868, -0.010426227, -0.98359334), (-0.20899858, -0.04245525, -0.9769939), (-0.18545845, -0.043206885, -0.9817018), (-0.050840832, -0.030366618, -0.998245), (-0.019537434, -0.040449526, -0.9989906), (-0.18009868, -0.010426227, -0.98359334), (-0.050840832, -0.030366618, -0.998245), (-0.03074139, -0.032580797, -0.99899626), (-0.02879264, -0.07233116, -0.99696505), (-0.019537434, -0.040449526, -0.9989906), (-0.03074139, -0.032580797, -0.99899626), (-0.14419025, -0.05249169, -0.9881568), (-0.16926818, -0.048561558, -0.9843729), (-0.02879264, -0.07233116, -0.99696505), (-0.14419025, -0.05249169, -0.9881568), (-0.11686952, -0.046790447, -0.99204445), (-0.11051713, -0.02114701, -0.9936492), (-0.16926818, -0.048561558, -0.9843729), (-0.11686952, -0.046790447, -0.99204445), (0.024978474, -0.023136655, -0.9994202), (0.049533516, -0.04373121, -0.99781466), (-0.11051713, -0.02114701, -0.9936492), (0.024978474, -0.023136655, -0.9994202), (-0.013839845, -0.035997186, -0.9992561), (-0.014580701, -0.06785686, -0.9975886), (0.049533516, -0.04373121, -0.99781466), (-0.013839845, -0.035997186, -0.9992561), (-0.13821195, -0.06267138, -0.98841786), (-0.15609127, -0.05271156, -0.98633516), (-0.014580701, -0.06785686, -0.9975886), (-0.13821195, -0.06267138, -0.98841786), (-0.060007483, -0.04381381, -0.9972359), (-0.054701865, -0.030551434, -0.9980352), (-0.15609127, -0.05271156, -0.98633516), (-0.060007483, -0.04381381, -0.9972359), (0.07395233, -0.014414386, -0.9971576), (0.08840595, -0.042448338, -0.99517965), (-0.054701865, -0.030551434, -0.9980352), (0.07395233, -0.014414386, -0.9971576), (-0.02041516, -0.040005222, -0.9989909), (-0.020820776, -0.06069998, -0.9979389), (0.08840595, -0.042448338, -0.99517965), (-0.02041516, -0.040005222, -0.9989909), (-0.13125293, -0.0678441, -0.98902476), (-0.13928097, -0.05674352, -0.9886258), (-0.020820776, -0.06069998, -0.9979389), (-0.13125293, -0.0678441, -0.98902476), (-0.0029440788, -0.03627211, -0.9993376), (-0.0017092102, -0.03807736, -0.9992733), (-0.13928097, -0.05674352, -0.9886258), (-0.0029440788, -0.03627211, -0.9993376), (0.10487283, -0.0082133515, -0.99445176), (0.108023725, -0.037882544, -0.99342626), (-0.0017092102, -0.03807736, -0.9992733), (0.10487283, -0.0082133515, -0.99445176), (-0.035594117, -0.043803506, -0.9984059), (-0.032600697, -0.0525062, -0.99808836), (0.108023725, -0.037882544, -0.99342626), (-0.035594117, -0.043803506, -0.9984059), (-0.114014246, -0.06645297, -0.99125415), (-0.11170738, -0.060605988, -0.99189126), (-0.032600697, -0.0525062, -0.99808836), (-0.114014246, -0.06645297, -0.99125415), (0.05333586, -0.027036682, -0.99821055), (0.048017222, -0.043848645, -0.99788356), (-0.11170738, -0.060605988, -0.99189126), (0.05333586, -0.027036682, -0.99821055), (0.120509915, -0.0066327136, -0.9926899), (0.11321706, -0.031132607, -0.9930824), (0.048017222, -0.043848645, -0.99788356), (0.120509915, -0.0066327136, -0.9926899), (-0.05002208, -0.04563644, -0.9977049), (-0.04116189, -0.04387281, -0.9981888), (0.11321706, -0.031132607, -0.9930824), (-0.05002208, -0.04563644, -0.9977049), (-0.08314555, -0.05867788, -0.9948084), (-0.071847804, -0.063957036, -0.99536294), (-0.04116189, -0.04387281, -0.9981888), (-0.08314555, -0.05867788, -0.9948084), (0.10577681, -0.019132294, -0.9942058), (0.09261805, -0.048189104, -0.9945349), (-0.071847804, -0.063957036, -0.99536294), (0.10577681, -0.019132294, -0.9942058), (0.12472122, -0.009455985, -0.99214673), (0.10954331, -0.022970336, -0.9937166), (0.09261805, -0.048189104, -0.9945349), (0.12472122, -0.009455985, -0.99214673), (-0.055298623, -0.044016022, -0.9974992), (-0.039129402, -0.035086192, -0.998618), (0.10954331, -0.022970336, -0.9937166), (-0.055298623, -0.044016022, -0.9974992), (-0.037734065, -0.046649627, -0.9981984), (-0.020096803, -0.066407256, -0.9975902), (-0.039129402, -0.035086192, -0.998618), (-0.037734065, -0.046649627, -0.9981984), (0.15259096, -0.014527334, -0.9881826), (0.13173622, -0.051095534, -0.98996705), (-0.020096803, -0.066407256, -0.9975902), (0.15259096, -0.014527334, -0.9881826), (0.12492269, -0.014507262, -0.9920604), (0.10554199, -0.013977282, -0.99431664), (0.13173622, -0.051095534, -0.98996705), (0.12492269, -0.014507262, -0.9920604), (-0.041189685, -0.038562115, -0.99840695), (-0.01767906, -0.026425818, -0.99949443), (0.10554199, -0.013977282, -0.99431664), (-0.041189685, -0.038562115, -0.99840695), (0.024789406, -0.033525098, -0.99913037), (0.04535077, -0.06709385, -0.9967154), (-0.01767906, -0.026425818, -0.99949443), (0.024789406, -0.033525098, -0.99913037), (0.19796385, -0.013269454, -0.9801195), (0.1712347, -0.05179532, -0.9838678), (0.04535077, -0.06709385, -0.9967154), (0.19796385, -0.013269454, -0.9801195), (0.13852264, -0.018613877, -0.9901843), (0.11927385, -0.004918073, -0.99284923), (0.1712347, -0.05179532, -0.9838678), (0.13852264, -0.018613877, -0.9901843), (0.016215013, -0.03001551, -0.9994179), (0.044904146, -0.017936014, -0.99883026), (0.11927385, -0.004918073, -0.99284923), (0.016215013, -0.03001551, -0.9994179), (0.12761119, -0.02179248, -0.99158484), (0.14708462, -0.06288365, -0.98712295), (0.044904146, -0.017936014, -0.99883026), (0.12761119, -0.02179248, -0.99158484), (0.28369492, -0.012802816, -0.95882916), (0.25603783, -0.047773257, -0.9654855), (0.14708462, -0.06288365, -0.98712295), (0.28369492, -0.012802816, -0.95882916), (0.2754059, -0.017064815, -0.9611766), (0.2615515, 0.0021194622, -0.9651872), (0.25603783, -0.047773257, -0.9654855), (0.2754059, -0.017064815, -0.9611766), (0.60959834, -0.012434079, -0.79261297), (0.64553386, 0.012558453, -0.7636284), (0.2615515, 0.0021194622, -0.9651872), (0.60959834, -0.012434079, -0.79261297), (0.972529, 0.00006399322, -0.23278205), (0.97274566, 0.0018969929, -0.2318671), (0.64553386, 0.012558453, -0.7636284), (-0.97422785, -0.012432436, -0.22522314), (-0.6537669, -0.038622852, -0.75570977), (-0.68780756, -0.02334937, -0.7255174), (-0.9724254, -0.0060587376, -0.23313546), (-0.6537669, -0.038622852, -0.75570977), (-0.2165012, -0.01342572, -0.97619003), (-0.24642919, -0.02896375, -0.96872795), (-0.68780756, -0.02334937, -0.7255174), (-0.2165012, -0.01342572, -0.97619003), (-0.13911916, 0.012499275, -0.99019676), (-0.12894732, -0.027841665, -0.9912605), (-0.24642919, -0.02896375, -0.96872795), (-0.13911916, 0.012499275, -0.99019676), (-0.22514868, -0.03694659, -0.97362363), (-0.18277664, -0.039069466, -0.9823778), (-0.12894732, -0.027841665, -0.9912605), (-0.22514868, -0.03694659, -0.97362363), (-0.17520636, -0.06452647, -0.98241484), (-0.18545845, -0.043206885, -0.9817018), (-0.18277664, -0.039069466, -0.9823778), (-0.17520636, -0.06452647, -0.98241484), (-0.016293108, -0.01833107, -0.99969923), (-0.050840832, -0.030366618, -0.998245), (-0.18545845, -0.043206885, -0.9817018), (-0.016293108, -0.01833107, -0.99969923), (-0.04201112, 0.0046352856, -0.9991064), (-0.03074139, -0.032580797, -0.99899626), (-0.050840832, -0.030366618, -0.998245), (-0.04201112, 0.0046352856, -0.9991064), (-0.17628998, -0.043161523, -0.9833915), (-0.14419025, -0.05249169, -0.9881568), (-0.03074139, -0.032580797, -0.99899626), (-0.17628998, -0.043161523, -0.9833915), (-0.10432527, -0.058681183, -0.9928106), (-0.11686952, -0.046790447, -0.99204445), (-0.14419025, -0.05249169, -0.9881568), (-0.10432527, -0.058681183, -0.9928106), (0.04770957, -0.01864687, -0.99868727), (0.024978474, -0.023136655, -0.9994202), (-0.11686952, -0.046790447, -0.99204445), (0.04770957, -0.01864687, -0.99868727), (-0.022848755, -0.008115606, -0.999706), (-0.013839845, -0.035997186, -0.9992561), (0.024978474, -0.023136655, -0.9994202), (-0.022848755, -0.008115606, -0.999706), (-0.1550412, -0.04330023, -0.9869586), (-0.13821195, -0.06267138, -0.98841786), (-0.013839845, -0.035997186, -0.9992561), (-0.1550412, -0.04330023, -0.9869586), (-0.052246746, -0.04450826, -0.99764186), (-0.060007483, -0.04381381, -0.9972359), (-0.13821195, -0.06267138, -0.98841786), (-0.052246746, -0.04450826, -0.99764186), (0.081514, -0.020821841, -0.9964547), (0.07395233, -0.014414386, -0.9971576), (-0.060007483, -0.04381381, -0.9972359), (0.081514, -0.020821841, -0.9964547), (-0.022045964, -0.02305252, -0.99949116), (-0.02041516, -0.040005222, -0.9989909), (0.07395233, -0.014414386, -0.9971576), (-0.022045964, -0.02305252, -0.99949116), (-0.13223755, -0.036721148, -0.9905376), (-0.13125293, -0.0678441, -0.98902476), (-0.02041516, -0.040005222, -0.9989909), (-0.13223755, -0.036721148, -0.9905376), (-0.0055994336, -0.026455626, -0.9996343), (-0.0029440788, -0.03627211, -0.9993376), (-0.13125293, -0.0678441, -0.98902476), (-0.0055994336, -0.026455626, -0.9996343), (0.09794409, -0.026654791, -0.9948349), (0.10487283, -0.0082133515, -0.99445176), (-0.0029440788, -0.03627211, -0.9993376), (0.09794409, -0.026654791, -0.9948349), (-0.026076373, -0.037533168, -0.9989551), (-0.035594117, -0.043803506, -0.9984059), (0.10487283, -0.0082133515, -0.99445176), (-0.026076373, -0.037533168, -0.9989551), (-0.10127669, -0.023881018, -0.9945716), (-0.114014246, -0.06645297, -0.99125415), (-0.035594117, -0.043803506, -0.9984059), (-0.10127669, -0.023881018, -0.9945716), (0.03731283, -0.00819553, -0.99927), (0.05333586, -0.027036682, -0.99821055), (-0.114014246, -0.06645297, -0.99125415), (0.03731283, -0.00819553, -0.99927), (0.10209151, -0.0361701, -0.9941172), (0.120509915, -0.0066327136, -0.9926899), (0.05333586, -0.027036682, -0.99821055), (0.10209151, -0.0361701, -0.9941172), (-0.027614849, -0.04882281, -0.99842566), (-0.05002208, -0.04563644, -0.9977049), (0.120509915, -0.0066327136, -0.9926899), (-0.027614849, -0.04882281, -0.99842566), (-0.060401235, -0.006768293, -0.9981513), (-0.08314555, -0.05867788, -0.9948084), (-0.05002208, -0.04563644, -0.9977049), (-0.060401235, -0.006768293, -0.9981513), (0.07615347, 0.0068989825, -0.9970723), (0.10577681, -0.019132294, -0.9942058), (-0.08314555, -0.05867788, -0.9948084), (0.07615347, 0.0068989825, -0.9970723), (0.09888613, -0.047703072, -0.9939547), (0.12472122, -0.009455985, -0.99214673), (0.10577681, -0.019132294, -0.9942058), (0.09888613, -0.047703072, -0.9939547), (-0.020210704, -0.05451034, -0.99830866), (-0.055298623, -0.044016022, -0.9974992), (0.12472122, -0.009455985, -0.99214673), (-0.020210704, -0.05451034, -0.99830866), (-0.009180773, 0.011281521, -0.99989426), (-0.037734065, -0.046649627, -0.9981984), (-0.055298623, -0.044016022, -0.9974992), (-0.009180773, 0.011281521, -0.99989426), (0.11128966, 0.0161435, -0.9936569), (0.15259096, -0.014527334, -0.9881826), (-0.037734065, -0.046649627, -0.9981984), (0.11128966, 0.0161435, -0.9936569), (0.09594622, -0.05818193, -0.9936847), (0.12492269, -0.014507262, -0.9920604), (0.15259096, -0.014527334, -0.9881826), (0.09594622, -0.05818193, -0.9936847), (0.0044917134, -0.05317865, -0.9985749), (-0.041189685, -0.038562115, -0.99840695), (0.12492269, -0.014507262, -0.9920604), (0.0044917134, -0.05317865, -0.9985749), (0.055059552, 0.026145179, -0.99814075), (0.024789406, -0.033525098, -0.99913037), (-0.041189685, -0.038562115, -0.99840695), (0.055059552, 0.026145179, -0.99814075), (0.14892569, 0.018445745, -0.9886764), (0.19796385, -0.013269454, -0.9801195), (0.024789406, -0.033525098, -0.99913037), (0.14892569, 0.018445745, -0.9886764), (0.110786915, -0.06339534, -0.9918202), (0.13852264, -0.018613877, -0.9901843), (0.19796385, -0.013269454, -0.9801195), (0.110786915, -0.06339534, -0.9918202), (0.06751994, -0.044954855, -0.99670464), (0.016215013, -0.03001551, -0.9994179), (0.13852264, -0.018613877, -0.9901843), (0.06751994, -0.044954855, -0.99670464), (0.15502313, 0.03304605, -0.987358), (0.12761119, -0.02179248, -0.99158484), (0.016215013, -0.03001551, -0.9994179), (0.15502313, 0.03304605, -0.987358), (0.23555085, 0.015879458, -0.9717323), (0.28369492, -0.012802816, -0.95882916), (0.12761119, -0.02179248, -0.99158484), (0.23555085, 0.015879458, -0.9717323), (0.2546237, -0.054077156, -0.96552706), (0.2754059, -0.017064815, -0.9611766), (0.28369492, -0.012802816, -0.95882916), (0.2546237, -0.054077156, -0.96552706), (0.6484784, -0.041280918, -0.76011294), (0.60959834, -0.012434079, -0.79261297), (0.2754059, -0.017064815, -0.9611766), (0.6484784, -0.041280918, -0.76011294), (0.9728588, -0.0031653368, -0.23137793), (0.972529, 0.00006399322, -0.23278205), (0.60959834, -0.012434079, -0.79261297), (-0.9744583, 0.0101975845, -0.22433677), (-0.6577706, 0.03683704, -0.7523171), (-0.6537669, -0.038622852, -0.75570977), (-0.97422785, -0.012432436, -0.22522314), (-0.6577706, 0.03683704, -0.7523171), (-0.24326113, -0.011602209, -0.9698914), (-0.2165012, -0.01342572, -0.97619003), (-0.6537669, -0.038622852, -0.75570977), (-0.24326113, -0.011602209, -0.9698914), (-0.15918832, -0.08179842, -0.9838537), (-0.13911916, 0.012499275, -0.99019676), (-0.2165012, -0.01342572, -0.97619003), (-0.15918832, -0.08179842, -0.9838537), (-0.18844832, -0.02132953, -0.9818514), (-0.22514868, -0.03694659, -0.97362363), (-0.13911916, 0.012499275, -0.99019676), (-0.18844832, -0.02132953, -0.9818514), (-0.16353154, 0.06426974, -0.9844424), (-0.17520636, -0.06452647, -0.98241484), (-0.22514868, -0.03694659, -0.97362363), (-0.16353154, 0.06426974, -0.9844424), (-0.0730024, -0.011301874, -0.9972677), (-0.016293108, -0.01833107, -0.99969923), (-0.17520636, -0.06452647, -0.98241484), (-0.0730024, -0.011301874, -0.9972677), (-0.05717226, -0.10665964, -0.99265057), (-0.04201112, 0.0046352856, -0.9991064), (-0.016293108, -0.01833107, -0.99969923), (-0.05717226, -0.10665964, -0.99265057), (-0.10864541, -0.021155663, -0.9938554), (-0.17628998, -0.043161523, -0.9833915), (-0.04201112, 0.0046352856, -0.9991064), (-0.10864541, -0.021155663, -0.9938554), (-0.099786416, 0.079913005, -0.99179465), (-0.10432527, -0.058681183, -0.9928106), (-0.17628998, -0.043161523, -0.9833915), (-0.099786416, 0.079913005, -0.99179465), (-0.03622936, -0.01688303, -0.9992009), (0.04770957, -0.01864687, -0.99868727), (-0.10432527, -0.058681183, -0.9928106), (-0.03622936, -0.01688303, -0.9992009), (-0.025980344, -0.121514656, -0.99224955), (-0.022848755, -0.008115606, -0.999706), (0.04770957, -0.01864687, -0.99868727), (-0.025980344, -0.121514656, -0.99224955), (-0.06105384, -0.0153185185, -0.9980169), (-0.1550412, -0.04330023, -0.9869586), (-0.022848755, -0.008115606, -0.999706), (-0.06105384, -0.0153185185, -0.9980169), (-0.060618404, 0.08944369, -0.99414545), (-0.052246746, -0.04450826, -0.99764186), (-0.1550412, -0.04330023, -0.9869586), (-0.060618404, 0.08944369, -0.99414545), (-0.02426842, -0.025246138, -0.9993867), (0.081514, -0.020821841, -0.9964547), (-0.052246746, -0.04450826, -0.99764186), (-0.02426842, -0.025246138, -0.9993867), (-0.008315024, -0.12809172, -0.9917274), (-0.022045964, -0.02305252, -0.99949116), (0.081514, -0.020821841, -0.9964547), (-0.008315024, -0.12809172, -0.9917274), (-0.019110937, -0.006280458, -0.99979764), (-0.13223755, -0.036721148, -0.9905376), (-0.022045964, -0.02305252, -0.99949116), (-0.019110937, -0.006280458, -0.99979764), (-0.030549355, 0.09206298, -0.99528444), (-0.0055994336, -0.026455626, -0.9996343), (-0.13223755, -0.036721148, -0.9905376), (-0.030549355, 0.09206298, -0.99528444), (-0.02165698, -0.0350152, -0.9991521), (0.09794409, -0.026654791, -0.9948349), (-0.0055994336, -0.026455626, -0.9996343), (-0.02165698, -0.0350152, -0.9991521), (0.0074499026, -0.1262514, -0.99197036), (-0.026076373, -0.037533168, -0.9989551), (0.09794409, -0.026654791, -0.9948349), (0.0074499026, -0.1262514, -0.99197036), (0.021522738, 0.00405245, -0.99976015), (-0.10127669, -0.023881018, -0.9945716), (-0.026076373, -0.037533168, -0.9989551), (0.021522738, 0.00405245, -0.99976015), (-0.006264427, 0.08710951, -0.99617904), (0.03731283, -0.00819553, -0.99927), (-0.10127669, -0.023881018, -0.9945716), (-0.006264427, 0.08710951, -0.99617904), (-0.02150978, -0.04423949, -0.99878937), (0.10209151, -0.0361701, -0.9941172), (0.03731283, -0.00819553, -0.99927), (-0.02150978, -0.04423949, -0.99878937), (0.02614005, -0.11631754, -0.992868), (-0.027614849, -0.04882281, -0.99842566), (0.10209151, -0.0361701, -0.9941172), (0.02614005, -0.11631754, -0.992868), (0.061380677, 0.013449563, -0.99802375), (-0.060401235, -0.006768293, -0.9981513), (-0.027614849, -0.04882281, -0.99842566), (0.061380677, 0.013449563, -0.99802375), (0.014248598, 0.07497826, -0.9970833), (0.07615347, 0.0068989825, -0.9970723), (-0.060401235, -0.006768293, -0.9981513), (0.014248598, 0.07497826, -0.9970833), (-0.018164417, -0.050492287, -0.9985593), (0.09888613, -0.047703072, -0.9939547), (0.07615347, 0.0068989825, -0.9970723), (-0.018164417, -0.050492287, -0.9985593), (0.050783865, -0.09962956, -0.9937278), (-0.020210704, -0.05451034, -0.99830866), (0.09888613, -0.047703072, -0.9939547), (0.050783865, -0.09962956, -0.9937278), (0.10078598, 0.019480508, -0.9947174), (-0.009180773, 0.011281521, -0.99989426), (-0.020210704, -0.05451034, -0.99830866), (0.10078598, 0.019480508, -0.9947174), (0.03488468, 0.057451878, -0.9977386), (0.11128966, 0.0161435, -0.9936569), (-0.009180773, 0.011281521, -0.99989426), (0.03488468, 0.057451878, -0.9977386), (-0.004435488, -0.051356267, -0.9986705), (0.09594622, -0.05818193, -0.9936847), (0.11128966, 0.0161435, -0.9936569), (-0.004435488, -0.051356267, -0.9986705), (0.0855712, -0.078450866, -0.9932387), (0.0044917134, -0.05317865, -0.9985749), (0.09594622, -0.05818193, -0.9936847), (0.0855712, -0.078450866, -0.9932387), (0.14341594, 0.020081095, -0.98945874), (0.055059552, 0.026145179, -0.99814075), (0.0044917134, -0.05317865, -0.9985749), (0.14341594, 0.020081095, -0.98945874), (0.06638418, 0.037465263, -0.9970905), (0.14892569, 0.018445745, -0.9886764), (0.055059552, 0.026145179, -0.99814075), (0.06638418, 0.037465263, -0.9970905), (0.035612613, -0.044948492, -0.9983543), (0.110786915, -0.06339534, -0.9918202), (0.14892569, 0.018445745, -0.9886764), (0.035612613, -0.044948492, -0.9983543), (0.14622916, -0.055362195, -0.98770034), (0.06751994, -0.044954855, -0.99670464), (0.110786915, -0.06339534, -0.9918202), (0.14622916, -0.055362195, -0.98770034), (0.21375611, 0.0142272245, -0.97678345), (0.15502313, 0.03304605, -0.987358), (0.06751994, -0.044954855, -0.99670464), (0.21375611, 0.0142272245, -0.97678345), (0.16379148, 0.01871629, -0.9863174), (0.23555085, 0.015879458, -0.9717323), (0.15502313, 0.03304605, -0.987358), (0.16379148, 0.01871629, -0.9863174), (0.21174626, -0.02817925, -0.97691834), (0.2546237, -0.054077156, -0.96552706), (0.23555085, 0.015879458, -0.9717323), (0.21174626, -0.02817925, -0.97691834), (0.63217986, -0.032645557, -0.77413374), (0.6484784, -0.041280918, -0.76011294), (0.2546237, -0.054077156, -0.96552706), (0.63217986, -0.032645557, -0.77413374), (0.9736241, -0.0045288643, -0.22811314), (0.9728588, -0.0031653368, -0.23137793), (0.6484784, -0.041280918, -0.76011294), (-0.9728292, 0.0062320433, -0.2314399), (-0.69949365, 0.014871568, -0.7144841), (-0.6577706, 0.03683704, -0.7523171), (-0.9744583, 0.0101975845, -0.22433677), (-0.69949365, 0.014871568, -0.7144841), (-0.32172042, -0.0068929703, -0.9468097), (-0.24326113, -0.011602209, -0.9698914), (-0.6577706, 0.03683704, -0.7523171), (-0.32172042, -0.0068929703, -0.9468097), (-0.16305502, -0.025411805, -0.9862897), (-0.15918832, -0.08179842, -0.9838537), (-0.24326113, -0.011602209, -0.9698914), (-0.16305502, -0.025411805, -0.9862897), (-0.090654455, 0.002818369, -0.9958784), (-0.18844832, -0.02132953, -0.9818514), (-0.15918832, -0.08179842, -0.9838537), (-0.090654455, 0.002818369, -0.9958784), (-0.15814848, 0.021805432, -0.9871745), (-0.16353154, 0.06426974, -0.9844424), (-0.18844832, -0.02132953, -0.9818514), (-0.15814848, 0.021805432, -0.9871745), (-0.18213761, -0.0046432284, -0.9832621), (-0.0730024, -0.011301874, -0.9972677), (-0.16353154, 0.06426974, -0.9844424), (-0.18213761, -0.0046432284, -0.9832621), (-0.058966763, -0.02360149, -0.99798095), (-0.05717226, -0.10665964, -0.99265057), (-0.0730024, -0.011301874, -0.9972677), (-0.058966763, -0.02360149, -0.99798095), (0.0067716977, -0.002618484, -0.99997365), (-0.10864541, -0.021155663, -0.9938554), (-0.05717226, -0.10665964, -0.99265057), (0.0067716977, -0.002618484, -0.99997365), (-0.09865677, 0.014248017, -0.9950195), (-0.099786416, 0.079913005, -0.99179465), (-0.10864541, -0.021155663, -0.9938554), (-0.09865677, 0.014248017, -0.9950195), (-0.15460567, -0.0008668002, -0.98797584), (-0.03622936, -0.01688303, -0.9992009), (-0.099786416, 0.079913005, -0.99179465), (-0.15460567, -0.0008668002, -0.98797584), (-0.022221632, -0.017036373, -0.99960786), (-0.025980344, -0.121514656, -0.99224955), (-0.03622936, -0.01688303, -0.9992009), (-0.022221632, -0.017036373, -0.99960786), (0.058198944, -0.011170162, -0.99824256), (-0.06105384, -0.0153185185, -0.9980169), (-0.025980344, -0.121514656, -0.99224955), (0.058198944, -0.011170162, -0.99824256), (-0.06577186, 0.0029261825, -0.99783045), (-0.060618404, 0.08944369, -0.99414545), (-0.06105384, -0.0153185185, -0.9980169), (-0.06577186, 0.0029261825, -0.99783045), (-0.14127153, 0.005318032, -0.9899566), (-0.02426842, -0.025246138, -0.9993867), (-0.060618404, 0.08944369, -0.99414545), (-0.14127153, 0.005318032, -0.9899566), (0.0010773637, -0.00907437, -0.9999582), (-0.008315024, -0.12809172, -0.9917274), (-0.02426842, -0.025246138, -0.9993867), (0.0010773637, -0.00907437, -0.9999582), (0.09428188, -0.022598052, -0.9952891), (-0.019110937, -0.006280458, -0.99979764), (-0.008315024, -0.12809172, -0.9917274), (0.09428188, -0.022598052, -0.9952891), (-0.041630812, -0.00915426, -0.99909115), (-0.030549355, 0.09206298, -0.99528444), (-0.019110937, -0.006280458, -0.99979764), (-0.041630812, -0.00915426, -0.99909115), (-0.1290047, 0.013349986, -0.99155414), (-0.02165698, -0.0350152, -0.9991521), (-0.030549355, 0.09206298, -0.99528444), (-0.1290047, 0.013349986, -0.99155414), (0.020698426, -0.0019618962, -0.9997838), (0.0074499026, -0.1262514, -0.99197036), (-0.02165698, -0.0350152, -0.9991521), (0.020698426, -0.0019618962, -0.9997838), (0.12158895, -0.03547123, -0.9919465), (0.021522738, 0.00405245, -0.99976015), (0.0074499026, -0.1262514, -0.99197036), (0.12158895, -0.03547123, -0.9919465), (-0.020735834, -0.019412829, -0.9995965), (-0.006264427, 0.08710951, -0.99617904), (0.021522738, 0.00405245, -0.99976015), (-0.020735834, -0.019412829, -0.9995965), (-0.113071814, 0.021995123, -0.99334335), (-0.02150978, -0.04423949, -0.99878937), (-0.006264427, 0.08710951, -0.99617904), (-0.113071814, 0.021995123, -0.99334335), (0.040064946, 0.0025797416, -0.9991937), (0.02614005, -0.11631754, -0.992868), (-0.02150978, -0.04423949, -0.99878937), (0.040064946, 0.0025797416, -0.9991937), (0.14313757, -0.047665518, -0.9885543), (0.061380677, 0.013449563, -0.99802375), (0.02614005, -0.11631754, -0.992868), (0.14313757, -0.047665518, -0.9885543), (0.0006225416, -0.025900466, -0.9996643), (0.014248598, 0.07497826, -0.9970833), (0.061380677, 0.013449563, -0.99802375), (0.0006225416, -0.025900466, -0.9996643), (-0.09035219, 0.029638626, -0.9954687), (-0.018164417, -0.050492287, -0.9985593), (0.014248598, 0.07497826, -0.9970833), (-0.09035219, 0.029638626, -0.9954687), (0.061504837, 0.0036536914, -0.99810016), (0.050783865, -0.09962956, -0.9937278), (-0.018164417, -0.050492287, -0.9985593), (0.061504837, 0.0036536914, -0.99810016), (0.1621138, -0.056772128, -0.9851375), (0.10078598, 0.019480508, -0.9947174), (0.050783865, -0.09962956, -0.9937278), (0.1621138, -0.056772128, -0.9851375), (0.027063632, -0.027668046, -0.9992507), (0.03488468, 0.057451878, -0.9977386), (0.10078598, 0.019480508, -0.9947174), (0.027063632, -0.027668046, -0.9992507), (-0.056351062, 0.03459436, -0.99781144), (-0.004435488, -0.051356267, -0.9986705), (0.03488468, 0.057451878, -0.9977386), (-0.056351062, 0.03459436, -0.99781144), (0.0894341, 0.0015428541, -0.9959916), (0.0855712, -0.078450866, -0.9932387), (-0.004435488, -0.051356267, -0.9986705), (0.0894341, 0.0015428541, -0.9959916), (0.18504752, -0.06037599, -0.98087317), (0.14341594, 0.020081095, -0.98945874), (0.0855712, -0.078450866, -0.9932387), (0.18504752, -0.06037599, -0.98087317), (0.06869784, -0.025005437, -0.9973241), (0.06638418, 0.037465263, -0.9970905), (0.14341594, 0.020081095, -0.98945874), (0.06869784, -0.025005437, -0.9973241), (0.0026541583, 0.035278622, -0.999374), (0.035612613, -0.044948492, -0.9983543), (0.06638418, 0.037465263, -0.9970905), (0.0026541583, 0.035278622, -0.999374), (0.14142449, -0.0019431285, -0.9899472), (0.14622916, -0.055362195, -0.98770034), (0.035612613, -0.044948492, -0.9983543), (0.14142449, -0.0019431285, -0.9899472), (0.23845778, -0.05551791, -0.96956474), (0.21375611, 0.0142272245, -0.97678345), (0.14622916, -0.055362195, -0.98770034), (0.23845778, -0.05551791, -0.96956474), (0.17730363, -0.019664057, -0.98395973), (0.16379148, 0.01871629, -0.9863174), (0.21375611, 0.0142272245, -0.97678345), (0.17730363, -0.019664057, -0.98395973), (0.19744891, 0.02872099, -0.9798924), (0.21174626, -0.02817925, -0.97691834), (0.16379148, 0.01871629, -0.9863174), (0.19744891, 0.02872099, -0.9798924), (0.65287054, 0.014664779, -0.75732756), (0.63217986, -0.032645557, -0.77413374), (0.21174626, -0.02817925, -0.97691834), (0.65287054, 0.014664779, -0.75732756), (0.9742479, -0.0019158, -0.22547153), (0.9736241, -0.0045288643, -0.22811314), (0.63217986, -0.032645557, -0.77413374), (-0.9718119, 0.0033884987, -0.23573303), (-0.6819649, 0.0007098095, -0.7313845), (-0.69949365, 0.014871568, -0.7144841), (-0.9728292, 0.0062320433, -0.2314399), (-0.6819649, 0.0007098095, -0.7313845), (-0.33489203, -0.0036242432, -0.9422496), (-0.32172042, -0.0068929703, -0.9468097), (-0.69949365, 0.014871568, -0.7144841), (-0.33489203, -0.0036242432, -0.9422496), (-0.14173755, 0.0075571723, -0.98987544), (-0.16305502, -0.025411805, -0.9862897), (-0.32172042, -0.0068929703, -0.9468097), (-0.14173755, 0.0075571723, -0.98987544), (-0.0682623, 0.017989393, -0.99750525), (-0.090654455, 0.002818369, -0.9958784), (-0.16305502, -0.025411805, -0.9862897), (-0.0682623, 0.017989393, -0.99750525), (-0.18331262, 0.008589587, -0.98301715), (-0.15814848, 0.021805432, -0.9871745), (-0.090654455, 0.002818369, -0.9958784), (-0.18331262, 0.008589587, -0.98301715), (-0.19580993, 0.0013690561, -0.9806409), (-0.18213761, -0.0046432284, -0.9832621), (-0.15814848, 0.021805432, -0.9871745), (-0.19580993, 0.0013690561, -0.9806409), (-0.032585416, 0.007197496, -0.999443), (-0.058966763, -0.02360149, -0.99798095), (-0.18213761, -0.0046432284, -0.9832621), (-0.032585416, 0.007197496, -0.999443), (0.018282238, 0.011800853, -0.99976325), (0.0067716977, -0.002618484, -0.99997365), (-0.058966763, -0.02360149, -0.99798095), (0.018282238, 0.011800853, -0.99976325), (-0.12645435, 0.008956045, -0.991932), (-0.09865677, 0.014248017, -0.9950195), (0.0067716977, -0.002618484, -0.99997365), (-0.12645435, 0.008956045, -0.991932), (-0.1586338, 0.0070240702, -0.9873125), (-0.15460567, -0.0008668002, -0.98797584), (-0.09865677, 0.014248017, -0.9950195), (-0.1586338, 0.0070240702, -0.9873125), (0.0027514915, 0.0048411437, -0.9999845), (-0.022221632, -0.017036373, -0.99960786), (-0.15460567, -0.0008668002, -0.98797584), (0.0027514915, 0.0048411437, -0.9999845), (0.05725545, 0.0033557233, -0.9983539), (0.058198944, -0.011170162, -0.99824256), (-0.022221632, -0.017036373, -0.99960786), (0.05725545, 0.0033557233, -0.9983539), (-0.08939512, 0.007930385, -0.9959647), (-0.06577186, 0.0029261825, -0.99783045), (0.058198944, -0.011170162, -0.99824256), (-0.08939512, 0.007930385, -0.9959647), (-0.13442262, 0.010492637, -0.99086857), (-0.14127153, 0.005318032, -0.9899566), (-0.06577186, 0.0029261825, -0.99783045), (-0.13442262, 0.010492637, -0.99086857), (0.019434467, 0.0015485465, -0.9998099), (0.0010773637, -0.00907437, -0.9999582), (-0.14127153, 0.005318032, -0.9899566), (0.019434467, 0.0015485465, -0.9998099), (0.08224999, -0.0041753137, -0.99660295), (0.09428188, -0.022598052, -0.9952891), (0.0010773637, -0.00907437, -0.9999582), (0.08224999, -0.0041753137, -0.99660295), (-0.05552514, 0.0051513757, -0.99844396), (-0.041630812, -0.00915426, -0.99909115), (0.09428188, -0.022598052, -0.9952891), (-0.05552514, 0.0051513757, -0.99844396), (-0.11258464, 0.010516509, -0.99358654), (-0.1290047, 0.013349986, -0.99155414), (-0.041630812, -0.00915426, -0.99909115), (-0.11258464, 0.010516509, -0.99358654), (0.028124312, -0.0012405764, -0.9996037), (0.020698426, -0.0019618962, -0.9997838), (-0.1290047, 0.013349986, -0.99155414), (0.028124312, -0.0012405764, -0.9996037), (0.10147271, -0.009196753, -0.9947958), (0.12158895, -0.03547123, -0.9919465), (0.020698426, -0.0019618962, -0.9997838), (0.10147271, -0.009196753, -0.9947958), (-0.020932632, 0.00032681797, -0.9997808), (-0.020735834, -0.019412829, -0.9995965), (0.12158895, -0.03547123, -0.9919465), (-0.020932632, 0.00032681797, -0.9997808), (-0.089983694, 0.0074149007, -0.9959157), (-0.113071814, 0.021995123, -0.99334335), (-0.020735834, -0.019412829, -0.9995965), (-0.089983694, 0.0074149007, -0.9959157), (0.033730727, -0.0025187207, -0.99942774), (0.040064946, 0.0025797416, -0.9991937), (-0.113071814, 0.021995123, -0.99334335), (0.033730727, -0.0025187207, -0.99942774), (0.11890754, -0.011589802, -0.9928377), (0.14313757, -0.047665518, -0.9885543), (0.040064946, 0.0025797416, -0.9991937), (0.11890754, -0.011589802, -0.9928377), (0.015864935, -0.005942786, -0.9998565), (0.0006225416, -0.025900466, -0.9996643), (0.14313757, -0.047665518, -0.9885543), (0.015864935, -0.005942786, -0.9998565), (-0.06447517, 0.002710669, -0.99791557), (-0.09035219, 0.029638626, -0.9954687), (0.0006225416, -0.025900466, -0.9996643), (-0.06447517, 0.002710669, -0.99791557), (0.040679045, -0.002224636, -0.9991698), (0.061504837, 0.0036536914, -0.99810016), (-0.09035219, 0.029638626, -0.9954687), (0.040679045, -0.002224636, -0.9991698), (0.13810283, -0.012163808, -0.99034315), (0.1621138, -0.056772128, -0.9851375), (0.061504837, 0.0036536914, -0.99810016), (0.13810283, -0.012163808, -0.99034315), (0.056764796, -0.0119778775, -0.9983157), (0.027063632, -0.027668046, -0.9992507), (0.1621138, -0.056772128, -0.9851375), (0.056764796, -0.0119778775, -0.9983157), (-0.0318836, -0.0017208251, -0.99949014), (-0.056351062, 0.03459436, -0.99781144), (0.027063632, -0.027668046, -0.9992507), (-0.0318836, -0.0017208251, -0.99949014), (0.056060035, -0.0012276785, -0.9984266), (0.0894341, 0.0015428541, -0.9959916), (-0.056351062, 0.03459436, -0.99781144), (0.056060035, -0.0012276785, -0.9984266), (0.16537483, -0.011757209, -0.98616076), (0.18504752, -0.06037599, -0.98087317), (0.0894341, 0.0015428541, -0.9959916), (0.16537483, -0.011757209, -0.98616076), (0.108798824, -0.015491005, -0.9939431), (0.06869784, -0.025005437, -0.9973241), (0.18504752, -0.06037599, -0.98087317), (0.108798824, -0.015491005, -0.9939431), (0.022014305, -0.0044663176, -0.9997477), (0.0026541583, 0.035278622, -0.999374), (0.06869784, -0.025005437, -0.9973241), (0.022014305, -0.0044663176, -0.9997477), (0.101134904, -0.0007541412, -0.99487245), (0.14142449, -0.0019431285, -0.9899472), (0.0026541583, 0.035278622, -0.999374), (0.101134904, -0.0007541412, -0.99487245), (0.22647321, -0.01034742, -0.9739624), (0.23845778, -0.05551791, -0.96956474), (0.14142449, -0.0019431285, -0.9899472), (0.22647321, -0.01034742, -0.9739624), (0.21911068, -0.014218265, -0.97559637), (0.17730363, -0.019664057, -0.98395973), (0.23845778, -0.05551791, -0.96956474), (0.21911068, -0.014218265, -0.97559637), (0.21198139, -0.0049161664, -0.97726136), (0.19744891, 0.02872099, -0.9798924), (0.17730363, -0.019664057, -0.98395973), (0.21198139, -0.0049161664, -0.97726136), (0.62008846, -0.0011499466, -0.7845311), (0.65287054, 0.014664779, -0.75732756), (0.19744891, 0.02872099, -0.9798924), (0.62008846, -0.0011499466, -0.7845311), (0.9746297, -0.0021260416, -0.22381334), (0.9742479, -0.0019158, -0.22547153), (0.65287054, 0.014664779, -0.75732756), (-0.971635, -0.0015225686, -0.23648065), (-0.69837177, 0.0022997377, -0.71573156), (-0.6819649, 0.0007098095, -0.7313845), (-0.9718119, 0.0033884987, -0.23573303), (-0.69837177, 0.0022997377, -0.71573156), (-0.31604713, 0.025855709, -0.948391), (-0.33489203, -0.0036242432, -0.9422496), (-0.6819649, 0.0007098095, -0.7313845), (-0.31604713, 0.025855709, -0.948391), (-0.13633679, 0.025952512, -0.99032253), (-0.14173755, 0.0075571723, -0.98987544), (-0.33489203, -0.0036242432, -0.9422496), (-0.13633679, 0.025952512, -0.99032253), (-0.085807696, -0.0018788775, -0.99631), (-0.0682623, 0.017989393, -0.99750525), (-0.14173755, 0.0075571723, -0.98987544), (-0.085807696, -0.0018788775, -0.99631), (-0.1829752, 0.0013325891, -0.9831166), (-0.18331262, 0.008589587, -0.98301715), (-0.0682623, 0.017989393, -0.99750525), (-0.1829752, 0.0013325891, -0.9831166), (-0.17694788, 0.026312036, -0.9838685), (-0.19580993, 0.0013690561, -0.9806409), (-0.18331262, 0.008589587, -0.98301715), (-0.17694788, 0.026312036, -0.9838685), (-0.022815833, 0.018860474, -0.9995617), (-0.032585416, 0.007197496, -0.999443), (-0.19580993, 0.0013690561, -0.9806409), (-0.022815833, 0.018860474, -0.9995617), (0.0035678586, 0.003355125, -0.999988), (0.018282238, 0.011800853, -0.99976325), (-0.032585416, 0.007197496, -0.999443), (0.0035678586, 0.003355125, -0.999988), (-0.13542344, 0.012346428, -0.99071085), (-0.12645435, 0.008956045, -0.991932), (0.018282238, 0.011800853, -0.99976325), (-0.13542344, 0.012346428, -0.99071085), (-0.14442539, 0.020015258, -0.9893132), (-0.1586338, 0.0070240702, -0.9873125), (-0.12645435, 0.008956045, -0.991932), (-0.14442539, 0.020015258, -0.9893132), (0.020798977, 0.009013428, -0.99974304), (0.0027514915, 0.0048411437, -0.9999845), (-0.1586338, 0.0070240702, -0.9873125), (0.020798977, 0.009013428, -0.99974304), (0.04752166, 0.010491776, -0.9988151), (0.05725545, 0.0033557233, -0.9983539), (0.0027514915, 0.0048411437, -0.9999845), (0.04752166, 0.010491776, -0.9988151), (-0.10968737, 0.02044708, -0.99375576), (-0.08939512, 0.007930385, -0.9959647), (0.05725545, 0.0033557233, -0.9983539), (-0.10968737, 0.02044708, -0.99375576), (-0.1258229, 0.009490502, -0.9920074), (-0.13442262, 0.010492637, -0.99086857), (-0.08939512, 0.007930385, -0.9959647), (-0.1258229, 0.009490502, -0.9920074), (0.04758547, 0.00050932175, -0.998867), (0.019434467, 0.0015485465, -0.9998099), (-0.13442262, 0.010492637, -0.99086857), (0.04758547, 0.00050932175, -0.998867), (0.077602565, 0.018863764, -0.9968059), (0.08224999, -0.0041753137, -0.99660295), (0.019434467, 0.0015485465, -0.9998099), (0.077602565, 0.018863764, -0.9968059), (-0.08814319, 0.024267523, -0.9958121), (-0.05552514, 0.0051513757, -0.99844396), (0.08224999, -0.0041753137, -0.99660295), (-0.08814319, 0.024267523, -0.9958121), (-0.10939091, -0.00333117, -0.9939933), (-0.11258464, 0.010516509, -0.99358654), (-0.05552514, 0.0051513757, -0.99844396), (-0.10939091, -0.00333117, -0.9939933), (0.06721195, -0.0053715743, -0.99772424), (0.028124312, -0.0012405764, -0.9996037), (-0.11258464, 0.010516509, -0.99358654), (0.06721195, -0.0053715743, -0.99772424), (0.101027414, 0.027699664, -0.99449795), (0.10147271, -0.009196753, -0.9947958), (0.028124312, -0.0012405764, -0.9996037), (0.101027414, 0.027699664, -0.99449795), (-0.0655166, 0.023820568, -0.99756706), (-0.020932632, 0.00032681797, -0.9997808), (0.10147271, -0.009196753, -0.9947958), (-0.0655166, 0.023820568, -0.99756706), (-0.09085769, -0.01698806, -0.99571896), (-0.089983694, 0.0074149007, -0.9959157), (-0.020932632, 0.00032681797, -0.9997808), (-0.09085769, -0.01698806, -0.99571896), (0.08332059, -0.008248194, -0.99648863), (0.033730727, -0.0025187207, -0.99942774), (-0.089983694, 0.0074149007, -0.9959157), (0.08332059, -0.008248194, -0.99648863), (0.12099025, 0.036396574, -0.9919862), (0.11890754, -0.011589802, -0.9928377), (0.033730727, -0.0025187207, -0.99942774), (0.12099025, 0.036396574, -0.9919862), (-0.03861067, 0.019981155, -0.99905455), (0.015864935, -0.005942786, -0.9998565), (0.11890754, -0.011589802, -0.9928377), (-0.03861067, 0.019981155, -0.99905455), (-0.06699888, -0.030323565, -0.99729216), (-0.06447517, 0.002710669, -0.99791557), (0.015864935, -0.005942786, -0.9998565), (-0.06699888, -0.030323565, -0.99729216), (0.098683506, -0.008220126, -0.9950849), (0.040679045, -0.002224636, -0.9991698), (-0.06447517, 0.002710669, -0.99791557), (0.098683506, -0.008220126, -0.9950849), (0.14052354, 0.04431148, -0.9890852), (0.13810283, -0.012163808, -0.99034315), (0.040679045, -0.002224636, -0.9991698), (0.14052354, 0.04431148, -0.9890852), (-0.003579189, 0.014128739, -0.9998937), (0.056764796, -0.0119778775, -0.9983157), (0.13810283, -0.012163808, -0.99034315), (-0.003579189, 0.014128739, -0.9998937), (-0.032988664, -0.0420092, -0.9985725), (-0.0318836, -0.0017208251, -0.99949014), (0.056764796, -0.0119778775, -0.9983157), (-0.032988664, -0.0420092, -0.9985725), (0.11847824, -0.0058145616, -0.99293965), (0.056060035, -0.0012276785, -0.9984266), (-0.0318836, -0.0017208251, -0.99949014), (0.11847824, -0.0058145616, -0.99293965), (0.16606152, 0.050240193, -0.9848348), (0.16537483, -0.011757209, -0.98616076), (0.056060035, -0.0012276785, -0.9984266), (0.16606152, 0.050240193, -0.9848348), (0.048851572, 0.007879093, -0.99877495), (0.108798824, -0.015491005, -0.9939431), (0.16537483, -0.011757209, -0.98616076), (0.048851572, 0.007879093, -0.99877495), (0.025114015, -0.049761247, -0.99844533), (0.022014305, -0.0044663176, -0.9997477), (0.108798824, -0.015491005, -0.9939431), (0.025114015, -0.049761247, -0.99844533), (0.16160016, -0.002290353, -0.98685366), (0.101134904, -0.0007541412, -0.99487245), (0.022014305, -0.0044663176, -0.9997477), (0.16160016, -0.002290353, -0.98685366), (0.22514212, 0.051132485, -0.97298336), (0.22647321, -0.01034742, -0.9739624), (0.101134904, -0.0007541412, -0.99487245), (0.22514212, 0.051132485, -0.97298336), (0.17053406, 0.003984149, -0.9853437), (0.21911068, -0.014218265, -0.97559637), (0.22647321, -0.01034742, -0.9739624), (0.17053406, 0.003984149, -0.9853437), (0.21824309, -0.047266815, -0.9747491), (0.21198139, -0.0049161664, -0.97726136), (0.21911068, -0.014218265, -0.97559637), (0.21824309, -0.047266815, -0.9747491), (0.66801494, -0.02526271, -0.743719), (0.62008846, -0.0011499466, -0.7845311), (0.21198139, -0.0049161664, -0.97726136), (0.66801494, -0.02526271, -0.743719), (0.9749483, -0.0011340108, -0.22242843), (0.9746297, -0.0021260416, -0.22381334), (0.62008846, -0.0011499466, -0.7845311), (-0.97278166, -0.010319797, -0.23149347), (-0.6560273, -0.03821986, -0.7537688), (-0.69837177, 0.0022997377, -0.71573156), (-0.971635, -0.0015225686, -0.23648065), (-0.6560273, -0.03821986, -0.7537688), (-0.24863258, 0.0039641056, -0.9685897), (-0.31604713, 0.025855709, -0.948391), (-0.69837177, 0.0022997377, -0.71573156), (-0.24863258, 0.0039641056, -0.9685897), (-0.1383471, 0.07547682, -0.9875036), (-0.13633679, 0.025952512, -0.99032253), (-0.31604713, 0.025855709, -0.948391), (-0.1383471, 0.07547682, -0.9875036), (-0.16695108, 0.020420305, -0.9857537), (-0.085807696, -0.0018788775, -0.99631), (-0.13633679, 0.025952512, -0.99032253), (-0.16695108, 0.020420305, -0.9857537), (-0.18006578, -0.057866845, -0.98195094), (-0.1829752, 0.0013325891, -0.9831166), (-0.085807696, -0.0018788775, -0.99631), (-0.18006578, -0.057866845, -0.98195094), (-0.09036921, 0.010125033, -0.9958568), (-0.17694788, 0.026312036, -0.9838685), (-0.1829752, 0.0013325891, -0.9831166), (-0.09036921, 0.010125033, -0.9958568), (-0.027974294, 0.09478742, -0.99510443), (-0.022815833, 0.018860474, -0.9995617), (-0.17694788, 0.026312036, -0.9838685), (-0.027974294, 0.09478742, -0.99510443), (-0.08461971, 0.014199329, -0.99631214), (0.0035678586, 0.003355125, -0.999988), (-0.022815833, 0.018860474, -0.9995617), (-0.08461971, 0.014199329, -0.99631214), (-0.13041207, -0.067398205, -0.98916644), (-0.13542344, 0.012346428, -0.99071085), (0.0035678586, 0.003355125, -0.999988), (-0.13041207, -0.067398205, -0.98916644), (-0.05819462, 0.022607658, -0.9980492), (-0.14442539, 0.020015258, -0.9893132), (-0.13542344, 0.012346428, -0.99071085), (-0.05819462, 0.022607658, -0.9980492), (0.014562728, 0.10301892, -0.9945728), (0.020798977, 0.009013428, -0.99974304), (-0.14442539, 0.020015258, -0.9893132), (0.014562728, 0.10301892, -0.9945728), (-0.036691375, 0.003955198, -0.99931884), (0.04752166, 0.010491776, -0.9988151), (0.020798977, 0.009013428, -0.99974304), (-0.036691375, 0.003955198, -0.99931884), (-0.10488901, -0.069325276, -0.9920647), (-0.10968737, 0.02044708, -0.99375576), (0.04752166, 0.010491776, -0.9988151), (-0.10488901, -0.069325276, -0.9920647), (-0.046756405, 0.035327118, -0.9982814), (-0.1258229, 0.009490502, -0.9920074), (-0.10968737, 0.02044708, -0.99375576), (-0.046756405, 0.035327118, -0.9982814), (0.04386016, 0.10251579, -0.9937639), (0.04758547, 0.00050932175, -0.998867), (-0.1258229, 0.009490502, -0.9920074), (0.04386016, 0.10251579, -0.9937639), (0.002857386, -0.0058183162, -0.999979), (0.077602565, 0.018863764, -0.9968059), (0.04758547, 0.00050932175, -0.998867), (0.002857386, -0.0058183162, -0.999979), (-0.08693027, -0.0643407, -0.9941345), (-0.08814319, 0.024267523, -0.9958121), (0.077602565, 0.018863764, -0.9968059), (-0.08693027, -0.0643407, -0.9941345), (-0.041129917, 0.045253843, -0.9981285), (-0.10939091, -0.00333117, -0.9939933), (-0.08814319, 0.024267523, -0.9958121), (-0.041129917, 0.045253843, -0.9981285), (0.06933533, 0.09494659, -0.9930649), (0.06721195, -0.0053715743, -0.99772424), (-0.10939091, -0.00333117, -0.9939933), (0.06933533, 0.09494659, -0.9930649), (0.038667083, -0.012611797, -0.99917257), (0.101027414, 0.027699664, -0.99449795), (0.06721195, -0.0053715743, -0.99772424), (0.038667083, -0.012611797, -0.99917257), (-0.07125308, -0.053888325, -0.99600154), (-0.0655166, 0.023820568, -0.99756706), (0.101027414, 0.027699664, -0.99449795), (-0.07125308, -0.053888325, -0.99600154), (-0.03516144, 0.050375704, -0.99811125), (-0.09085769, -0.01698806, -0.99571896), (-0.0655166, 0.023820568, -0.99756706), (-0.03516144, 0.050375704, -0.99811125), (0.093840785, 0.08238931, -0.99217236), (0.08332059, -0.008248194, -0.99648863), (-0.09085769, -0.01698806, -0.99571896), (0.093840785, 0.08238931, -0.99217236), (0.07212888, -0.015092355, -0.99728113), (0.12099025, 0.036396574, -0.9919862), (0.08332059, -0.008248194, -0.99648863), (0.07212888, -0.015092355, -0.99728113), (-0.054041978, -0.039959032, -0.99773884), (-0.03861067, 0.019981155, -0.99905455), (0.12099025, 0.036396574, -0.9919862), (-0.054041978, -0.039959032, -0.99773884), (-0.024386823, 0.04978874, -0.998462), (-0.06699888, -0.030323565, -0.99729216), (-0.03861067, 0.019981155, -0.99905455), (-0.024386823, 0.04978874, -0.998462), (0.119134866, 0.066902384, -0.9906215), (0.098683506, -0.008220126, -0.9950849), (-0.06699888, -0.030323565, -0.99729216), (0.119134866, 0.066902384, -0.9906215), (0.10494215, -0.012997557, -0.9943934), (0.14052354, 0.04431148, -0.9890852), (0.098683506, -0.008220126, -0.9950849), (0.10494215, -0.012997557, -0.9943934), (-0.03027536, -0.024665141, -0.99923724), (-0.003579189, 0.014128739, -0.9998937), (0.14052354, 0.04431148, -0.9890852), (-0.03027536, -0.024665141, -0.99923724), (-0.0031711655, 0.043679535, -0.9990405), (-0.032988664, -0.0420092, -0.9985725), (-0.003579189, 0.014128739, -0.9998937), (-0.0031711655, 0.043679535, -0.9990405), (0.14898886, 0.05016242, -0.9875657), (0.11847824, -0.0058145616, -0.99293965), (-0.032988664, -0.0420092, -0.9985725), (0.14898886, 0.05016242, -0.9875657), (0.14259453, -0.00707478, -0.98975587), (0.16606152, 0.050240193, -0.9848348), (0.11847824, -0.0058145616, -0.99293965), (0.14259453, -0.00707478, -0.98975587), (0.011431703, -0.010059528, -0.99988407), (0.048851572, 0.007879093, -0.99877495), (0.16606152, 0.050240193, -0.9848348), (0.011431703, -0.010059528, -0.99988407), (0.042969186, 0.033010937, -0.99853086), (0.025114015, -0.049761247, -0.99844533), (0.048851572, 0.007879093, -0.99877495), (0.042969186, 0.033010937, -0.99853086), (0.19932292, 0.033307694, -0.9793676), (0.16160016, -0.002290353, -0.98685366), (0.025114015, -0.049761247, -0.99844533), (0.19932292, 0.033307694, -0.9793676), (0.21222861, 0.00085695233, -0.97721964), (0.22514212, 0.051132485, -0.97298336), (0.16160016, -0.002290353, -0.98685366), (0.21222861, 0.00085695233, -0.97721964), (0.12902772, 0.0013944962, -0.99164), (0.17053406, 0.003984149, -0.9853437), (0.22514212, 0.051132485, -0.97298336), (0.12902772, 0.0013944962, -0.99164), (0.22332837, 0.018173454, -0.9745738), (0.21824309, -0.047266815, -0.9747491), (0.17053406, 0.003984149, -0.9853437), (0.22332837, 0.018173454, -0.9745738), (0.6598153, 0.014945127, -0.7512792), (0.66801494, -0.02526271, -0.743719), (0.21824309, -0.047266815, -0.9747491), (0.6598153, 0.014945127, -0.7512792), (0.97488195, 0.0019473456, -0.222714), (0.9749483, -0.0011340108, -0.22242843), (0.66801494, -0.02526271, -0.743719), (-0.9736365, 0.0020794887, -0.22809575), (-0.6510438, 0.022929752, -0.7586938), (-0.6560273, -0.03821986, -0.7537688), (-0.97278166, -0.010319797, -0.23149347), (-0.6510438, 0.022929752, -0.7586938), (-0.20578109, 0.026786072, -0.97823143), (-0.24863258, 0.0039641056, -0.9685897), (-0.6560273, -0.03821986, -0.7537688), (-0.20578109, 0.026786072, -0.97823143), (-0.13508123, 0.002874115, -0.99083036), (-0.1383471, 0.07547682, -0.9875036), (-0.24863258, 0.0039641056, -0.9685897), (-0.13508123, 0.002874115, -0.99083036), (-0.21955481, 0.00026533156, -0.9756001), (-0.16695108, 0.020420305, -0.9857537), (-0.1383471, 0.07547682, -0.9875036), (-0.21955481, 0.00026533156, -0.9756001), (-0.18331808, 0.023764035, -0.9827664), (-0.18006578, -0.057866845, -0.98195094), (-0.16695108, 0.020420305, -0.9857537), (-0.18331808, 0.023764035, -0.9827664), (-0.022912081, 0.026403058, -0.99938875), (-0.09036921, 0.010125033, -0.9958568), (-0.18006578, -0.057866845, -0.98195094), (-0.022912081, 0.026403058, -0.99938875), (-0.020654306, 0.013680901, -0.99969304), (-0.027974294, 0.09478742, -0.99510443), (-0.09036921, 0.010125033, -0.9958568), (-0.020654306, 0.013680901, -0.99969304), (-0.15997295, 0.012770294, -0.9870388), (-0.08461971, 0.014199329, -0.99631214), (-0.027974294, 0.09478742, -0.99510443), (-0.15997295, 0.012770294, -0.9870388), (-0.13585714, 0.016709493, -0.99058753), (-0.13041207, -0.067398205, -0.98916644), (-0.08461971, 0.014199329, -0.99631214), (-0.13585714, 0.016709493, -0.99058753), (0.02921695, 0.019986864, -0.9993732), (-0.05819462, 0.022607658, -0.9980492), (-0.13041207, -0.067398205, -0.98916644), (0.02921695, 0.019986864, -0.9993732), (0.021623146, 0.029474515, -0.9993316), (0.014562728, 0.10301892, -0.9945728), (-0.05819462, 0.022607658, -0.9980492), (0.021623146, 0.029474515, -0.9993316), (-0.13163757, 0.025964318, -0.9909578), (-0.036691375, 0.003955198, -0.99931884), (0.014562728, 0.10301892, -0.9945728), (-0.13163757, 0.025964318, -0.9909578), (-0.108695306, 0.004687979, -0.99406403), (-0.10488901, -0.069325276, -0.9920647), (-0.036691375, 0.003955198, -0.99931884), (-0.108695306, 0.004687979, -0.99406403), (0.05724053, 0.014087967, -0.998261), (-0.046756405, 0.035327118, -0.9982814), (-0.10488901, -0.069325276, -0.9920647), (0.05724053, 0.014087967, -0.998261), (0.046673477, 0.049084228, -0.9977035), (0.04386016, 0.10251579, -0.9937639), (-0.046756405, 0.035327118, -0.9982814), (0.046673477, 0.049084228, -0.9977035), (-0.10730187, 0.03704615, -0.993536), (0.002857386, -0.0058183162, -0.999979), (0.04386016, 0.10251579, -0.9937639), (-0.10730187, 0.03704615, -0.993536), (-0.085909896, -0.009828088, -0.99625444), (-0.08693027, -0.0643407, -0.9941345), (0.002857386, -0.0058183162, -0.999979), (-0.085909896, -0.009828088, -0.99625444), (0.07429694, 0.010905554, -0.9971765), (-0.041129917, 0.045253843, -0.9981285), (-0.08693027, -0.0643407, -0.9941345), (0.07429694, 0.010905554, -0.9971765), (0.065429784, 0.06973407, -0.9954175), (0.06933533, 0.09494659, -0.9930649), (-0.041129917, 0.045253843, -0.9981285), (0.065429784, 0.06973407, -0.9954175), (-0.08033693, 0.04427506, -0.9957839), (0.038667083, -0.012611797, -0.99917257), (0.06933533, 0.09494659, -0.9930649), (-0.08033693, 0.04427506, -0.9957839), (-0.06376568, -0.024249015, -0.99767023), (-0.07125308, -0.053888325, -0.99600154), (0.038667083, -0.012611797, -0.99917257), (-0.06376568, -0.024249015, -0.99767023), (0.08486796, 0.011163368, -0.99632967), (-0.03516144, 0.050375704, -0.99811125), (-0.07125308, -0.053888325, -0.99600154), (0.08486796, 0.011163368, -0.99632967), (0.08291864, 0.08804509, -0.99265933), (0.093840785, 0.08238931, -0.99217236), (-0.03516144, 0.050375704, -0.99811125), (0.08291864, 0.08804509, -0.99265933), (-0.047981486, 0.046927974, -0.9977452), (0.07212888, -0.015092355, -0.99728113), (0.093840785, 0.08238931, -0.99217236), (-0.047981486, 0.046927974, -0.9977452), (-0.040445644, -0.03607224, -0.99853045), (-0.054041978, -0.039959032, -0.99773884), (0.07212888, -0.015092355, -0.99728113), (-0.040445644, -0.03607224, -0.99853045), (0.092584126, 0.014371418, -0.9956011), (-0.024386823, 0.04978874, -0.998462), (-0.054041978, -0.039959032, -0.99773884), (0.092584126, 0.014371418, -0.9956011), (0.1030334, 0.100621104, -0.9895754), (0.119134866, 0.066902384, -0.9906215), (-0.024386823, 0.04978874, -0.998462), (0.1030334, 0.100621104, -0.9895754), (-0.008229129, 0.04520562, -0.9989438), (0.10494215, -0.012997557, -0.9943934), (0.119134866, 0.066902384, -0.9906215), (-0.008229129, 0.04520562, -0.9989438), (-0.012854593, -0.043205824, -0.9989835), (-0.03027536, -0.024665141, -0.99923724), (0.10494215, -0.012997557, -0.9943934), (-0.012854593, -0.043205824, -0.9989835), (0.10320195, 0.019031707, -0.99447834), (-0.0031711655, 0.043679535, -0.9990405), (-0.03027536, -0.024665141, -0.99923724), (0.10320195, 0.019031707, -0.99447834), (0.13110603, 0.10444753, -0.9858509), (0.14898886, 0.05016242, -0.9875657), (-0.0031711655, 0.043679535, -0.9990405), (0.13110603, 0.10444753, -0.9858509), (0.04383984, 0.039943792, -0.99823976), (0.14259453, -0.00707478, -0.98975587), (0.14898886, 0.05016242, -0.9875657), (0.04383984, 0.039943792, -0.99823976), (0.028859183, -0.04420189, -0.99860567), (0.011431703, -0.010059528, -0.99988407), (0.14259453, -0.00707478, -0.98975587), (0.028859183, -0.04420189, -0.99860567), (0.13151501, 0.022637203, -0.99105567), (0.042969186, 0.033010937, -0.99853086), (0.011431703, -0.010059528, -0.99988407), (0.13151501, 0.022637203, -0.99105567), (0.18389134, 0.09647236, -0.9782009), (0.19932292, 0.033307694, -0.9793676), (0.042969186, 0.033010937, -0.99853086), (0.18389134, 0.09647236, -0.9782009), (0.1355337, 0.03239857, -0.9902429), (0.21222861, 0.00085695233, -0.97721964), (0.19932292, 0.033307694, -0.9793676), (0.1355337, 0.03239857, -0.9902429), (0.14035258, -0.03772055, -0.9893828), (0.12902772, 0.0013944962, -0.99164), (0.21222861, 0.00085695233, -0.97721964), (0.14035258, -0.03772055, -0.9893828), (0.28131962, 0.017592754, -0.95945287), (0.22332837, 0.018173454, -0.9745738), (0.12902772, 0.0013944962, -0.99164), (0.28131962, 0.017592754, -0.95945287), (0.67896694, 0.0530096, -0.7322526), (0.6598153, 0.014945127, -0.7512792), (0.22332837, 0.018173454, -0.9745738), (0.67896694, 0.0530096, -0.7322526), (0.9729632, 0.01588078, -0.23041345), (0.97488195, 0.0019473456, -0.222714), (0.6598153, 0.014945127, -0.7512792), (-0.9738132, -0.0037431153, -0.22731899), (-0.6547043, 0.008635888, -0.7558358), (-0.6510438, 0.022929752, -0.7586938), (-0.9736365, 0.0020794887, -0.22809575), (-0.6547043, 0.008635888, -0.7558358), (-0.2090499, 0.04359073, -0.97693294), (-0.20578109, 0.026786072, -0.97823143), (-0.6510438, 0.022929752, -0.7586938), (-0.2090499, 0.04359073, -0.97693294), (-0.1752867, 0.032095704, -0.9839941), (-0.13508123, 0.002874115, -0.99083036), (-0.20578109, 0.026786072, -0.97823143), (-0.1752867, 0.032095704, -0.9839941), (-0.22382022, -0.015536273, -0.9745067), (-0.21955481, 0.00026533156, -0.9756001), (-0.13508123, 0.002874115, -0.99083036), (-0.22382022, -0.015536273, -0.9745067), (-0.14745249, 0.005028683, -0.9890564), (-0.18331808, 0.023764035, -0.9827664), (-0.21955481, 0.00026533156, -0.9756001), (-0.14745249, 0.005028683, -0.9890564), (-0.020649226, 0.06608642, -0.9976002), (-0.022912081, 0.026403058, -0.99938875), (-0.18331808, 0.023764035, -0.9827664), (-0.020649226, 0.06608642, -0.9976002), (-0.058234677, 0.040069014, -0.9974985), (-0.020654306, 0.013680901, -0.99969304), (-0.022912081, 0.026403058, -0.99938875), (-0.058234677, 0.040069014, -0.9974985), (-0.16506313, -0.024961207, -0.9859671), (-0.15997295, 0.012770294, -0.9870388), (-0.020654306, 0.013680901, -0.99969304), (-0.16506313, -0.024961207, -0.9859671), (-0.10596204, 0.0095436955, -0.9943243), (-0.13585714, 0.016709493, -0.99058753), (-0.15997295, 0.012770294, -0.9870388), (-0.10596204, 0.0095436955, -0.9943243), (0.03433406, 0.08256228, -0.99599427), (0.02921695, 0.019986864, -0.9993732), (-0.13585714, 0.016709493, -0.99058753), (0.03433406, 0.08256228, -0.99599427), (-0.0056591555, 0.04257102, -0.9990774), (0.021623146, 0.029474515, -0.9993316), (0.02921695, 0.019986864, -0.9993732), (-0.0056591555, 0.04257102, -0.9990774), (-0.13924398, -0.030345261, -0.98979306), (-0.13163757, 0.025964318, -0.9909578), (0.021623146, 0.029474515, -0.9993316), (-0.13924398, -0.030345261, -0.98979306), (-0.089170106, 0.017366393, -0.99586505), (-0.108695306, 0.004687979, -0.99406403), (-0.13163757, 0.025964318, -0.9909578), (-0.089170106, 0.017366393, -0.99586505), (0.06718786, 0.09283503, -0.99341196), (0.05724053, 0.014087967, -0.998261), (-0.108695306, 0.004687979, -0.99406403), (0.06718786, 0.09283503, -0.99341196), (0.031656858, 0.042242654, -0.9986057), (0.046673477, 0.049084228, -0.9977035), (0.05724053, 0.014087967, -0.998261), (0.031656858, 0.042242654, -0.9986057), (-0.12059953, -0.029279752, -0.99226934), (-0.10730187, 0.03704615, -0.993536), (0.046673477, 0.049084228, -0.9977035), (-0.12059953, -0.029279752, -0.99226934), (-0.07757025, 0.027187958, -0.9966161), (-0.085909896, -0.009828088, -0.99625444), (-0.10730187, 0.03704615, -0.993536), (-0.07757025, 0.027187958, -0.9966161), (0.09177082, 0.095648736, -0.99117583), (0.07429694, 0.010905554, -0.9971765), (-0.085909896, -0.009828088, -0.99625444), (0.09177082, 0.095648736, -0.99117583), (0.06159599, 0.040370826, -0.9972844), (0.065429784, 0.06973407, -0.9954175), (0.07429694, 0.010905554, -0.9971765), (0.06159599, 0.040370826, -0.9972844), (-0.10285286, -0.021321943, -0.994468), (-0.08033693, 0.04427506, -0.9957839), (0.065429784, 0.06973407, -0.9954175), (-0.10285286, -0.021321943, -0.994468), (-0.06500734, 0.03691093, -0.9972019), (-0.06376568, -0.024249015, -0.99767023), (-0.08033693, 0.04427506, -0.9957839), (-0.06500734, 0.03691093, -0.9972019), (0.11227962, 0.09102572, -0.9894987), (0.08486796, 0.011163368, -0.99632967), (-0.06376568, -0.024249015, -0.99767023), (0.11227962, 0.09102572, -0.9894987), (0.08693097, 0.038118362, -0.99548477), (0.08291864, 0.08804509, -0.99265933), (0.08486796, 0.011163368, -0.99632967), (0.08693097, 0.038118362, -0.99548477), (-0.08240903, -0.00791272, -0.9965672), (-0.047981486, 0.046927974, -0.9977452), (0.08291864, 0.08804509, -0.99265933), (-0.08240903, -0.00791272, -0.9965672), (-0.047997758, 0.04423505, -0.99786747), (-0.040445644, -0.03607224, -0.99853045), (-0.047981486, 0.046927974, -0.9977452), (-0.047997758, 0.04423505, -0.99786747), (0.13096087, 0.08032375, -0.98812824), (0.092584126, 0.014371418, -0.9956011), (-0.040445644, -0.03607224, -0.99853045), (0.13096087, 0.08032375, -0.98812824), (0.110289216, 0.03632567, -0.99323547), (0.1030334, 0.100621104, -0.9895754), (0.092584126, 0.014371418, -0.9956011), (0.110289216, 0.03632567, -0.99323547), (-0.05522363, 0.008013639, -0.9984418), (-0.008229129, 0.04520562, -0.9989438), (0.1030334, 0.100621104, -0.9895754), (-0.05522363, 0.008013639, -0.9984418), (-0.022803085, 0.04731077, -0.9986199), (-0.012854593, -0.043205824, -0.9989835), (-0.008229129, 0.04520562, -0.9989438), (-0.022803085, 0.04731077, -0.9986199), (0.15108095, 0.065714516, -0.9863347), (0.10320195, 0.019031707, -0.99447834), (-0.012854593, -0.043205824, -0.9989835), (0.15108095, 0.065714516, -0.9863347), (0.13691427, 0.03506067, -0.9899623), (0.13110603, 0.10444753, -0.9858509), (0.10320195, 0.019031707, -0.99447834), (0.13691427, 0.03506067, -0.9899623), (-0.013316237, 0.02256415, -0.9996567), (0.04383984, 0.039943792, -0.99823976), (0.13110603, 0.10444753, -0.9858509), (-0.013316237, 0.02256415, -0.9996567), (0.019749977, 0.04514401, -0.99878526), (0.028859183, -0.04420189, -0.99860567), (0.04383984, 0.039943792, -0.99823976), (0.019749977, 0.04514401, -0.99878526), (0.18351321, 0.049323052, -0.98177916), (0.13151501, 0.022637203, -0.99105567), (0.028859183, -0.04420189, -0.99860567), (0.18351321, 0.049323052, -0.98177916), (0.18453181, 0.03295187, -0.982274), (0.18389134, 0.09647236, -0.9782009), (0.13151501, 0.022637203, -0.99105567), (0.18453181, 0.03295187, -0.982274), (0.07532871, 0.030912843, -0.9966795), (0.1355337, 0.03239857, -0.9902429), (0.18389134, 0.09647236, -0.9782009), (0.07532871, 0.030912843, -0.9966795), (0.13196024, 0.036684386, -0.99057597), (0.14035258, -0.03772055, -0.9893828), (0.1355337, 0.03239857, -0.9902429), (0.13196024, 0.036684386, -0.99057597), (0.31805784, 0.030757023, -0.94757235), (0.28131962, 0.017592754, -0.95945287), (0.14035258, -0.03772055, -0.9893828), (0.31805784, 0.030757023, -0.94757235), (0.69454646, 0.01765342, -0.7192313), (0.67896694, 0.0530096, -0.7322526), (0.28131962, 0.017592754, -0.95945287), (0.69454646, 0.01765342, -0.7192313), (0.97089523, 0.0046648653, -0.23945896), (0.9729632, 0.01588078, -0.23041345), (0.67896694, 0.0530096, -0.7322526), (-0.9741415, 0.0006280788, -0.22593804), (-0.61789286, 0.009786003, -0.7862014), (-0.6547043, 0.008635888, -0.7558358), (-0.9738132, -0.0037431153, -0.22731899), (-0.61789286, 0.009786003, -0.7862014), (-0.1913442, 0.019211875, -0.9813349), (-0.2090499, 0.04359073, -0.97693294), (-0.6547043, 0.008635888, -0.7558358), (-0.1913442, 0.019211875, -0.9813349), (-0.19107004, 0.028701372, -0.9811567), (-0.1752867, 0.032095704, -0.9839941), (-0.2090499, 0.04359073, -0.97693294), (-0.19107004, 0.028701372, -0.9811567), (-0.23978311, 0.03733891, -0.9701082), (-0.22382022, -0.015536273, -0.9745067), (-0.1752867, 0.032095704, -0.9839941), (-0.23978311, 0.03733891, -0.9701082), (-0.121716775, 0.034489363, -0.9919654), (-0.14745249, 0.005028683, -0.9890564), (-0.22382022, -0.015536273, -0.9745067), (-0.121716775, 0.034489363, -0.9919654), (-0.0055457423, 0.029906973, -0.9995373), (-0.020649226, 0.06608642, -0.9976002), (-0.14745249, 0.005028683, -0.9890564), (-0.0055457423, 0.029906973, -0.9995373), (-0.083191074, 0.03188662, -0.9960233), (-0.058234677, 0.040069014, -0.9974985), (-0.020649226, 0.06608642, -0.9976002), (-0.083191074, 0.03188662, -0.9960233), (-0.17540896, 0.041325778, -0.98362786), (-0.16506313, -0.024961207, -0.9859671), (-0.058234677, 0.040069014, -0.9974985), (-0.17540896, 0.041325778, -0.98362786), (-0.07458386, 0.043241434, -0.9962768), (-0.10596204, 0.0095436955, -0.9943243), (-0.16506313, -0.024961207, -0.9859671), (-0.07458386, 0.043241434, -0.9962768), (0.04064207, 0.037126854, -0.9984838), (0.03433406, 0.08256228, -0.99599427), (-0.10596204, 0.0095436955, -0.9943243), (0.04064207, 0.037126854, -0.9984838), (-0.036354825, 0.033223294, -0.9987865), (-0.0056591555, 0.04257102, -0.9990774), (0.03433406, 0.08256228, -0.99599427), (-0.036354825, 0.033223294, -0.9987865), (-0.13973325, 0.043609977, -0.98922837), (-0.13924398, -0.030345261, -0.98979306), (-0.0056591555, 0.04257102, -0.9990774), (-0.13973325, 0.043609977, -0.98922837), (-0.055591974, 0.04968199, -0.9972167), (-0.089170106, 0.017366393, -0.99586505), (-0.13924398, -0.030345261, -0.98979306), (-0.055591974, 0.04968199, -0.9972167), (0.062014285, 0.042369343, -0.9971756), (0.06718786, 0.09283503, -0.99341196), (-0.089170106, 0.017366393, -0.99586505), (0.062014285, 0.042369343, -0.9971756), (-0.0006747278, 0.034340665, -0.99941), (0.031656858, 0.042242654, -0.9986057), (0.06718786, 0.09283503, -0.99341196), (-0.0006747278, 0.034340665, -0.99941), (-0.109293856, 0.045568697, -0.9929644), (-0.12059953, -0.029279752, -0.99226934), (0.031656858, 0.042242654, -0.9986057), (-0.109293856, 0.045568697, -0.9929644), (-0.045686323, 0.054936405, -0.9974441), (-0.07757025, 0.027187958, -0.9966161), (-0.12059953, -0.029279752, -0.99226934), (-0.045686323, 0.054936405, -0.9974441), (0.07448935, 0.04578583, -0.99617016), (0.09177082, 0.095648736, -0.99117583), (-0.07757025, 0.027187958, -0.9966161), (0.07448935, 0.04578583, -0.99617016), (0.032076165, 0.03489865, -0.9988759), (0.06159599, 0.040370826, -0.9972844), (0.09177082, 0.095648736, -0.99117583), (0.032076165, 0.03489865, -0.9988759), (-0.07978582, 0.047398426, -0.99568456), (-0.10285286, -0.021321943, -0.994468), (0.06159599, 0.040370826, -0.9972844), (-0.07978582, 0.047398426, -0.99568456), (-0.038728498, 0.059672374, -0.99746644), (-0.06500734, 0.03691093, -0.9972019), (-0.10285286, -0.021321943, -0.994468), (-0.038728498, 0.059672374, -0.99746644), (0.08419996, 0.047266774, -0.9953272), (0.11227962, 0.09102572, -0.9894987), (-0.06500734, 0.03691093, -0.9972019), (0.08419996, 0.047266774, -0.9953272), (0.064313486, 0.034096513, -0.9973471), (0.08693097, 0.038118362, -0.99548477), (0.11227962, 0.09102572, -0.9894987), (0.064313486, 0.034096513, -0.9973471), (-0.049619403, 0.04911563, -0.9975598), (-0.08240903, -0.00791272, -0.9965672), (0.08693097, 0.038118362, -0.99548477), (-0.049619403, 0.04911563, -0.9975598), (-0.030635657, 0.06398381, -0.99748063), (-0.047997758, 0.04423505, -0.99786747), (-0.08240903, -0.00791272, -0.9965672), (-0.030635657, 0.06398381, -0.99748063), (0.095185086, 0.04650128, -0.9943729), (0.13096087, 0.08032375, -0.98812824), (-0.047997758, 0.04423505, -0.99786747), (0.095185086, 0.04650128, -0.9943729), (0.09742689, 0.031321898, -0.99474967), (0.110289216, 0.03632567, -0.99323547), (0.13096087, 0.08032375, -0.98812824), (0.09742689, 0.031321898, -0.99474967), (-0.016662367, 0.05058186, -0.99858093), (-0.05522363, 0.008013639, -0.9984418), (0.110289216, 0.03632567, -0.99323547), (-0.016662367, 0.05058186, -0.99858093), (-0.0163801, 0.06711935, -0.9976105), (-0.022803085, 0.04731077, -0.9986199), (-0.05522363, 0.008013639, -0.9984418), (-0.0163801, 0.06711935, -0.9976105), (0.11216616, 0.043068398, -0.9927557), (0.15108095, 0.065714516, -0.9863347), (-0.022803085, 0.04731077, -0.9986199), (0.11216616, 0.043068398, -0.9927557), (0.13458523, 0.026484165, -0.990548), (0.13691427, 0.03506067, -0.9899623), (0.15108095, 0.065714516, -0.9863347), (0.13458523, 0.026484165, -0.990548), (0.025363568, 0.051060867, -0.9983734), (-0.013316237, 0.02256415, -0.9996567), (0.13691427, 0.03506067, -0.9899623), (0.025363568, 0.051060867, -0.9983734), (0.015121716, 0.067288436, -0.9976189), (0.019749977, 0.04514401, -0.99878526), (-0.013316237, 0.02256415, -0.9996567), (0.015121716, 0.067288436, -0.9976189), (0.14699829, 0.036547672, -0.9884613), (0.18351321, 0.049323052, -0.98177916), (0.019749977, 0.04514401, -0.99878526), (0.14699829, 0.036547672, -0.9884613), (0.19038355, 0.019776551, -0.9815106), (0.18453181, 0.03295187, -0.982274), (0.18351321, 0.049323052, -0.98177916), (0.19038355, 0.019776551, -0.9815106), (0.10613474, 0.047772057, -0.9932035), (0.07532871, 0.030912843, -0.9966795), (0.18453181, 0.03295187, -0.982274), (0.10613474, 0.047772057, -0.9932035), (0.11907052, 0.060288966, -0.9910537), (0.13196024, 0.036684386, -0.99057597), (0.07532871, 0.030912843, -0.9966795), (0.11907052, 0.060288966, -0.9910537), (0.2922499, 0.025910448, -0.9559909), (0.31805784, 0.030757023, -0.94757235), (0.13196024, 0.036684386, -0.99057597), (0.2922499, 0.025910448, -0.9559909), (0.6682713, 0.0022976804, -0.7439141), (0.69454646, 0.01765342, -0.7192313), (0.31805784, 0.030757023, -0.94757235), (0.6682713, 0.0022976804, -0.7439141), (0.97033256, 0.00034652278, -0.2417741), (0.97089523, 0.0046648653, -0.23945896), (0.69454646, 0.01765342, -0.7192313), (-0.97195596, 0.01877211, -0.2344125), (-0.65207815, 0.061267003, -0.7556722), (-0.61789286, 0.009786003, -0.7862014), (-0.9741415, 0.0006280788, -0.22593804), (-0.65207815, 0.061267003, -0.7556722), (-0.25005957, 0.0164685, -0.96809036), (-0.1913442, 0.019211875, -0.9813349), (-0.61789286, 0.009786003, -0.7862014), (-0.25005957, 0.0164685, -0.96809036), (-0.1655696, -0.02858574, -0.98578376), (-0.19107004, 0.028701372, -0.9811567), (-0.1913442, 0.019211875, -0.9813349), (-0.1655696, -0.02858574, -0.98578376), (-0.16097574, 0.0703775, -0.9844459), (-0.23978311, 0.03733891, -0.9701082), (-0.19107004, 0.028701372, -0.9811567), (-0.16097574, 0.0703775, -0.9844459), (-0.15289767, 0.1275741, -0.9799731), (-0.121716775, 0.034489363, -0.9919654), (-0.23978311, 0.03733891, -0.9701082), (-0.15289767, 0.1275741, -0.9799731), (-0.09183807, 0.023617266, -0.9954938), (-0.0055457423, 0.029906973, -0.9995373), (-0.121716775, 0.034489363, -0.9919654), (-0.09183807, 0.023617266, -0.9954938), (-0.047987495, -0.032912362, -0.99830556), (-0.083191074, 0.03188662, -0.9960233), (-0.0055457423, 0.029906973, -0.9995373), (-0.047987495, -0.032912362, -0.99830556), (-0.081868514, 0.083952345, -0.993101), (-0.17540896, 0.041325778, -0.98362786), (-0.083191074, 0.03188662, -0.9960233), (-0.081868514, 0.083952345, -0.993101), (-0.114356436, 0.14088722, -0.98339885), (-0.07458386, 0.043241434, -0.9962768), (-0.17540896, 0.041325778, -0.98362786), (-0.114356436, 0.14088722, -0.98339885), (-0.05467011, 0.021920415, -0.99826384), (0.04064207, 0.037126854, -0.9984838), (-0.07458386, 0.043241434, -0.9962768), (-0.05467011, 0.021920415, -0.99826384), (0.006824277, -0.030711196, -0.99950504), (-0.036354825, 0.033223294, -0.9987865), (0.04064207, 0.037126854, -0.9984838), (0.006824277, -0.030711196, -0.99950504), (-0.041300897, 0.09343077, -0.9947688), (-0.13973325, 0.043609977, -0.98922837), (-0.036354825, 0.033223294, -0.9987865), (-0.041300897, 0.09343077, -0.9947688), (-0.10158439, 0.14218569, -0.98461354), (-0.055591974, 0.04968199, -0.9972167), (-0.13973325, 0.043609977, -0.98922837), (-0.10158439, 0.14218569, -0.98461354), (-0.033823878, 0.019333266, -0.9992408), (0.062014285, 0.042369343, -0.9971756), (-0.055591974, 0.04968199, -0.9972167), (-0.033823878, 0.019333266, -0.9992408), (0.04772016, -0.023148954, -0.99859244), (-0.0006747278, 0.034340665, -0.99941), (0.062014285, 0.042369343, -0.9971756), (0.04772016, -0.023148954, -0.99859244), (-0.013437986, 0.09863545, -0.9950329), (-0.109293856, 0.045568697, -0.9929644), (-0.0006747278, 0.034340665, -0.99941), (-0.013437986, 0.09863545, -0.9950329), (-0.09504916, 0.13476585, -0.9863082), (-0.045686323, 0.054936405, -0.9974441), (-0.109293856, 0.045568697, -0.9929644), (-0.09504916, 0.13476585, -0.9863082), (-0.015518431, 0.018081507, -0.99971604), (0.07448935, 0.04578583, -0.99617016), (-0.045686323, 0.054936405, -0.9974441), (-0.015518431, 0.018081507, -0.99971604), (0.08196912, -0.0112005, -0.99657196), (0.032076165, 0.03489865, -0.9988759), (0.07448935, 0.04578583, -0.99617016), (0.08196912, -0.0112005, -0.99657196), (0.0072187493, 0.0987119, -0.9950898), (-0.07978582, 0.047398426, -0.99568456), (0.032076165, 0.03489865, -0.9988759), (0.0072187493, 0.0987119, -0.9950898), (-0.08786895, 0.12081207, -0.9887788), (-0.038728498, 0.059672374, -0.99746644), (-0.07978582, 0.047398426, -0.99568456), (-0.08786895, 0.12081207, -0.9887788), (0.0046076826, 0.019507056, -0.99979913), (0.08419996, 0.047266774, -0.9953272), (-0.038728498, 0.059672374, -0.99746644), (0.0046076826, 0.019507056, -0.99979913), (0.111312866, 0.0034775967, -0.9937793), (0.064313486, 0.034096513, -0.9973471), (0.08419996, 0.047266774, -0.9953272), (0.111312866, 0.0034775967, -0.9937793), (0.023855641, 0.09294333, -0.9953856), (-0.049619403, 0.04911563, -0.9975598), (0.064313486, 0.034096513, -0.9973471), (0.023855641, 0.09294333, -0.9953856), (-0.07542322, 0.1026941, -0.9918494), (-0.030635657, 0.06398381, -0.99748063), (-0.049619403, 0.04911563, -0.9975598), (-0.07542322, 0.1026941, -0.9918494), (0.028670268, 0.024196526, -0.99929607), (0.095185086, 0.04650128, -0.9943729), (-0.030635657, 0.06398381, -0.99748063), (0.028670268, 0.024196526, -0.99929607), (0.13693467, 0.018411843, -0.99040896), (0.09742689, 0.031321898, -0.99474967), (0.095185086, 0.04650128, -0.9943729), (0.13693467, 0.018411843, -0.99040896), (0.040684912, 0.08117833, -0.99586886), (-0.016662367, 0.05058186, -0.99858093), (0.09742689, 0.031321898, -0.99474967), (0.040684912, 0.08117833, -0.99586886), (-0.052664824, 0.08301627, -0.99515563), (-0.0163801, 0.06711935, -0.9976105), (-0.016662367, 0.05058186, -0.99858093), (-0.052664824, 0.08301627, -0.99515563), (0.05943983, 0.03171767, -0.9977279), (0.11216616, 0.043068398, -0.9927557), (-0.0163801, 0.06711935, -0.9976105), (0.05943983, 0.03171767, -0.9977279), (0.1623953, 0.030465307, -0.98625535), (0.13458523, 0.026484165, -0.990548), (0.11216616, 0.043068398, -0.9927557), (0.1623953, 0.030465307, -0.98625535), (0.06611692, 0.06398671, -0.9957582), (0.025363568, 0.051060867, -0.9983734), (0.13458523, 0.026484165, -0.990548), (0.06611692, 0.06398671, -0.9957582), (-0.009359394, 0.06398645, -0.9979069), (0.015121716, 0.067288436, -0.9976189), (0.025363568, 0.051060867, -0.9983734), (-0.009359394, 0.06398645, -0.9979069), (0.107052684, 0.039980542, -0.99344915), (0.14699829, 0.036547672, -0.9884613), (0.015121716, 0.067288436, -0.9976189), (0.107052684, 0.039980542, -0.99344915), (0.20333645, 0.036064018, -0.9784445), (0.19038355, 0.019776551, -0.9815106), (0.14699829, 0.036547672, -0.9884613), (0.20333645, 0.036064018, -0.9784445), (0.13086843, 0.042294983, -0.9904972), (0.10613474, 0.047772057, -0.9932035), (0.19038355, 0.019776551, -0.9815106), (0.13086843, 0.042294983, -0.9904972), (0.106976666, 0.04502752, -0.9932415), (0.11907052, 0.060288966, -0.9910537), (0.10613474, 0.047772057, -0.9932035), (0.106976666, 0.04502752, -0.9932415), (0.26200333, 0.041342914, -0.964181), (0.2922499, 0.025910448, -0.9559909), (0.11907052, 0.060288966, -0.9910537), (0.26200333, 0.041342914, -0.964181), (0.6714164, 0.023547865, -0.7407061), (0.6682713, 0.0022976804, -0.7439141), (0.2922499, 0.025910448, -0.9559909), (0.6714164, 0.023547865, -0.7407061), (0.96991515, 0.0034309165, -0.24341896), (0.97033256, 0.00034652278, -0.2417741), (0.6682713, 0.0022976804, -0.7439141), (-0.9689144, 0.009425783, -0.24721658), (-0.6817942, 0.036412105, -0.73063725), (-0.65207815, 0.061267003, -0.7556722), (-0.97195596, 0.01877211, -0.2344125), (-0.6817942, 0.036412105, -0.73063725), (-0.3072186, 0.049435444, -0.95035404), (-0.25005957, 0.0164685, -0.96809036), (-0.65207815, 0.061267003, -0.7556722), (-0.3072186, 0.049435444, -0.95035404), (-0.13588311, 0.05244225, -0.98933595), (-0.1655696, -0.02858574, -0.98578376), (-0.25005957, 0.0164685, -0.96809036), (-0.13588311, 0.05244225, -0.98933595), (-0.07974304, 0.059069466, -0.9950638), (-0.16097574, 0.0703775, -0.9844459), (-0.1655696, -0.02858574, -0.98578376), (-0.07974304, 0.059069466, -0.9950638), (-0.17604169, 0.061257098, -0.98247486), (-0.15289767, 0.1275741, -0.9799731), (-0.16097574, 0.0703775, -0.9844459), (-0.17604169, 0.061257098, -0.98247486), (-0.16236843, 0.07006832, -0.9842393), (-0.09183807, 0.023617266, -0.9954938), (-0.15289767, 0.1275741, -0.9799731), (-0.16236843, 0.07006832, -0.9842393), (-0.012393275, 0.07589043, -0.99703914), (-0.047987495, -0.032912362, -0.99830556), (-0.09183807, 0.023617266, -0.9954938), (-0.012393275, 0.07589043, -0.99703914), (-0.011768471, 0.06237288, -0.9979836), (-0.081868514, 0.083952345, -0.993101), (-0.047987495, -0.032912362, -0.99830556), (-0.011768471, 0.06237288, -0.9979836), (-0.14630094, 0.055576112, -0.9876778), (-0.114356436, 0.14088722, -0.98339885), (-0.081868514, 0.083952345, -0.993101), (-0.14630094, 0.055576112, -0.9876778), (-0.11101267, 0.082807995, -0.99036306), (-0.05467011, 0.021920415, -0.99826384), (-0.114356436, 0.14088722, -0.98339885), (-0.11101267, 0.082807995, -0.99036306), (0.044545308, 0.09264073, -0.9947027), (0.006824277, -0.030711196, -0.99950504), (-0.05467011, 0.021920415, -0.99826384), (0.044545308, 0.09264073, -0.9947027), (0.005975794, 0.058035843, -0.9982967), (-0.041300897, 0.09343077, -0.9947688), (0.006824277, -0.030711196, -0.99950504), (0.005975794, 0.058035843, -0.9982967), (-0.13476655, 0.046604794, -0.9897808), (-0.10158439, 0.14218569, -0.98461354), (-0.041300897, 0.09343077, -0.9947688), (-0.13476655, 0.046604794, -0.9897808), (-0.067811936, 0.093287714, -0.9933272), (-0.033823878, 0.019333266, -0.9992408), (-0.10158439, 0.14218569, -0.98461354), (-0.067811936, 0.093287714, -0.9933272), (0.080613956, 0.10401387, -0.99130344), (0.04772016, -0.023148954, -0.99859244), (-0.033823878, 0.019333266, -0.9992408), (0.080613956, 0.10401387, -0.99130344), (0.0069598923, 0.049033027, -0.9987729), (-0.013437986, 0.09863545, -0.9950329), (0.04772016, -0.023148954, -0.99859244), (0.0069598923, 0.049033027, -0.9987729), (-0.12114103, 0.03716484, -0.99193937), (-0.09504916, 0.13476585, -0.9863082), (-0.013437986, 0.09863545, -0.9950329), (-0.12114103, 0.03716484, -0.99193937), (-0.0248352, 0.10223156, -0.9944506), (-0.015518431, 0.018081507, -0.99971604), (-0.09504916, 0.13476585, -0.9863082), (-0.0248352, 0.10223156, -0.9944506), (0.1021616, 0.11039463, -0.9886233), (0.08196912, -0.0112005, -0.99657196), (-0.015518431, 0.018081507, -0.99971604), (0.1021616, 0.11039463, -0.9886233), (0.0020382218, 0.036802493, -0.99932045), (0.0072187493, 0.0987119, -0.9950898), (0.08196912, -0.0112005, -0.99657196), (0.0020382218, 0.036802493, -0.99932045), (-0.09874039, 0.028568333, -0.9947031), (-0.08786895, 0.12081207, -0.9887788), (0.0072187493, 0.0987119, -0.9950898), (-0.09874039, 0.028568333, -0.9947031), (0.017777411, 0.10980002, -0.9937947), (0.0046076826, 0.019507056, -0.99979913), (-0.08786895, 0.12081207, -0.9887788), (0.017777411, 0.10980002, -0.9937947), (0.11181423, 0.11196143, -0.9874017), (0.111312866, 0.0034775967, -0.9937793), (0.0046076826, 0.019507056, -0.99979913), (0.11181423, 0.11196143, -0.9874017), (-0.0012683262, 0.022494158, -0.99974614), (0.023855641, 0.09294333, -0.9953856), (0.111312866, 0.0034775967, -0.9937793), (-0.0012683262, 0.022494158, -0.99974614), (-0.06482438, 0.021863667, -0.9976571), (-0.07542322, 0.1026941, -0.9918494), (0.023855641, 0.09294333, -0.9953856), (-0.06482438, 0.021863667, -0.9976571), (0.058334906, 0.11569807, -0.99157), (0.028670268, 0.024196526, -0.99929607), (-0.07542322, 0.1026941, -0.9918494), (0.058334906, 0.11569807, -0.99157), (0.113533065, 0.1085102, -0.9875909), (0.13693467, 0.018411843, -0.99040896), (0.028670268, 0.024196526, -0.99929607), (0.113533065, 0.1085102, -0.9875909), (0.0042626695, 0.0076290066, -0.9999618), (0.040684912, 0.08117833, -0.99586886), (0.13693467, 0.018411843, -0.99040896), (0.0042626695, 0.0076290066, -0.9999618), (-0.018045183, 0.017963393, -0.99967575), (-0.052664824, 0.08301627, -0.99515563), (0.040684912, 0.08117833, -0.99586886), (-0.018045183, 0.017963393, -0.99967575), (0.09682827, 0.118565805, -0.9882138), (0.05943983, 0.03171767, -0.9977279), (-0.052664824, 0.08301627, -0.99515563), (0.09682827, 0.118565805, -0.9882138), (0.11538102, 0.09950437, -0.9883249), (0.1623953, 0.030465307, -0.98625535), (0.05943983, 0.03171767, -0.9977279), (0.11538102, 0.09950437, -0.9883249), (0.028344147, -0.0055093747, -0.99958307), (0.06611692, 0.06398671, -0.9957582), (0.1623953, 0.030465307, -0.98625535), (0.028344147, -0.0055093747, -0.99958307), (0.046217196, 0.016958894, -0.99878746), (-0.009359394, 0.06398645, -0.9979069), (0.06611692, 0.06398671, -0.9957582), (0.046217196, 0.016958894, -0.99878746), (0.14212611, 0.114854954, -0.9831625), (0.107052684, 0.039980542, -0.99344915), (-0.009359394, 0.06398645, -0.9979069), (0.14212611, 0.114854954, -0.9831625), (0.13962343, 0.084191695, -0.986619), (0.20333645, 0.036064018, -0.9784445), (0.107052684, 0.039980542, -0.99344915), (0.13962343, 0.084191695, -0.986619), (0.10099816, -0.0137648005, -0.9947914), (0.13086843, 0.042294983, -0.9904972), (0.20333645, 0.036064018, -0.9784445), (0.10099816, -0.0137648005, -0.9947914), (0.1696081, 0.015329017, -0.98539233), (0.106976666, 0.04502752, -0.9932415), (0.13086843, 0.042294983, -0.9904972), (0.1696081, 0.015329017, -0.98539233), (0.28568557, 0.09153641, -0.95394176), (0.26200333, 0.041342914, -0.964181), (0.106976666, 0.04502752, -0.9932415), (0.28568557, 0.09153641, -0.95394176), (0.63902944, 0.0667326, -0.7662821), (0.6714164, 0.023547865, -0.7407061), (0.26200333, 0.041342914, -0.964181), (0.63902944, 0.0667326, -0.7662821), (0.9687523, 0.006651223, -0.247941), (0.96991515, 0.0034309165, -0.24341896), (0.6714164, 0.023547865, -0.7407061), (-0.9669807, 0.0067333877, -0.25476053), (-0.6543518, 0.027729372, -0.7556817), (-0.6817942, 0.036412105, -0.73063725), (-0.9689144, 0.009425783, -0.24721658), (-0.6543518, 0.027729372, -0.7556817), (-0.2950741, 0.05383939, -0.9539563), (-0.3072186, 0.049435444, -0.95035404), (-0.6817942, 0.036412105, -0.73063725), (-0.2950741, 0.05383939, -0.9539563), (-0.11896477, 0.07727474, -0.9898869), (-0.13588311, 0.05244225, -0.98933595), (-0.3072186, 0.049435444, -0.95035404), (-0.11896477, 0.07727474, -0.9898869), (-0.091302514, 0.076293536, -0.9928963), (-0.07974304, 0.059069466, -0.9950638), (-0.13588311, 0.05244225, -0.98933595), (-0.091302514, 0.076293536, -0.9928963), (-0.1839535, 0.06705804, -0.9806448), (-0.17604169, 0.061257098, -0.98247486), (-0.07974304, 0.059069466, -0.9950638), (-0.1839535, 0.06705804, -0.9806448), (-0.13420525, 0.07651044, -0.98799545), (-0.16236843, 0.07006832, -0.9842393), (-0.17604169, 0.061257098, -0.98247486), (-0.13420525, 0.07651044, -0.98799545), (-0.0025917871, 0.086582765, -0.9962413), (-0.012393275, 0.07589043, -0.99703914), (-0.16236843, 0.07006832, -0.9842393), (-0.0025917871, 0.086582765, -0.9962413), (-0.04638421, 0.0825333, -0.9955084), (-0.011768471, 0.06237288, -0.9979836), (-0.012393275, 0.07589043, -0.99703914), (-0.04638421, 0.0825333, -0.9955084), (-0.14631498, 0.07999549, -0.98599833), (-0.14630094, 0.055576112, -0.9876778), (-0.011768471, 0.06237288, -0.9979836), (-0.14631498, 0.07999549, -0.98599833), (-0.06438088, 0.087553926, -0.9940772), (-0.11101267, 0.082807995, -0.99036306), (-0.14630094, 0.055576112, -0.9876778), (-0.06438088, 0.087553926, -0.9940772), (0.039833188, 0.0867536, -0.9954331), (0.044545308, 0.09264073, -0.9947027), (-0.11101267, 0.082807995, -0.99036306), (0.039833188, 0.0867536, -0.9954331), (-0.047077615, 0.08429602, -0.995328), (0.005975794, 0.058035843, -0.9982967), (0.044545308, 0.09264073, -0.9947027), (-0.047077615, 0.08429602, -0.995328), (-0.11861654, 0.08727093, -0.98909754), (-0.13476655, 0.046604794, -0.9897808), (0.005975794, 0.058035843, -0.9982967), (-0.11861654, 0.08727093, -0.98909754), (-0.0063494937, 0.0914032, -0.9957937), (-0.067811936, 0.093287714, -0.9933272), (-0.13476655, 0.046604794, -0.9897808), (-0.0063494937, 0.0914032, -0.9957937), (0.056068905, 0.08445226, -0.9948488), (0.080613956, 0.10401387, -0.99130344), (-0.067811936, 0.093287714, -0.9933272), (0.056068905, 0.08445226, -0.9948488), (-0.058011275, 0.084699385, -0.9947164), (0.0069598923, 0.049033027, -0.9987729), (0.080613956, 0.10401387, -0.99130344), (-0.058011275, 0.084699385, -0.9947164), (-0.08470629, 0.08918029, -0.99240696), (-0.12114103, 0.03716484, -0.99193937), (0.0069598923, 0.049033027, -0.9987729), (-0.08470629, 0.08918029, -0.99240696), (0.04462736, 0.09007177, -0.994935), (-0.0248352, 0.10223156, -0.9944506), (-0.12114103, 0.03716484, -0.99193937), (0.04462736, 0.09007177, -0.994935), (0.056087956, 0.0822081, -0.9950357), (0.1021616, 0.11039463, -0.9886233), (-0.0248352, 0.10223156, -0.9944506), (0.056087956, 0.0822081, -0.9950357), (-0.067010164, 0.0837208, -0.9942336), (0.0020382218, 0.036802493, -0.99932045), (0.1021616, 0.11039463, -0.9886233), (-0.067010164, 0.0837208, -0.9942336), (-0.042269323, 0.08630166, -0.99537194), (-0.09874039, 0.028568333, -0.9947031), (0.0020382218, 0.036802493, -0.99932045), (-0.042269323, 0.08630166, -0.99537194), (0.08699307, 0.08583612, -0.99250406), (0.017777411, 0.10980002, -0.9937947), (-0.09874039, 0.028568333, -0.9947031), (0.08699307, 0.08583612, -0.99250406), (0.046521664, 0.080299065, -0.9956846), (0.11181423, 0.11196143, -0.9874017), (0.017777411, 0.10980002, -0.9937947), (0.046521664, 0.080299065, -0.9956846), (-0.066639006, 0.08064058, -0.99451315), (-0.0012683262, 0.022494158, -0.99974614), (0.11181423, 0.11196143, -0.9874017), (-0.066639006, 0.08064058, -0.99451315), (0.007353059, 0.08019371, -0.9967522), (-0.06482438, 0.021863667, -0.9976571), (-0.0012683262, 0.022494158, -0.99974614), (0.007353059, 0.08019371, -0.9967522), (0.11949033, 0.08050515, -0.989566), (0.058334906, 0.11569807, -0.99157), (-0.06482438, 0.021863667, -0.9976571), (0.11949033, 0.08050515, -0.989566), (0.0347097, 0.07747522, -0.9963899), (0.113533065, 0.1085102, -0.9875909), (0.058334906, 0.11569807, -0.99157), (0.0347097, 0.07747522, -0.9963899), (-0.051194653, 0.07508367, -0.9958622), (0.0042626695, 0.0076290066, -0.9999618), (0.113533065, 0.1085102, -0.9875909), (-0.051194653, 0.07508367, -0.9958622), (0.062432766, 0.072801426, -0.9953904), (-0.018045183, 0.017963393, -0.99967575), (0.0042626695, 0.0076290066, -0.9999618), (0.062432766, 0.072801426, -0.9953904), (0.1441654, 0.07453392, -0.9867426), (0.09682827, 0.118565805, -0.9882138), (-0.018045183, 0.017963393, -0.99967575), (0.1441654, 0.07453392, -0.9867426), (0.03109368, 0.07178492, -0.99693537), (0.11538102, 0.09950437, -0.9883249), (0.09682827, 0.118565805, -0.9882138), (0.03109368, 0.07178492, -0.99693537), (-0.013518218, 0.06715692, -0.99765086), (0.028344147, -0.0055093747, -0.99958307), (0.11538102, 0.09950437, -0.9883249), (-0.013518218, 0.06715692, -0.99765086), (0.12536724, 0.06524131, -0.989963), (0.046217196, 0.016958894, -0.99878746), (0.028344147, -0.0055093747, -0.99958307), (0.12536724, 0.06524131, -0.989963), (0.17273286, 0.06644544, -0.98272496), (0.14212611, 0.114854954, -0.9831625), (0.046217196, 0.016958894, -0.99878746), (0.17273286, 0.06644544, -0.98272496), (0.0602016, 0.0609513, -0.9963236), (0.13962343, 0.084191695, -0.986619), (0.14212611, 0.114854954, -0.9831625), (0.0602016, 0.0609513, -0.9963236), (0.07344537, 0.055983175, -0.9957267), (0.10099816, -0.0137648005, -0.9947914), (0.13962343, 0.084191695, -0.986619), (0.07344537, 0.055983175, -0.9957267), (0.23232388, 0.054815732, -0.9710926), (0.1696081, 0.015329017, -0.98539233), (0.10099816, -0.0137648005, -0.9947914), (0.23232388, 0.054815732, -0.9710926), (0.2987444, 0.049688555, -0.95303875), (0.28568557, 0.09153641, -0.95394176), (0.1696081, 0.015329017, -0.98539233), (0.2987444, 0.049688555, -0.95303875), (0.6375408, 0.024535064, -0.77002585), (0.63902944, 0.0667326, -0.7662821), (0.28568557, 0.09153641, -0.95394176), (0.6375408, 0.024535064, -0.77002585), (0.96774805, 0.0020920443, -0.25191146), (0.9687523, 0.006651223, -0.247941), (0.63902944, 0.0667326, -0.7662821), (-0.9651233, 0.008060706, -0.26167178), (-0.6590612, 0.037758507, -0.75114095), (-0.6543518, 0.027729372, -0.7556817), (-0.9669807, 0.0067333877, -0.25476053), (-0.6590612, 0.037758507, -0.75114095), (-0.2690789, 0.06329178, -0.9610362), (-0.2950741, 0.05383939, -0.9539563), (-0.6543518, 0.027729372, -0.7556817), (-0.2690789, 0.06329178, -0.9610362), (-0.09812326, 0.07823616, -0.9920942), (-0.11896477, 0.07727474, -0.9898869), (-0.2950741, 0.05383939, -0.9539563), (-0.09812326, 0.07823616, -0.9920942), (-0.099970974, 0.088726364, -0.9910265), (-0.091302514, 0.076293536, -0.9928963), (-0.11896477, 0.07727474, -0.9898869), (-0.099970974, 0.088726364, -0.9910265), (-0.19389613, 0.08621166, -0.9772267), (-0.1839535, 0.06705804, -0.9806448), (-0.091302514, 0.076293536, -0.9928963), (-0.19389613, 0.08621166, -0.9772267), (-0.11311501, 0.07713717, -0.99058306), (-0.13420525, 0.07651044, -0.98799545), (-0.1839535, 0.06705804, -0.9806448), (-0.11311501, 0.07713717, -0.99058306), (0.01820238, 0.08887463, -0.9958765), (-0.0025917871, 0.086582765, -0.9962413), (-0.13420525, 0.07651044, -0.98799545), (0.01820238, 0.08887463, -0.9958765), (-0.057020657, 0.10951603, -0.99234813), (-0.04638421, 0.0825333, -0.9955084), (-0.0025917871, 0.086582765, -0.9962413), (-0.057020657, 0.10951603, -0.99234813), (-0.16275497, 0.10213254, -0.98136634), (-0.14631498, 0.07999549, -0.98599833), (-0.04638421, 0.0825333, -0.9955084), (-0.16275497, 0.10213254, -0.98136634), (-0.04724037, 0.07683534, -0.995924), (-0.06438088, 0.087553926, -0.9940772), (-0.14631498, 0.07999549, -0.98599833), (-0.04724037, 0.07683534, -0.995924), (0.06251789, 0.09190054, -0.9938038), (0.039833188, 0.0867536, -0.9954331), (-0.06438088, 0.087553926, -0.9940772), (0.06251789, 0.09190054, -0.9938038), (-0.056241058, 0.12578611, -0.99046195), (-0.047077615, 0.08429602, -0.995328), (0.039833188, 0.0867536, -0.9954331), (-0.056241058, 0.12578611, -0.99046195), (-0.14041801, 0.11082865, -0.9838698), (-0.11861654, 0.08727093, -0.98909754), (-0.047077615, 0.08429602, -0.995328), (-0.14041801, 0.11082865, -0.9838698), (0.0058938144, 0.070679404, -0.99748164), (-0.0063494937, 0.0914032, -0.9957937), (-0.11861654, 0.08727093, -0.98909754), (0.0058938144, 0.070679404, -0.99748164), (0.08141958, 0.0933155, -0.99230194), (0.056068905, 0.08445226, -0.9948488), (-0.0063494937, 0.0914032, -0.9957937), (0.08141958, 0.0933155, -0.99230194), (-0.064643696, 0.1387848, -0.9882105), (-0.058011275, 0.084699385, -0.9947164), (0.056068905, 0.08445226, -0.9948488), (-0.064643696, 0.1387848, -0.9882105), (-0.11127654, 0.113426484, -0.98729527), (-0.08470629, 0.08918029, -0.99240696), (-0.058011275, 0.084699385, -0.9947164), (-0.11127654, 0.113426484, -0.98729527), (0.051832084, 0.06207685, -0.9967246), (0.04462736, 0.09007177, -0.994935), (-0.08470629, 0.08918029, -0.99240696), (0.051832084, 0.06207685, -0.9967246), (0.084498085, 0.09469068, -0.99191415), (0.056087956, 0.0822081, -0.9950357), (0.04462736, 0.09007177, -0.994935), (0.084498085, 0.09469068, -0.99191415), (-0.071247146, 0.14747375, -0.98649657), (-0.067010164, 0.0837208, -0.9942336), (0.056087956, 0.0822081, -0.9950357), (-0.071247146, 0.14747375, -0.98649657), (-0.07278233, 0.11077967, -0.99117637), (-0.042269323, 0.08630166, -0.99537194), (-0.067010164, 0.0837208, -0.9942336), (-0.07278233, 0.11077967, -0.99117637), (0.09004486, 0.053584408, -0.99449515), (0.08699307, 0.08583612, -0.99250406), (-0.042269323, 0.08630166, -0.99537194), (0.09004486, 0.053584408, -0.99449515), (0.07787301, 0.09581043, -0.99234885), (0.046521664, 0.080299065, -0.9956846), (0.08699307, 0.08583612, -0.99250406), (0.07787301, 0.09581043, -0.99234885), (-0.06925874, 0.15053336, -0.98617595), (-0.066639006, 0.08064058, -0.99451315), (0.046521664, 0.080299065, -0.9956846), (-0.06925874, 0.15053336, -0.98617595), (-0.025922824, 0.104135655, -0.99422526), (0.007353059, 0.08019371, -0.9967522), (-0.066639006, 0.08064058, -0.99451315), (-0.025922824, 0.104135655, -0.99422526), (0.1199091, 0.04688003, -0.99167746), (0.11949033, 0.08050515, -0.989566), (0.007353059, 0.08019371, -0.9967522), (0.1199091, 0.04688003, -0.99167746), (0.06822892, 0.09543639, -0.9930945), (0.0347097, 0.07747522, -0.9963899), (0.11949033, 0.08050515, -0.989566), (0.06822892, 0.09543639, -0.9930945), (-0.053093337, 0.14695181, -0.98771775), (-0.051194653, 0.07508367, -0.9958622), (0.0347097, 0.07747522, -0.9963899), (-0.053093337, 0.14695181, -0.98771775), (0.027919002, 0.09477426, -0.99510723), (0.062432766, 0.072801426, -0.9953904), (-0.051194653, 0.07508367, -0.9958622), (0.027919002, 0.09477426, -0.99510723), (0.1434206, 0.042392682, -0.98875344), (0.1441654, 0.07453392, -0.9867426), (0.062432766, 0.072801426, -0.9953904), (0.1434206, 0.042392682, -0.98875344), (0.06515063, 0.09175277, -0.9936482), (0.03109368, 0.07178492, -0.99693537), (0.1441654, 0.07453392, -0.9867426), (0.06515063, 0.09175277, -0.9936482), (-0.015405758, 0.13592295, -0.9905996), (-0.013518218, 0.06715692, -0.99765086), (0.03109368, 0.07178492, -0.99693537), (-0.015405758, 0.13592295, -0.9905996), (0.09165788, 0.08322474, -0.99230665), (0.12536724, 0.06524131, -0.989963), (-0.013518218, 0.06715692, -0.99765086), (0.09165788, 0.08322474, -0.99230665), (0.17153595, 0.038848396, -0.9844116), (0.17273286, 0.06644544, -0.98272496), (0.12536724, 0.06524131, -0.989963), (0.17153595, 0.038848396, -0.9844116), (0.09151488, 0.081786744, -0.9924394), (0.0602016, 0.0609513, -0.9963236), (0.17273286, 0.06644544, -0.98272496), (0.09151488, 0.081786744, -0.9924394), (0.07088479, 0.11494931, -0.99083906), (0.07344537, 0.055983175, -0.9957267), (0.0602016, 0.0609513, -0.9963236), (0.07088479, 0.11494931, -0.99083906), (0.20356473, 0.06710863, -0.9767588), (0.23232388, 0.054815732, -0.9710926), (0.07344537, 0.055983175, -0.9957267), (0.20356473, 0.06710863, -0.9767588), (0.29461727, 0.030141272, -0.95513994), (0.2987444, 0.049688555, -0.95303875), (0.23232388, 0.054815732, -0.9710926), (0.29461727, 0.030141272, -0.95513994), (0.61642146, 0.02469181, -0.78702915), (0.6375408, 0.024535064, -0.77002585), (0.2987444, 0.049688555, -0.95303875), (0.61642146, 0.02469181, -0.78702915), (0.9665681, 0.0074916114, -0.25630063), (0.96774805, 0.0020920443, -0.25191146), (0.6375408, 0.024535064, -0.77002585), (-0.9627896, 0.009719372, -0.27007708), (-0.6160517, 0.07790243, -0.78384405), (-0.6590612, 0.037758507, -0.75114095), (-0.9651233, 0.008060706, -0.26167178), (-0.6160517, 0.07790243, -0.78384405), (-0.26914334, 0.1230371, -0.9552087), (-0.2690789, 0.06329178, -0.9610362), (-0.6590612, 0.037758507, -0.75114095), (-0.26914334, 0.1230371, -0.9552087), (-0.14158939, 0.074771896, -0.9870976), (-0.09812326, 0.07823616, -0.9920942), (-0.2690789, 0.06329178, -0.9610362), (-0.14158939, 0.074771896, -0.9870976), (-0.08433614, 0.039214317, -0.99566543), (-0.099970974, 0.088726364, -0.9910265), (-0.09812326, 0.07823616, -0.9920942), (-0.08433614, 0.039214317, -0.99566543), (-0.14043322, 0.11246917, -0.9836815), (-0.19389613, 0.08621166, -0.9772267), (-0.099970974, 0.088726364, -0.9910265), (-0.14043322, 0.11246917, -0.9836815), (-0.12968296, 0.15588024, -0.9792261), (-0.11311501, 0.07713717, -0.99058306), (-0.19389613, 0.08621166, -0.9772267), (-0.12968296, 0.15588024, -0.9792261), (-0.027672121, 0.08827151, -0.995712), (0.01820238, 0.08887463, -0.9958765), (-0.11311501, 0.07713717, -0.99058306), (-0.027672121, 0.08827151, -0.995712), (-0.030479236, 0.05402596, -0.9980743), (-0.057020657, 0.10951603, -0.99234813), (0.01820238, 0.08887463, -0.9958765), (-0.030479236, 0.05402596, -0.9980743), (-0.11789507, 0.13060607, -0.9843997), (-0.16275497, 0.10213254, -0.98136634), (-0.057020657, 0.10951603, -0.99234813), (-0.11789507, 0.13060607, -0.9843997), (-0.07591573, 0.16537364, -0.98330486), (-0.04724037, 0.07683534, -0.995924), (-0.16275497, 0.10213254, -0.98136634), (-0.07591573, 0.16537364, -0.98330486), (0.027021943, 0.094001085, -0.9952053), (0.06251789, 0.09190054, -0.9938038), (-0.04724037, 0.07683534, -0.995924), (0.027021943, 0.094001085, -0.9952053), (-0.021835653, 0.06826567, -0.9974282), (-0.056241058, 0.12578611, -0.99046195), (0.06251789, 0.09190054, -0.9938038), (-0.021835653, 0.06826567, -0.9974282), (-0.11102967, 0.14068577, -0.9838089), (-0.14041801, 0.11082865, -0.9838698), (-0.056241058, 0.12578611, -0.99046195), (-0.11102967, 0.14068577, -0.9838089), (-0.028968321, 0.16613248, -0.9856779), (0.0058938144, 0.070679404, -0.99748164), (-0.14041801, 0.11082865, -0.9838698), (-0.028968321, 0.16613248, -0.9856779), (0.061810907, 0.098863386, -0.9931795), (0.08141958, 0.0933155, -0.99230194), (0.0058938144, 0.070679404, -0.99748164), (0.061810907, 0.098863386, -0.9931795), (-0.028068969, 0.081706375, -0.9962611), (-0.064643696, 0.1387848, -0.9882105), (0.08141958, 0.0933155, -0.99230194), (-0.028068969, 0.081706375, -0.9962611), (-0.10073017, 0.14410344, -0.98442245), (-0.11127654, 0.113426484, -0.98729527), (-0.064643696, 0.1387848, -0.9882105), (-0.10073017, 0.14410344, -0.98442245), (0.017062554, 0.16175264, -0.98668385), (0.051832084, 0.06207685, -0.9967246), (-0.11127654, 0.113426484, -0.98729527), (0.017062554, 0.16175264, -0.98668385), (0.08249248, 0.10427053, -0.9911219), (0.084498085, 0.09469068, -0.99191415), (0.051832084, 0.06207685, -0.9967246), (0.08249248, 0.10427053, -0.9911219), (-0.038738213, 0.093357556, -0.99487877), (-0.071247146, 0.14747375, -0.98649657), (0.084498085, 0.09469068, -0.99191415), (-0.038738213, 0.093357556, -0.99487877), (-0.081361264, 0.1415569, -0.98658097), (-0.07278233, 0.11077967, -0.99117637), (-0.071247146, 0.14747375, -0.98649657), (-0.081361264, 0.1415569, -0.98658097), (0.061124302, 0.15376551, -0.98621494), (0.09004486, 0.053584408, -0.99449515), (-0.07278233, 0.11077967, -0.99117637), (0.061124302, 0.15376551, -0.98621494), (0.092226215, 0.11008808, -0.98963374), (0.07787301, 0.09581043, -0.99234885), (0.09004486, 0.053584408, -0.99449515), (0.092226215, 0.11008808, -0.98963374), (-0.046547975, 0.10228806, -0.9936651), (-0.06925874, 0.15053336, -0.98617595), (0.07787301, 0.09581043, -0.99234885), (-0.046547975, 0.10228806, -0.9936651), (-0.051303938, 0.13356602, -0.98971105), (-0.025922824, 0.104135655, -0.99422526), (-0.06925874, 0.15053336, -0.98617595), (-0.051303938, 0.13356602, -0.98971105), (0.10140566, 0.14277726, -0.98454636), (0.1199091, 0.04688003, -0.99167746), (-0.025922824, 0.104135655, -0.99422526), (0.10140566, 0.14277726, -0.98454636), (0.09538991, 0.11535853, -0.9887331), (0.06822892, 0.09543639, -0.9930945), (0.1199091, 0.04688003, -0.99167746), (0.09538991, 0.11535853, -0.9887331), (-0.044528756, 0.107513934, -0.99320585), (-0.053093337, 0.14695181, -0.98771775), (0.06822892, 0.09543639, -0.9930945), (-0.044528756, 0.107513934, -0.99320585), (-0.010022484, 0.120443426, -0.9926696), (0.027919002, 0.09477426, -0.99510723), (-0.053093337, 0.14695181, -0.98771775), (-0.010022484, 0.120443426, -0.9926696), (0.13795945, 0.12872176, -0.98203766), (0.1434206, 0.042392682, -0.98875344), (0.027919002, 0.09477426, -0.99510723), (0.13795945, 0.12872176, -0.98203766), (0.09965973, 0.11826546, -0.9879682), (0.06515063, 0.09175277, -0.9936482), (0.1434206, 0.042392682, -0.98875344), (0.09965973, 0.11826546, -0.9879682), (-0.023034675, 0.10746399, -0.99394214), (-0.015405758, 0.13592295, -0.9905996), (0.06515063, 0.09175277, -0.9936482), (-0.023034675, 0.10746399, -0.99394214), (0.046707626, 0.10199385, -0.9936879), (0.09165788, 0.08322474, -0.99230665), (-0.015405758, 0.13592295, -0.9905996), (0.046707626, 0.10199385, -0.9936879), (0.17847854, 0.11029907, -0.9777421), (0.17153595, 0.038848396, -0.9844116), (0.09165788, 0.08322474, -0.99230665), (0.17847854, 0.11029907, -0.9777421), (0.12539165, 0.114756905, -0.985448), (0.09151488, 0.081786744, -0.9924394), (0.17153595, 0.038848396, -0.9844116), (0.12539165, 0.114756905, -0.985448), (0.04828054, 0.09821211, -0.99399364), (0.07088479, 0.11494931, -0.99083906), (0.09151488, 0.081786744, -0.9924394), (0.04828054, 0.09821211, -0.99399364), (0.15801959, 0.075456746, -0.9845487), (0.20356473, 0.06710863, -0.9767588), (0.07088479, 0.11494931, -0.99083906), (0.15801959, 0.075456746, -0.9845487), (0.30277058, 0.07816413, -0.9498528), (0.29461727, 0.030141272, -0.95513994), (0.20356473, 0.06710863, -0.9767588), (0.30277058, 0.07816413, -0.9498528), (0.64685404, 0.060503006, -0.76021004), (0.61642146, 0.02469181, -0.78702915), (0.29461727, 0.030141272, -0.95513994), (0.64685404, 0.060503006, -0.76021004), (0.9635347, 0.014791414, -0.2671743), (0.9665681, 0.0074916114, -0.25630063), (0.61642146, 0.02469181, -0.78702915), (-0.95990413, 0.010746983, -0.2801225), (-0.6048465, 0.05989898, -0.79408616), (-0.6160517, 0.07790243, -0.78384405), (-0.9627896, 0.009719372, -0.27007708), (-0.6048465, 0.05989898, -0.79408616), (-0.27519447, 0.09217409, -0.9569598), (-0.26914334, 0.1230371, -0.9552087), (-0.6160517, 0.07790243, -0.78384405), (-0.27519447, 0.09217409, -0.9569598), (-0.19195907, 0.091932915, -0.9770875), (-0.14158939, 0.074771896, -0.9870976), (-0.26914334, 0.1230371, -0.9552087), (-0.19195907, 0.091932915, -0.9770875), (-0.054257013, 0.11158397, -0.9922727), (-0.08433614, 0.039214317, -0.99566543), (-0.14158939, 0.074771896, -0.9870976), (-0.054257013, 0.11158397, -0.9922727), (-0.06826341, 0.13626419, -0.98831785), (-0.14043322, 0.11246917, -0.9836815), (-0.08433614, 0.039214317, -0.99566543), (-0.06826341, 0.13626419, -0.98831785), (-0.16159983, 0.12569036, -0.97881943), (-0.12968296, 0.15588024, -0.9792261), (-0.14043322, 0.11246917, -0.9836815), (-0.16159983, 0.12569036, -0.97881943), (-0.094965436, 0.10389371, -0.9900443), (-0.027672121, 0.08827151, -0.995712), (-0.12968296, 0.15588024, -0.9792261), (-0.094965436, 0.10389371, -0.9900443), (0.018625794, 0.12845469, -0.99154043), (-0.030479236, 0.05402596, -0.9980743), (-0.027672121, 0.08827151, -0.995712), (0.018625794, 0.12845469, -0.99154043), (-0.04261009, 0.16366982, -0.9855945), (-0.11789507, 0.13060607, -0.9843997), (-0.030479236, 0.05402596, -0.9980743), (-0.04261009, 0.16366982, -0.9855945), (-0.13220403, 0.1414186, -0.9810825), (-0.07591573, 0.16537364, -0.98330486), (-0.11789507, 0.13060607, -0.9843997), (-0.13220403, 0.1414186, -0.9810825), (-0.040788118, 0.106938444, -0.9934287), (0.027021943, 0.094001085, -0.9952053), (-0.07591573, 0.16537364, -0.98330486), (-0.040788118, 0.106938444, -0.9934287), (0.046911083, 0.13975956, -0.98907363), (-0.021835653, 0.06826567, -0.9974282), (0.027021943, 0.094001085, -0.9952053), (0.046911083, 0.13975956, -0.98907363), (-0.043094594, 0.18318716, -0.98213303), (-0.11102967, 0.14068577, -0.9838089), (-0.021835653, 0.06826567, -0.9974282), (-0.043094594, 0.18318716, -0.98213303), (-0.10572846, 0.15019852, -0.98298615), (-0.028968321, 0.16613248, -0.9856779), (-0.11102967, 0.14068577, -0.9838089), (-0.10572846, 0.15019852, -0.98298615), (0.003955316, 0.10723841, -0.99422544), (0.061810907, 0.098863386, -0.9931795), (-0.028968321, 0.16613248, -0.9856779), (0.003955316, 0.10723841, -0.99422544), (0.056039516, 0.14844336, -0.9873318), (-0.028068969, 0.081706375, -0.9962611), (0.061810907, 0.098863386, -0.9931795), (0.056039516, 0.14844336, -0.9873318), (-0.048424877, 0.19716421, -0.9791737), (-0.10073017, 0.14410344, -0.98442245), (-0.028068969, 0.081706375, -0.9962611), (-0.048424877, 0.19716421, -0.9791737), (-0.07302017, 0.15451597, -0.9852882), (0.017062554, 0.16175264, -0.98668385), (-0.10073017, 0.14410344, -0.98442245), (-0.07302017, 0.15451597, -0.9852882), (0.041683044, 0.105766565, -0.993517), (0.08249248, 0.10427053, -0.9911219), (0.017062554, 0.16175264, -0.98668385), (0.041683044, 0.105766565, -0.993517), (0.053322703, 0.15464851, -0.9865295), (-0.038738213, 0.093357556, -0.99487877), (0.08249248, 0.10427053, -0.9911219), (0.053322703, 0.15464851, -0.9865295), (-0.04975845, 0.20641366, -0.97719884), (-0.081361264, 0.1415569, -0.98658097), (-0.038738213, 0.093357556, -0.99487877), (-0.04975845, 0.20641366, -0.97719884), (-0.033233263, 0.15489998, -0.98737097), (0.061124302, 0.15376551, -0.98621494), (-0.081361264, 0.1415569, -0.98658097), (-0.033233263, 0.15489998, -0.98737097), (0.071527444, 0.10232844, -0.99217576), (0.092226215, 0.11008808, -0.98963374), (0.061124302, 0.15376551, -0.98621494), (0.071527444, 0.10232844, -0.99217576), (0.044431716, 0.15804775, -0.9864313), (-0.046547975, 0.10228806, -0.9936651), (0.092226215, 0.11008808, -0.98963374), (0.044431716, 0.15804775, -0.9864313), (-0.04148844, 0.2107657, -0.9766558), (-0.051303938, 0.13356602, -0.98971105), (-0.046547975, 0.10228806, -0.9936651), (-0.04148844, 0.2107657, -0.9766558), (0.011949077, 0.1507774, -0.9884955), (0.10140566, 0.14277726, -0.98454636), (-0.051303938, 0.13356602, -0.98971105), (0.011949077, 0.1507774, -0.9884955), (0.093573235, 0.09666002, -0.9909091), (0.09538991, 0.11535853, -0.9887331), (0.10140566, 0.14277726, -0.98454636), (0.093573235, 0.09666002, -0.9909091), (0.036152784, 0.15799032, -0.9867786), (-0.044528756, 0.107513934, -0.99320585), (0.09538991, 0.11535853, -0.9887331), (0.036152784, 0.15799032, -0.9867786), (-0.01921138, 0.20870638, -0.9777897), (-0.010022484, 0.120443426, -0.9926696), (-0.044528756, 0.107513934, -0.99320585), (-0.01921138, 0.20870638, -0.9777897), (0.061190862, 0.14107509, -0.988106), (0.13795945, 0.12872176, -0.98203766), (-0.010022484, 0.120443426, -0.9926696), (0.061190862, 0.14107509, -0.988106), (0.11165148, 0.08859338, -0.9897905), (0.09965973, 0.11826546, -0.9879682), (0.13795945, 0.12872176, -0.98203766), (0.11165148, 0.08859338, -0.9897905), (0.039002843, 0.15265125, -0.98751014), (-0.023034675, 0.10746399, -0.99394214), (0.09965973, 0.11826546, -0.9879682), (0.039002843, 0.15265125, -0.98751014), (0.024038384, 0.19678651, -0.98015165), (0.046707626, 0.10199385, -0.9936879), (-0.023034675, 0.10746399, -0.99394214), (0.024038384, 0.19678651, -0.98015165), (0.11968655, 0.124223016, -0.98500955), (0.17847854, 0.11029907, -0.9777421), (0.046707626, 0.10199385, -0.9936879), (0.11968655, 0.124223016, -0.98500955), (0.14249918, 0.07680246, -0.9868107), (0.12539165, 0.114756905, -0.985448), (0.17847854, 0.11029907, -0.9777421), (0.14249918, 0.07680246, -0.9868107), (0.08360991, 0.13578741, -0.9872037), (0.04828054, 0.09821211, -0.99399364), (0.12539165, 0.114756905, -0.985448), (0.08360991, 0.13578741, -0.9872037), (0.12820324, 0.16568783, -0.97780955), (0.15801959, 0.075456746, -0.9845487), (0.04828054, 0.09821211, -0.99399364), (0.12820324, 0.16568783, -0.97780955), (0.26314706, 0.09355619, -0.9602088), (0.30277058, 0.07816413, -0.9498528), (0.15801959, 0.075456746, -0.9845487), (0.26314706, 0.09355619, -0.9602088), (0.62298006, 0.026841851, -0.78177696), (0.64685404, 0.060503006, -0.76021004), (0.30277058, 0.07816413, -0.9498528), (0.62298006, 0.026841851, -0.78177696), (0.9609297, 0.0040633567, -0.27676293), (0.9635347, 0.014791414, -0.2671743), (0.64685404, 0.060503006, -0.76021004), (-0.95767313, 0.0042474843, -0.28782654), (-0.57034606, 0.05259245, -0.8197191), (-0.6048465, 0.05989898, -0.79408616), (-0.95990413, 0.010746983, -0.2801225), (-0.57034606, 0.05259245, -0.8197191), (-0.23696665, 0.1297579, -0.9628134), (-0.27519447, 0.09217409, -0.9569598), (-0.6048465, 0.05989898, -0.79408616), (-0.23696665, 0.1297579, -0.9628134), (-0.19688003, 0.17119244, -0.965366), (-0.19195907, 0.091932915, -0.9770875), (-0.27519447, 0.09217409, -0.9569598), (-0.19688003, 0.17119244, -0.965366), (-0.07557632, 0.14433393, -0.98663867), (-0.054257013, 0.11158397, -0.9922727), (-0.19195907, 0.091932915, -0.9770875), (-0.07557632, 0.14433393, -0.98663867), (-0.04360239, 0.12109587, -0.9916827), (-0.06826341, 0.13626419, -0.98831785), (-0.054257013, 0.11158397, -0.9922727), (-0.04360239, 0.12109587, -0.9916827), (-0.13433748, 0.16596748, -0.9769382), (-0.16159983, 0.12569036, -0.97881943), (-0.06826341, 0.13626419, -0.98831785), (-0.13433748, 0.16596748, -0.9769382), (-0.11745237, 0.201107, -0.9725024), (-0.094965436, 0.10389371, -0.9900443), (-0.16159983, 0.12569036, -0.97881943), (-0.11745237, 0.201107, -0.9725024), (0.00694911, 0.17025003, -0.9853764), (0.018625794, 0.12845469, -0.99154043), (-0.094965436, 0.10389371, -0.9900443), (0.00694911, 0.17025003, -0.9853764), (-0.0073881666, 0.14544292, -0.989339), (-0.04261009, 0.16366982, -0.9855945), (0.018625794, 0.12845469, -0.99154043), (-0.0073881666, 0.14544292, -0.989339), (-0.12256428, 0.18248364, -0.97553974), (-0.13220403, 0.1414186, -0.9810825), (-0.04261009, 0.16366982, -0.9855945), (-0.12256428, 0.18248364, -0.97553974), (-0.07463216, 0.21336828, -0.97411704), (-0.040788118, 0.106938444, -0.9934287), (-0.13220403, 0.1414186, -0.9810825), (-0.07463216, 0.21336828, -0.97411704), (0.05258137, 0.1862036, -0.9811032), (0.046911083, 0.13975956, -0.98907363), (-0.040788118, 0.106938444, -0.9934287), (0.05258137, 0.1862036, -0.9811032), (-0.0019637772, 0.16313733, -0.9866014), (-0.043094594, 0.18318716, -0.98213303), (0.046911083, 0.13975956, -0.98907363), (-0.0019637772, 0.16313733, -0.9866014), (-0.11787243, 0.1914001, -0.97440857), (-0.10572846, 0.15019852, -0.98298615), (-0.043094594, 0.18318716, -0.98213303), (-0.11787243, 0.1914001, -0.97440857), (-0.03448898, 0.21861535, -0.9752014), (0.003955316, 0.10723841, -0.99422544), (-0.10572846, 0.15019852, -0.98298615), (-0.03448898, 0.21861535, -0.9752014), (0.081517965, 0.19682209, -0.97704446), (0.056039516, 0.14844336, -0.9873318), (0.003955316, 0.10723841, -0.99422544), (0.081517965, 0.19682209, -0.97704446), (-0.008570286, 0.17572933, -0.9844012), (-0.048424877, 0.19716421, -0.9791737), (0.056039516, 0.14844336, -0.9873318), (-0.008570286, 0.17572933, -0.9844012), (-0.10784122, 0.19570482, -0.97471523), (-0.07302017, 0.15451597, -0.9852882), (-0.048424877, 0.19716421, -0.9791737), (-0.10784122, 0.19570482, -0.97471523), (0.00600156, 0.21920766, -0.9756597), (0.041683044, 0.105766565, -0.993517), (-0.07302017, 0.15451597, -0.9852882), (0.00600156, 0.21920766, -0.9756597), (0.09747997, 0.20289756, -0.9743358), (0.053322703, 0.15464851, -0.9865295), (0.041683044, 0.105766565, -0.993517), (0.09747997, 0.20289756, -0.9743358), (-0.018945238, 0.18370925, -0.982798), (-0.04975845, 0.20641366, -0.97719884), (0.053322703, 0.15464851, -0.9865295), (-0.018945238, 0.18370925, -0.982798), (-0.08816458, 0.19616239, -0.97659993), (-0.033233263, 0.15489998, -0.98737097), (-0.04975845, 0.20641366, -0.97719884), (-0.08816458, 0.19616239, -0.97659993), (0.04551362, 0.2152795, -0.9754913), (0.071527444, 0.10232844, -0.99217576), (-0.033233263, 0.15489998, -0.98737097), (0.04551362, 0.2152795, -0.9754913), (0.10301683, 0.20459317, -0.97341114), (0.044431716, 0.15804775, -0.9864313), (0.071527444, 0.10232844, -0.99217576), (0.10301683, 0.20459317, -0.97341114), (-0.026475213, 0.1872802, -0.9819496), (-0.04148844, 0.2107657, -0.9766558), (0.044431716, 0.15804775, -0.9864313), (-0.026475213, 0.1872802, -0.9819496), (-0.05743624, 0.19198982, -0.97971475), (0.011949077, 0.1507774, -0.9884955), (-0.04148844, 0.2107657, -0.9766558), (-0.05743624, 0.19198982, -0.97971475), (0.082261, 0.20611359, -0.9750643), (0.093573235, 0.09666002, -0.9909091), (0.011949077, 0.1507774, -0.9884955), (0.082261, 0.20611359, -0.9750643), (0.10228003, 0.20182627, -0.9740662), (0.036152784, 0.15799032, -0.9867786), (0.093573235, 0.09666002, -0.9909091), (0.10228003, 0.20182627, -0.9740662), (-0.024246516, 0.18583483, -0.9822818), (-0.01921138, 0.20870638, -0.9777897), (0.036152784, 0.15799032, -0.9867786), (-0.024246516, 0.18583483, -0.9822818), (-0.014875673, 0.18116811, -0.98333967), (0.061190862, 0.14107509, -0.988106), (-0.01921138, 0.20870638, -0.9777897), (-0.014875673, 0.18116811, -0.98333967), (0.116574064, 0.19049966, -0.9747412), (0.11165148, 0.08859338, -0.9897905), (0.061190862, 0.14107509, -0.988106), (0.116574064, 0.19049966, -0.9747412), (0.10353101, 0.19342764, -0.9756368), (0.039002843, 0.15265125, -0.98751014), (0.11165148, 0.08859338, -0.9897905), (0.10353101, 0.19342764, -0.9756368), (-0.0015711794, 0.1767835, -0.9842486), (0.024038384, 0.19678651, -0.98015165), (0.039002843, 0.15265125, -0.98751014), (-0.0015711794, 0.1767835, -0.9842486), (0.045412395, 0.16029222, -0.9860244), (0.11968655, 0.124223016, -0.98500955), (0.024038384, 0.19678651, -0.98015165), (0.045412395, 0.16029222, -0.9860244), (0.15919772, 0.16521405, -0.9733244), (0.14249918, 0.07680246, -0.9868107), (0.11968655, 0.124223016, -0.98500955), (0.15919772, 0.16521405, -0.9733244), (0.13359243, 0.17343688, -0.97574216), (0.08360991, 0.13578741, -0.9872037), (0.14249918, 0.07680246, -0.9868107), (0.13359243, 0.17343688, -0.97574216), (0.08576215, 0.15097722, -0.98480994), (0.12820324, 0.16568783, -0.97780955), (0.08360991, 0.13578741, -0.9872037), (0.08576215, 0.15097722, -0.98480994), (0.1970961, 0.11757161, -0.97330886), (0.26314706, 0.09355619, -0.9602088), (0.12820324, 0.16568783, -0.97780955), (0.1970961, 0.11757161, -0.97330886), (0.5906562, 0.075317174, -0.80340064), (0.62298006, 0.026841851, -0.78177696), (0.26314706, 0.09355619, -0.9602088), (0.5906562, 0.075317174, -0.80340064), (0.9575152, 0.01860015, -0.28778237), (0.9609297, 0.0040633567, -0.27676293), (0.62298006, 0.026841851, -0.78177696), (-0.95259553, 0.025671504, -0.30315465), (-0.52360755, 0.12319553, -0.84300536), (-0.57034606, 0.05259245, -0.8197191), (-0.95767313, 0.0042474843, -0.28782654), (-0.52360755, 0.12319553, -0.84300536), (-0.18368818, 0.18539721, -0.96534276), (-0.23696665, 0.1297579, -0.9628134), (-0.57034606, 0.05259245, -0.8197191), (-0.18368818, 0.18539721, -0.96534276), (-0.18974306, 0.20246893, -0.9607309), (-0.19688003, 0.17119244, -0.965366), (-0.23696665, 0.1297579, -0.9628134), (-0.18974306, 0.20246893, -0.9607309), (-0.10513614, 0.21358576, -0.9712505), (-0.07557632, 0.14433393, -0.98663867), (-0.19688003, 0.17119244, -0.965366), (-0.10513614, 0.21358576, -0.9712505), (-0.025904164, 0.22934067, -0.9730014), (-0.04360239, 0.12109587, -0.9916827), (-0.07557632, 0.14433393, -0.98663867), (-0.025904164, 0.22934067, -0.9730014), (-0.08177491, 0.24112324, -0.9670431), (-0.13433748, 0.16596748, -0.9769382), (-0.04360239, 0.12109587, -0.9916827), (-0.08177491, 0.24112324, -0.9670431), (-0.12200525, 0.2461736, -0.96151614), (-0.11745237, 0.201107, -0.9725024), (-0.13433748, 0.16596748, -0.9769382), (-0.12200525, 0.2461736, -0.96151614), (-0.032360338, 0.2458943, -0.9687563), (0.00694911, 0.17025003, -0.9853764), (-0.11745237, 0.201107, -0.9725024), (-0.032360338, 0.2458943, -0.9687563), (0.010886121, 0.25610775, -0.96658695), (-0.0073881666, 0.14544292, -0.989339), (0.00694911, 0.17025003, -0.9853764), (0.010886121, 0.25610775, -0.96658695), (-0.07246296, 0.26615795, -0.96120185), (-0.12256428, 0.18248364, -0.97553974), (-0.0073881666, 0.14544292, -0.989339), (-0.07246296, 0.26615795, -0.96120185), (-0.08673751, 0.26944038, -0.959103), (-0.07463216, 0.21336828, -0.97411704), (-0.12256428, 0.18248364, -0.97553974), (-0.08673751, 0.26944038, -0.959103), (0.012733442, 0.26343435, -0.96459323), (0.05258137, 0.1862036, -0.9811032), (-0.07463216, 0.21336828, -0.97411704), (0.012733442, 0.26343435, -0.96459323), (0.018355997, 0.27030352, -0.9626002), (-0.0019637772, 0.16313733, -0.9866014), (0.05258137, 0.1862036, -0.9811032), (0.018355997, 0.27030352, -0.9626002), (-0.07385834, 0.28023493, -0.95708585), (-0.11787243, 0.1914001, -0.97440857), (-0.0019637772, 0.16313733, -0.9866014), (-0.07385834, 0.28023493, -0.95708585), (-0.051882803, 0.2832167, -0.95765156), (-0.03448898, 0.21861535, -0.9752014), (-0.11787243, 0.1914001, -0.97440857), (-0.051882803, 0.2832167, -0.95765156), (0.04644868, 0.27296698, -0.9609015), (0.081517965, 0.19682209, -0.97704446), (-0.03448898, 0.21861535, -0.9752014), (0.04644868, 0.27296698, -0.9609015), (0.012738883, 0.2769882, -0.96078885), (-0.008570286, 0.17572933, -0.9844012), (0.081517965, 0.19682209, -0.97704446), (0.012738883, 0.2769882, -0.96078885), (-0.073317565, 0.28748283, -0.95497555), (-0.10784122, 0.19570482, -0.97471523), (-0.008570286, 0.17572933, -0.9844012), (-0.073317565, 0.28748283, -0.95497555), (-0.014050056, 0.28980333, -0.9569831), (0.00600156, 0.21920766, -0.9756597), (-0.10784122, 0.19570482, -0.97471523), (-0.014050056, 0.28980333, -0.9569831), (0.07042659, 0.27610642, -0.9585433), (0.09747997, 0.20289756, -0.9743358), (0.00600156, 0.21920766, -0.9756597), (0.07042659, 0.27610642, -0.9585433), (0.00091491634, 0.27780774, -0.96063626), (-0.018945238, 0.18370925, -0.982798), (0.09747997, 0.20289756, -0.9743358), (0.00091491634, 0.27780774, -0.96063626), (-0.06538768, 0.28927734, -0.95500946), (-0.08816458, 0.19616239, -0.97659993), (-0.018945238, 0.18370925, -0.982798), (-0.06538768, 0.28927734, -0.95500946), (0.02572055, 0.28945947, -0.9568447), (0.04551362, 0.2152795, -0.9754913), (-0.08816458, 0.19616239, -0.97659993), (0.02572055, 0.28945947, -0.9568447), (0.08501511, 0.27311018, -0.9582188), (0.10301683, 0.20459317, -0.97341114), (0.04551362, 0.2152795, -0.9754913), (0.08501511, 0.27311018, -0.9582188), (-0.011265077, 0.2732733, -0.9618705), (-0.026475213, 0.1872802, -0.9819496), (0.10301683, 0.20459317, -0.97341114), (-0.011265077, 0.2732733, -0.9618705), (-0.047004763, 0.2854924, -0.9572276), (-0.05743624, 0.19198982, -0.97971475), (-0.026475213, 0.1872802, -0.9819496), (-0.047004763, 0.2854924, -0.9572276), (0.06541548, 0.2815439, -0.957316), (0.082261, 0.20611359, -0.9750643), (-0.05743624, 0.19198982, -0.97971475), (0.06541548, 0.2815439, -0.957316), (0.09211805, 0.26347396, -0.9602582), (0.10228003, 0.20182627, -0.9740662), (0.082261, 0.20611359, -0.9750643), (0.09211805, 0.26347396, -0.9602582), (-0.017064437, 0.2628855, -0.96467614), (-0.024246516, 0.18583483, -0.9822818), (0.10228003, 0.20182627, -0.9740662), (-0.017064437, 0.2628855, -0.96467614), (-0.015791323, 0.27440023, -0.9614859), (-0.014875673, 0.18116811, -0.98333967), (-0.024246516, 0.18583483, -0.9822818), (-0.015791323, 0.27440023, -0.9614859), (0.10434346, 0.26445636, -0.95873624), (0.116574064, 0.19049966, -0.9747412), (-0.014875673, 0.18116811, -0.98333967), (0.10434346, 0.26445636, -0.95873624), (0.09783483, 0.24533015, -0.96449023), (0.10353101, 0.19342764, -0.9756368), (0.116574064, 0.19049966, -0.9747412), (0.09783483, 0.24533015, -0.96449023), (-0.005663813, 0.24400137, -0.96975833), (-0.0015711794, 0.1767835, -0.9842486), (0.10353101, 0.19342764, -0.9756368), (-0.005663813, 0.24400137, -0.96975833), (0.03475227, 0.25133243, -0.96727675), (0.045412395, 0.16029222, -0.9860244), (-0.0015711794, 0.1767835, -0.9842486), (0.03475227, 0.25133243, -0.96727675), (0.15048724, 0.23339017, -0.96066785), (0.15919772, 0.16521405, -0.9733244), (0.045412395, 0.16029222, -0.9860244), (0.15048724, 0.23339017, -0.96066785), (0.12563159, 0.21165286, -0.96923673), (0.13359243, 0.17343688, -0.97574216), (0.15919772, 0.16521405, -0.9733244), (0.12563159, 0.21165286, -0.96923673), (0.0649814, 0.20521569, -0.97655714), (0.08576215, 0.15097722, -0.98480994), (0.13359243, 0.17343688, -0.97574216), (0.0649814, 0.20521569, -0.97655714), (0.1724974, 0.19606729, -0.96529907), (0.1970961, 0.11757161, -0.97330886), (0.08576215, 0.15097722, -0.98480994), (0.1724974, 0.19606729, -0.96529907), (0.5752794, 0.12132083, -0.80890965), (0.5906562, 0.075317174, -0.80340064), (0.1970961, 0.11757161, -0.97330886), (0.5752794, 0.12132083, -0.80890965), (0.9500258, 0.026298689, -0.3110618), (0.9575152, 0.01860015, -0.28778237), (0.5906562, 0.075317174, -0.80340064), (-0.9112142, 0.14854749, -0.38421664), (-0.41098258, 0.41733342, -0.81050974), (-0.52360755, 0.12319553, -0.84300536), (-0.95259553, 0.025671504, -0.30315465), (-0.41098258, 0.41733342, -0.81050974), (-0.1268394, 0.5271856, -0.8402304), (-0.18368818, 0.18539721, -0.96534276), (-0.52360755, 0.12319553, -0.84300536), (-0.1268394, 0.5271856, -0.8402304), (-0.119700916, 0.55873054, -0.8206655), (-0.18974306, 0.20246893, -0.9607309), (-0.18368818, 0.18539721, -0.96534276), (-0.119700916, 0.55873054, -0.8206655), (-0.057189208, 0.617107, -0.78479826), (-0.10513614, 0.21358576, -0.9712505), (-0.18974306, 0.20246893, -0.9607309), (-0.057189208, 0.617107, -0.78479826), (-0.018562948, 0.63364583, -0.77340055), (-0.025904164, 0.22934067, -0.9730014), (-0.10513614, 0.21358576, -0.9712505), (-0.018562948, 0.63364583, -0.77340055), (-0.061108883, 0.6032039, -0.79524255), (-0.08177491, 0.24112324, -0.9670431), (-0.025904164, 0.22934067, -0.9730014), (-0.061108883, 0.6032039, -0.79524255), (-0.07572176, 0.6067245, -0.79129744), (-0.12200525, 0.2461736, -0.96151614), (-0.08177491, 0.24112324, -0.9670431), (-0.07572176, 0.6067245, -0.79129744), (-0.0098076165, 0.6603248, -0.75091606), (-0.032360338, 0.2458943, -0.9687563), (-0.12200525, 0.2461736, -0.96151614), (-0.0098076165, 0.6603248, -0.75091606), (0.0032303657, 0.6724416, -0.7401431), (0.010886121, 0.25610775, -0.96658695), (-0.032360338, 0.2458943, -0.9687563), (0.0032303657, 0.6724416, -0.7401431), (-0.055755526, 0.63083, -0.77391523), (-0.07246296, 0.26615795, -0.96120185), (0.010886121, 0.25610775, -0.96658695), (-0.055755526, 0.63083, -0.77391523), (-0.053509466, 0.6257384, -0.7781955), (-0.08673751, 0.26944038, -0.959103), (-0.07246296, 0.26615795, -0.96120185), (-0.053509466, 0.6257384, -0.7781955), (0.018184988, 0.68051136, -0.7325119), (0.012733442, 0.26343435, -0.96459323), (-0.08673751, 0.26944038, -0.959103), (0.018184988, 0.68051136, -0.7325119), (0.0069276546, 0.69254833, -0.7213382), (0.018355997, 0.27030352, -0.9626002), (0.012733442, 0.26343435, -0.96459323), (0.0069276546, 0.69254833, -0.7213382), (-0.056489445, 0.6444745, -0.7625363), (-0.07385834, 0.28023493, -0.95708585), (0.018355997, 0.27030352, -0.9626002), (-0.056489445, 0.6444745, -0.7625363), (-0.031399887, 0.634414, -0.77235544), (-0.051882803, 0.2832167, -0.95765156), (-0.07385834, 0.28023493, -0.95708585), (-0.031399887, 0.634414, -0.77235544), (0.037932776, 0.6902316, -0.72259355), (0.04644868, 0.27296698, -0.9609015), (-0.051882803, 0.2832167, -0.95765156), (0.037932776, 0.6902316, -0.72259355), (0.003427036, 0.70256907, -0.71160734), (0.012738883, 0.2769882, -0.96078885), (0.04644868, 0.27296698, -0.9609015), (0.003427036, 0.70256907, -0.71160734), (-0.055396, 0.6503303, -0.757629), (-0.073317565, 0.28748283, -0.95497555), (0.012738883, 0.2769882, -0.96078885), (-0.055396, 0.6503303, -0.757629), (-0.0073635983, 0.63713235, -0.7707192), (-0.014050056, 0.28980333, -0.9569831), (-0.073317565, 0.28748283, -0.95497555), (-0.0073635983, 0.63713235, -0.7707192), (0.0510942, 0.6927276, -0.7193871), (0.07042659, 0.27610642, -0.9585433), (-0.014050056, 0.28980333, -0.9569831), (0.0510942, 0.6927276, -0.7193871), (-0.0028934628, 0.7048035, -0.7093967), (0.00091491634, 0.27780774, -0.96063626), (0.07042659, 0.27610642, -0.9585433), (-0.0028934628, 0.7048035, -0.7093967), (-0.04938034, 0.65048367, -0.75791335), (-0.06538768, 0.28927734, -0.95500946), (0.00091491634, 0.27780774, -0.96063626), (-0.04938034, 0.65048367, -0.75791335), (0.017688736, 0.6351727, -0.7721675), (0.02572055, 0.28945947, -0.9568447), (-0.06538768, 0.28927734, -0.95500946), (0.017688736, 0.6351727, -0.7721675), (0.058631714, 0.6886247, -0.7227436), (0.08501511, 0.27311018, -0.9582188), (0.02572055, 0.28945947, -0.9568447), (0.058631714, 0.6886247, -0.7227436), (-0.008829929, 0.69955325, -0.7145259), (-0.011265077, 0.2732733, -0.9618705), (0.08501511, 0.27311018, -0.9582188), (-0.008829929, 0.69955325, -0.7145259), (-0.03689413, 0.6453266, -0.7630152), (-0.047004763, 0.2854924, -0.9572276), (-0.011265077, 0.2732733, -0.9618705), (-0.03689413, 0.6453266, -0.7630152), (0.042398073, 0.6282132, -0.77688515), (0.06541548, 0.2815439, -0.957316), (-0.047004763, 0.2854924, -0.9572276), (0.042398073, 0.6282132, -0.77688515), (0.06231989, 0.67683923, -0.73348814), (0.09211805, 0.26347396, -0.9602582), (0.06541548, 0.2815439, -0.957316), (0.06231989, 0.67683923, -0.73348814), (-0.010938649, 0.68560755, -0.7278891), (-0.017064437, 0.2628855, -0.96467614), (0.09211805, 0.26347396, -0.9602582), (-0.010938649, 0.68560755, -0.7278891), (-0.016675198, 0.633509, -0.7735556), (-0.015791323, 0.27440023, -0.9614859), (-0.017064437, 0.2628855, -0.96467614), (-0.016675198, 0.633509, -0.7735556), (0.066576116, 0.61392283, -0.78655344), (0.10434346, 0.26445636, -0.95873624), (-0.015791323, 0.27440023, -0.9614859), (0.066576116, 0.61392283, -0.78655344), (0.06615381, 0.653642, -0.7539071), (0.09783483, 0.24533015, -0.96449023), (0.10434346, 0.26445636, -0.95873624), (0.06615381, 0.653642, -0.7539071), (-0.0031902818, 0.65858674, -0.75249803), (-0.005663813, 0.24400137, -0.96975833), (0.09783483, 0.24533015, -0.96449023), (-0.0031902818, 0.65858674, -0.75249803), (0.015566839, 0.609502, -0.7926316), (0.03475227, 0.25133243, -0.96727675), (-0.005663813, 0.24400137, -0.96975833), (0.015566839, 0.609502, -0.7926316), (0.09614572, 0.5841958, -0.8058977), (0.15048724, 0.23339017, -0.96066785), (0.03475227, 0.25133243, -0.96727675), (0.09614572, 0.5841958, -0.8058977), (0.08485058, 0.6057266, -0.79113567), (0.12563159, 0.21165286, -0.96923673), (0.15048724, 0.23339017, -0.96066785), (0.08485058, 0.6057266, -0.79113567), (0.04098535, 0.5983793, -0.800164), (0.0649814, 0.20521569, -0.97655714), (0.12563159, 0.21165286, -0.96923673), (0.04098535, 0.5983793, -0.800164), (0.10677584, 0.54100233, -0.8342154), (0.1724974, 0.19606729, -0.96529907), (0.0649814, 0.20521569, -0.97655714), (0.10677584, 0.54100233, -0.8342154), (0.4288765, 0.4051816, -0.8073988), (0.5752794, 0.12132083, -0.80890965), (0.1724974, 0.19606729, -0.96529907), (0.4288765, 0.4051816, -0.8073988), (0.91240984, 0.13929914, -0.38484296), (0.9500258, 0.026298689, -0.3110618), (0.5752794, 0.12132083, -0.80890965), (-0.6635254, 0.6602686, -0.35182306), (-0.14681177, 0.9086966, -0.39079002), (-0.41098258, 0.41733342, -0.81050974), (-0.9112142, 0.14854749, -0.38421664), (-0.14681177, 0.9086966, -0.39079002), (-0.032204237, 0.94986266, -0.31100464), (-0.1268394, 0.5271856, -0.8402304), (-0.41098258, 0.41733342, -0.81050974), (-0.032204237, 0.94986266, -0.31100464), (-0.018273791, 0.9581214, -0.2857785), (-0.119700916, 0.55873054, -0.8206655), (-0.1268394, 0.5271856, -0.8402304), (-0.018273791, 0.9581214, -0.2857785), (-0.005655904, 0.96156085, -0.27453375), (-0.057189208, 0.617107, -0.78479826), (-0.119700916, 0.55873054, -0.8206655), (-0.005655904, 0.96156085, -0.27453375), (-0.009311698, 0.96360064, -0.2671839), (-0.018562948, 0.63364583, -0.77340055), (-0.057189208, 0.617107, -0.78479826), (-0.009311698, 0.96360064, -0.2671839), (-0.016805425, 0.96685016, -0.25479087), (-0.061108883, 0.6032039, -0.79524255), (-0.018562948, 0.63364583, -0.77340055), (-0.016805425, 0.96685016, -0.25479087), (-0.0071053053, 0.9696158, -0.24452943), (-0.07572176, 0.6067245, -0.79129744), (-0.061108883, 0.6032039, -0.79524255), (-0.0071053053, 0.9696158, -0.24452943), (0.0043483367, 0.96980983, -0.24382372), (-0.0098076165, 0.6603248, -0.75091606), (-0.07572176, 0.6067245, -0.79129744), (0.0043483367, 0.96980983, -0.24382372), (-0.0052900594, 0.97005194, -0.24284016), (0.0032303657, 0.6724416, -0.7401431), (-0.0098076165, 0.6603248, -0.75091606), (-0.0052900594, 0.97005194, -0.24284016), (-0.0155141745, 0.97226316, -0.23337442), (-0.055755526, 0.63083, -0.77391523), (0.0032303657, 0.6724416, -0.7401431), (-0.0155141745, 0.97226316, -0.23337442), (-0.0024467192, 0.9739952, -0.22655547), (-0.053509466, 0.6257384, -0.7781955), (-0.055755526, 0.63083, -0.77391523), (-0.0024467192, 0.9739952, -0.22655547), (0.009463665, 0.9731144, -0.2301281), (0.018184988, 0.68051136, -0.7325119), (-0.053509466, 0.6257384, -0.7781955), (0.009463665, 0.9731144, -0.2301281), (-0.004640679, 0.9728969, -0.23119302), (0.0069276546, 0.69254833, -0.7213382), (0.018184988, 0.68051136, -0.7325119), (-0.004640679, 0.9728969, -0.23119302), (-0.015437516, 0.97486675, -0.22225294), (-0.056489445, 0.6444745, -0.7625363), (0.0069276546, 0.69254833, -0.7213382), (-0.015437516, 0.97486675, -0.22225294), (0.0013182396, 0.9760464, -0.21755885), (-0.031399887, 0.634414, -0.77235544), (-0.056489445, 0.6444745, -0.7625363), (0.0013182396, 0.9760464, -0.21755885), (0.012786316, 0.97451043, -0.2239776), (0.037932776, 0.6902316, -0.72259355), (-0.031399887, 0.634414, -0.77235544), (0.012786316, 0.97451043, -0.2239776), (-0.0050892043, 0.9741532, -0.22583115), (0.003427036, 0.70256907, -0.71160734), (0.037932776, 0.6902316, -0.72259355), (-0.0050892043, 0.9741532, -0.22583115), (-0.015112504, 0.97605646, -0.21699147), (-0.055396, 0.6503303, -0.757629), (0.003427036, 0.70256907, -0.71160734), (-0.015112504, 0.97605646, -0.21699147), (0.004861549, 0.97678506, -0.21416645), (-0.0073635983, 0.63713235, -0.7707192), (-0.055396, 0.6503303, -0.757629), (0.004861549, 0.97678506, -0.21416645), (0.014912524, 0.97476137, -0.22275084), (0.0510942, 0.6927276, -0.7193871), (-0.0073635983, 0.63713235, -0.7707192), (0.014912524, 0.97476137, -0.22275084), (-0.0058331937, 0.97435325, -0.22494817), (-0.0028934628, 0.7048035, -0.7093967), (0.0510942, 0.6927276, -0.7193871), (-0.0058331937, 0.97435325, -0.22494817), (-0.014074896, 0.9762142, -0.21635075), (-0.04938034, 0.65048367, -0.75791335), (-0.0028934628, 0.7048035, -0.7093967), (-0.014074896, 0.9762142, -0.21635075), (0.008259023, 0.9764948, -0.21538302), (0.017688736, 0.6351727, -0.7721675), (-0.04938034, 0.65048367, -0.75791335), (0.008259023, 0.9764948, -0.21538302), (0.016149323, 0.9740502, -0.22575535), (0.058631714, 0.6886247, -0.7227436), (0.017688736, 0.6351727, -0.7721675), (0.016149323, 0.9740502, -0.22575535), (-0.006323165, 0.97356766, -0.2283115), (-0.008829929, 0.69955325, -0.7145259), (0.058631714, 0.6886247, -0.7227436), (-0.006323165, 0.97356766, -0.2283115), (-0.012084342, 0.9753373, -0.22038867), (-0.03689413, 0.6453266, -0.7630152), (-0.008829929, 0.69955325, -0.7145259), (-0.012084342, 0.9753373, -0.22038867), (0.011537131, 0.9751094, -0.22142398), (0.042398073, 0.6282132, -0.77688515), (-0.03689413, 0.6453266, -0.7630152), (0.011537131, 0.9751094, -0.22142398), (0.016887806, 0.9722014, -0.23353629), (0.06231989, 0.67683923, -0.73348814), (0.042398073, 0.6282132, -0.77688515), (0.016887806, 0.9722014, -0.23353629), (-0.005970871, 0.9715095, -0.23692521), (-0.010938649, 0.68560755, -0.7278891), (0.06231989, 0.67683923, -0.73348814), (-0.005970871, 0.9715095, -0.23692521), (-0.008819036, 0.9730417, -0.2304606), (-0.016675198, 0.633509, -0.7735556), (-0.010938649, 0.68560755, -0.7278891), (-0.008819036, 0.9730417, -0.2304606), (0.015001868, 0.972109, -0.23404941), (0.066576116, 0.61392283, -0.78655344), (-0.016675198, 0.633509, -0.7735556), (0.015001868, 0.972109, -0.23404941), (0.01795762, 0.96844685, -0.24857254), (0.06615381, 0.653642, -0.7539071), (0.066576116, 0.61392283, -0.78655344), (0.01795762, 0.96844685, -0.24857254), (-0.0036397008, 0.96714, -0.2542185), (-0.0031902818, 0.65858674, -0.75249803), (0.06615381, 0.653642, -0.7539071), (-0.0036397008, 0.96714, -0.2542185), (-0.0030872887, 0.96795076, -0.25112137), (0.015566839, 0.609502, -0.7926316), (-0.0031902818, 0.65858674, -0.75249803), (-0.0030872887, 0.96795076, -0.25112137), (0.020454604, 0.96551347, -0.25954825), (0.09614572, 0.5841958, -0.8058977), (0.015566839, 0.609502, -0.7926316), (0.020454604, 0.96551347, -0.25954825), (0.02274232, 0.9596698, -0.2802083), (0.08485058, 0.6057266, -0.79113567), (0.09614572, 0.5841958, -0.8058977), (0.02274232, 0.9596698, -0.2802083), (0.0067241234, 0.9555362, -0.29479712), (0.04098535, 0.5983793, -0.800164), (0.08485058, 0.6057266, -0.79113567), (0.0067241234, 0.9555362, -0.29479712), (0.017696006, 0.9514995, -0.3071408), (0.10677584, 0.54100233, -0.8342154), (0.04098535, 0.5983793, -0.800164), (0.017696006, 0.9514995, -0.3071408), (0.14956625, 0.9127158, -0.38023657), (0.4288765, 0.4051816, -0.8073988), (0.10677584, 0.54100233, -0.8342154), (0.14956625, 0.9127158, -0.38023657), (0.66522324, 0.6629674, -0.34344175), (0.91240984, 0.13929914, -0.38484296), (0.4288765, 0.4051816, -0.8073988), (-0.14421198, -0.90394586, 0.40259767), (-0.66038895, -0.65774477, 0.3622958), (-0.66038895, -0.65774477, -0.3622958), (-0.144212, -0.9039458, -0.40259773), (-0.039774142, -0.94776285, 0.31648633), (-0.14421198, -0.90394586, 0.40259767), (-0.144212, -0.9039458, -0.40259773), (-0.03977414, -0.94776285, -0.31648633), (-0.025479976, -0.9587617, 0.28306666), (-0.039774142, -0.94776285, 0.31648633), (-0.03977414, -0.94776285, -0.31648633), (-0.02547997, -0.9587617, -0.28306663), (0.0009858425, -0.9625604, 0.2710654), (-0.025479976, -0.9587617, 0.28306666), (-0.02547997, -0.9587617, -0.28306663), (0.0009858407, -0.9625604, -0.2710654), (-0.0023354245, -0.96271175, 0.27051926), (0.0009858425, -0.9625604, 0.2710654), (0.0009858407, -0.9625604, -0.2710654), (-0.0023354222, -0.9627118, -0.27051914), (-0.02188069, -0.96542954, 0.25974408), (-0.0023354245, -0.96271175, 0.27051926), (-0.0023354222, -0.9627118, -0.27051914), (-0.02188069, -0.96542954, -0.25974405), (-0.013472936, -0.9698007, 0.24352631), (-0.02188069, -0.96542954, 0.25974408), (-0.02188069, -0.96542954, -0.25974405), (-0.0134729445, -0.9698007, -0.24352635), (0.0077209757, -0.97066724, 0.24030295), (-0.013472936, -0.9698007, 0.24352631), (-0.0134729445, -0.9698007, -0.24352635), (0.007720975, -0.97066724, -0.24030295), (0.000782523, -0.96969163, 0.24433057), (0.0077209757, -0.97066724, 0.24030295), (0.007720975, -0.97066724, -0.24030295), (0.00078252424, -0.96969175, -0.24433053), (-0.017373245, -0.971093, 0.23806825), (0.000782523, -0.96969163, 0.24433057), (0.00078252424, -0.96969175, -0.24433053), (-0.017373247, -0.971093, -0.23806825), (-0.008288623, -0.9739167, 0.22675458), (-0.017373245, -0.971093, 0.23806825), (-0.017373247, -0.971093, -0.23806825), (-0.008288626, -0.9739167, -0.22675464), (0.009347654, -0.9740127, 0.22630037), (-0.008288623, -0.9739167, 0.22675458), (-0.008288626, -0.9739167, -0.22675464), (0.009347653, -0.9740127, -0.22630036), (0.0010849162, -0.97291994, 0.23113956), (0.009347654, -0.9740127, 0.22630037), (0.009347653, -0.9740127, -0.22630036), (0.001084913, -0.97291994, -0.23113959), (-0.013895754, -0.97384155, 0.22680257), (0.0010849162, -0.97291994, 0.23113956), (0.001084913, -0.97291994, -0.23113959), (-0.013895755, -0.97384155, -0.22680262), (-0.0045163683, -0.97578156, 0.21870063), (-0.013895754, -0.97384155, 0.22680257), (-0.013895755, -0.97384155, -0.22680262), (-0.004516367, -0.97578156, -0.2187006), (0.009203302, -0.9755146, 0.2197422), (-0.0045163683, -0.97578156, 0.21870063), (-0.004516367, -0.97578156, -0.2187006), (0.009203302, -0.97551453, -0.21974233), (0.00085154595, -0.9744962, 0.22440241), (0.009203302, -0.9755146, 0.2197422), (0.009203302, -0.97551453, -0.21974233), (0.00085154525, -0.9744961, -0.22440255), (-0.010212434, -0.9751273, 0.22141041), (0.00085154595, -0.9744962, 0.22440241), (0.00085154525, -0.9744961, -0.22440255), (-0.010212434, -0.9751273, -0.22141042), (-0.0014833538, -0.976368, 0.21610954), (-0.010212434, -0.9751273, 0.22141041), (-0.010212434, -0.9751273, -0.22141042), (-0.0014833559, -0.97636795, -0.21610966), (0.008084265, -0.97589266, 0.21810152), (-0.0014833538, -0.976368, 0.21610954), (-0.0014833559, -0.97636795, -0.21610966), (0.008084263, -0.9758926, -0.21810162), (0.0008446345, -0.9749949, 0.22222553), (0.008084265, -0.97589266, 0.21810152), (0.008084263, -0.9758926, -0.21810162), (0.0008446345, -0.9749949, -0.22222553), (-0.0060518878, -0.97533745, 0.2206359), (0.0008446345, -0.9749949, 0.22222553), (0.0008446345, -0.9749949, -0.22222553), (-0.0060518887, -0.97533745, -0.22063594), (0.0009399393, -0.9759276, 0.2180925), (-0.0060518878, -0.97533745, 0.2206359), (-0.0060518887, -0.97533745, -0.22063594), (0.00093993865, -0.97592765, -0.2180925), (0.0064668353, -0.97531986, 0.22070165), (0.0009399393, -0.9759276, 0.2180925), (0.00093993865, -0.97592765, -0.2180925), (0.006466835, -0.97531986, -0.22070162), (0.0015467864, -0.974517, 0.22430834), (0.0064668353, -0.97531986, 0.22070165), (0.006466835, -0.97531986, -0.22070162), (0.0015467865, -0.974517, -0.22430831), (-0.0013527891, -0.9744512, 0.22459517), (0.0015467864, -0.974517, 0.22430834), (0.0015467865, -0.974517, -0.22430831), (-0.001352789, -0.9744512, -0.22459517), (0.002868815, -0.97436684, 0.22494672), (-0.0013527891, -0.9744512, 0.22459517), (-0.001352789, -0.9744512, -0.22459517), (0.0028688163, -0.97436684, -0.22494662), (0.0048903693, -0.97364205, 0.22802892), (0.002868815, -0.97436684, 0.22494672), (0.0028688163, -0.97436684, -0.22494662), (0.00489037, -0.97364205, -0.22802882), (0.0034485664, -0.97280204, 0.23161258), (0.0048903693, -0.97364205, 0.22802892), (0.00489037, -0.97364205, -0.22802882), (0.0034485653, -0.97280204, -0.23161247), (0.0040388494, -0.9720461, 0.23475528), (0.0034485664, -0.97280204, 0.23161258), (0.0034485653, -0.97280204, -0.23161247), (0.0040388484, -0.9720461, -0.23475522), (0.0047396854, -0.971135, 0.2384832), (0.0040388494, -0.9720461, 0.23475528), (0.0040388484, -0.9720461, -0.23475522), (0.0047396845, -0.971135, -0.23848318), (0.004329352, -0.97015405, 0.24245071), (0.0047396854, -0.971135, 0.2384832), (0.0047396845, -0.971135, -0.23848318), (0.0043293512, -0.97015405, -0.24245068), (0.007537218, -0.9688492, 0.24753676), (0.004329352, -0.97015405, 0.24245071), (0.0043293512, -0.97015405, -0.24245068), (0.0075372197, -0.9688492, -0.24753681), (0.011152974, -0.96666324, 0.25580803), (0.007537218, -0.9688492, 0.24753676), (0.0075372197, -0.9688492, -0.24753681), (0.011152976, -0.96666324, -0.2558081), (0.008580256, -0.96419233, 0.26506522), (0.011152974, -0.96666324, 0.25580803), (0.011152976, -0.96666324, -0.2558081), (0.008580256, -0.96419233, -0.26506528), (0.008380442, -0.9619332, 0.27315596), (0.008580256, -0.96419233, 0.26506522), (0.008580256, -0.96419233, -0.26506528), (0.00838044, -0.9619333, -0.27315593), (0.019551164, -0.9579104, 0.28640068), (0.008380442, -0.9619332, 0.27315596), (0.00838044, -0.9619333, -0.27315593), (0.019551162, -0.9579105, -0.2864006), (0.032255486, -0.9493604, 0.31252939), (0.019551164, -0.9579104, 0.28640068), (0.019551162, -0.9579105, -0.2864006), (0.03225547, -0.9493603, -0.3125293), (0.14573734, -0.9081692, 0.3924147), (0.032255486, -0.9493604, 0.31252939), (0.03225547, -0.9493603, -0.3125293), (0.14573734, -0.9081692, -0.39241466), (0.66284424, -0.66016495, 0.3532984), (0.14573734, -0.9081692, 0.3924147), (0.14573734, -0.9081692, -0.39241466), (0.66284436, -0.6601649, -0.3532984), (0.9108321, -0.15190421, 0.38381), (0.66284424, -0.66016495, 0.3532984), (0.66284436, -0.6601649, -0.3532984), (0.910832, -0.15190437, -0.38380998), (0.95328456, -0.02608362, 0.30094546), (0.9108321, -0.15190421, 0.38381), (0.910832, -0.15190437, -0.38380998), (0.95328456, -0.02608385, -0.30094543), (0.9591151, -0.009605385, 0.28285354), (0.95328456, -0.02608362, 0.30094546), (0.95328456, -0.02608385, -0.30094543), (0.9591151, -0.009605385, -0.28285354), (0.962056, -0.010821189, 0.27263758), (0.9591151, -0.009605385, 0.28285354), (0.9591151, -0.009605385, -0.28285354), (0.962056, -0.010821189, -0.27263758), (0.9650194, -0.011367797, 0.2619321), (0.962056, -0.010821189, 0.27263758), (0.962056, -0.010821189, -0.27263758), (0.9650194, -0.011367797, -0.2619321), (0.9673601, -0.0072622583, 0.25330165), (0.9650194, -0.011367797, 0.2619321), (0.9650194, -0.011367797, -0.2619321), (0.9673601, -0.0072622583, -0.25330165), (0.96916133, -0.0080985185, 0.2462942), (0.9673601, -0.0072622583, 0.25330165), (0.9673601, -0.0072622583, -0.25330165), (0.96916133, -0.0080985185, -0.2462942), (0.9716905, -0.015570888, 0.23574379), (0.96916133, -0.0080985185, 0.2462942), (0.96916133, -0.0080985185, -0.2462942), (0.9716905, -0.0155705465, -0.23574379), (0.97319293, 0.002379669, 0.22997804), (0.9716905, -0.015570888, 0.23574379), (0.9716905, -0.0155705465, -0.23574379), (0.97319293, 0.0023800104, -0.22997804), (0.97274566, 0.0018969929, 0.2318671), (0.97319293, 0.002379669, 0.22997804), (0.97319293, 0.0023800104, -0.22997804), (0.97274566, 0.0018969929, -0.2318671), (0.972529, 0.00006399383, 0.23278205), (0.97274566, 0.0018969929, 0.2318671), (0.97274566, 0.0018969929, -0.2318671), (0.972529, 0.00006399322, -0.23278205), (0.9728588, -0.0031653363, 0.23137788), (0.972529, 0.00006399383, 0.23278205), (0.972529, 0.00006399322, -0.23278205), (0.9728588, -0.0031653368, -0.23137793), (0.9736241, -0.0045288643, 0.22811311), (0.9728588, -0.0031653363, 0.23137788), (0.9728588, -0.0031653368, -0.23137793), (0.9736241, -0.0045288643, -0.22811314), (0.9742479, -0.0019158, 0.22547151), (0.9736241, -0.0045288643, 0.22811311), (0.9736241, -0.0045288643, -0.22811314), (0.9742479, -0.0019158, -0.22547153), (0.9746297, -0.0021260416, 0.22381334), (0.9742479, -0.0019158, 0.22547151), (0.9742479, -0.0019158, -0.22547153), (0.9746297, -0.0021260416, -0.22381334), (0.9749483, -0.0011340108, 0.22242843), (0.9746297, -0.0021260416, 0.22381334), (0.9746297, -0.0021260416, -0.22381334), (0.9749483, -0.0011340108, -0.22242843), (0.97488195, 0.0019473456, 0.222714), (0.9749483, -0.0011340108, 0.22242843), (0.9749483, -0.0011340108, -0.22242843), (0.97488195, 0.0019473456, -0.222714), (0.9729633, 0.015880778, 0.23041339), (0.97488195, 0.0019473456, 0.222714), (0.97488195, 0.0019473456, -0.222714), (0.9729632, 0.01588078, -0.23041345), (0.9708953, 0.0046648663, 0.23945896), (0.9729633, 0.015880778, 0.23041339), (0.9729632, 0.01588078, -0.23041345), (0.97089523, 0.0046648653, -0.23945896), (0.97033256, 0.00034652278, 0.2417741), (0.9708953, 0.0046648663, 0.23945896), (0.97089523, 0.0046648653, -0.23945896), (0.97033256, 0.00034652278, -0.2417741), (0.96991515, 0.0034309167, 0.24341902), (0.97033256, 0.00034652278, 0.2417741), (0.97033256, 0.00034652278, -0.2417741), (0.96991515, 0.0034309165, -0.24341896), (0.9687523, 0.006651223, 0.24794105), (0.96991515, 0.0034309167, 0.24341902), (0.96991515, 0.0034309165, -0.24341896), (0.9687523, 0.006651223, -0.247941), (0.96774805, 0.0020920443, 0.25191146), (0.9687523, 0.006651223, 0.24794105), (0.9687523, 0.006651223, -0.247941), (0.96774805, 0.0020920443, -0.25191146), (0.9665681, 0.0074916114, 0.25630063), (0.96774805, 0.0020920443, 0.25191146), (0.96774805, 0.0020920443, -0.25191146), (0.9665681, 0.0074916114, -0.25630063), (0.9635347, 0.014791414, 0.2671743), (0.9665681, 0.0074916114, 0.25630063), (0.9665681, 0.0074916114, -0.25630063), (0.9635347, 0.014791414, -0.2671743), (0.9609297, 0.0040629474, 0.27676296), (0.9635347, 0.014791414, 0.2671743), (0.9635347, 0.014791414, -0.2671743), (0.9609297, 0.0040633567, -0.27676293), (0.9575153, 0.018599743, 0.28778228), (0.9609297, 0.0040629474, 0.27676296), (0.9609297, 0.0040633567, -0.27676293), (0.9575152, 0.01860015, -0.28778237), (0.95002586, 0.026298692, 0.31106174), (0.9575153, 0.018599743, 0.28778228), (0.9575152, 0.01860015, -0.28778237), (0.9500258, 0.026298689, -0.3110618), (0.9124098, 0.1392989, 0.38484302), (0.95002586, 0.026298692, 0.31106174), (0.9500258, 0.026298689, -0.3110618), (0.91240984, 0.13929914, -0.38484296), (0.6652234, 0.66296715, 0.343442), (0.9124098, 0.1392989, 0.38484302), (0.91240984, 0.13929914, -0.38484296), (0.66522324, 0.6629674, -0.34344175), (0.14956631, 0.9127156, 0.38023677), (0.6652234, 0.66296715, 0.343442), (0.66522324, 0.6629674, -0.34344175), (0.14956625, 0.9127158, -0.38023657), (0.01769601, 0.9514995, 0.30714092), (0.14956631, 0.9127156, 0.38023677), (0.14956625, 0.9127158, -0.38023657), (0.017696006, 0.9514995, -0.3071408), (0.006724121, 0.9555362, 0.29479712), (0.01769601, 0.9514995, 0.30714092), (0.017696006, 0.9514995, -0.3071408), (0.0067241234, 0.9555362, -0.29479712), (0.022742312, 0.9596699, 0.2802082), (0.006724121, 0.9555362, 0.29479712), (0.0067241234, 0.9555362, -0.29479712), (0.02274232, 0.9596698, -0.2802083), (0.0204546, 0.9655136, 0.2595482), (0.022742312, 0.9596699, 0.2802082), (0.02274232, 0.9596698, -0.2802083), (0.020454604, 0.96551347, -0.25954825), (-0.0030872922, 0.96795076, 0.2511214), (0.0204546, 0.9655136, 0.2595482), (0.020454604, 0.96551347, -0.25954825), (-0.0030872887, 0.96795076, -0.25112137), (-0.0036397034, 0.96713996, 0.25421852), (-0.0030872922, 0.96795076, 0.2511214), (-0.0030872887, 0.96795076, -0.25112137), (-0.0036397008, 0.96714, -0.2542185), (0.01795762, 0.96844685, 0.24857236), (-0.0036397034, 0.96713996, 0.25421852), (-0.0036397008, 0.96714, -0.2542185), (0.01795762, 0.96844685, -0.24857254), (0.015001871, 0.972109, 0.23404914), (0.01795762, 0.96844685, 0.24857236), (0.01795762, 0.96844685, -0.24857254), (0.015001868, 0.972109, -0.23404941), (-0.008819035, 0.9730417, 0.23046061), (0.015001871, 0.972109, 0.23404914), (0.015001868, 0.972109, -0.23404941), (-0.008819036, 0.9730417, -0.2304606), (-0.00597087, 0.9715095, 0.23692536), (-0.008819035, 0.9730417, 0.23046061), (-0.008819036, 0.9730417, -0.2304606), (-0.005970871, 0.9715095, -0.23692521), (0.01688781, 0.9722015, 0.23353617), (-0.00597087, 0.9715095, 0.23692536), (-0.005970871, 0.9715095, -0.23692521), (0.016887806, 0.9722014, -0.23353629), (0.011537136, 0.9751094, 0.22142388), (0.01688781, 0.9722015, 0.23353617), (0.016887806, 0.9722014, -0.23353629), (0.011537131, 0.9751094, -0.22142398), (-0.012084344, 0.97533727, 0.22038871), (0.011537136, 0.9751094, 0.22142388), (0.011537131, 0.9751094, -0.22142398), (-0.012084342, 0.9753373, -0.22038867), (-0.006323167, 0.97356766, 0.22831155), (-0.012084344, 0.97533727, 0.22038871), (-0.012084342, 0.9753373, -0.22038867), (-0.006323165, 0.97356766, -0.2283115), (0.01614932, 0.9740501, 0.22575547), (-0.006323167, 0.97356766, 0.22831155), (-0.006323165, 0.97356766, -0.2283115), (0.016149323, 0.9740502, -0.22575535), (0.008259019, 0.97649467, 0.21538314), (0.01614932, 0.9740501, 0.22575547), (0.016149323, 0.9740502, -0.22575535), (0.008259023, 0.9764948, -0.21538302), (-0.014074896, 0.9762142, 0.21635075), (0.008259019, 0.97649467, 0.21538314), (0.008259023, 0.9764948, -0.21538302), (-0.014074896, 0.9762142, -0.21635075), (-0.0058331937, 0.97435325, 0.22494817), (-0.014074896, 0.9762142, 0.21635075), (-0.014074896, 0.9762142, -0.21635075), (-0.0058331937, 0.97435325, -0.22494817), (0.014912524, 0.97476137, 0.22275084), (-0.0058331937, 0.97435325, 0.22494817), (-0.0058331937, 0.97435325, -0.22494817), (0.014912524, 0.97476137, -0.22275084), (0.0048615467, 0.97678506, 0.21416634), (0.014912524, 0.97476137, 0.22275084), (0.014912524, 0.97476137, -0.22275084), (0.004861549, 0.97678506, -0.21416645), (-0.015112505, 0.97605646, 0.2169915), (0.0048615467, 0.97678506, 0.21416634), (0.004861549, 0.97678506, -0.21416645), (-0.015112504, 0.97605646, -0.21699147), (-0.0050892043, 0.9741532, 0.22583134), (-0.015112505, 0.97605646, 0.2169915), (-0.015112504, 0.97605646, -0.21699147), (-0.0050892043, 0.9741532, -0.22583115), (0.012786319, 0.97451043, 0.22397746), (-0.0050892043, 0.9741532, 0.22583134), (-0.0050892043, 0.9741532, -0.22583115), (0.012786316, 0.97451043, -0.2239776), (0.0013182454, 0.9760464, 0.21755865), (0.012786319, 0.97451043, 0.22397746), (0.012786316, 0.97451043, -0.2239776), (0.0013182396, 0.9760464, -0.21755885), (-0.015437514, 0.97486675, 0.22225294), (0.0013182454, 0.9760464, 0.21755865), (0.0013182396, 0.9760464, -0.21755885), (-0.015437516, 0.97486675, -0.22225294), (-0.004640678, 0.9728968, 0.23119304), (-0.015437514, 0.97486675, 0.22225294), (-0.015437516, 0.97486675, -0.22225294), (-0.004640679, 0.9728969, -0.23119302), (0.009463665, 0.9731144, 0.23012806), (-0.004640678, 0.9728968, 0.23119304), (-0.004640679, 0.9728969, -0.23119302), (0.009463665, 0.9731144, -0.2301281), (-0.0024467204, 0.97399515, 0.22655542), (0.009463665, 0.9731144, 0.23012806), (0.009463665, 0.9731144, -0.2301281), (-0.0024467192, 0.9739952, -0.22655547), (-0.015514173, 0.97226316, 0.23337455), (-0.0024467204, 0.97399515, 0.22655542), (-0.0024467192, 0.9739952, -0.22655547), (-0.0155141745, 0.97226316, -0.23337442), (-0.0052900556, 0.9700519, 0.24284029), (-0.015514173, 0.97226316, 0.23337455), (-0.0155141745, 0.97226316, -0.23337442), (-0.0052900594, 0.97005194, -0.24284016), (0.0043483367, 0.96980983, 0.24382372), (-0.0052900556, 0.9700519, 0.24284029), (-0.0052900594, 0.97005194, -0.24284016), (0.0043483367, 0.96980983, -0.24382372), (-0.007105302, 0.9696159, 0.24452938), (0.0043483367, 0.96980983, 0.24382372), (0.0043483367, 0.96980983, -0.24382372), (-0.0071053053, 0.9696158, -0.24452943), (-0.016805423, 0.96685016, 0.25479087), (-0.007105302, 0.9696159, 0.24452938), (-0.0071053053, 0.9696158, -0.24452943), (-0.016805425, 0.96685016, -0.25479087), (-0.0093117, 0.9636005, 0.26718393), (-0.016805423, 0.96685016, 0.25479087), (-0.016805425, 0.96685016, -0.25479087), (-0.009311698, 0.96360064, -0.2671839), (-0.005655905, 0.9615608, 0.27453378), (-0.0093117, 0.9636005, 0.26718393), (-0.009311698, 0.96360064, -0.2671839), (-0.005655904, 0.96156085, -0.27453375), (-0.018273793, 0.9581214, 0.28577855), (-0.005655905, 0.9615608, 0.27453378), (-0.005655904, 0.96156085, -0.27453375), (-0.018273791, 0.9581214, -0.2857785), (-0.032204237, 0.94986266, 0.31100467), (-0.018273793, 0.9581214, 0.28577855), (-0.018273791, 0.9581214, -0.2857785), (-0.032204237, 0.94986266, -0.31100464), (-0.14681183, 0.90869653, 0.3907901), (-0.032204237, 0.94986266, 0.31100467), (-0.032204237, 0.94986266, -0.31100464), (-0.14681177, 0.9086966, -0.39079002), (-0.6635254, 0.6602685, 0.35182318), (-0.14681183, 0.90869653, 0.3907901), (-0.14681177, 0.9086966, -0.39079002), (-0.6635254, 0.6602686, -0.35182306), (-0.9112142, 0.14854716, 0.38421673), (-0.6635254, 0.6602685, 0.35182318), (-0.6635254, 0.6602686, -0.35182306), (-0.9112142, 0.14854749, -0.38421664), (-0.95259553, 0.025671273, 0.30315465), (-0.9112142, 0.14854716, 0.38421673), (-0.9112142, 0.14854749, -0.38421664), (-0.95259553, 0.025671504, -0.30315465), (-0.95767313, 0.0042474843, 0.28782654), (-0.95259553, 0.025671273, 0.30315465), (-0.95259553, 0.025671504, -0.30315465), (-0.95767313, 0.0042474843, -0.28782654), (-0.95990413, 0.010746983, 0.2801225), (-0.95767313, 0.0042474843, 0.28782654), (-0.95767313, 0.0042474843, -0.28782654), (-0.95990413, 0.010746983, -0.2801225), (-0.9627896, 0.009719372, 0.27007708), (-0.95990413, 0.010746983, 0.2801225), (-0.95990413, 0.010746983, -0.2801225), (-0.9627896, 0.009719372, -0.27007708), (-0.9651233, 0.008060706, 0.26167178), (-0.9627896, 0.009719372, 0.27007708), (-0.9627896, 0.009719372, -0.27007708), (-0.9651233, 0.008060706, -0.26167178), (-0.9669807, 0.0067333877, 0.25476053), (-0.9651233, 0.008060706, 0.26167178), (-0.9651233, 0.008060706, -0.26167178), (-0.9669807, 0.0067333877, -0.25476053), (-0.9689144, 0.009425783, 0.24721654), (-0.9669807, 0.0067333877, 0.25476053), (-0.9669807, 0.0067333877, -0.25476053), (-0.9689144, 0.009425783, -0.24721658), (-0.97195596, 0.01877211, 0.23441246), (-0.9689144, 0.009425783, 0.24721654), (-0.9689144, 0.009425783, -0.24721658), (-0.97195596, 0.01877211, -0.2344125), (-0.9741415, 0.0006280788, 0.22593804), (-0.97195596, 0.01877211, 0.23441246), (-0.97195596, 0.01877211, -0.2344125), (-0.9741415, 0.0006280788, -0.22593804), (-0.9738132, -0.0037431156, 0.22731899), (-0.9741415, 0.0006280788, 0.22593804), (-0.9741415, 0.0006280788, -0.22593804), (-0.9738132, -0.0037431153, -0.22731899), (-0.9736365, 0.0020794882, 0.22809578), (-0.9738132, -0.0037431156, 0.22731899), (-0.9738132, -0.0037431153, -0.22731899), (-0.9736365, 0.0020794887, -0.22809575), (-0.97278166, -0.010319797, 0.23149347), (-0.9736365, 0.0020794882, 0.22809578), (-0.9736365, 0.0020794887, -0.22809575), (-0.97278166, -0.010319797, -0.23149347), (-0.971635, -0.0015225686, 0.23648065), (-0.97278166, -0.010319797, 0.23149347), (-0.97278166, -0.010319797, -0.23149347), (-0.971635, -0.0015225686, -0.23648065), (-0.9718119, 0.0033884987, 0.23573303), (-0.971635, -0.0015225686, 0.23648065), (-0.971635, -0.0015225686, -0.23648065), (-0.9718119, 0.0033884987, -0.23573303), (-0.9728292, 0.0062320433, 0.23143992), (-0.9718119, 0.0033884987, 0.23573303), (-0.9718119, 0.0033884987, -0.23573303), (-0.9728292, 0.0062320433, -0.2314399), (-0.9744583, 0.0101975845, 0.22433679), (-0.9728292, 0.0062320433, 0.23143992), (-0.9728292, 0.0062320433, -0.2314399), (-0.9744583, 0.0101975845, -0.22433677), (-0.97422785, -0.012432437, 0.22522314), (-0.9744583, 0.0101975845, 0.22433679), (-0.9744583, 0.0101975845, -0.22433677), (-0.97422785, -0.012432436, -0.22522314), (-0.9724254, -0.0060590813, 0.23313545), (-0.97422785, -0.012432437, 0.22522314), (-0.97422785, -0.012432436, -0.22522314), (-0.9724254, -0.0060587376, -0.23313546), (-0.97202986, 0.0025153847, 0.23484373), (-0.9724254, -0.0060590813, 0.23313545), (-0.9724254, -0.0060587376, -0.23313546), (-0.97202986, 0.0025157277, -0.23484373), (-0.9714973, -0.0072960546, 0.23693807), (-0.97202986, 0.0025153847, 0.23484373), (-0.97202986, 0.0025157277, -0.23484373), (-0.9714973, -0.007296054, -0.2369381), (-0.9707747, 0.00023946463, 0.23999245), (-0.9714973, -0.0072960546, 0.23693807), (-0.9714973, -0.007296054, -0.2369381), (-0.9707747, 0.00023946493, -0.23999248), (-0.9701049, -0.006262466, 0.24260552), (-0.9707747, 0.00023946463, 0.23999245), (-0.9707747, 0.00023946493, -0.23999248), (-0.9701049, -0.006262466, -0.24260552), (-0.9687504, -0.005442265, 0.24797767), (-0.9701049, -0.006262466, 0.24260552), (-0.9701049, -0.006262466, -0.24260552), (-0.9687504, -0.005442265, -0.24797767), (-0.9673227, -0.006299882, 0.25346997), (-0.9687504, -0.005442265, 0.24797767), (-0.9687504, -0.005442265, -0.24797767), (-0.9673227, -0.006299882, -0.25346997), (-0.96230453, -0.029438077, 0.2703763), (-0.9673227, -0.006299882, 0.25346997), (-0.9673227, -0.006299882, -0.25346997), (-0.96230453, -0.029438077, -0.2703763), (-0.95499295, -0.020835033, 0.29589573), (-0.96230453, -0.029438077, 0.2703763), (-0.96230453, -0.029438077, -0.2703763), (-0.95499295, -0.020835033, -0.29589573), (-0.9471325, -0.024835642, 0.3198798), (-0.95499295, -0.020835033, 0.29589573), (-0.95499295, -0.020835033, -0.29589573), (-0.9471325, -0.024835642, -0.3198798), (-0.9054001, -0.14553906, 0.3988345), (-0.9471325, -0.024835642, 0.3198798), (-0.9471325, -0.024835642, -0.3198798), (-0.9054001, -0.14553906, -0.3988345), (-0.66038895, -0.65774477, 0.3622958), (-0.9054001, -0.14553906, 0.3988345), (-0.9054001, -0.14553906, -0.3988345), (-0.66038895, -0.65774477, -0.3622958)] (
                    interpolation = "faceVarying"
                )
                point3f[] points = [(-0.125, -0.095, 0.0006), (-0.11875, -0.095, 0.0006), (-0.1125, -0.095, 0.0006), (-0.10625, -0.095, 0.0006), (-0.1, -0.095, 0.0006), (-0.09375, -0.095, 0.0006), (-0.0875, -0.095, 0.0006), (-0.08125, -0.095, 0.0006), (-0.075, -0.095, 0.0006), (-0.06875, -0.095, 0.0006), (-0.0625, -0.095, 0.0006), (-0.05625, -0.095, 0.0006), (-0.05, -0.095, 0.0006), (-0.04375, -0.095, 0.0006), (-0.0375, -0.095, 0.0006), (-0.03125, -0.095, 0.0006), (-0.025, -0.095, 0.0006), (-0.01875, -0.095, 0.0006), (-0.0125, -0.095, 0.0006), (-0.00625, -0.095, 0.0006), (0, -0.095, 0.0006), (0.00625, -0.095, 0.0006), (0.0125, -0.095, 0.0006), (0.01875, -0.095, 0.0006), (0.025, -0.095, 0.0006), (0.03125, -0.095, 0.0006), (0.0375, -0.095, 0.0006), (0.04375, -0.095, 0.0006), (0.05, -0.095, 0.0006), (0.05625, -0.095, 0.0006), (0.0625, -0.095, 0.0006), (0.06875, -0.095, 0.0006), (0.075, -0.095, 0.0006), (0.08125, -0.095, 0.0006), (0.0875, -0.095, 0.0006), (0.09375, -0.095, 0.0006), (0.1, -0.095, 0.0006), (0.10625, -0.095, 0.0006), (0.1125, -0.095, 0.0006), (0.11875, -0.095, 0.0006), (0.125, -0.095, 0.0006), (-0.125, -0.08866667, 0.0006), (-0.11866289, -0.08866667, 0.0075839655), (-0.11232632, -0.08866667, 0.008982946), (-0.10599081, -0.08866667, 0.010775169), (-0.09965691, -0.08866667, 0.011175769), (-0.09332512, -0.08866667, 0.010668519), (-0.08699595, -0.08866667, 0.011425339), (-0.08066989, -0.08866667, 0.012827389), (-0.0743474, -0.08866667, 0.012742873), (-0.06802894, -0.08866667, 0.0120078), (-0.061714925, -0.08866667, 0.012707797), (-0.055405747, -0.08866667, 0.013871615), (-0.049101777, -0.08866667, 0.013548377), (-0.042803343, -0.08866667, 0.012825063), (-0.036510747, -0.08866667, 0.013484696), (-0.030224249, -0.08866667, 0.014377282), (-0.023944074, -0.08866667, 0.013931919), (-0.017670412, -0.08866667, 0.013323125), (-0.011403404, -0.08866667, 0.013888755), (-0.005143157, -0.08866667, 0.014479113), (0.0011102653, -0.08866667, 0.01400692), (0.0073568425, -0.08866667, 0.01355305), (0.013596596, -0.08866667, 0.013950494), (0.019829588, -0.08866667, 0.014231338), (0.026055925, -0.08866667, 0.013811311), (0.03227575, -0.08866667, 0.013504221), (0.038489252, -0.08866667, 0.013658522), (0.044696655, -0.08866667, 0.013646742), (0.050898224, -0.08866667, 0.013329591), (0.057094254, -0.08866667, 0.01311602), (0.063285075, -0.08866667, 0.012960912), (0.06947106, -0.08866667, 0.012684502), (0.0756526, -0.08866667, 0.012468203), (0.081830114, -0.08866667, 0.012240331), (0.08800405, -0.08866667, 0.011706756), (0.09417488, -0.08866667, 0.011157016), (0.10034309, -0.08866667, 0.010904907), (0.10650919, -0.08866667, 0.010393871), (0.112673685, -0.08866667, 0.009220157), (0.11883711, -0.08866667, 0.007839229), (0.125, -0.08866667, 0.0006030812), (-0.125, -0.082333334, 0.0006), (-0.11863285, -0.082333334, 0.009330713), (-0.11226643, -0.082333334, 0.010664077), (-0.10590144, -0.082333334, 0.011833087), (-0.0995386, -0.082333334, 0.012842705), (-0.09317861, -0.082333334, 0.013131014), (-0.086822145, -0.082333334, 0.013292625), (-0.080469854, -0.082333334, 0.014181453), (-0.07412237, -0.082333334, 0.014957756), (-0.0677803, -0.082333334, 0.014668701), (-0.06144421, -0.082333334, 0.014499631), (-0.05511463, -0.082333334, 0.015508956), (-0.048792046, -0.082333334, 0.016192572), (-0.04247691, -0.082333334, 0.0154571645), (-0.036169626, -0.082333334, 0.015137651), (-0.029870544, -0.082333334, 0.016326042), (-0.023579966, -0.082333334, 0.016881907), (-0.017298143, -0.082333334, 0.015769387), (-0.01102527, -0.082333334, 0.015413146), (-0.004761491, -0.082333334, 0.016752202), (0.001493112, -0.082333334, 0.017117238), (0.007738509, -0.082333334, 0.01570798), (0.013974729, -0.082333334, 0.015394003), (0.020201856, -0.082333334, 0.016803803), (0.026420034, -0.082333334, 0.016920315), (0.032629456, -0.082333334, 0.015311208), (0.038830373, -0.082333334, 0.015079786), (0.045023087, -0.082333334, 0.016442668), (0.051207952, -0.082333334, 0.016270053), (0.05738537, -0.082333334, 0.014562588), (0.06355579, -0.082333334, 0.0144026), (0.0697197, -0.082333334, 0.01556582), (0.07587763, -0.082333334, 0.015073746), (0.08203015, -0.082333334, 0.013344629), (0.08817786, -0.082333334, 0.013159343), (0.09432139, -0.082333334, 0.013893968), (0.10046139, -0.082333334, 0.012989332), (0.10659856, -0.082333334, 0.011165074), (0.11273357, -0.082333334, 0.010514205), (0.11886715, -0.082333334, 0.009847932), (0.125, -0.082333334, 0.00060368684), (-0.125, -0.076, 0.0006), (-0.11867957, -0.076, 0.009471384), (-0.11235957, -0.076, 0.011819938), (-0.10604043, -0.076, 0.013726036), (-0.099722594, -0.076, 0.013646621), (-0.09340646, -0.076, 0.013487983), (-0.08709245, -0.076, 0.015038271), (-0.080780946, -0.076, 0.01627567), (-0.07447234, -0.076, 0.01563177), (-0.068166986, -0.076, 0.015297735), (-0.061865225, -0.076, 0.01666775), (-0.055567376, -0.076, 0.017525097), (-0.04927374, -0.076, 0.016715797), (-0.04298458, -0.076, 0.01642987), (-0.036700137, -0.076, 0.017584963), (-0.030420626, -0.076, 0.018102374), (-0.024146229, -0.076, 0.017312048), (-0.017877096, -0.076, 0.01712463), (-0.011613344, -0.076, 0.017979687), (-0.005355059, -0.076, 0.018196275), (0.00089770823, -0.076, 0.01754655), (0.007144941, -0.076, 0.017435418), (0.013386656, -0.076, 0.017911451), (0.019622905, -0.076, 0.017884655), (0.025853772, -0.076, 0.017446706), (0.032079373, -0.076, 0.017344352), (0.038299862, -0.076, 0.017387522), (0.044515423, -0.076, 0.01718402), (0.05072626, -0.076, 0.016970538), (0.056932624, -0.076, 0.016777823), (0.063134775, -0.076, 0.01636313), (0.06933302, -0.076, 0.016033415), (0.07552766, -0.076, 0.015976667), (0.08171905, -0.076, 0.015558978), (0.08790755, -0.076, 0.014665545), (0.09409354, -0.076, 0.014173646), (0.10027741, -0.076, 0.014029954), (0.106459565, -0.076, 0.013093688), (0.11264043, -0.076, 0.011455467), (0.11882044, -0.076, 0.009988551), (0.125, -0.076, 0.00060416583), (-0.125, -0.06966667, 0.0006), (-0.118772425, -0.06966667, 0.01095723), (-0.112544715, -0.06966667, 0.012341061), (-0.10631673, -0.06966667, 0.013429194), (-0.100088336, -0.06966667, 0.014872277), (-0.09385939, -0.06966667, 0.015604731), (-0.08762977, -0.06966667, 0.015434392), (-0.08139936, -0.06966667, 0.015962992), (-0.07516802, -0.06966667, 0.017329408), (-0.06893565, -0.06966667, 0.017601449), (-0.06270213, -0.06966667, 0.016835095), (-0.05646736, -0.06966667, 0.017317971), (-0.05023126, -0.06966667, 0.01879761), (-0.04399373, -0.06966667, 0.018702064), (-0.037754696, -0.06966667, 0.017533366), (-0.031514093, -0.06966667, 0.0181095), (-0.02527186, -0.06966667, 0.019665282), (-0.019027954, -0.06966667, 0.01920494), (-0.0127823325, -0.06966667, 0.017777335), (-0.006534971, -0.06966667, 0.018495709), (-0.00028585194, -0.06966667, 0.020027919), (0.0059650294, -0.06966667, 0.019213548), (0.012217667, -0.06966667, 0.017660752), (0.018472046, -0.06966667, 0.01850893), (0.024728138, -0.06966667, 0.019893812), (0.030985907, -0.06966667, 0.018762734), (0.037245303, -0.06966667, 0.017202055), (0.043506272, -0.06966667, 0.018110808), (0.049768742, -0.06966667, 0.019218214), (0.056032635, -0.06966667, 0.017830607), (0.062297873, -0.06966667, 0.016342772), (0.068564355, -0.06966667, 0.017180717), (0.07483198, -0.06966667, 0.017871939), (0.08110064, -0.06966667, 0.016282659), (0.087370224, -0.06966667, 0.0148673495), (0.09364061, -0.06966667, 0.015390321), (0.09991167, -0.06966667, 0.0154322535), (0.10618327, -0.06966667, 0.013540428), (0.112455286, -0.06966667, 0.0118340375), (0.11872757, -0.06966667, 0.010936974), (0.125, -0.06966667, 0.0006046209), (-0.125, -0.06333333, 0.0006), (-0.118850596, -0.06333333, 0.011925326), (-0.11270057, -0.06333333, 0.012700002), (-0.10654931, -0.06333333, 0.01359069), (-0.1003962, -0.06333333, 0.015746782), (-0.09424065, -0.06333333, 0.016721735), (-0.088082075, -0.06333333, 0.016044375), (-0.08191991, -0.06333333, 0.016421402), (-0.075753614, -0.06333333, 0.018156668), (-0.06958268, -0.06333333, 0.018610884), (-0.0634066, -0.06333333, 0.017731884), (-0.057224937, -0.06333333, 0.018051786), (-0.051037263, -0.06333333, 0.019435134), (-0.044843193, -0.06333333, 0.01956694), (-0.038642384, -0.06333333, 0.018758446), (-0.032434534, -0.06333333, 0.019056782), (-0.026219377, -0.06333333, 0.020027269), (-0.019996703, -0.06333333, 0.019950926), (-0.013766344, -0.06333333, 0.019344868), (-0.0075281765, -0.06333333, 0.019567544), (-0.0012821289, -0.06333333, 0.020075224), (0.0049718237, -0.06333333, 0.019895311), (0.011233657, -0.06333333, 0.019545143), (0.017503297, -0.06333333, 0.019603644), (0.023780623, -0.06333333, 0.019633498), (0.030065468, -0.06333333, 0.019441811), (0.036357615, -0.06333333, 0.019332252), (0.042656805, -0.06333333, 0.019128503), (0.048962735, -0.06333333, 0.01870128), (0.05527506, -0.06333333, 0.018555375), (0.0615934, -0.06333333, 0.018599385), (0.067917325, -0.06333333, 0.018035838), (0.074246384, -0.06333333, 0.017188521), (0.08058009, -0.06333333, 0.017066786), (0.08691793, -0.06333333, 0.017072449), (0.09325935, -0.06333333, 0.016017966), (0.0996038, -0.06333333, 0.014711362), (0.10595069, -0.06333333, 0.014321418), (0.11229943, -0.06333333, 0.0136604905), (0.11864941, -0.06333333, 0.011260922), (0.125, -0.06333333, 0.0006036213), (-0.125, -0.057, 0.0006), (-0.11886285, -0.057, 0.011411394), (-0.11272501, -0.057, 0.013367588), (-0.106585786, -0.057, 0.015283656), (-0.10044449, -0.057, 0.016080078), (-0.09430045, -0.057, 0.01598602), (-0.08815301, -0.057, 0.016892262), (-0.08200155, -0.057, 0.018467585), (-0.075845465, -0.057, 0.018543461), (-0.069684155, -0.057, 0.017779253), (-0.06351709, -0.057, 0.018671295), (-0.05734376, -0.057, 0.020269366), (-0.05116368, -0.057, 0.01985296), (-0.044976424, -0.057, 0.018710911), (-0.038781613, -0.057, 0.019742692), (-0.032578897, -0.057, 0.021329507), (-0.026367987, -0.057, 0.020474944), (-0.020148644, -0.057, 0.019131813), (-0.013920678, -0.057, 0.020328807), (-0.0076839523, -0.057, 0.021801703), (-0.0014383864, -0.057, 0.020563874), (0.004816048, -0.057, 0.019163715), (0.011079323, -0.057, 0.020479932), (0.017351355, -0.057, 0.021721832), (0.023632012, -0.057, 0.020180002), (0.029921105, -0.057, 0.01883403), (0.03621839, -0.057, 0.020167075), (0.042523574, -0.057, 0.021067997), (0.04883632, -0.057, 0.019320106), (0.055156242, -0.057, 0.018090662), (0.061482906, -0.057, 0.019285696), (0.06781584, -0.057, 0.01974429), (0.07415454, -0.057, 0.01787972), (0.08049844, -0.057, 0.016746532), (0.086846985, -0.057, 0.017568283), (0.09319955, -0.057, 0.017436698), (0.099555515, -0.057, 0.015434531), (0.10591421, -0.057, 0.014131113), (0.11227499, -0.057, 0.013926952), (0.118637145, -0.057, 0.012202492), (0.125, -0.057, 0.0006040403), (-0.125, -0.050666668, 0.0006), (-0.11880118, -0.050666668, 0.012588955), (-0.11260203, -0.050666668, 0.013446059), (-0.10640226, -0.050666668, 0.014651596), (-0.100201555, -0.050666668, 0.016877765), (-0.0939996, -0.050666668, 0.01765563), (-0.087796114, -0.050666668, 0.017055573), (-0.0815908, -0.050666668, 0.017715424), (-0.07538338, -0.050666668, 0.019405475), (-0.069173604, -0.050666668, 0.019655872), (-0.062961206, -0.050666668, 0.018917738), (-0.056745972, -0.050666668, 0.019463288), (-0.05052768, -0.050666668, 0.020710807), (-0.044306133, -0.050666668, 0.020688282), (-0.038081158, -0.050666668, 0.020077761), (-0.0318526, -0.050666668, 0.020514142), (-0.025620325, -0.050666668, 0.02128414), (-0.019384226, -0.050666668, 0.021135267), (-0.013144218, -0.050666668, 0.020759538), (-0.006900238, -0.050666668, 0.021012822), (-0.00065224833, -0.050666668, 0.021288158), (0.0055997623, -0.050666668, 0.021132529), (0.011855782, -0.050666668, 0.021011584), (0.018115774, -0.050666668, 0.02098763), (0.024379674, -0.050666668, 0.020788804), (0.0306474, -0.050666668, 0.020715985), (0.03691884, -0.050666668, 0.02079902), (0.043193866, -0.050666668, 0.02040927), (0.04947232, -0.050666668, 0.019789374), (0.05575403, -0.050666668, 0.019837404), (0.06203879, -0.050666668, 0.020005407), (0.0683264, -0.050666668, 0.019175617), (0.07461662, -0.050666668, 0.018193845), (0.0809092, -0.050666668, 0.018303577), (0.08720388, -0.050666668, 0.01833928), (0.0935004, -0.050666668, 0.016971037), (0.09979844, -0.050666668, 0.015588468), (0.106097735, -0.050666668, 0.015398305), (0.11239797, -0.050666668, 0.014638048), (0.11869883, -0.050666668, 0.011883957), (0.125, -0.050666668, 0.0006038208), (-0.125, -0.044333335, 0.0006), (-0.118705966, -0.044333335, 0.012344837), (-0.11241221, -0.044333335, 0.013766139), (-0.106118985, -0.044333335, 0.015615808), (-0.099826574, -0.044333335, 0.017361017), (-0.09353523, -0.044333335, 0.017431414), (-0.08724521, -0.044333335, 0.017259728), (-0.08095676, -0.044333335, 0.01877585), (-0.07467012, -0.044333335, 0.02018711), (-0.06838551, -0.044333335, 0.019482428), (-0.062103152, -0.044333335, 0.018910604), (-0.05582324, -0.044333335, 0.020560026), (-0.04954596, -0.044333335, 0.021791872), (-0.043271475, -0.044333335, 0.020541744), (-0.036999945, -0.044333335, 0.019829052), (-0.030731494, -0.044333335, 0.021644333), (-0.02446624, -0.044333335, 0.022643477), (-0.01820428, -0.044333335, 0.020980226), (-0.011945683, -0.044333335, 0.020276489), (-0.0056905034, -0.044333335, 0.02218646), (0.00056122686, -0.044333335, 0.022878094), (0.006809497, -0.044333335, 0.020935662), (0.013054317, -0.044333335, 0.020331375), (0.01929572, -0.044333335, 0.02221023), (0.025533758, -0.044333335, 0.022536583), (0.031768505, -0.044333335, 0.020455368), (0.03800006, -0.044333335, 0.019982306), (0.044228524, -0.044333335, 0.021670498), (0.050454043, -0.044333335, 0.021600472), (0.05667676, -0.044333335, 0.019509166), (0.06289685, -0.044333335, 0.019129662), (0.06911449, -0.044333335, 0.02043948), (0.07532988, -0.044333335, 0.019952832), (0.08154324, -0.044333335, 0.017926779), (0.08775479, -0.044333335, 0.017495124), (0.09396477, -0.044333335, 0.018159332), (0.10017343, -0.044333335, 0.017140342), (0.106381014, -0.044333335, 0.015024351), (0.112587795, -0.044333335, 0.013952507), (0.11879403, -0.044333335, 0.012763276), (0.125, -0.044333335, 0.00060487917), (-0.125, -0.038, 0.0006), (-0.11863961, -0.038, 0.012870153), (-0.1122799, -0.038, 0.015263207), (-0.105921544, -0.038, 0.015507522), (-0.099565215, -0.038, 0.016271349), (-0.09321156, -0.038, 0.018250667), (-0.08686124, -0.038, 0.019109871), (-0.08051485, -0.038, 0.018577378), (-0.07417299, -0.038, 0.018999448), (-0.067836225, -0.038, 0.020469649), (-0.0615051, -0.038, 0.020861223), (-0.05518011, -0.038, 0.020294623), (-0.048861712, -0.038, 0.020635813), (-0.042550337, -0.038, 0.021623386), (-0.036246356, -0.038, 0.021741057), (-0.0299501, -0.038, 0.021359002), (-0.023661863, -0.038, 0.021608833), (-0.017381875, -0.038, 0.022076512), (-0.011110323, -0.038, 0.022053069), (-0.0048473375, -0.038, 0.021943333), (0.001407, -0.038, 0.022023845), (0.0076526627, -0.038, 0.021961072), (0.013889678, -0.038, 0.021909842), (0.020118125, -0.038, 0.02207563), (0.026338136, -0.038, 0.021890247), (0.0325499, -0.038, 0.021327114), (0.038753647, -0.038, 0.021331452), (0.044949666, -0.038, 0.02170204), (0.051138286, -0.038, 0.021158803), (0.05731989, -0.038, 0.020158084), (0.0634949, -0.038, 0.020244343), (0.06966377, -0.038, 0.02067125), (0.07582702, -0.038, 0.01968598), (0.08198515, -0.038, 0.018308789), (0.08813877, -0.038, 0.018383361), (0.09428844, -0.038, 0.018580785), (0.10043479, -0.038, 0.016999966), (0.106578454, -0.038, 0.0151338475), (0.1127201, -0.038, 0.014590768), (0.118860394, -0.038, 0.013232357), (0.125, -0.038, 0.00060464034), (-0.125, -0.031666666, 0.0006), (-0.11864558, -0.031666666, 0.013238906), (-0.1122918, -0.031666666, 0.01501014), (-0.1059393, -0.031666666, 0.015444483), (-0.099588715, -0.031666666, 0.01700546), (-0.09324067, -0.031666666, 0.018953804), (-0.086895764, -0.031666666, 0.018942287), (-0.08055458, -0.031666666, 0.018303126), (-0.07421769, -0.031666666, 0.019714119), (-0.06788562, -0.031666666, 0.02148036), (-0.061558884, -0.031666666, 0.020792333), (-0.055237945, -0.031666666, 0.019766841), (-0.048923247, -0.031666666, 0.021309957), (-0.042615186, -0.031666666, 0.022934582), (-0.036314122, -0.031666666, 0.021740299), (-0.030020371, -0.031666666, 0.020571256), (-0.023734199, -0.031666666, 0.02226041), (-0.017455833, -0.031666666, 0.023658687), (-0.011185445, -0.031666666, 0.02207689), (-0.0049231616, -0.031666666, 0.020921336), (0.0013309412, -0.031666666, 0.022680739), (0.007576838, -0.031666666, 0.023757368), (0.0138145555, -0.031666666, 0.0219156), (0.020044167, -0.031666666, 0.02087409), (0.0262658, -0.031666666, 0.022575177), (0.03247963, -0.031666666, 0.023254482), (0.038685877, -0.031666666, 0.021287432), (0.044884812, -0.031666666, 0.020399759), (0.051076755, -0.031666666, 0.021878505), (0.057262056, -0.031666666, 0.022110362), (0.06344112, -0.031666666, 0.020136893), (0.06961438, -0.031666666, 0.019366017), (0.07578231, -0.031666666, 0.020422028), (0.08194541, -0.031666666, 0.02015571), (0.08810423, -0.031666666, 0.018221507), (0.09425933, -0.031666666, 0.017391399), (0.10041128, -0.031666666, 0.017693462), (0.1065607, -0.031666666, 0.016686715), (0.1127082, -0.031666666, 0.01441433), (0.118854426, -0.031666666, 0.012385369), (0.125, -0.031666666, 0.00060510426), (-0.125, -0.025333334, 0.0006), (-0.11871996, -0.025333334, 0.012447257), (-0.1124401, -0.025333334, 0.01554204), (-0.10616062, -0.025333334, 0.016814249), (-0.099881686, -0.025333334, 0.016821718), (-0.09360348, -0.025333334, 0.017869366), (-0.08732618, -0.025333334, 0.019563658), (-0.08104994, -0.025333334, 0.01991307), (-0.07477495, -0.025333334, 0.019562196), (-0.06850134, -0.025333334, 0.02029656), (-0.06222926, -0.025333334, 0.021412475), (-0.055958852, -0.025333334, 0.02147458), (-0.049690243, -0.025333334, 0.02122309), (-0.04342354, -0.025333334, 0.02172902), (-0.03715885, -0.025333334, 0.022307694), (-0.030896263, -0.025333334, 0.022295412), (-0.024635857, -0.025333334, 0.022267561), (-0.018377697, -0.025333334, 0.02248397), (-0.012121832, -0.025333334, 0.022549603), (-0.005868298, -0.025333334, 0.022603588), (0.0003828823, -0.025333334, 0.022807071), (0.006631702, -0.025333334, 0.022650933), (0.012878168, -0.025333334, 0.022259008), (0.019122303, -0.025333334, 0.022470962), (0.025364142, -0.025333334, 0.022838518), (0.03160374, -0.025333334, 0.022241676), (0.037841152, -0.025333334, 0.021476673), (0.04407646, -0.025333334, 0.021878028), (0.05030976, -0.025333334, 0.02228411), (0.056541145, -0.025333334, 0.02120762), (0.06277074, -0.025333334, 0.020161035), (0.068998665, -0.025333334, 0.020696154), (0.075225055, -0.025333334, 0.020954847), (0.08145005, -0.025333334, 0.019376813), (0.08767383, -0.025333334, 0.018090023), (0.09389652, -0.025333334, 0.018531352), (0.10011832, -0.025333334, 0.018299485), (0.10633938, -0.025333334, 0.016062798), (0.1125599, -0.025333334, 0.014178368), (0.11878004, -0.025333334, 0.013177051), (0.125, -0.025333334, 0.0006056134), (-0.125, -0.019, 0.0006), (-0.11881403, -0.019, 0.01358821), (-0.112627655, -0.019, 0.015358635), (-0.1064405, -0.019, 0.015683219), (-0.10025217, -0.019, 0.017330462), (-0.09406228, -0.019, 0.019436795), (-0.08787047, -0.019, 0.019369336), (-0.08167638, -0.019, 0.018611977), (-0.07547965, -0.019, 0.020107534), (-0.06927997, -0.019, 0.02200123), (-0.063077025, -0.019, 0.021250635), (-0.056870516, -0.019, 0.020131234), (-0.05066018, -0.019, 0.021745313), (-0.044445783, -0.019, 0.02345865), (-0.03822709, -0.019, 0.022214811), (-0.032003917, -0.019, 0.020984996), (-0.025776092, -0.019, 0.02271755), (-0.019543484, -0.019, 0.024164662), (-0.013305985, -0.019, 0.022561302), (-0.007063516, -0.019, 0.021377316), (-0.00081603165, -0.019, 0.023140732), (0.005436484, -0.019, 0.02423135), (0.011694015, -0.019, 0.022406368), (0.017956516, -0.019, 0.02136153), (0.024223907, -0.019, 0.023019813), (0.030496085, -0.019, 0.023687782), (0.03677291, -0.019, 0.021780176), (0.04305422, -0.019, 0.020902831), (0.049339816, -0.019, 0.022290517), (0.055629484, -0.019, 0.022497479), (0.06192298, -0.019, 0.02062283), (0.06822003, -0.019, 0.019862318), (0.07452035, -0.019, 0.020784544), (0.08082362, -0.019, 0.020490857), (0.087129526, -0.019, 0.018681446), (0.09343772, -0.019, 0.017846834), (0.09974783, -0.019, 0.017985247), (0.1060595, -0.019, 0.01695313), (0.112372346, -0.019, 0.014793743), (0.118685976, -0.019, 0.012710183), (0.125, -0.019, 0.00060513295), (-0.125, -0.012666667, 0.0006), (-0.118866146, -0.012666667, 0.013521266), (-0.11273157, -0.012666667, 0.01559106), (-0.10659557, -0.012666667, 0.016100556), (-0.10045744, -0.012666667, 0.017339643), (-0.09431649, -0.012666667, 0.019056093), (-0.08817204, -0.012666667, 0.019553492), (-0.08202346, -0.012666667, 0.019425273), (-0.0758701, -0.012666667, 0.020196324), (-0.06971138, -0.012666667, 0.021245183), (-0.06354673, -0.012666667, 0.021413857), (-0.05737563, -0.012666667, 0.021348879), (-0.05119759, -0.012666667, 0.021842495), (-0.045012165, -0.012666667, 0.022327425), (-0.03881896, -0.012666667, 0.02242431), (-0.03261762, -0.012666667, 0.022570916), (-0.02640785, -0.012666667, 0.022743836), (-0.0201894, -0.012666667, 0.022708451), (-0.013962077, -0.012666667, 0.02288429), (-0.0077257385, -0.012666667, 0.023251854), (-0.0014803017, -0.012666667, 0.02302969), (0.0047742617, -0.012666667, 0.02254203), (0.011037923, -0.012666667, 0.022890275), (0.017310599, -0.012666667, 0.023409402), (0.02359215, -0.012666667, 0.022732615), (0.029882379, -0.012666667, 0.021887569), (0.03618104, -0.012666667, 0.022439314), (0.042487834, -0.012666667, 0.022984711), (0.04880241, -0.012666667, 0.021825776), (0.05512437, -0.012666667, 0.020725768), (0.061453268, -0.012666667, 0.021429757), (0.06778862, -0.012666667, 0.021826318), (0.0741299, -0.012666667, 0.020184053), (0.080476545, -0.012666667, 0.018893855), (0.086827956, -0.012666667, 0.019559339), (0.09318351, -0.012666667, 0.01952932), (0.09954256, -0.012666667, 0.01734256), (0.10590443, -0.012666667, 0.015697418), (0.11226843, -0.012666667, 0.01557851), (0.11863386, -0.012666667, 0.013823757), (0.125, -0.012666667, 0.00060448656), (-0.125, -0.0063333334, 0.0006), (-0.11884217, -0.0063333334, 0.012396732), (-0.112683766, -0.0063333334, 0.015226124), (-0.10652423, -0.0063333334, 0.017638622), (-0.10036301, -0.0063333334, 0.017741047), (-0.094199546, -0.0063333334, 0.01750219), (-0.08803331, -0.0063333334, 0.019421332), (-0.08186378, -0.0063333334, 0.021187246), (-0.07569048, -0.0063333334, 0.020321907), (-0.06951292, -0.0063333334, 0.019630998), (-0.06333065, -0.0063333334, 0.02160389), (-0.05714326, -0.0063333334, 0.023070676), (-0.050950363, -0.0063333334, 0.021656116), (-0.044751607, -0.0063333334, 0.02086677), (-0.038546678, -0.0063333334, 0.022920014), (-0.032335296, -0.0063333334, 0.024058128), (-0.02611722, -0.0063333334, 0.022291923), (-0.019892257, -0.0063333334, 0.021566013), (-0.013660251, -0.0063333334, 0.023604287), (-0.007421093, -0.0063333334, 0.024361035), (-0.0011747143, -0.0063333334, 0.022413671), (0.005078907, -0.0063333334, 0.021828445), (0.011339748, -0.0063333334, 0.02371018), (0.017607743, -0.0063333334, 0.024057107), (0.02388278, -0.0063333334, 0.02208578), (0.030164706, -0.0063333334, 0.021648942), (0.03645332, -0.0063333334, 0.023215337), (0.04274839, -0.0063333334, 0.023155726), (0.049049634, -0.0063333334, 0.021287704), (0.05535674, -0.0063333334, 0.020937352), (0.061669353, -0.0063333334, 0.022024862), (0.067987084, -0.0063333334, 0.021576729), (0.07430952, -0.0063333334, 0.019872673), (0.08063621, -0.0063333334, 0.019457743), (0.08696669, -0.0063333334, 0.01987136), (0.093300454, -0.0063333334, 0.018988581), (0.099636994, -0.0063333334, 0.017320909), (0.10597577, -0.0063333334, 0.016427003), (0.112316236, -0.0063333334, 0.015578845), (0.118657835, -0.0063333334, 0.013257515), (0.125, -0.0063333334, 0.00060469285), (-0.125, 0, 0.0006), (-0.11875781, 0, 0.013032776), (-0.11251556, 0, 0.015803464), (-0.10627323, 0, 0.016773462), (-0.10003074, 0, 0.017279895), (-0.09378807, 0, 0.018602846), (-0.087545164, 0, 0.019780869), (-0.08130198, 0, 0.019987551), (-0.075058475, 0, 0.020200368), (-0.068814605, 0, 0.020982707), (-0.06257035, 0, 0.021560935), (-0.056325648, 0, 0.021715162), (-0.050080482, 0, 0.021982834), (-0.043834824, 0, 0.022286126), (-0.03758864, 0, 0.022413766), (-0.03134191, 0, 0.022730272), (-0.025094613, 0, 0.023081891), (-0.018846733, 0, 0.022869686), (-0.012598258, 0, 0.022658395), (-0.006349176, 0, 0.023234894), (-0.000099482844, 0, 0.023604501), (0.006150824, 0, 0.022854812), (0.012401742, 0, 0.022419501), (0.018653266, 0, 0.02327317), (0.024905385, 0, 0.023551583), (0.03115809, 0, 0.022281514), (0.037411362, 0, 0.021729348), (0.043665178, 0, 0.022798963), (0.049919516, 0, 0.022858115), (0.056174353, 0, 0.021124128), (0.062429655, 0, 0.020526309), (0.06868539, 0, 0.021659583), (0.07494152, 0, 0.02135495), (0.08119802, 0, 0.019226054), (0.08745483, 0, 0.018554932), (0.09371193, 0, 0.01943484), (0.09996926, 0, 0.018514458), (0.10622678, 0, 0.015908264), (0.11248444, 0, 0.0146583915), (0.1187422, 0, 0.013820416), (0.125, 0, 0.00060549314), (-0.125, 0.0063333334, 0.0006), (-0.11866833, 0.0063333334, 0.012377085), (-0.112337165, 0.0063333334, 0.015598163), (-0.106007, 0.0063333334, 0.017624175), (-0.09967834, 0.0063333334, 0.017295845), (-0.093351655, 0.0063333334, 0.017563257), (-0.08702743, 0.0063333334, 0.019913938), (-0.08070612, 0.0063333334, 0.02107325), (-0.07438816, 0.0063333334, 0.019800026), (-0.06807397, 0.0063333334, 0.019800838), (-0.061763953, 0.0063333334, 0.022139113), (-0.05545847, 0.0063333334, 0.022844888), (-0.049157873, 0.0063333334, 0.02112235), (-0.042862464, 0.0063333334, 0.021146046), (-0.036572527, 0.0063333334, 0.023438547), (-0.030288309, 0.0063333334, 0.023730176), (-0.02401002, 0.0063333334, 0.0218012), (-0.017737834, 0.0063333334, 0.021935714), (-0.011471888, 0.0063333334, 0.024056114), (-0.0052122814, 0.0063333334, 0.023958344), (0.0010409273, 0.0063333334, 0.022010067), (0.0072877184, 0.0063333334, 0.022253875), (0.013528111, 0.0063333334, 0.024058266), (0.019762166, 0.0063333334, 0.023620293), (0.025989981, 0.0063333334, 0.021798266), (0.03221169, 0.0063333334, 0.022085106), (0.038427472, 0.0063333334, 0.023439618), (0.044637535, 0.0063333334, 0.022732476), (0.05084213, 0.0063333334, 0.021126838), (0.057041526, 0.0063333334, 0.021335652), (0.06323605, 0.0063333334, 0.022124635), (0.06942603, 0.0063333334, 0.021214744), (0.075611845, 0.0063333334, 0.019829175), (0.08179388, 0.0063333334, 0.019773109), (0.087972574, 0.0063333334, 0.019865936), (0.094148345, 0.0063333334, 0.0187288), (0.100321665, 0.0063333334, 0.017365089), (0.106492996, 0.0063333334, 0.016623363), (0.11266284, 0.0063333334, 0.015510567), (0.11883167, 0.0063333334, 0.0131350225), (0.125, 0.0063333334, 0.00060478126), (-0.125, 0.012666667, 0.0006), (-0.11863236, 0.012666667, 0.01344301), (-0.11226545, 0.012666667, 0.01532772), (-0.10589998, 0.012666667, 0.016242266), (-0.09953668, 0.012666667, 0.017605003), (-0.09317622, 0.012666667, 0.018856123), (-0.08681931, 0.012666667, 0.019313348), (-0.08046659, 0.012666667, 0.019677455), (-0.0741187, 0.012666667, 0.020393932), (-0.067776255, 0.012666667, 0.020948987), (-0.0614398, 0.012666667, 0.021271396), (-0.05510989, 0.012666667, 0.021678999), (-0.048787, 0.012666667, 0.021920698), (-0.042471595, 0.012666667, 0.021974916), (-0.03616407, 0.012666667, 0.022416316), (-0.029864784, 0.012666667, 0.022933325), (-0.023574036, 0.012666667, 0.022678714), (-0.01729208, 0.012666667, 0.022349067), (-0.011019113, 0.012666667, 0.023022462), (-0.0047552744, 0.012666667, 0.023595393), (0.0014993474, 0.012666667, 0.022821411), (0.0077447253, 0.012666667, 0.022226525), (0.013980888, 0.012666667, 0.023162998), (0.020207921, 0.012666667, 0.023685819), (0.026425963, 0.012666667, 0.022403615), (0.032635216, 0.012666667, 0.021659665), (0.038835928, 0.012666667, 0.022814197), (0.045028403, 0.012666667, 0.02315674), (0.051212996, 0.012666667, 0.021417323), (0.057390112, 0.012666667, 0.020614497), (0.063560195, 0.012666667, 0.021857858), (0.06972375, 0.012666667, 0.021874826), (0.075881295, 0.012666667, 0.019751592), (0.0820334, 0.012666667, 0.018906765), (0.08818069, 0.012666667, 0.019979488), (0.09432378, 0.012666667, 0.019460434), (0.10046332, 0.012666667, 0.016953666), (0.10660002, 0.012666667, 0.015810808), (0.11273455, 0.012666667, 0.015910052), (0.118867636, 0.012666667, 0.0136929825), (0.125, 0.012666667, 0.00060418545), (-0.125, 0.019, 0.0006), (-0.118673466, 0.019, 0.013477652), (-0.11234741, 0.019, 0.015873432), (-0.10602229, 0.019, 0.015834393), (-0.09969857, 0.019, 0.016725972), (-0.09337672, 0.019, 0.01925769), (-0.087057166, 0.019, 0.020035122), (-0.08074034, 0.019, 0.018812789), (-0.07442666, 0.019, 0.019396208), (-0.06811651, 0.019, 0.021783438), (-0.061810266, 0.019, 0.021995476), (-0.055508275, 0.019, 0.02036204), (-0.049210858, 0.019, 0.020977555), (-0.042918306, 0.019, 0.023218183), (-0.036630884, 0.019, 0.022995532), (-0.030348819, 0.019, 0.021232365), (-0.02407231, 0.019, 0.021933462), (-0.01780152, 0.019, 0.023912545), (-0.011536578, 0.019, 0.023339465), (-0.005277575, 0.019, 0.02163263), (0.00097543176, 0.019, 0.022377454), (0.0072224247, 0.019, 0.02397382), (0.013463423, 0.019, 0.02314623), (0.01969848, 0.019, 0.0216208), (0.02592769, 0.019, 0.022311365), (0.03215118, 0.019, 0.023426851), (0.038369115, 0.019, 0.022449829), (0.044581693, 0.019, 0.021165572), (0.05078914, 0.019, 0.02166635), (0.056991722, 0.019, 0.022232778), (0.06318974, 0.019, 0.02119551), (0.069383495, 0.019, 0.020128774), (0.07557335, 0.019, 0.020268774), (0.08175966, 0.019, 0.020223755), (0.08794284, 0.019, 0.019135075), (0.09412328, 0.019, 0.018111495), (0.10030142, 0.019, 0.017599937), (0.10647771, 0.019, 0.016698726), (0.11265259, 0.019, 0.0150990635), (0.11882653, 0.019, 0.012928322), (0.125, 0.019, 0.0006048719), (-0.125, 0.025333334, 0.0006), (-0.11876471, 0.025333334, 0.012947165), (-0.112529345, 0.025333334, 0.014707162), (-0.10629378, 0.025333334, 0.01631855), (-0.10005796, 0.025333334, 0.017629053), (-0.09382178, 0.025333334, 0.018292023), (-0.08758515, 0.025333334, 0.018873787), (-0.081348, 0.025333334, 0.01957692), (-0.07511025, 0.025333334, 0.020078607), (-0.06887181, 0.025333334, 0.020551616), (-0.06263263, 0.025333334, 0.021109482), (-0.056392625, 0.025333334, 0.021284636), (-0.050151743, 0.025333334, 0.021284426), (-0.043909922, 0.025333334, 0.02187656), (-0.037667118, 0.025333334, 0.022505878), (-0.031423286, 0.025333334, 0.022163397), (-0.025178382, 0.025333334, 0.021801854), (-0.01893238, 0.025333334, 0.02262941), (-0.012685253, 0.025333334, 0.023281273), (-0.0064369845, 0.025333334, 0.022415586), (-0.00018756285, 0.025333334, 0.021820216), (0.006063015, 0.025333334, 0.022909073), (0.012314746, 0.025333334, 0.02348152), (0.01856762, 0.025333334, 0.022118323), (0.024821617, 0.025333334, 0.021408016), (0.031076714, 0.025333334, 0.02270843), (0.03733288, 0.025333334, 0.023080094), (0.043590076, 0.025333334, 0.021283763), (0.04984826, 0.025333334, 0.02054948), (0.056107376, 0.025333334, 0.021935152), (0.062367372, 0.025333334, 0.021979166), (0.068628184, 0.025333334, 0.019838832), (0.07488976, 0.025333334, 0.019106764), (0.081152, 0.025333334, 0.020349067), (0.087414846, 0.025333334, 0.01990744), (0.09367822, 0.025333334, 0.017474506), (0.09994204, 0.025333334, 0.016585985), (0.106206216, 0.025333334, 0.017147064), (0.11247066, 0.025333334, 0.015677013), (0.11873528, 0.025333334, 0.012208606), (0.125, 0.025333334, 0.000604205), (-0.125, 0.031666666, 0.0006), (-0.11884632, 0.031666666, 0.013552654), (-0.11269205, 0.031666666, 0.014956178), (-0.1065366, 0.031666666, 0.015111802), (-0.10037937, 0.031666666, 0.017108126), (-0.09421981, 0.031666666, 0.019250166), (-0.088057354, 0.031666666, 0.018796597), (-0.081891455, 0.031666666, 0.018069414), (-0.07572161, 0.031666666, 0.019893426), (-0.06954731, 0.031666666, 0.021634448), (-0.0633681, 0.031666666, 0.020591311), (-0.057183526, 0.031666666, 0.019703528), (-0.050993208, 0.031666666, 0.021519173), (-0.04479676, 0.031666666, 0.022900682), (-0.038593862, 0.031666666, 0.021537261), (-0.03238422, 0.031666666, 0.020704549), (-0.026167585, 0.031666666, 0.022442773), (-0.01994375, 0.031666666, 0.023427786), (-0.013712556, 0.031666666, 0.021929134), (-0.0074738865, 0.031666666, 0.021244379), (-0.0012276709, 0.031666666, 0.022781188), (0.0050261137, 0.031666666, 0.023351023), (0.011287443, 0.031666666, 0.021873314), (0.01755625, 0.031666666, 0.021351906), (0.023832416, 0.031666666, 0.022550851), (0.03011578, 0.031666666, 0.022719586), (0.036406137, 0.031666666, 0.021383887), (0.042703237, 0.031666666, 0.020975254), (0.049006794, 0.031666666, 0.021707784), (0.05531647, 0.031666666, 0.02151236), (0.061631907, 0.031666666, 0.020380156), (0.06795269, 0.031666666, 0.019967224), (0.07427839, 0.031666666, 0.020112365), (0.08060855, 0.031666666, 0.0195716), (0.08694265, 0.031666666, 0.018586049), (0.09328019, 0.031666666, 0.017936658), (0.099620625, 0.031666666, 0.017293286), (0.10596341, 0.031666666, 0.016206177), (0.11230795, 0.031666666, 0.014814483), (0.11865368, 0.031666666, 0.012753262), (0.125, 0.031666666, 0.00060467963), (-0.125, 0.038, 0.0006), (-0.11886482, 0.038, 0.012674165), (-0.11272893, 0.038, 0.014487156), (-0.106591634, 0.038, 0.015848821), (-0.10045223, 0.038, 0.017001776), (-0.09431003, 0.038, 0.017788032), (-0.08816439, 0.038, 0.018508105), (-0.08201464, 0.038, 0.019135447), (-0.07586019, 0.038, 0.019424107), (-0.06970043, 0.038, 0.019846851), (-0.06353481, 0.038, 0.020645091), (-0.057362806, 0.038, 0.020947777), (-0.051183946, 0.038, 0.020624513), (-0.044997785, 0.038, 0.020976376), (-0.038803935, 0.038, 0.021987882), (-0.032602042, 0.038, 0.02196289), (-0.026391814, 0.038, 0.021128308), (-0.020173004, 0.038, 0.021551572), (-0.013945421, 0.038, 0.022756297), (-0.0077089276, 0.038, 0.02235624), (-0.001463439, 0.038, 0.021117298), (0.004791072, 0.038, 0.021689042), (0.011054578, 0.038, 0.022992872), (0.017326996, 0.038, 0.022183571), (0.023608187, 0.038, 0.020663971), (0.029897958, 0.038, 0.021399617), (0.036196068, 0.038, 0.022662543), (0.042502213, 0.038, 0.021440713), (0.04881605, 0.038, 0.01976529), (0.05513719, 0.038, 0.020607617), (0.061465193, 0.038, 0.021655131), (0.067799576, 0.038, 0.020044226), (0.07413981, 0.038, 0.018304903), (0.08048536, 0.038, 0.019090923), (0.086835615, 0.038, 0.01968606), (0.09318997, 0.038, 0.017680889), (0.09954777, 0.038, 0.015828304), (0.105908364, 0.038, 0.016089322), (0.11227107, 0.038, 0.015561284), (0.11863518, 0.038, 0.012361637), (0.125, 0.038, 0.0006037849), (-0.125, 0.044333335, 0.0006), (-0.11880809, 0.044333335, 0.011603613), (-0.112615824, 0.044333335, 0.014878143), (-0.10642284, 0.044333335, 0.016481217), (-0.100228794, 0.044333335, 0.015941586), (-0.09403334, 0.044333335, 0.016562354), (-0.08783613, 0.044333335, 0.018929023), (-0.08163685, 0.044333335, 0.019586504), (-0.07543519, 0.044333335, 0.018310957), (-0.06923085, 0.044333335, 0.018774727), (-0.06302354, 0.044333335, 0.02095092), (-0.056813, 0.044333335, 0.021131082), (-0.050598994, 0.044333335, 0.019632412), (-0.044381294, 0.044333335, 0.020131804), (-0.0381597, 0.044333335, 0.022060296), (-0.031934038, 0.044333335, 0.021877516), (-0.02570416, 0.044333335, 0.020389255), (-0.019469941, 0.044333335, 0.020930732), (-0.013231282, 0.044333335, 0.022504725), (-0.006988115, 0.044333335, 0.022053892), (-0.0007403977, 0.044333335, 0.020723507), (0.0055118846, 0.044333335, 0.021240436), (0.011768718, 0.044333335, 0.022367451), (0.018030059, 0.044333335, 0.02175078), (0.02429584, 0.044333335, 0.020659601), (0.030565962, 0.044333335, 0.021045076), (0.0368403, 0.044333335, 0.021665243), (0.043118708, 0.044333335, 0.020980833), (0.049401004, 0.044333335, 0.020139674), (0.055686995, 0.044333335, 0.020263765), (0.06197646, 0.044333335, 0.020348117), (0.06826915, 0.044333335, 0.019658422), (0.07456481, 0.044333335, 0.018988173), (0.08086314, 0.044333335, 0.018693555), (0.087163866, 0.044333335, 0.018204007), (0.09346666, 0.044333335, 0.017449135), (0.0997712, 0.044333335, 0.016678985), (0.10607716, 0.044333335, 0.015632646), (0.11238418, 0.044333335, 0.014186053), (0.11869191, 0.044333335, 0.012322754), (0.125, 0.044333335, 0.00060481305), (-0.125, 0.050666668, 0.0006), (-0.118713304, 0.050666668, 0.011960787), (-0.11242683, 0.050666668, 0.01397783), (-0.10614081, 0.050666668, 0.015263085), (-0.09985546, 0.050666668, 0.016235907), (-0.09357101, 0.050666668, 0.017176395), (-0.08728765, 0.050666668, 0.017755693), (-0.08100561, 0.050666668, 0.018012896), (-0.07472508, 0.050666668, 0.01869118), (-0.068446234, 0.050666668, 0.0195665), (-0.06216926, 0.050666668, 0.019603986), (-0.055894334, 0.050666668, 0.019333), (-0.049621597, 0.050666668, 0.020093193), (-0.043351192, 0.050666668, 0.021038087), (-0.037083246, 0.050666668, 0.020588726), (-0.03081787, 0.050666668, 0.019954959), (-0.024555158, 0.050666668, 0.020914026), (-0.01829519, 0.050666668, 0.021885006), (-0.012038024, 0.050666668, 0.020959705), (-0.005783708, 0.050666668, 0.020098757), (0.000467734, 0.050666668, 0.021280743), (0.0067162924, 0.050666668, 0.02217863), (0.012961975, 0.050666668, 0.020810787), (0.01920481, 0.050666668, 0.019846413), (0.025444841, 0.050666668, 0.021205055), (0.03168213, 0.050666668, 0.021912286), (0.037916753, 0.050666668, 0.020168992), (0.04414881, 0.050666668, 0.019199468), (0.050378405, 0.050666668, 0.020622028), (0.056605667, 0.050666668, 0.021019114), (0.06283074, 0.050666668, 0.018991321), (0.06905377, 0.050666668, 0.018062167), (0.07527493, 0.050666668, 0.019357257), (0.08149439, 0.050666668, 0.019311188), (0.08771235, 0.050666668, 0.017071584), (0.09392899, 0.050666668, 0.016103772), (0.100144535, 0.050666668, 0.016896473), (0.10635919, 0.050666668, 0.016091952), (0.11257317, 0.050666668, 0.013396851), (0.1187867, 0.050666668, 0.011413986), (0.125, 0.050666668, 0.00060507865), (-0.125, 0.057, 0.0006), (-0.11864255, 0.057, 0.011238324), (-0.11228578, 0.057, 0.014384073), (-0.10593031, 0.057, 0.015357419), (-0.09957682, 0.057, 0.014871047), (-0.09322595, 0.057, 0.0160667), (-0.0868783, 0.057, 0.018217651), (-0.08053448, 0.057, 0.0182074), (-0.07419508, 0.057, 0.017157102), (-0.06786063, 0.057, 0.018230183), (-0.061531674, 0.057, 0.020069487), (-0.055208687, 0.057, 0.019626906), (-0.048892118, 0.057, 0.018488448), (-0.042582378, 0.057, 0.019536635), (-0.03627984, 0.057, 0.021031592), (-0.029984822, 0.057, 0.02033685), (-0.023697605, 0.057, 0.019299287), (-0.01741842, 0.057, 0.020267982), (-0.011147442, 0.057, 0.021358833), (-0.0048848037, 0.057, 0.020551462), (0.0013694179, 0.057, 0.019705674), (0.0076151965, 0.057, 0.02049379), (0.013852558, 0.057, 0.02114713), (0.020081582, 0.057, 0.020349609), (0.026302394, 0.057, 0.019715305), (0.032515176, 0.057, 0.020208713), (0.03872016, 0.057, 0.02042591), (0.04491762, 0.057, 0.019731047), (0.051107883, 0.057, 0.019262081), (0.057291314, 0.057, 0.019350694), (0.06346832, 0.057, 0.019156514), (0.06963936, 0.057, 0.01859792), (0.07580493, 0.057, 0.018173799), (0.08196552, 0.057, 0.0177462), (0.088121705, 0.057, 0.017140904), (0.09427405, 0.057, 0.016612265), (0.10042317, 0.057, 0.015951954), (0.106569685, 0.057, 0.014755551), (0.11271422, 0.057, 0.013385339), (0.11885744, 0.057, 0.011811271), (0.125, 0.057, 0.0006046242), (-0.125, 0.06333333, 0.0006), (-0.1186422, 0.06333333, 0.01129162), (-0.11228508, 0.06333333, 0.013201315), (-0.10592927, 0.06333333, 0.01428718), (-0.099575445, 0.06333333, 0.015056576), (-0.093224235, 0.06333333, 0.01607319), (-0.086876266, 0.06333333, 0.016895382), (-0.08053214, 0.06333333, 0.016966365), (-0.07419245, 0.06333333, 0.017172588), (-0.06785773, 0.06333333, 0.018207619), (-0.06152851, 0.06333333, 0.018817881), (-0.055205286, 0.06333333, 0.018286312), (-0.048888497, 0.06333333, 0.018281663), (-0.042578563, 0.06333333, 0.019518891), (-0.036275852, 0.06333333, 0.019942649), (-0.02998069, 0.06333333, 0.018909303), (-0.023693351, 0.06333333, 0.01885009), (-0.017414069, 0.06333333, 0.020294618), (-0.011143022, 0.06333333, 0.020477643), (-0.0048803426, 0.06333333, 0.019034969), (0.0013738927, 0.06333333, 0.019022426), (0.0076196576, 0.06333333, 0.020601895), (0.013856978, 0.06333333, 0.020485584), (0.020085933, 0.06333333, 0.018744824), (0.02630665, 0.06333333, 0.018833296), (0.03251931, 0.06333333, 0.02042502), (0.038724147, 0.06333333, 0.019970033), (0.044921435, 0.06333333, 0.018053887), (0.0511115, 0.06333333, 0.018241309), (0.057294715, 0.06333333, 0.019684305), (0.06347149, 0.06333333, 0.01887393), (0.069642276, 0.06333333, 0.016892826), (0.07580756, 0.06333333, 0.017098218), (0.08196786, 0.06333333, 0.018181132), (0.08812373, 0.06333333, 0.016989868), (0.094275765, 0.06333333, 0.014977996), (0.10042456, 0.06333333, 0.014942403), (0.10657073, 0.06333333, 0.015233834), (0.112714924, 0.06333333, 0.013328481), (0.11885779, 0.06333333, 0.01056921), (0.125, 0.06333333, 0.00060405413), (-0.125, 0.06966667, 0.0006), (-0.11871248, 0.06966667, 0.010229552), (-0.112425186, 0.06966667, 0.011990162), (-0.10613836, 0.06966667, 0.01441038), (-0.09985222, 0.06966667, 0.015138054), (-0.09356699, 0.06966667, 0.014461215), (-0.08728289, 0.06966667, 0.01530374), (-0.08100013, 0.06966667, 0.017217485), (-0.07471891, 0.06966667, 0.01729693), (-0.06843942, 0.06966667, 0.016280884), (-0.062161844, 0.06966667, 0.017046254), (-0.055886354, 0.06966667, 0.018661512), (-0.049613107, 0.06966667, 0.0184021), (-0.043342244, 0.06966667, 0.017377298), (-0.037073895, 0.06966667, 0.01811013), (-0.030808177, 0.06966667, 0.019375743), (-0.02454518, 0.06966667, 0.018918348), (-0.018284988, 0.06966667, 0.01803392), (-0.012027661, 0.06966667, 0.018676149), (-0.0057732477, 0.06966667, 0.019538963), (0.00047822666, 0.06966667, 0.019001829), (0.0067267525, 0.06966667, 0.018325357), (0.012972339, 0.06966667, 0.01878425), (0.019215014, 0.06966667, 0.019220972), (0.025454821, 0.06966667, 0.018706862), (0.031691823, 0.06966667, 0.0182409), (0.037926104, 0.06966667, 0.0184157), (0.044157755, 0.06966667, 0.01843604), (0.050386894, 0.06966667, 0.018016066), (0.056613646, 0.06966667, 0.01770021), (0.06283816, 0.06966667, 0.01749512), (0.06906059, 0.06966667, 0.01712663), (0.07528109, 0.06966667, 0.016806561), (0.081499875, 0.06966667, 0.016501712), (0.08771711, 0.06966667, 0.01581058), (0.09393301, 0.06966667, 0.015036406), (0.100147784, 0.06966667, 0.014644605), (0.10636164, 0.06966667, 0.013983617), (0.11257481, 0.06966667, 0.012428881), (0.11878752, 0.06966667, 0.010493804), (0.125, 0.06966667, 0.0006041574), (-0.125, 0.076, 0.0006), (-0.11880734, 0.076, 0.010045219), (-0.11261432, 0.076, 0.011808721), (-0.10642059, 0.076, 0.013124697), (-0.10022582, 0.076, 0.013692851), (-0.09402965, 0.076, 0.01401937), (-0.08783176, 0.076, 0.014968612), (-0.081631824, 0.076, 0.015857164), (-0.07542953, 0.076, 0.015707858), (-0.06922459, 0.076, 0.015578077), (-0.06301673, 0.076, 0.016605081), (-0.056805674, 0.076, 0.017397543), (-0.050591197, 0.076, 0.01674392), (-0.044373076, 0.076, 0.016398273), (-0.038151115, 0.076, 0.01761252), (-0.031925134, 0.076, 0.018292388), (-0.025694996, 0.076, 0.017208816), (-0.01946057, 0.076, 0.016783219), (-0.013221765, 0.076, 0.018176388), (-0.006978509, 0.076, 0.018676493), (-0.0007307618, 0.076, 0.01724174), (0.0055214907, 0.076, 0.016833806), (0.011778235, 0.076, 0.018334994), (0.01803943, 0.076, 0.01858623), (0.024305005, 0.076, 0.016898574), (0.030574864, 0.076, 0.0165674), (0.036848888, 0.076, 0.01806067), (0.043126922, 0.076, 0.018009497), (0.0494088, 0.076, 0.016177986), (0.055694323, 0.076, 0.015932065), (0.061983272, 0.076, 0.01726279), (0.06827541, 0.076, 0.016870573), (0.07457047, 0.076, 0.014989829), (0.08086818, 0.076, 0.014759469), (0.08716824, 0.076, 0.015710099), (0.09347035, 0.076, 0.014905933), (0.09977418, 0.076, 0.012971787), (0.10607941, 0.076, 0.012461885), (0.11238568, 0.076, 0.012448848), (0.11869267, 0.076, 0.01046074), (0.125, 0.076, 0.00060316414), (-0.125, 0.082333334, 0.0006), (-0.118864626, 0.082333334, 0.009626901), (-0.11272854, 0.082333334, 0.010178686), (-0.10659106, 0.082333334, 0.011502741), (-0.10045146, 0.082333334, 0.013310511), (-0.09430909, 0.082333334, 0.013462077), (-0.08816327, 0.082333334, 0.012890239), (-0.08201335, 0.082333334, 0.013854862), (-0.07585874, 0.082333334, 0.015267326), (-0.069698825, 0.082333334, 0.014994259), (-0.06353306, 0.082333334, 0.014300809), (-0.057360932, 0.082333334, 0.0151767405), (-0.051181953, 0.082333334, 0.016269285), (-0.044995684, 0.082333334, 0.01580601), (-0.038801737, 0.082333334, 0.015188928), (-0.032599762, 0.082333334, 0.01594959), (-0.026389468, 0.082333334, 0.01670169), (-0.020170607, 0.082333334, 0.016184423), (-0.013942986, 0.082333334, 0.015718713), (-0.0077064694, 0.082333334, 0.01628846), (-0.0014609729, 0.082333334, 0.01669408), (0.004793531, 0.082333334, 0.016228922), (0.011057014, 0.082333334, 0.015923217), (0.017329393, 0.082333334, 0.016219495), (0.023610532, 0.082333334, 0.016299905), (0.029900236, 0.082333334, 0.015962088), (0.036198262, 0.082333334, 0.015773674), (0.042504314, 0.082333334, 0.015725574), (0.048818048, 0.082333334, 0.015522791), (0.05513907, 0.082333334, 0.015341358), (0.061466936, 0.082333334, 0.015181136), (0.06780118, 0.082333334, 0.0147348475), (0.074141264, 0.082333334, 0.014287864), (0.08048664, 0.082333334, 0.014212184), (0.08683673, 0.082333334, 0.013926393), (0.09319091, 0.082333334, 0.013014218), (0.09954853, 0.082333334, 0.012271777), (0.105908945, 0.082333334, 0.012016084), (0.11227145, 0.082333334, 0.011136857), (0.11863537, 0.082333334, 0.009125058), (0.125, 0.082333334, 0.00060310616), (-0.125, 0.08866667, 0.0006), (-0.11884682, 0.08866667, 0.007892586), (-0.11269304, 0.08866667, 0.00929091), (-0.10653807, 0.08866667, 0.010447354), (-0.10038132, 0.08866667, 0.010863481), (-0.094222225, 0.08866667, 0.010961242), (-0.08806022, 0.08866667, 0.011724889), (-0.081894755, 0.08866667, 0.012596027), (-0.075725324, 0.08866667, 0.012459655), (-0.069551416, 0.08866667, 0.012160288), (-0.06337256, 0.08866667, 0.012976898), (-0.057188332, 0.08866667, 0.013810227), (-0.05099832, 0.08866667, 0.01328787), (-0.04480215, 0.08866667, 0.012787371), (-0.038599495, 0.08866667, 0.013744109), (-0.032390058, 0.08866667, 0.014518186), (-0.026173595, 0.08866667, 0.013665043), (-0.019949894, 0.08866667, 0.0130785275), (-0.013718798, 0.08866667, 0.0141719375), (-0.0074801864, 0.08866667, 0.014824402), (-0.0012339904, 0.08866667, 0.013698975), (0.0050198133, 0.08866667, 0.01311337), (0.011281202, 0.08866667, 0.014290646), (0.017550105, 0.08866667, 0.01475604), (0.023826405, 0.08866667, 0.013433094), (0.030109942, 0.08866667, 0.012906669), (0.036400508, 0.08866667, 0.014078537), (0.04269785, 0.08866667, 0.014302458), (0.049001683, 0.08866667, 0.0128667), (0.055311665, 0.08866667, 0.012419086), (0.061627436, 0.08866667, 0.013464537), (0.06794859, 0.08866667, 0.013403587), (0.07427468, 0.08866667, 0.01192993), (0.08060524, 0.08866667, 0.011520485), (0.08693978, 0.08866667, 0.012268382), (0.093277775, 0.08866667, 0.011852731), (0.09961867, 0.08866667, 0.010339416), (0.105961934, 0.08866667, 0.009755284), (0.11230696, 0.08866667, 0.009750988), (0.118653186, 0.08866667, 0.0083522415), (0.125, 0.08866667, 0.0006025436), (-0.125, 0.095, 0.0006), (-0.11876558, 0.095, 0.00060231355), (-0.11253106, 0.095, 0.0006028322), (-0.106296346, 0.095, 0.0006040596), (-0.10006135, 0.095, 0.0006041444), (-0.09382597, 0.095, 0.00060336734), (-0.08759013, 0.095, 0.00060375046), (-0.08135373, 0.095, 0.0006048403), (-0.075116694, 0.095, 0.00060467207), (-0.068878934, 0.095, 0.00060386816), (-0.062640384, 0.095, 0.00060428533), (-0.056400962, 0.095, 0.0006051893), (-0.050160613, 0.095, 0.0006048998), (-0.043919273, 0.095, 0.00060422777), (-0.03767689, 0.095, 0.0006046398), (-0.031433415, 0.095, 0.0006052961), (-0.025188811, 0.095, 0.00060497684), (-0.018943042, 0.095, 0.0006045076), (-0.012696084, 0.095, 0.0006048445), (-0.0064479155, 0.095, 0.00060522335), (-0.00019852763, 0.095, 0.00060495944), (0.0060520843, 0.095, 0.00060471223), (0.012303917, 0.095, 0.0006048992), (0.018556958, 0.095, 0.0006050064), (0.02481119, 0.095, 0.0006048697), (0.031066583, 0.095, 0.0006048213), (0.03732311, 0.095, 0.00060479477), (0.043580726, 0.095, 0.0006046675), (0.04983939, 0.095, 0.0006047037), (0.05609904, 0.095, 0.00060479424), (0.06235962, 0.095, 0.0006045139), (0.06862107, 0.095, 0.0006042105), (0.07488331, 0.095, 0.0006044214), (0.08114627, 0.095, 0.000604557), (0.08740987, 0.095, 0.0006040106), (0.09367403, 0.095, 0.0006035876), (0.09993865, 0.095, 0.00060388976), (0.10620365, 0.095, 0.00060390454), (0.11246894, 0.095, 0.0006030602), (0.11873443, 0.095, 0.0006024011), (0.125, 0.095, 0.00060000125), (-0.125, -0.095, -0.0006), (-0.11875, -0.095, -0.0006), (-0.1125, -0.095, -0.0006), (-0.10625, -0.095, -0.0006), (-0.1, -0.095, -0.0006), (-0.09375, -0.095, -0.0006), (-0.0875, -0.095, -0.0006), (-0.08125, -0.095, -0.0006), (-0.075, -0.095, -0.0006), (-0.06875, -0.095, -0.0006), (-0.0625, -0.095, -0.0006), (-0.05625, -0.095, -0.0006), (-0.05, -0.095, -0.0006), (-0.04375, -0.095, -0.0006), (-0.0375, -0.095, -0.0006), (-0.03125, -0.095, -0.0006), (-0.025, -0.095, -0.0006), (-0.01875, -0.095, -0.0006), (-0.0125, -0.095, -0.0006), (-0.00625, -0.095, -0.0006), (0, -0.095, -0.0006), (0.00625, -0.095, -0.0006), (0.0125, -0.095, -0.0006), (0.01875, -0.095, -0.0006), (0.025, -0.095, -0.0006), (0.03125, -0.095, -0.0006), (0.0375, -0.095, -0.0006), (0.04375, -0.095, -0.0006), (0.05, -0.095, -0.0006), (0.05625, -0.095, -0.0006), (0.0625, -0.095, -0.0006), (0.06875, -0.095, -0.0006), (0.075, -0.095, -0.0006), (0.08125, -0.095, -0.0006), (0.0875, -0.095, -0.0006), (0.09375, -0.095, -0.0006), (0.1, -0.095, -0.0006), (0.10625, -0.095, -0.0006), (0.1125, -0.095, -0.0006), (0.11875, -0.095, -0.0006), (0.125, -0.095, -0.0006), (-0.125, -0.08866667, -0.0006), (-0.11866289, -0.08866667, -0.0075839655), (-0.11232632, -0.08866667, -0.008982946), (-0.10599081, -0.08866667, -0.010775169), (-0.09965691, -0.08866667, -0.011175769), (-0.09332512, -0.08866667, -0.010668519), (-0.08699595, -0.08866667, -0.011425339), (-0.08066989, -0.08866667, -0.012827389), (-0.0743474, -0.08866667, -0.012742873), (-0.06802894, -0.08866667, -0.0120078), (-0.061714925, -0.08866667, -0.012707797), (-0.055405747, -0.08866667, -0.013871615), (-0.049101777, -0.08866667, -0.013548377), (-0.042803343, -0.08866667, -0.012825063), (-0.036510747, -0.08866667, -0.013484696), (-0.030224249, -0.08866667, -0.014377282), (-0.023944074, -0.08866667, -0.013931919), (-0.017670412, -0.08866667, -0.013323125), (-0.011403404, -0.08866667, -0.013888755), (-0.005143157, -0.08866667, -0.014479113), (0.0011102653, -0.08866667, -0.01400692), (0.0073568425, -0.08866667, -0.01355305), (0.013596596, -0.08866667, -0.013950494), (0.019829588, -0.08866667, -0.014231338), (0.026055925, -0.08866667, -0.013811311), (0.03227575, -0.08866667, -0.013504221), (0.038489252, -0.08866667, -0.013658522), (0.044696655, -0.08866667, -0.013646742), (0.050898224, -0.08866667, -0.013329591), (0.057094254, -0.08866667, -0.01311602), (0.063285075, -0.08866667, -0.012960912), (0.06947106, -0.08866667, -0.012684502), (0.0756526, -0.08866667, -0.012468203), (0.081830114, -0.08866667, -0.012240331), (0.08800405, -0.08866667, -0.011706756), (0.09417488, -0.08866667, -0.011157016), (0.10034309, -0.08866667, -0.010904907), (0.10650919, -0.08866667, -0.010393871), (0.112673685, -0.08866667, -0.009220157), (0.11883711, -0.08866667, -0.007839229), (0.125, -0.08866667, -0.0006030812), (-0.125, -0.082333334, -0.0006), (-0.11863285, -0.082333334, -0.009330713), (-0.11226643, -0.082333334, -0.010664077), (-0.10590144, -0.082333334, -0.011833087), (-0.0995386, -0.082333334, -0.012842705), (-0.09317861, -0.082333334, -0.013131014), (-0.086822145, -0.082333334, -0.013292625), (-0.080469854, -0.082333334, -0.014181453), (-0.07412237, -0.082333334, -0.014957756), (-0.0677803, -0.082333334, -0.014668701), (-0.06144421, -0.082333334, -0.014499631), (-0.05511463, -0.082333334, -0.015508956), (-0.048792046, -0.082333334, -0.016192572), (-0.04247691, -0.082333334, -0.0154571645), (-0.036169626, -0.082333334, -0.015137651), (-0.029870544, -0.082333334, -0.016326042), (-0.023579966, -0.082333334, -0.016881907), (-0.017298143, -0.082333334, -0.015769387), (-0.01102527, -0.082333334, -0.015413146), (-0.004761491, -0.082333334, -0.016752202), (0.001493112, -0.082333334, -0.017117238), (0.007738509, -0.082333334, -0.01570798), (0.013974729, -0.082333334, -0.015394003), (0.020201856, -0.082333334, -0.016803803), (0.026420034, -0.082333334, -0.016920315), (0.032629456, -0.082333334, -0.015311208), (0.038830373, -0.082333334, -0.015079786), (0.045023087, -0.082333334, -0.016442668), (0.051207952, -0.082333334, -0.016270053), (0.05738537, -0.082333334, -0.014562588), (0.06355579, -0.082333334, -0.0144026), (0.0697197, -0.082333334, -0.01556582), (0.07587763, -0.082333334, -0.015073746), (0.08203015, -0.082333334, -0.013344629), (0.08817786, -0.082333334, -0.013159343), (0.09432139, -0.082333334, -0.013893968), (0.10046139, -0.082333334, -0.012989332), (0.10659856, -0.082333334, -0.011165074), (0.11273357, -0.082333334, -0.010514205), (0.11886715, -0.082333334, -0.009847932), (0.125, -0.082333334, -0.00060368684), (-0.125, -0.076, -0.0006), (-0.11867957, -0.076, -0.009471384), (-0.11235957, -0.076, -0.011819938), (-0.10604043, -0.076, -0.013726036), (-0.099722594, -0.076, -0.013646621), (-0.09340646, -0.076, -0.013487983), (-0.08709245, -0.076, -0.015038271), (-0.080780946, -0.076, -0.01627567), (-0.07447234, -0.076, -0.01563177), (-0.068166986, -0.076, -0.015297735), (-0.061865225, -0.076, -0.01666775), (-0.055567376, -0.076, -0.017525097), (-0.04927374, -0.076, -0.016715797), (-0.04298458, -0.076, -0.01642987), (-0.036700137, -0.076, -0.017584963), (-0.030420626, -0.076, -0.018102374), (-0.024146229, -0.076, -0.017312048), (-0.017877096, -0.076, -0.01712463), (-0.011613344, -0.076, -0.017979687), (-0.005355059, -0.076, -0.018196275), (0.00089770823, -0.076, -0.01754655), (0.007144941, -0.076, -0.017435418), (0.013386656, -0.076, -0.017911451), (0.019622905, -0.076, -0.017884655), (0.025853772, -0.076, -0.017446706), (0.032079373, -0.076, -0.017344352), (0.038299862, -0.076, -0.017387522), (0.044515423, -0.076, -0.01718402), (0.05072626, -0.076, -0.016970538), (0.056932624, -0.076, -0.016777823), (0.063134775, -0.076, -0.01636313), (0.06933302, -0.076, -0.016033415), (0.07552766, -0.076, -0.015976667), (0.08171905, -0.076, -0.015558978), (0.08790755, -0.076, -0.014665545), (0.09409354, -0.076, -0.014173646), (0.10027741, -0.076, -0.014029954), (0.106459565, -0.076, -0.013093688), (0.11264043, -0.076, -0.011455467), (0.11882044, -0.076, -0.009988551), (0.125, -0.076, -0.00060416583), (-0.125, -0.06966667, -0.0006), (-0.118772425, -0.06966667, -0.01095723), (-0.112544715, -0.06966667, -0.012341061), (-0.10631673, -0.06966667, -0.013429194), (-0.100088336, -0.06966667, -0.014872277), (-0.09385939, -0.06966667, -0.015604731), (-0.08762977, -0.06966667, -0.015434392), (-0.08139936, -0.06966667, -0.015962992), (-0.07516802, -0.06966667, -0.017329408), (-0.06893565, -0.06966667, -0.017601449), (-0.06270213, -0.06966667, -0.016835095), (-0.05646736, -0.06966667, -0.017317971), (-0.05023126, -0.06966667, -0.01879761), (-0.04399373, -0.06966667, -0.018702064), (-0.037754696, -0.06966667, -0.017533366), (-0.031514093, -0.06966667, -0.0181095), (-0.02527186, -0.06966667, -0.019665282), (-0.019027954, -0.06966667, -0.01920494), (-0.0127823325, -0.06966667, -0.017777335), (-0.006534971, -0.06966667, -0.018495709), (-0.00028585194, -0.06966667, -0.020027919), (0.0059650294, -0.06966667, -0.019213548), (0.012217667, -0.06966667, -0.017660752), (0.018472046, -0.06966667, -0.01850893), (0.024728138, -0.06966667, -0.019893812), (0.030985907, -0.06966667, -0.018762734), (0.037245303, -0.06966667, -0.017202055), (0.043506272, -0.06966667, -0.018110808), (0.049768742, -0.06966667, -0.019218214), (0.056032635, -0.06966667, -0.017830607), (0.062297873, -0.06966667, -0.016342772), (0.068564355, -0.06966667, -0.017180717), (0.07483198, -0.06966667, -0.017871939), (0.08110064, -0.06966667, -0.016282659), (0.087370224, -0.06966667, -0.0148673495), (0.09364061, -0.06966667, -0.015390321), (0.09991167, -0.06966667, -0.0154322535), (0.10618327, -0.06966667, -0.013540428), (0.112455286, -0.06966667, -0.0118340375), (0.11872757, -0.06966667, -0.010936974), (0.125, -0.06966667, -0.0006046209), (-0.125, -0.06333333, -0.0006), (-0.118850596, -0.06333333, -0.011925326), (-0.11270057, -0.06333333, -0.012700002), (-0.10654931, -0.06333333, -0.01359069), (-0.1003962, -0.06333333, -0.015746782), (-0.09424065, -0.06333333, -0.016721735), (-0.088082075, -0.06333333, -0.016044375), (-0.08191991, -0.06333333, -0.016421402), (-0.075753614, -0.06333333, -0.018156668), (-0.06958268, -0.06333333, -0.018610884), (-0.0634066, -0.06333333, -0.017731884), (-0.057224937, -0.06333333, -0.018051786), (-0.051037263, -0.06333333, -0.019435134), (-0.044843193, -0.06333333, -0.01956694), (-0.038642384, -0.06333333, -0.018758446), (-0.032434534, -0.06333333, -0.019056782), (-0.026219377, -0.06333333, -0.020027269), (-0.019996703, -0.06333333, -0.019950926), (-0.013766344, -0.06333333, -0.019344868), (-0.0075281765, -0.06333333, -0.019567544), (-0.0012821289, -0.06333333, -0.020075224), (0.0049718237, -0.06333333, -0.019895311), (0.011233657, -0.06333333, -0.019545143), (0.017503297, -0.06333333, -0.019603644), (0.023780623, -0.06333333, -0.019633498), (0.030065468, -0.06333333, -0.019441811), (0.036357615, -0.06333333, -0.019332252), (0.042656805, -0.06333333, -0.019128503), (0.048962735, -0.06333333, -0.01870128), (0.05527506, -0.06333333, -0.018555375), (0.0615934, -0.06333333, -0.018599385), (0.067917325, -0.06333333, -0.018035838), (0.074246384, -0.06333333, -0.017188521), (0.08058009, -0.06333333, -0.017066786), (0.08691793, -0.06333333, -0.017072449), (0.09325935, -0.06333333, -0.016017966), (0.0996038, -0.06333333, -0.014711362), (0.10595069, -0.06333333, -0.014321418), (0.11229943, -0.06333333, -0.0136604905), (0.11864941, -0.06333333, -0.011260922), (0.125, -0.06333333, -0.0006036213), (-0.125, -0.057, -0.0006), (-0.11886285, -0.057, -0.011411394), (-0.11272501, -0.057, -0.013367588), (-0.106585786, -0.057, -0.015283656), (-0.10044449, -0.057, -0.016080078), (-0.09430045, -0.057, -0.01598602), (-0.08815301, -0.057, -0.016892262), (-0.08200155, -0.057, -0.018467585), (-0.075845465, -0.057, -0.018543461), (-0.069684155, -0.057, -0.017779253), (-0.06351709, -0.057, -0.018671295), (-0.05734376, -0.057, -0.020269366), (-0.05116368, -0.057, -0.01985296), (-0.044976424, -0.057, -0.018710911), (-0.038781613, -0.057, -0.019742692), (-0.032578897, -0.057, -0.021329507), (-0.026367987, -0.057, -0.020474944), (-0.020148644, -0.057, -0.019131813), (-0.013920678, -0.057, -0.020328807), (-0.0076839523, -0.057, -0.021801703), (-0.0014383864, -0.057, -0.020563874), (0.004816048, -0.057, -0.019163715), (0.011079323, -0.057, -0.020479932), (0.017351355, -0.057, -0.021721832), (0.023632012, -0.057, -0.020180002), (0.029921105, -0.057, -0.01883403), (0.03621839, -0.057, -0.020167075), (0.042523574, -0.057, -0.021067997), (0.04883632, -0.057, -0.019320106), (0.055156242, -0.057, -0.018090662), (0.061482906, -0.057, -0.019285696), (0.06781584, -0.057, -0.01974429), (0.07415454, -0.057, -0.01787972), (0.08049844, -0.057, -0.016746532), (0.086846985, -0.057, -0.017568283), (0.09319955, -0.057, -0.017436698), (0.099555515, -0.057, -0.015434531), (0.10591421, -0.057, -0.014131113), (0.11227499, -0.057, -0.013926952), (0.118637145, -0.057, -0.012202492), (0.125, -0.057, -0.0006040403), (-0.125, -0.050666668, -0.0006), (-0.11880118, -0.050666668, -0.012588955), (-0.11260203, -0.050666668, -0.013446059), (-0.10640226, -0.050666668, -0.014651596), (-0.100201555, -0.050666668, -0.016877765), (-0.0939996, -0.050666668, -0.01765563), (-0.087796114, -0.050666668, -0.017055573), (-0.0815908, -0.050666668, -0.017715424), (-0.07538338, -0.050666668, -0.019405475), (-0.069173604, -0.050666668, -0.019655872), (-0.062961206, -0.050666668, -0.018917738), (-0.056745972, -0.050666668, -0.019463288), (-0.05052768, -0.050666668, -0.020710807), (-0.044306133, -0.050666668, -0.020688282), (-0.038081158, -0.050666668, -0.020077761), (-0.0318526, -0.050666668, -0.020514142), (-0.025620325, -0.050666668, -0.02128414), (-0.019384226, -0.050666668, -0.021135267), (-0.013144218, -0.050666668, -0.020759538), (-0.006900238, -0.050666668, -0.021012822), (-0.00065224833, -0.050666668, -0.021288158), (0.0055997623, -0.050666668, -0.021132529), (0.011855782, -0.050666668, -0.021011584), (0.018115774, -0.050666668, -0.02098763), (0.024379674, -0.050666668, -0.020788804), (0.0306474, -0.050666668, -0.020715985), (0.03691884, -0.050666668, -0.02079902), (0.043193866, -0.050666668, -0.02040927), (0.04947232, -0.050666668, -0.019789374), (0.05575403, -0.050666668, -0.019837404), (0.06203879, -0.050666668, -0.020005407), (0.0683264, -0.050666668, -0.019175617), (0.07461662, -0.050666668, -0.018193845), (0.0809092, -0.050666668, -0.018303577), (0.08720388, -0.050666668, -0.01833928), (0.0935004, -0.050666668, -0.016971037), (0.09979844, -0.050666668, -0.015588468), (0.106097735, -0.050666668, -0.015398305), (0.11239797, -0.050666668, -0.014638048), (0.11869883, -0.050666668, -0.011883957), (0.125, -0.050666668, -0.0006038208), (-0.125, -0.044333335, -0.0006), (-0.118705966, -0.044333335, -0.012344837), (-0.11241221, -0.044333335, -0.013766139), (-0.106118985, -0.044333335, -0.015615808), (-0.099826574, -0.044333335, -0.017361017), (-0.09353523, -0.044333335, -0.017431414), (-0.08724521, -0.044333335, -0.017259728), (-0.08095676, -0.044333335, -0.01877585), (-0.07467012, -0.044333335, -0.02018711), (-0.06838551, -0.044333335, -0.019482428), (-0.062103152, -0.044333335, -0.018910604), (-0.05582324, -0.044333335, -0.020560026), (-0.04954596, -0.044333335, -0.021791872), (-0.043271475, -0.044333335, -0.020541744), (-0.036999945, -0.044333335, -0.019829052), (-0.030731494, -0.044333335, -0.021644333), (-0.02446624, -0.044333335, -0.022643477), (-0.01820428, -0.044333335, -0.020980226), (-0.011945683, -0.044333335, -0.020276489), (-0.0056905034, -0.044333335, -0.02218646), (0.00056122686, -0.044333335, -0.022878094), (0.006809497, -0.044333335, -0.020935662), (0.013054317, -0.044333335, -0.020331375), (0.01929572, -0.044333335, -0.02221023), (0.025533758, -0.044333335, -0.022536583), (0.031768505, -0.044333335, -0.020455368), (0.03800006, -0.044333335, -0.019982306), (0.044228524, -0.044333335, -0.021670498), (0.050454043, -0.044333335, -0.021600472), (0.05667676, -0.044333335, -0.019509166), (0.06289685, -0.044333335, -0.019129662), (0.06911449, -0.044333335, -0.02043948), (0.07532988, -0.044333335, -0.019952832), (0.08154324, -0.044333335, -0.017926779), (0.08775479, -0.044333335, -0.017495124), (0.09396477, -0.044333335, -0.018159332), (0.10017343, -0.044333335, -0.017140342), (0.106381014, -0.044333335, -0.015024351), (0.112587795, -0.044333335, -0.013952507), (0.11879403, -0.044333335, -0.012763276), (0.125, -0.044333335, -0.00060487917), (-0.125, -0.038, -0.0006), (-0.11863961, -0.038, -0.012870153), (-0.1122799, -0.038, -0.015263207), (-0.105921544, -0.038, -0.015507522), (-0.099565215, -0.038, -0.016271349), (-0.09321156, -0.038, -0.018250667), (-0.08686124, -0.038, -0.019109871), (-0.08051485, -0.038, -0.018577378), (-0.07417299, -0.038, -0.018999448), (-0.067836225, -0.038, -0.020469649), (-0.0615051, -0.038, -0.020861223), (-0.05518011, -0.038, -0.020294623), (-0.048861712, -0.038, -0.020635813), (-0.042550337, -0.038, -0.021623386), (-0.036246356, -0.038, -0.021741057), (-0.0299501, -0.038, -0.021359002), (-0.023661863, -0.038, -0.021608833), (-0.017381875, -0.038, -0.022076512), (-0.011110323, -0.038, -0.022053069), (-0.0048473375, -0.038, -0.021943333), (0.001407, -0.038, -0.022023845), (0.0076526627, -0.038, -0.021961072), (0.013889678, -0.038, -0.021909842), (0.020118125, -0.038, -0.02207563), (0.026338136, -0.038, -0.021890247), (0.0325499, -0.038, -0.021327114), (0.038753647, -0.038, -0.021331452), (0.044949666, -0.038, -0.02170204), (0.051138286, -0.038, -0.021158803), (0.05731989, -0.038, -0.020158084), (0.0634949, -0.038, -0.020244343), (0.06966377, -0.038, -0.02067125), (0.07582702, -0.038, -0.01968598), (0.08198515, -0.038, -0.018308789), (0.08813877, -0.038, -0.018383361), (0.09428844, -0.038, -0.018580785), (0.10043479, -0.038, -0.016999966), (0.106578454, -0.038, -0.0151338475), (0.1127201, -0.038, -0.014590768), (0.118860394, -0.038, -0.013232357), (0.125, -0.038, -0.00060464034), (-0.125, -0.031666666, -0.0006), (-0.11864558, -0.031666666, -0.013238906), (-0.1122918, -0.031666666, -0.01501014), (-0.1059393, -0.031666666, -0.015444483), (-0.099588715, -0.031666666, -0.01700546), (-0.09324067, -0.031666666, -0.018953804), (-0.086895764, -0.031666666, -0.018942287), (-0.08055458, -0.031666666, -0.018303126), (-0.07421769, -0.031666666, -0.019714119), (-0.06788562, -0.031666666, -0.02148036), (-0.061558884, -0.031666666, -0.020792333), (-0.055237945, -0.031666666, -0.019766841), (-0.048923247, -0.031666666, -0.021309957), (-0.042615186, -0.031666666, -0.022934582), (-0.036314122, -0.031666666, -0.021740299), (-0.030020371, -0.031666666, -0.020571256), (-0.023734199, -0.031666666, -0.02226041), (-0.017455833, -0.031666666, -0.023658687), (-0.011185445, -0.031666666, -0.02207689), (-0.0049231616, -0.031666666, -0.020921336), (0.0013309412, -0.031666666, -0.022680739), (0.007576838, -0.031666666, -0.023757368), (0.0138145555, -0.031666666, -0.0219156), (0.020044167, -0.031666666, -0.02087409), (0.0262658, -0.031666666, -0.022575177), (0.03247963, -0.031666666, -0.023254482), (0.038685877, -0.031666666, -0.021287432), (0.044884812, -0.031666666, -0.020399759), (0.051076755, -0.031666666, -0.021878505), (0.057262056, -0.031666666, -0.022110362), (0.06344112, -0.031666666, -0.020136893), (0.06961438, -0.031666666, -0.019366017), (0.07578231, -0.031666666, -0.020422028), (0.08194541, -0.031666666, -0.02015571), (0.08810423, -0.031666666, -0.018221507), (0.09425933, -0.031666666, -0.017391399), (0.10041128, -0.031666666, -0.017693462), (0.1065607, -0.031666666, -0.016686715), (0.1127082, -0.031666666, -0.01441433), (0.118854426, -0.031666666, -0.012385369), (0.125, -0.031666666, -0.00060510426), (-0.125, -0.025333334, -0.0006), (-0.11871996, -0.025333334, -0.012447257), (-0.1124401, -0.025333334, -0.01554204), (-0.10616062, -0.025333334, -0.016814249), (-0.099881686, -0.025333334, -0.016821718), (-0.09360348, -0.025333334, -0.017869366), (-0.08732618, -0.025333334, -0.019563658), (-0.08104994, -0.025333334, -0.01991307), (-0.07477495, -0.025333334, -0.019562196), (-0.06850134, -0.025333334, -0.02029656), (-0.06222926, -0.025333334, -0.021412475), (-0.055958852, -0.025333334, -0.02147458), (-0.049690243, -0.025333334, -0.02122309), (-0.04342354, -0.025333334, -0.02172902), (-0.03715885, -0.025333334, -0.022307694), (-0.030896263, -0.025333334, -0.022295412), (-0.024635857, -0.025333334, -0.022267561), (-0.018377697, -0.025333334, -0.02248397), (-0.012121832, -0.025333334, -0.022549603), (-0.005868298, -0.025333334, -0.022603588), (0.0003828823, -0.025333334, -0.022807071), (0.006631702, -0.025333334, -0.022650933), (0.012878168, -0.025333334, -0.022259008), (0.019122303, -0.025333334, -0.022470962), (0.025364142, -0.025333334, -0.022838518), (0.03160374, -0.025333334, -0.022241676), (0.037841152, -0.025333334, -0.021476673), (0.04407646, -0.025333334, -0.021878028), (0.05030976, -0.025333334, -0.02228411), (0.056541145, -0.025333334, -0.02120762), (0.06277074, -0.025333334, -0.020161035), (0.068998665, -0.025333334, -0.020696154), (0.075225055, -0.025333334, -0.020954847), (0.08145005, -0.025333334, -0.019376813), (0.08767383, -0.025333334, -0.018090023), (0.09389652, -0.025333334, -0.018531352), (0.10011832, -0.025333334, -0.018299485), (0.10633938, -0.025333334, -0.016062798), (0.1125599, -0.025333334, -0.014178368), (0.11878004, -0.025333334, -0.013177051), (0.125, -0.025333334, -0.0006056134), (-0.125, -0.019, -0.0006), (-0.11881403, -0.019, -0.01358821), (-0.112627655, -0.019, -0.015358635), (-0.1064405, -0.019, -0.015683219), (-0.10025217, -0.019, -0.017330462), (-0.09406228, -0.019, -0.019436795), (-0.08787047, -0.019, -0.019369336), (-0.08167638, -0.019, -0.018611977), (-0.07547965, -0.019, -0.020107534), (-0.06927997, -0.019, -0.02200123), (-0.063077025, -0.019, -0.021250635), (-0.056870516, -0.019, -0.020131234), (-0.05066018, -0.019, -0.021745313), (-0.044445783, -0.019, -0.02345865), (-0.03822709, -0.019, -0.022214811), (-0.032003917, -0.019, -0.020984996), (-0.025776092, -0.019, -0.02271755), (-0.019543484, -0.019, -0.024164662), (-0.013305985, -0.019, -0.022561302), (-0.007063516, -0.019, -0.021377316), (-0.00081603165, -0.019, -0.023140732), (0.005436484, -0.019, -0.02423135), (0.011694015, -0.019, -0.022406368), (0.017956516, -0.019, -0.02136153), (0.024223907, -0.019, -0.023019813), (0.030496085, -0.019, -0.023687782), (0.03677291, -0.019, -0.021780176), (0.04305422, -0.019, -0.020902831), (0.049339816, -0.019, -0.022290517), (0.055629484, -0.019, -0.022497479), (0.06192298, -0.019, -0.02062283), (0.06822003, -0.019, -0.019862318), (0.07452035, -0.019, -0.020784544), (0.08082362, -0.019, -0.020490857), (0.087129526, -0.019, -0.018681446), (0.09343772, -0.019, -0.017846834), (0.09974783, -0.019, -0.017985247), (0.1060595, -0.019, -0.01695313), (0.112372346, -0.019, -0.014793743), (0.118685976, -0.019, -0.012710183), (0.125, -0.019, -0.00060513295), (-0.125, -0.012666667, -0.0006), (-0.118866146, -0.012666667, -0.013521266), (-0.11273157, -0.012666667, -0.01559106), (-0.10659557, -0.012666667, -0.016100556), (-0.10045744, -0.012666667, -0.017339643), (-0.09431649, -0.012666667, -0.019056093), (-0.08817204, -0.012666667, -0.019553492), (-0.08202346, -0.012666667, -0.019425273), (-0.0758701, -0.012666667, -0.020196324), (-0.06971138, -0.012666667, -0.021245183), (-0.06354673, -0.012666667, -0.021413857), (-0.05737563, -0.012666667, -0.021348879), (-0.05119759, -0.012666667, -0.021842495), (-0.045012165, -0.012666667, -0.022327425), (-0.03881896, -0.012666667, -0.02242431), (-0.03261762, -0.012666667, -0.022570916), (-0.02640785, -0.012666667, -0.022743836), (-0.0201894, -0.012666667, -0.022708451), (-0.013962077, -0.012666667, -0.02288429), (-0.0077257385, -0.012666667, -0.023251854), (-0.0014803017, -0.012666667, -0.02302969), (0.0047742617, -0.012666667, -0.02254203), (0.011037923, -0.012666667, -0.022890275), (0.017310599, -0.012666667, -0.023409402), (0.02359215, -0.012666667, -0.022732615), (0.029882379, -0.012666667, -0.021887569), (0.03618104, -0.012666667, -0.022439314), (0.042487834, -0.012666667, -0.022984711), (0.04880241, -0.012666667, -0.021825776), (0.05512437, -0.012666667, -0.020725768), (0.061453268, -0.012666667, -0.021429757), (0.06778862, -0.012666667, -0.021826318), (0.0741299, -0.012666667, -0.020184053), (0.080476545, -0.012666667, -0.018893855), (0.086827956, -0.012666667, -0.019559339), (0.09318351, -0.012666667, -0.01952932), (0.09954256, -0.012666667, -0.01734256), (0.10590443, -0.012666667, -0.015697418), (0.11226843, -0.012666667, -0.01557851), (0.11863386, -0.012666667, -0.013823757), (0.125, -0.012666667, -0.00060448656), (-0.125, -0.0063333334, -0.0006), (-0.11884217, -0.0063333334, -0.012396732), (-0.112683766, -0.0063333334, -0.015226124), (-0.10652423, -0.0063333334, -0.017638622), (-0.10036301, -0.0063333334, -0.017741047), (-0.094199546, -0.0063333334, -0.01750219), (-0.08803331, -0.0063333334, -0.019421332), (-0.08186378, -0.0063333334, -0.021187246), (-0.07569048, -0.0063333334, -0.020321907), (-0.06951292, -0.0063333334, -0.019630998), (-0.06333065, -0.0063333334, -0.02160389), (-0.05714326, -0.0063333334, -0.023070676), (-0.050950363, -0.0063333334, -0.021656116), (-0.044751607, -0.0063333334, -0.02086677), (-0.038546678, -0.0063333334, -0.022920014), (-0.032335296, -0.0063333334, -0.024058128), (-0.02611722, -0.0063333334, -0.022291923), (-0.019892257, -0.0063333334, -0.021566013), (-0.013660251, -0.0063333334, -0.023604287), (-0.007421093, -0.0063333334, -0.024361035), (-0.0011747143, -0.0063333334, -0.022413671), (0.005078907, -0.0063333334, -0.021828445), (0.011339748, -0.0063333334, -0.02371018), (0.017607743, -0.0063333334, -0.024057107), (0.02388278, -0.0063333334, -0.02208578), (0.030164706, -0.0063333334, -0.021648942), (0.03645332, -0.0063333334, -0.023215337), (0.04274839, -0.0063333334, -0.023155726), (0.049049634, -0.0063333334, -0.021287704), (0.05535674, -0.0063333334, -0.020937352), (0.061669353, -0.0063333334, -0.022024862), (0.067987084, -0.0063333334, -0.021576729), (0.07430952, -0.0063333334, -0.019872673), (0.08063621, -0.0063333334, -0.019457743), (0.08696669, -0.0063333334, -0.01987136), (0.093300454, -0.0063333334, -0.018988581), (0.099636994, -0.0063333334, -0.017320909), (0.10597577, -0.0063333334, -0.016427003), (0.112316236, -0.0063333334, -0.015578845), (0.118657835, -0.0063333334, -0.013257515), (0.125, -0.0063333334, -0.00060469285), (-0.125, 0, -0.0006), (-0.11875781, 0, -0.013032776), (-0.11251556, 0, -0.015803464), (-0.10627323, 0, -0.016773462), (-0.10003074, 0, -0.017279895), (-0.09378807, 0, -0.018602846), (-0.087545164, 0, -0.019780869), (-0.08130198, 0, -0.019987551), (-0.075058475, 0, -0.020200368), (-0.068814605, 0, -0.020982707), (-0.06257035, 0, -0.021560935), (-0.056325648, 0, -0.021715162), (-0.050080482, 0, -0.021982834), (-0.043834824, 0, -0.022286126), (-0.03758864, 0, -0.022413766), (-0.03134191, 0, -0.022730272), (-0.025094613, 0, -0.023081891), (-0.018846733, 0, -0.022869686), (-0.012598258, 0, -0.022658395), (-0.006349176, 0, -0.023234894), (-0.000099482844, 0, -0.023604501), (0.006150824, 0, -0.022854812), (0.012401742, 0, -0.022419501), (0.018653266, 0, -0.02327317), (0.024905385, 0, -0.023551583), (0.03115809, 0, -0.022281514), (0.037411362, 0, -0.021729348), (0.043665178, 0, -0.022798963), (0.049919516, 0, -0.022858115), (0.056174353, 0, -0.021124128), (0.062429655, 0, -0.020526309), (0.06868539, 0, -0.021659583), (0.07494152, 0, -0.02135495), (0.08119802, 0, -0.019226054), (0.08745483, 0, -0.018554932), (0.09371193, 0, -0.01943484), (0.09996926, 0, -0.018514458), (0.10622678, 0, -0.015908264), (0.11248444, 0, -0.0146583915), (0.1187422, 0, -0.013820416), (0.125, 0, -0.00060549314), (-0.125, 0.0063333334, -0.0006), (-0.11866833, 0.0063333334, -0.012377085), (-0.112337165, 0.0063333334, -0.015598163), (-0.106007, 0.0063333334, -0.017624175), (-0.09967834, 0.0063333334, -0.017295845), (-0.093351655, 0.0063333334, -0.017563257), (-0.08702743, 0.0063333334, -0.019913938), (-0.08070612, 0.0063333334, -0.02107325), (-0.07438816, 0.0063333334, -0.019800026), (-0.06807397, 0.0063333334, -0.019800838), (-0.061763953, 0.0063333334, -0.022139113), (-0.05545847, 0.0063333334, -0.022844888), (-0.049157873, 0.0063333334, -0.02112235), (-0.042862464, 0.0063333334, -0.021146046), (-0.036572527, 0.0063333334, -0.023438547), (-0.030288309, 0.0063333334, -0.023730176), (-0.02401002, 0.0063333334, -0.0218012), (-0.017737834, 0.0063333334, -0.021935714), (-0.011471888, 0.0063333334, -0.024056114), (-0.0052122814, 0.0063333334, -0.023958344), (0.0010409273, 0.0063333334, -0.022010067), (0.0072877184, 0.0063333334, -0.022253875), (0.013528111, 0.0063333334, -0.024058266), (0.019762166, 0.0063333334, -0.023620293), (0.025989981, 0.0063333334, -0.021798266), (0.03221169, 0.0063333334, -0.022085106), (0.038427472, 0.0063333334, -0.023439618), (0.044637535, 0.0063333334, -0.022732476), (0.05084213, 0.0063333334, -0.021126838), (0.057041526, 0.0063333334, -0.021335652), (0.06323605, 0.0063333334, -0.022124635), (0.06942603, 0.0063333334, -0.021214744), (0.075611845, 0.0063333334, -0.019829175), (0.08179388, 0.0063333334, -0.019773109), (0.087972574, 0.0063333334, -0.019865936), (0.094148345, 0.0063333334, -0.0187288), (0.100321665, 0.0063333334, -0.017365089), (0.106492996, 0.0063333334, -0.016623363), (0.11266284, 0.0063333334, -0.015510567), (0.11883167, 0.0063333334, -0.0131350225), (0.125, 0.0063333334, -0.00060478126), (-0.125, 0.012666667, -0.0006), (-0.11863236, 0.012666667, -0.01344301), (-0.11226545, 0.012666667, -0.01532772), (-0.10589998, 0.012666667, -0.016242266), (-0.09953668, 0.012666667, -0.017605003), (-0.09317622, 0.012666667, -0.018856123), (-0.08681931, 0.012666667, -0.019313348), (-0.08046659, 0.012666667, -0.019677455), (-0.0741187, 0.012666667, -0.020393932), (-0.067776255, 0.012666667, -0.020948987), (-0.0614398, 0.012666667, -0.021271396), (-0.05510989, 0.012666667, -0.021678999), (-0.048787, 0.012666667, -0.021920698), (-0.042471595, 0.012666667, -0.021974916), (-0.03616407, 0.012666667, -0.022416316), (-0.029864784, 0.012666667, -0.022933325), (-0.023574036, 0.012666667, -0.022678714), (-0.01729208, 0.012666667, -0.022349067), (-0.011019113, 0.012666667, -0.023022462), (-0.0047552744, 0.012666667, -0.023595393), (0.0014993474, 0.012666667, -0.022821411), (0.0077447253, 0.012666667, -0.022226525), (0.013980888, 0.012666667, -0.023162998), (0.020207921, 0.012666667, -0.023685819), (0.026425963, 0.012666667, -0.022403615), (0.032635216, 0.012666667, -0.021659665), (0.038835928, 0.012666667, -0.022814197), (0.045028403, 0.012666667, -0.02315674), (0.051212996, 0.012666667, -0.021417323), (0.057390112, 0.012666667, -0.020614497), (0.063560195, 0.012666667, -0.021857858), (0.06972375, 0.012666667, -0.021874826), (0.075881295, 0.012666667, -0.019751592), (0.0820334, 0.012666667, -0.018906765), (0.08818069, 0.012666667, -0.019979488), (0.09432378, 0.012666667, -0.019460434), (0.10046332, 0.012666667, -0.016953666), (0.10660002, 0.012666667, -0.015810808), (0.11273455, 0.012666667, -0.015910052), (0.118867636, 0.012666667, -0.0136929825), (0.125, 0.012666667, -0.00060418545), (-0.125, 0.019, -0.0006), (-0.118673466, 0.019, -0.013477652), (-0.11234741, 0.019, -0.015873432), (-0.10602229, 0.019, -0.015834393), (-0.09969857, 0.019, -0.016725972), (-0.09337672, 0.019, -0.01925769), (-0.087057166, 0.019, -0.020035122), (-0.08074034, 0.019, -0.018812789), (-0.07442666, 0.019, -0.019396208), (-0.06811651, 0.019, -0.021783438), (-0.061810266, 0.019, -0.021995476), (-0.055508275, 0.019, -0.02036204), (-0.049210858, 0.019, -0.020977555), (-0.042918306, 0.019, -0.023218183), (-0.036630884, 0.019, -0.022995532), (-0.030348819, 0.019, -0.021232365), (-0.02407231, 0.019, -0.021933462), (-0.01780152, 0.019, -0.023912545), (-0.011536578, 0.019, -0.023339465), (-0.005277575, 0.019, -0.02163263), (0.00097543176, 0.019, -0.022377454), (0.0072224247, 0.019, -0.02397382), (0.013463423, 0.019, -0.02314623), (0.01969848, 0.019, -0.0216208), (0.02592769, 0.019, -0.022311365), (0.03215118, 0.019, -0.023426851), (0.038369115, 0.019, -0.022449829), (0.044581693, 0.019, -0.021165572), (0.05078914, 0.019, -0.02166635), (0.056991722, 0.019, -0.022232778), (0.06318974, 0.019, -0.02119551), (0.069383495, 0.019, -0.020128774), (0.07557335, 0.019, -0.020268774), (0.08175966, 0.019, -0.020223755), (0.08794284, 0.019, -0.019135075), (0.09412328, 0.019, -0.018111495), (0.10030142, 0.019, -0.017599937), (0.10647771, 0.019, -0.016698726), (0.11265259, 0.019, -0.0150990635), (0.11882653, 0.019, -0.012928322), (0.125, 0.019, -0.0006048719), (-0.125, 0.025333334, -0.0006), (-0.11876471, 0.025333334, -0.012947165), (-0.112529345, 0.025333334, -0.014707162), (-0.10629378, 0.025333334, -0.01631855), (-0.10005796, 0.025333334, -0.017629053), (-0.09382178, 0.025333334, -0.018292023), (-0.08758515, 0.025333334, -0.018873787), (-0.081348, 0.025333334, -0.01957692), (-0.07511025, 0.025333334, -0.020078607), (-0.06887181, 0.025333334, -0.020551616), (-0.06263263, 0.025333334, -0.021109482), (-0.056392625, 0.025333334, -0.021284636), (-0.050151743, 0.025333334, -0.021284426), (-0.043909922, 0.025333334, -0.02187656), (-0.037667118, 0.025333334, -0.022505878), (-0.031423286, 0.025333334, -0.022163397), (-0.025178382, 0.025333334, -0.021801854), (-0.01893238, 0.025333334, -0.02262941), (-0.012685253, 0.025333334, -0.023281273), (-0.0064369845, 0.025333334, -0.022415586), (-0.00018756285, 0.025333334, -0.021820216), (0.006063015, 0.025333334, -0.022909073), (0.012314746, 0.025333334, -0.02348152), (0.01856762, 0.025333334, -0.022118323), (0.024821617, 0.025333334, -0.021408016), (0.031076714, 0.025333334, -0.02270843), (0.03733288, 0.025333334, -0.023080094), (0.043590076, 0.025333334, -0.021283763), (0.04984826, 0.025333334, -0.02054948), (0.056107376, 0.025333334, -0.021935152), (0.062367372, 0.025333334, -0.021979166), (0.068628184, 0.025333334, -0.019838832), (0.07488976, 0.025333334, -0.019106764), (0.081152, 0.025333334, -0.020349067), (0.087414846, 0.025333334, -0.01990744), (0.09367822, 0.025333334, -0.017474506), (0.09994204, 0.025333334, -0.016585985), (0.106206216, 0.025333334, -0.017147064), (0.11247066, 0.025333334, -0.015677013), (0.11873528, 0.025333334, -0.012208606), (0.125, 0.025333334, -0.000604205), (-0.125, 0.031666666, -0.0006), (-0.11884632, 0.031666666, -0.013552654), (-0.11269205, 0.031666666, -0.014956178), (-0.1065366, 0.031666666, -0.015111802), (-0.10037937, 0.031666666, -0.017108126), (-0.09421981, 0.031666666, -0.019250166), (-0.088057354, 0.031666666, -0.018796597), (-0.081891455, 0.031666666, -0.018069414), (-0.07572161, 0.031666666, -0.019893426), (-0.06954731, 0.031666666, -0.021634448), (-0.0633681, 0.031666666, -0.020591311), (-0.057183526, 0.031666666, -0.019703528), (-0.050993208, 0.031666666, -0.021519173), (-0.04479676, 0.031666666, -0.022900682), (-0.038593862, 0.031666666, -0.021537261), (-0.03238422, 0.031666666, -0.020704549), (-0.026167585, 0.031666666, -0.022442773), (-0.01994375, 0.031666666, -0.023427786), (-0.013712556, 0.031666666, -0.021929134), (-0.0074738865, 0.031666666, -0.021244379), (-0.0012276709, 0.031666666, -0.022781188), (0.0050261137, 0.031666666, -0.023351023), (0.011287443, 0.031666666, -0.021873314), (0.01755625, 0.031666666, -0.021351906), (0.023832416, 0.031666666, -0.022550851), (0.03011578, 0.031666666, -0.022719586), (0.036406137, 0.031666666, -0.021383887), (0.042703237, 0.031666666, -0.020975254), (0.049006794, 0.031666666, -0.021707784), (0.05531647, 0.031666666, -0.02151236), (0.061631907, 0.031666666, -0.020380156), (0.06795269, 0.031666666, -0.019967224), (0.07427839, 0.031666666, -0.020112365), (0.08060855, 0.031666666, -0.0195716), (0.08694265, 0.031666666, -0.018586049), (0.09328019, 0.031666666, -0.017936658), (0.099620625, 0.031666666, -0.017293286), (0.10596341, 0.031666666, -0.016206177), (0.11230795, 0.031666666, -0.014814483), (0.11865368, 0.031666666, -0.012753262), (0.125, 0.031666666, -0.00060467963), (-0.125, 0.038, -0.0006), (-0.11886482, 0.038, -0.012674165), (-0.11272893, 0.038, -0.014487156), (-0.106591634, 0.038, -0.015848821), (-0.10045223, 0.038, -0.017001776), (-0.09431003, 0.038, -0.017788032), (-0.08816439, 0.038, -0.018508105), (-0.08201464, 0.038, -0.019135447), (-0.07586019, 0.038, -0.019424107), (-0.06970043, 0.038, -0.019846851), (-0.06353481, 0.038, -0.020645091), (-0.057362806, 0.038, -0.020947777), (-0.051183946, 0.038, -0.020624513), (-0.044997785, 0.038, -0.020976376), (-0.038803935, 0.038, -0.021987882), (-0.032602042, 0.038, -0.02196289), (-0.026391814, 0.038, -0.021128308), (-0.020173004, 0.038, -0.021551572), (-0.013945421, 0.038, -0.022756297), (-0.0077089276, 0.038, -0.02235624), (-0.001463439, 0.038, -0.021117298), (0.004791072, 0.038, -0.021689042), (0.011054578, 0.038, -0.022992872), (0.017326996, 0.038, -0.022183571), (0.023608187, 0.038, -0.020663971), (0.029897958, 0.038, -0.021399617), (0.036196068, 0.038, -0.022662543), (0.042502213, 0.038, -0.021440713), (0.04881605, 0.038, -0.01976529), (0.05513719, 0.038, -0.020607617), (0.061465193, 0.038, -0.021655131), (0.067799576, 0.038, -0.020044226), (0.07413981, 0.038, -0.018304903), (0.08048536, 0.038, -0.019090923), (0.086835615, 0.038, -0.01968606), (0.09318997, 0.038, -0.017680889), (0.09954777, 0.038, -0.015828304), (0.105908364, 0.038, -0.016089322), (0.11227107, 0.038, -0.015561284), (0.11863518, 0.038, -0.012361637), (0.125, 0.038, -0.0006037849), (-0.125, 0.044333335, -0.0006), (-0.11880809, 0.044333335, -0.011603613), (-0.112615824, 0.044333335, -0.014878143), (-0.10642284, 0.044333335, -0.016481217), (-0.100228794, 0.044333335, -0.015941586), (-0.09403334, 0.044333335, -0.016562354), (-0.08783613, 0.044333335, -0.018929023), (-0.08163685, 0.044333335, -0.019586504), (-0.07543519, 0.044333335, -0.018310957), (-0.06923085, 0.044333335, -0.018774727), (-0.06302354, 0.044333335, -0.02095092), (-0.056813, 0.044333335, -0.021131082), (-0.050598994, 0.044333335, -0.019632412), (-0.044381294, 0.044333335, -0.020131804), (-0.0381597, 0.044333335, -0.022060296), (-0.031934038, 0.044333335, -0.021877516), (-0.02570416, 0.044333335, -0.020389255), (-0.019469941, 0.044333335, -0.020930732), (-0.013231282, 0.044333335, -0.022504725), (-0.006988115, 0.044333335, -0.022053892), (-0.0007403977, 0.044333335, -0.020723507), (0.0055118846, 0.044333335, -0.021240436), (0.011768718, 0.044333335, -0.022367451), (0.018030059, 0.044333335, -0.02175078), (0.02429584, 0.044333335, -0.020659601), (0.030565962, 0.044333335, -0.021045076), (0.0368403, 0.044333335, -0.021665243), (0.043118708, 0.044333335, -0.020980833), (0.049401004, 0.044333335, -0.020139674), (0.055686995, 0.044333335, -0.020263765), (0.06197646, 0.044333335, -0.020348117), (0.06826915, 0.044333335, -0.019658422), (0.07456481, 0.044333335, -0.018988173), (0.08086314, 0.044333335, -0.018693555), (0.087163866, 0.044333335, -0.018204007), (0.09346666, 0.044333335, -0.017449135), (0.0997712, 0.044333335, -0.016678985), (0.10607716, 0.044333335, -0.015632646), (0.11238418, 0.044333335, -0.014186053), (0.11869191, 0.044333335, -0.012322754), (0.125, 0.044333335, -0.00060481305), (-0.125, 0.050666668, -0.0006), (-0.118713304, 0.050666668, -0.011960787), (-0.11242683, 0.050666668, -0.01397783), (-0.10614081, 0.050666668, -0.015263085), (-0.09985546, 0.050666668, -0.016235907), (-0.09357101, 0.050666668, -0.017176395), (-0.08728765, 0.050666668, -0.017755693), (-0.08100561, 0.050666668, -0.018012896), (-0.07472508, 0.050666668, -0.01869118), (-0.068446234, 0.050666668, -0.0195665), (-0.06216926, 0.050666668, -0.019603986), (-0.055894334, 0.050666668, -0.019333), (-0.049621597, 0.050666668, -0.020093193), (-0.043351192, 0.050666668, -0.021038087), (-0.037083246, 0.050666668, -0.020588726), (-0.03081787, 0.050666668, -0.019954959), (-0.024555158, 0.050666668, -0.020914026), (-0.01829519, 0.050666668, -0.021885006), (-0.012038024, 0.050666668, -0.020959705), (-0.005783708, 0.050666668, -0.020098757), (0.000467734, 0.050666668, -0.021280743), (0.0067162924, 0.050666668, -0.02217863), (0.012961975, 0.050666668, -0.020810787), (0.01920481, 0.050666668, -0.019846413), (0.025444841, 0.050666668, -0.021205055), (0.03168213, 0.050666668, -0.021912286), (0.037916753, 0.050666668, -0.020168992), (0.04414881, 0.050666668, -0.019199468), (0.050378405, 0.050666668, -0.020622028), (0.056605667, 0.050666668, -0.021019114), (0.06283074, 0.050666668, -0.018991321), (0.06905377, 0.050666668, -0.018062167), (0.07527493, 0.050666668, -0.019357257), (0.08149439, 0.050666668, -0.019311188), (0.08771235, 0.050666668, -0.017071584), (0.09392899, 0.050666668, -0.016103772), (0.100144535, 0.050666668, -0.016896473), (0.10635919, 0.050666668, -0.016091952), (0.11257317, 0.050666668, -0.013396851), (0.1187867, 0.050666668, -0.011413986), (0.125, 0.050666668, -0.00060507865), (-0.125, 0.057, -0.0006), (-0.11864255, 0.057, -0.011238324), (-0.11228578, 0.057, -0.014384073), (-0.10593031, 0.057, -0.015357419), (-0.09957682, 0.057, -0.014871047), (-0.09322595, 0.057, -0.0160667), (-0.0868783, 0.057, -0.018217651), (-0.08053448, 0.057, -0.0182074), (-0.07419508, 0.057, -0.017157102), (-0.06786063, 0.057, -0.018230183), (-0.061531674, 0.057, -0.020069487), (-0.055208687, 0.057, -0.019626906), (-0.048892118, 0.057, -0.018488448), (-0.042582378, 0.057, -0.019536635), (-0.03627984, 0.057, -0.021031592), (-0.029984822, 0.057, -0.02033685), (-0.023697605, 0.057, -0.019299287), (-0.01741842, 0.057, -0.020267982), (-0.011147442, 0.057, -0.021358833), (-0.0048848037, 0.057, -0.020551462), (0.0013694179, 0.057, -0.019705674), (0.0076151965, 0.057, -0.02049379), (0.013852558, 0.057, -0.02114713), (0.020081582, 0.057, -0.020349609), (0.026302394, 0.057, -0.019715305), (0.032515176, 0.057, -0.020208713), (0.03872016, 0.057, -0.02042591), (0.04491762, 0.057, -0.019731047), (0.051107883, 0.057, -0.019262081), (0.057291314, 0.057, -0.019350694), (0.06346832, 0.057, -0.019156514), (0.06963936, 0.057, -0.01859792), (0.07580493, 0.057, -0.018173799), (0.08196552, 0.057, -0.0177462), (0.088121705, 0.057, -0.017140904), (0.09427405, 0.057, -0.016612265), (0.10042317, 0.057, -0.015951954), (0.106569685, 0.057, -0.014755551), (0.11271422, 0.057, -0.013385339), (0.11885744, 0.057, -0.011811271), (0.125, 0.057, -0.0006046242), (-0.125, 0.06333333, -0.0006), (-0.1186422, 0.06333333, -0.01129162), (-0.11228508, 0.06333333, -0.013201315), (-0.10592927, 0.06333333, -0.01428718), (-0.099575445, 0.06333333, -0.015056576), (-0.093224235, 0.06333333, -0.01607319), (-0.086876266, 0.06333333, -0.016895382), (-0.08053214, 0.06333333, -0.016966365), (-0.07419245, 0.06333333, -0.017172588), (-0.06785773, 0.06333333, -0.018207619), (-0.06152851, 0.06333333, -0.018817881), (-0.055205286, 0.06333333, -0.018286312), (-0.048888497, 0.06333333, -0.018281663), (-0.042578563, 0.06333333, -0.019518891), (-0.036275852, 0.06333333, -0.019942649), (-0.02998069, 0.06333333, -0.018909303), (-0.023693351, 0.06333333, -0.01885009), (-0.017414069, 0.06333333, -0.020294618), (-0.011143022, 0.06333333, -0.020477643), (-0.0048803426, 0.06333333, -0.019034969), (0.0013738927, 0.06333333, -0.019022426), (0.0076196576, 0.06333333, -0.020601895), (0.013856978, 0.06333333, -0.020485584), (0.020085933, 0.06333333, -0.018744824), (0.02630665, 0.06333333, -0.018833296), (0.03251931, 0.06333333, -0.02042502), (0.038724147, 0.06333333, -0.019970033), (0.044921435, 0.06333333, -0.018053887), (0.0511115, 0.06333333, -0.018241309), (0.057294715, 0.06333333, -0.019684305), (0.06347149, 0.06333333, -0.01887393), (0.069642276, 0.06333333, -0.016892826), (0.07580756, 0.06333333, -0.017098218), (0.08196786, 0.06333333, -0.018181132), (0.08812373, 0.06333333, -0.016989868), (0.094275765, 0.06333333, -0.014977996), (0.10042456, 0.06333333, -0.014942403), (0.10657073, 0.06333333, -0.015233834), (0.112714924, 0.06333333, -0.013328481), (0.11885779, 0.06333333, -0.01056921), (0.125, 0.06333333, -0.00060405413), (-0.125, 0.06966667, -0.0006), (-0.11871248, 0.06966667, -0.010229552), (-0.112425186, 0.06966667, -0.011990162), (-0.10613836, 0.06966667, -0.01441038), (-0.09985222, 0.06966667, -0.015138054), (-0.09356699, 0.06966667, -0.014461215), (-0.08728289, 0.06966667, -0.01530374), (-0.08100013, 0.06966667, -0.017217485), (-0.07471891, 0.06966667, -0.01729693), (-0.06843942, 0.06966667, -0.016280884), (-0.062161844, 0.06966667, -0.017046254), (-0.055886354, 0.06966667, -0.018661512), (-0.049613107, 0.06966667, -0.0184021), (-0.043342244, 0.06966667, -0.017377298), (-0.037073895, 0.06966667, -0.01811013), (-0.030808177, 0.06966667, -0.019375743), (-0.02454518, 0.06966667, -0.018918348), (-0.018284988, 0.06966667, -0.01803392), (-0.012027661, 0.06966667, -0.018676149), (-0.0057732477, 0.06966667, -0.019538963), (0.00047822666, 0.06966667, -0.019001829), (0.0067267525, 0.06966667, -0.018325357), (0.012972339, 0.06966667, -0.01878425), (0.019215014, 0.06966667, -0.019220972), (0.025454821, 0.06966667, -0.018706862), (0.031691823, 0.06966667, -0.0182409), (0.037926104, 0.06966667, -0.0184157), (0.044157755, 0.06966667, -0.01843604), (0.050386894, 0.06966667, -0.018016066), (0.056613646, 0.06966667, -0.01770021), (0.06283816, 0.06966667, -0.01749512), (0.06906059, 0.06966667, -0.01712663), (0.07528109, 0.06966667, -0.016806561), (0.081499875, 0.06966667, -0.016501712), (0.08771711, 0.06966667, -0.01581058), (0.09393301, 0.06966667, -0.015036406), (0.100147784, 0.06966667, -0.014644605), (0.10636164, 0.06966667, -0.013983617), (0.11257481, 0.06966667, -0.012428881), (0.11878752, 0.06966667, -0.010493804), (0.125, 0.06966667, -0.0006041574), (-0.125, 0.076, -0.0006), (-0.11880734, 0.076, -0.010045219), (-0.11261432, 0.076, -0.011808721), (-0.10642059, 0.076, -0.013124697), (-0.10022582, 0.076, -0.013692851), (-0.09402965, 0.076, -0.01401937), (-0.08783176, 0.076, -0.014968612), (-0.081631824, 0.076, -0.015857164), (-0.07542953, 0.076, -0.015707858), (-0.06922459, 0.076, -0.015578077), (-0.06301673, 0.076, -0.016605081), (-0.056805674, 0.076, -0.017397543), (-0.050591197, 0.076, -0.01674392), (-0.044373076, 0.076, -0.016398273), (-0.038151115, 0.076, -0.01761252), (-0.031925134, 0.076, -0.018292388), (-0.025694996, 0.076, -0.017208816), (-0.01946057, 0.076, -0.016783219), (-0.013221765, 0.076, -0.018176388), (-0.006978509, 0.076, -0.018676493), (-0.0007307618, 0.076, -0.01724174), (0.0055214907, 0.076, -0.016833806), (0.011778235, 0.076, -0.018334994), (0.01803943, 0.076, -0.01858623), (0.024305005, 0.076, -0.016898574), (0.030574864, 0.076, -0.0165674), (0.036848888, 0.076, -0.01806067), (0.043126922, 0.076, -0.018009497), (0.0494088, 0.076, -0.016177986), (0.055694323, 0.076, -0.015932065), (0.061983272, 0.076, -0.01726279), (0.06827541, 0.076, -0.016870573), (0.07457047, 0.076, -0.014989829), (0.08086818, 0.076, -0.014759469), (0.08716824, 0.076, -0.015710099), (0.09347035, 0.076, -0.014905933), (0.09977418, 0.076, -0.012971787), (0.10607941, 0.076, -0.012461885), (0.11238568, 0.076, -0.012448848), (0.11869267, 0.076, -0.01046074), (0.125, 0.076, -0.00060316414), (-0.125, 0.082333334, -0.0006), (-0.118864626, 0.082333334, -0.009626901), (-0.11272854, 0.082333334, -0.010178686), (-0.10659106, 0.082333334, -0.011502741), (-0.10045146, 0.082333334, -0.013310511), (-0.09430909, 0.082333334, -0.013462077), (-0.08816327, 0.082333334, -0.012890239), (-0.08201335, 0.082333334, -0.013854862), (-0.07585874, 0.082333334, -0.015267326), (-0.069698825, 0.082333334, -0.014994259), (-0.06353306, 0.082333334, -0.014300809), (-0.057360932, 0.082333334, -0.0151767405), (-0.051181953, 0.082333334, -0.016269285), (-0.044995684, 0.082333334, -0.01580601), (-0.038801737, 0.082333334, -0.015188928), (-0.032599762, 0.082333334, -0.01594959), (-0.026389468, 0.082333334, -0.01670169), (-0.020170607, 0.082333334, -0.016184423), (-0.013942986, 0.082333334, -0.015718713), (-0.0077064694, 0.082333334, -0.01628846), (-0.0014609729, 0.082333334, -0.01669408), (0.004793531, 0.082333334, -0.016228922), (0.011057014, 0.082333334, -0.015923217), (0.017329393, 0.082333334, -0.016219495), (0.023610532, 0.082333334, -0.016299905), (0.029900236, 0.082333334, -0.015962088), (0.036198262, 0.082333334, -0.015773674), (0.042504314, 0.082333334, -0.015725574), (0.048818048, 0.082333334, -0.015522791), (0.05513907, 0.082333334, -0.015341358), (0.061466936, 0.082333334, -0.015181136), (0.06780118, 0.082333334, -0.0147348475), (0.074141264, 0.082333334, -0.014287864), (0.08048664, 0.082333334, -0.014212184), (0.08683673, 0.082333334, -0.013926393), (0.09319091, 0.082333334, -0.013014218), (0.09954853, 0.082333334, -0.012271777), (0.105908945, 0.082333334, -0.012016084), (0.11227145, 0.082333334, -0.011136857), (0.11863537, 0.082333334, -0.009125058), (0.125, 0.082333334, -0.00060310616), (-0.125, 0.08866667, -0.0006), (-0.11884682, 0.08866667, -0.007892586), (-0.11269304, 0.08866667, -0.00929091), (-0.10653807, 0.08866667, -0.010447354), (-0.10038132, 0.08866667, -0.010863481), (-0.094222225, 0.08866667, -0.010961242), (-0.08806022, 0.08866667, -0.011724889), (-0.081894755, 0.08866667, -0.012596027), (-0.075725324, 0.08866667, -0.012459655), (-0.069551416, 0.08866667, -0.012160288), (-0.06337256, 0.08866667, -0.012976898), (-0.057188332, 0.08866667, -0.013810227), (-0.05099832, 0.08866667, -0.01328787), (-0.04480215, 0.08866667, -0.012787371), (-0.038599495, 0.08866667, -0.013744109), (-0.032390058, 0.08866667, -0.014518186), (-0.026173595, 0.08866667, -0.013665043), (-0.019949894, 0.08866667, -0.0130785275), (-0.013718798, 0.08866667, -0.0141719375), (-0.0074801864, 0.08866667, -0.014824402), (-0.0012339904, 0.08866667, -0.013698975), (0.0050198133, 0.08866667, -0.01311337), (0.011281202, 0.08866667, -0.014290646), (0.017550105, 0.08866667, -0.01475604), (0.023826405, 0.08866667, -0.013433094), (0.030109942, 0.08866667, -0.012906669), (0.036400508, 0.08866667, -0.014078537), (0.04269785, 0.08866667, -0.014302458), (0.049001683, 0.08866667, -0.0128667), (0.055311665, 0.08866667, -0.012419086), (0.061627436, 0.08866667, -0.013464537), (0.06794859, 0.08866667, -0.013403587), (0.07427468, 0.08866667, -0.01192993), (0.08060524, 0.08866667, -0.011520485), (0.08693978, 0.08866667, -0.012268382), (0.093277775, 0.08866667, -0.011852731), (0.09961867, 0.08866667, -0.010339416), (0.105961934, 0.08866667, -0.009755284), (0.11230696, 0.08866667, -0.009750988), (0.118653186, 0.08866667, -0.0083522415), (0.125, 0.08866667, -0.0006025436), (-0.125, 0.095, -0.0006), (-0.11876558, 0.095, -0.00060231355), (-0.11253106, 0.095, -0.0006028322), (-0.106296346, 0.095, -0.0006040596), (-0.10006135, 0.095, -0.0006041444), (-0.09382597, 0.095, -0.00060336734), (-0.08759013, 0.095, -0.00060375046), (-0.08135373, 0.095, -0.0006048403), (-0.075116694, 0.095, -0.00060467207), (-0.068878934, 0.095, -0.00060386816), (-0.062640384, 0.095, -0.00060428533), (-0.056400962, 0.095, -0.0006051893), (-0.050160613, 0.095, -0.0006048998), (-0.043919273, 0.095, -0.00060422777), (-0.03767689, 0.095, -0.0006046398), (-0.031433415, 0.095, -0.0006052961), (-0.025188811, 0.095, -0.00060497684), (-0.018943042, 0.095, -0.0006045076), (-0.012696084, 0.095, -0.0006048445), (-0.0064479155, 0.095, -0.00060522335), (-0.00019852763, 0.095, -0.00060495944), (0.0060520843, 0.095, -0.00060471223), (0.012303917, 0.095, -0.0006048992), (0.018556958, 0.095, -0.0006050064), (0.02481119, 0.095, -0.0006048697), (0.031066583, 0.095, -0.0006048213), (0.03732311, 0.095, -0.00060479477), (0.043580726, 0.095, -0.0006046675), (0.04983939, 0.095, -0.0006047037), (0.05609904, 0.095, -0.00060479424), (0.06235962, 0.095, -0.0006045139), (0.06862107, 0.095, -0.0006042105), (0.07488331, 0.095, -0.0006044214), (0.08114627, 0.095, -0.000604557), (0.08740987, 0.095, -0.0006040106), (0.09367403, 0.095, -0.0006035876), (0.09993865, 0.095, -0.00060388976), (0.10620365, 0.095, -0.00060390454), (0.11246894, 0.095, -0.0006030602), (0.11873443, 0.095, -0.0006024011), (0.125, 0.095, -0.00060000125)]
                uniform token subdivisionScheme = "none"
                custom string userProperties:blender:data_name = "Wrinkled mailer.001"
            }
        }
    }

    def Scope "_materials"
    {
        def Material "Printed_dark_ink"
        {
            token outputs:surface.connect = </Asset/_materials/Printed_dark_ink/Principled_BSDF.outputs:surface>
            custom string userProperties:blender:data_name = "Printed dark ink"

            def Shader "Principled_BSDF"
            {
                uniform token info:id = "UsdPreviewSurface"
                float inputs:clearcoat = 0
                float inputs:clearcoatRoughness = 0.03
                color3f inputs:diffuseColor = (0.018, 0.019, 0.018)
                float inputs:ior = 1.5
                float inputs:metallic = 0
                float inputs:opacity = 1
                float inputs:roughness = 0.84
                float inputs:specular = 0.5
                token outputs:surface
            }
        }

        def Material "Shipping_label_paper"
        {
            token outputs:surface.connect = </Asset/_materials/Shipping_label_paper/Principled_BSDF.outputs:surface>
            custom string userProperties:blender:data_name = "Shipping label paper"

            def Shader "Principled_BSDF"
            {
                uniform token info:id = "UsdPreviewSurface"
                float inputs:clearcoat = 0
                float inputs:clearcoatRoughness = 0.03
                color3f inputs:diffuseColor = (0.82, 0.8, 0.73)
                float inputs:ior = 1.5
                float inputs:metallic = 0
                float inputs:opacity = 1
                float inputs:roughness = 0.83
                float inputs:specular = 0.5
                token outputs:surface
            }
        }

        def Material "PurpleMailer_coated_film"
        {
            token outputs:surface.connect = </Asset/_materials/PurpleMailer_coated_film/Principled_BSDF.outputs:surface>
            custom string userProperties:blender:data_name = "PurpleMailer coated film"

            def Shader "Principled_BSDF"
            {
                uniform token info:id = "UsdPreviewSurface"
                float inputs:clearcoat = 0
                float inputs:clearcoatRoughness = 0.03
                color3f inputs:diffuseColor = (0.35, 0.17, 0.47)
                float inputs:ior = 1.5
                float inputs:metallic = 0
                float inputs:opacity = 1
                float inputs:roughness = 0.34
                float inputs:specular = 0.5
                token outputs:surface
            }
        }
    }
}
