#usda 1.0
(
    defaultPrim = "Asset"
    doc = "Blender v4.5.13 LTS"
    metersPerUnit = 1
    upAxis = "Z"
)

def Xform "Asset" (
    customData = {
        dictionary Blender = {
            bool generated = 1
        }
    }
)
{
    def Xform "TealMailer"
    {
        custom string userProperties:blender:object_name = "TealMailer"

        def Xform "Shipping_label_002"
        {
            custom string userProperties:blender:object_name = "Shipping_label.002"
            float3 xformOp:rotateXYZ = (0, 0, -4.583662)
            float3 xformOp:scale = (1, 1, 1)
            double3 xformOp:translate = (0, 0, 0.0215000007301569)
            uniform token[] xformOpOrder = ["xformOp:translate", "xformOp:rotateXYZ", "xformOp:scale"]

            def Xform "Barcode_line_052"
            {
                custom string userProperties:blender:object_name = "Barcode line.052"
                float3 xformOp:rotateXYZ = (0, -0, 4.2688688e-7)
                float3 xformOp:scale = (0.99999994, 0.99999994, 1)
                double3 xformOp:translate = (-0.02786174789071083, -0.003999999724328518, 0.0002500005066394806)
                uniform token[] xformOpOrder = ["xformOp:translate", "xformOp:rotateXYZ", "xformOp:scale"]

                def Mesh "Cube_104" (
                    active = true
                    prepend apiSchemas = ["MaterialBindingAPI"]
                )
                {
                    uniform bool doubleSided = 1
                    float3[] extent = [(-0.00137025, -0.008, -0.000065), (0.00137025, 0.008, 0.000065)]
                    int[] faceVertexCounts = [4, 4, 4, 4, 4, 4]
                    int[] faceVertexIndices = [0, 1, 3, 2, 2, 3, 7, 6, 6, 7, 5, 4, 4, 5, 1, 0, 2, 6, 4, 0, 7, 3, 1, 5]
                    rel material:binding = </Asset/_materials/Printed_dark_ink>
                    normal3f[] normals = [(-1, 0, 0), (-1, 0, 0), (-1, 0, 0), (-1, 0, 0), (0, 1, 0), (0, 1, 0), (0, 1, 0), (0, 1, 0), (1, 0, 0), (1, 0, 0), (1, 0, 0), (1, 0, 0), (0, -1, 0), (0, -1, 0), (0, -1, 0), (0, -1, 0), (0, 0, -1), (0, 0, -1), (0, 0, -1), (0, 0, -1), (0, 0, 1), (0, 0, 1), (0, 0, 1), (0, 0, 1)] (
                        interpolation = "faceVarying"
                    )
                    point3f[] points = [(-0.00137025, -0.008, -0.000065), (-0.00137025, -0.008, 0.000065), (-0.00137025, 0.008, -0.000065), (-0.00137025, 0.008, 0.000065), (0.00137025, -0.008, -0.000065), (0.00137025, -0.008, 0.000065), (0.00137025, 0.008, -0.000065), (0.00137025, 0.008, 0.000065)]
                    texCoord2f[] primvars:st = [(0.375, 0), (0.625, 0), (0.625, 0.25), (0.375, 0.25), (0.375, 0.25), (0.625, 0.25), (0.625, 0.5), (0.375, 0.5), (0.375, 0.5), (0.625, 0.5), (0.625, 0.75), (0.375, 0.75), (0.375, 0.75), (0.625, 0.75), (0.625, 1), (0.375, 1), (0.125, 0.5), (0.375, 0.5), (0.375, 0.75), (0.125, 0.75), (0.625, 0.5), (0.875, 0.5), (0.875, 0.75), (0.625, 0.75)] (
                        interpolation = "faceVarying"
                    )
                    uniform token subdivisionScheme = "none"
                    custom string userProperties:blender:data_name = "Cube.104"
                }
            }

            def Xform "Barcode_line_068"
            {
                custom string userProperties:blender:object_name = "Barcode line.068"
                float3 xformOp:rotateXYZ = (0, -0, 4.2688688e-7)
                float3 xformOp:scale = (0.99999994, 0.99999994, 1)
                double3 xformOp:translate = (0.016899747774004936, -0.004000000189989805, 0.0002500005066394806)
                uniform token[] xformOpOrder = ["xformOp:translate", "xformOp:rotateXYZ", "xformOp:scale"]

                def Mesh "Cube_120" (
                    active = true
                    prepend apiSchemas = ["MaterialBindingAPI"]
                )
                {
                    uniform bool doubleSided = 1
                    float3[] extent = [(-0.00137025, -0.008, -0.000065), (0.00137025, 0.008, 0.000065)]
                    int[] faceVertexCounts = [4, 4, 4, 4, 4, 4]
                    int[] faceVertexIndices = [0, 1, 3, 2, 2, 3, 7, 6, 6, 7, 5, 4, 4, 5, 1, 0, 2, 6, 4, 0, 7, 3, 1, 5]
                    rel material:binding = </Asset/_materials/Printed_dark_ink>
                    normal3f[] normals = [(-1, 0, 0), (-1, 0, 0), (-1, 0, 0), (-1, 0, 0), (0, 1, 0), (0, 1, 0), (0, 1, 0), (0, 1, 0), (1, 0, 0), (1, 0, 0), (1, 0, 0), (1, 0, 0), (0, -1, 0), (0, -1, 0), (0, -1, 0), (0, -1, 0), (0, 0, -1), (0, 0, -1), (0, 0, -1), (0, 0, -1), (0, 0, 1), (0, 0, 1), (0, 0, 1), (0, 0, 1)] (
                        interpolation = "faceVarying"
                    )
                    point3f[] points = [(-0.00137025, -0.008, -0.000065), (-0.00137025, -0.008, 0.000065), (-0.00137025, 0.008, -0.000065), (-0.00137025, 0.008, 0.000065), (0.00137025, -0.008, -0.000065), (0.00137025, -0.008, 0.000065), (0.00137025, 0.008, -0.000065), (0.00137025, 0.008, 0.000065)]
                    texCoord2f[] primvars:st = [(0.375, 0), (0.625, 0), (0.625, 0.25), (0.375, 0.25), (0.375, 0.25), (0.625, 0.25), (0.625, 0.5), (0.375, 0.5), (0.375, 0.5), (0.625, 0.5), (0.625, 0.75), (0.375, 0.75), (0.375, 0.75), (0.625, 0.75), (0.625, 1), (0.375, 1), (0.125, 0.5), (0.375, 0.5), (0.375, 0.75), (0.125, 0.75), (0.625, 0.5), (0.875, 0.5), (0.875, 0.75), (0.625, 0.75)] (
                        interpolation = "faceVarying"
                    )
                    uniform token subdivisionScheme = "none"
                    custom string userProperties:blender:data_name = "Cube.120"
                }
            }

            def Xform "Barcode_line_051"
            {
                custom string userProperties:blender:object_name = "Barcode line.051"
                float3 xformOp:rotateXYZ = (0, -0, 4.2688688e-7)
                float3 xformOp:scale = (0.99999994, 0.99999994, 1)
                double3 xformOp:translate = (-0.03105900064110756, -0.003999999724328518, 0.0002500005066394806)
                uniform token[] xformOpOrder = ["xformOp:translate", "xformOp:rotateXYZ", "xformOp:scale"]

                def Mesh "Cube_103" (
                    active = true
                    prepend apiSchemas = ["MaterialBindingAPI"]
                )
                {
                    uniform bool doubleSided = 1
                    float3[] extent = [(-0.0009135, -0.008, -0.000065), (0.0009135, 0.008, 0.000065)]
                    int[] faceVertexCounts = [4, 4, 4, 4, 4, 4]
                    int[] faceVertexIndices = [0, 1, 3, 2, 2, 3, 7, 6, 6, 7, 5, 4, 4, 5, 1, 0, 2, 6, 4, 0, 7, 3, 1, 5]
                    rel material:binding = </Asset/_materials/Printed_dark_ink>
                    normal3f[] normals = [(-1, 0, 0), (-1, 0, 0), (-1, 0, 0), (-1, 0, 0), (0, 0.99999994, 0), (0, 0.99999994, 0), (0, 0.99999994, 0), (0, 0.99999994, 0), (1, 0, 0), (1, 0, 0), (1, 0, 0), (1, 0, 0), (0, -0.99999994, 0), (0, -0.99999994, 0), (0, -0.99999994, 0), (0, -0.99999994, 0), (0, 0, -1), (0, 0, -1), (0, 0, -1), (0, 0, -1), (0, 0, 1), (0, 0, 1), (0, 0, 1), (0, 0, 1)] (
                        interpolation = "faceVarying"
                    )
                    point3f[] points = [(-0.0009135, -0.008, -0.000065), (-0.0009135, -0.008, 0.000065), (-0.0009135, 0.008, -0.000065), (-0.0009135, 0.008, 0.000065), (0.0009135, -0.008, -0.000065), (0.0009135, -0.008, 0.000065), (0.0009135, 0.008, -0.000065), (0.0009135, 0.008, 0.000065)]
                    texCoord2f[] primvars:st = [(0.375, 0), (0.625, 0), (0.625, 0.25), (0.375, 0.25), (0.375, 0.25), (0.625, 0.25), (0.625, 0.5), (0.375, 0.5), (0.375, 0.5), (0.625, 0.5), (0.625, 0.75), (0.375, 0.75), (0.375, 0.75), (0.625, 0.75), (0.625, 1), (0.375, 1), (0.125, 0.5), (0.375, 0.5), (0.375, 0.75), (0.125, 0.75), (0.625, 0.5), (0.875, 0.5), (0.875, 0.75), (0.625, 0.75)] (
                        interpolation = "faceVarying"
                    )
                    uniform token subdivisionScheme = "none"
                    custom string userProperties:blender:data_name = "Cube.103"
                }
            }

            def Xform "Barcode_line_060"
            {
                custom string userProperties:blender:object_name = "Barcode line.060"
                float3 xformOp:rotateXYZ = (0, -0, 4.2688688e-7)
                float3 xformOp:scale = (0.99999994, 0.99999994, 1)
                double3 xformOp:translate = (-0.005024249665439129, -0.003999999724328518, 0.0002500005066394806)
                uniform token[] xformOpOrder = ["xformOp:translate", "xformOp:rotateXYZ", "xformOp:scale"]

                def Mesh "Cube_112" (
                    active = true
                    prepend apiSchemas = ["MaterialBindingAPI"]
                )
                {
                    uniform bool doubleSided = 1
                    float3[] extent = [(-0.00045675, -0.008, -0.000065), (0.00045675, 0.008, 0.000065)]
                    int[] faceVertexCounts = [4, 4, 4, 4, 4, 4]
                    int[] faceVertexIndices = [0, 1, 3, 2, 2, 3, 7, 6, 6, 7, 5, 4, 4, 5, 1, 0, 2, 6, 4, 0, 7, 3, 1, 5]
                    rel material:binding = </Asset/_materials/Printed_dark_ink>
                    normal3f[] normals = [(-1, 0, 0), (-1, 0, 0), (-1, 0, 0), (-1, 0, 0), (0, 0.99999994, 0), (0, 0.99999994, 0), (0, 0.99999994, 0), (0, 0.99999994, 0), (1, 0, 0), (1, 0, 0), (1, 0, 0), (1, 0, 0), (0, -0.99999994, 0), (0, -0.99999994, 0), (0, -0.99999994, 0), (0, -0.99999994, 0), (0, 0, -1), (0, 0, -1), (0, 0, -1), (0, 0, -1), (0, 0, 1), (0, 0, 1), (0, 0, 1), (0, 0, 1)] (
                        interpolation = "faceVarying"
                    )
                    point3f[] points = [(-0.00045675, -0.008, -0.000065), (-0.00045675, -0.008, 0.000065), (-0.00045675, 0.008, -0.000065), (-0.00045675, 0.008, 0.000065), (0.00045675, -0.008, -0.000065), (0.00045675, -0.008, 0.000065), (0.00045675, 0.008, -0.000065), (0.00045675, 0.008, 0.000065)]
                    texCoord2f[] primvars:st = [(0.375, 0), (0.625, 0), (0.625, 0.25), (0.375, 0.25), (0.375, 0.25), (0.625, 0.25), (0.625, 0.5), (0.375, 0.5), (0.375, 0.5), (0.625, 0.5), (0.625, 0.75), (0.375, 0.75), (0.375, 0.75), (0.625, 0.75), (0.625, 1), (0.375, 1), (0.125, 0.5), (0.375, 0.5), (0.375, 0.75), (0.125, 0.75), (0.625, 0.5), (0.875, 0.5), (0.875, 0.75), (0.625, 0.75)] (
                        interpolation = "faceVarying"
                    )
                    uniform token subdivisionScheme = "none"
                    custom string userProperties:blender:data_name = "Cube.112"
                }
            }

            def Xform "Barcode_line_055"
            {
                custom string userProperties:blender:object_name = "Barcode line.055"
                float3 xformOp:rotateXYZ = (0, -0, 4.2688688e-7)
                float3 xformOp:scale = (0.99999994, 0.99999994, 1)
                double3 xformOp:translate = (-0.016899749636650085, -0.003999999724328518, 0.0002500005066394806)
                uniform token[] xformOpOrder = ["xformOp:translate", "xformOp:rotateXYZ", "xformOp:scale"]

                def Mesh "Cube_107" (
                    active = true
                    prepend apiSchemas = ["MaterialBindingAPI"]
                )
                {
                    uniform bool doubleSided = 1
                    float3[] extent = [(-0.00045675, -0.008, -0.000065), (0.00045675, 0.008, 0.000065)]
                    int[] faceVertexCounts = [4, 4, 4, 4, 4, 4]
                    int[] faceVertexIndices = [0, 1, 3, 2, 2, 3, 7, 6, 6, 7, 5, 4, 4, 5, 1, 0, 2, 6, 4, 0, 7, 3, 1, 5]
                    rel material:binding = </Asset/_materials/Printed_dark_ink>
                    normal3f[] normals = [(-1, 0, 0), (-1, 0, 0), (-1, 0, 0), (-1, 0, 0), (0, 0.99999994, 0), (0, 0.99999994, 0), (0, 0.99999994, 0), (0, 0.99999994, 0), (1, 0, 0), (1, 0, 0), (1, 0, 0), (1, 0, 0), (0, -0.99999994, 0), (0, -0.99999994, 0), (0, -0.99999994, 0), (0, -0.99999994, 0), (0, 0, -1), (0, 0, -1), (0, 0, -1), (0, 0, -1), (0, 0, 1), (0, 0, 1), (0, 0, 1), (0, 0, 1)] (
                        interpolation = "faceVarying"
                    )
                    point3f[] points = [(-0.00045675, -0.008, -0.000065), (-0.00045675, -0.008, 0.000065), (-0.00045675, 0.008, -0.000065), (-0.00045675, 0.008, 0.000065), (0.00045675, -0.008, -0.000065), (0.00045675, -0.008, 0.000065), (0.00045675, 0.008, -0.000065), (0.00045675, 0.008, 0.000065)]
                    texCoord2f[] primvars:st = [(0.375, 0), (0.625, 0), (0.625, 0.25), (0.375, 0.25), (0.375, 0.25), (0.625, 0.25), (0.625, 0.5), (0.375, 0.5), (0.375, 0.5), (0.625, 0.5), (0.625, 0.75), (0.375, 0.75), (0.375, 0.75), (0.625, 0.75), (0.625, 1), (0.375, 1), (0.125, 0.5), (0.375, 0.5), (0.375, 0.75), (0.125, 0.75), (0.625, 0.5), (0.875, 0.5), (0.875, 0.75), (0.625, 0.75)] (
                        interpolation = "faceVarying"
                    )
                    uniform token subdivisionScheme = "none"
                    custom string userProperties:blender:data_name = "Cube.107"
                }
            }

            def Xform "Barcode_line_067"
            {
                custom string userProperties:blender:object_name = "Barcode line.067"
                float3 xformOp:rotateXYZ = (0, -0, 4.2688688e-7)
                float3 xformOp:scale = (0.99999994, 0.99999994, 1)
                double3 xformOp:translate = (0.014159249141812325, -0.003999999724328518, 0.0002500005066394806)
                uniform token[] xformOpOrder = ["xformOp:translate", "xformOp:rotateXYZ", "xformOp:scale"]

                def Mesh "Cube_119" (
                    active = true
                    prepend apiSchemas = ["MaterialBindingAPI"]
                )
                {
                    uniform bool doubleSided = 1
                    float3[] extent = [(-0.00045675, -0.008, -0.000065), (0.00045675, 0.008, 0.000065)]
                    int[] faceVertexCounts = [4, 4, 4, 4, 4, 4]
                    int[] faceVertexIndices = [0, 1, 3, 2, 2, 3, 7, 6, 6, 7, 5, 4, 4, 5, 1, 0, 2, 6, 4, 0, 7, 3, 1, 5]
                    rel material:binding = </Asset/_materials/Printed_dark_ink>
                    normal3f[] normals = [(-1, 0, 0), (-1, 0, 0), (-1, 0, 0), (-1, 0, 0), (0, 0.99999994, 0), (0, 0.99999994, 0), (0, 0.99999994, 0), (0, 0.99999994, 0), (1, 0, 0), (1, 0, 0), (1, 0, 0), (1, 0, 0), (0, -0.99999994, 0), (0, -0.99999994, 0), (0, -0.99999994, 0), (0, -0.99999994, 0), (0, 0, -1), (0, 0, -1), (0, 0, -1), (0, 0, -1), (0, 0, 1), (0, 0, 1), (0, 0, 1), (0, 0, 1)] (
                        interpolation = "faceVarying"
                    )
                    point3f[] points = [(-0.00045675, -0.008, -0.000065), (-0.00045675, -0.008, 0.000065), (-0.00045675, 0.008, -0.000065), (-0.00045675, 0.008, 0.000065), (0.00045675, -0.008, -0.000065), (0.00045675, -0.008, 0.000065), (0.00045675, 0.008, -0.000065), (0.00045675, 0.008, 0.000065)]
                    texCoord2f[] primvars:st = [(0.375, 0), (0.625, 0), (0.625, 0.25), (0.375, 0.25), (0.375, 0.25), (0.625, 0.25), (0.625, 0.5), (0.375, 0.5), (0.375, 0.5), (0.625, 0.5), (0.625, 0.75), (0.375, 0.75), (0.375, 0.75), (0.625, 0.75), (0.625, 1), (0.375, 1), (0.125, 0.5), (0.375, 0.5), (0.375, 0.75), (0.125, 0.75), (0.625, 0.5), (0.875, 0.5), (0.875, 0.75), (0.625, 0.75)] (
                        interpolation = "faceVarying"
                    )
                    uniform token subdivisionScheme = "none"
                    custom string userProperties:blender:data_name = "Cube.119"
                }
            }

            def Xform "Barcode_line_059"
            {
                custom string userProperties:blender:object_name = "Barcode line.059"
                float3 xformOp:rotateXYZ = (0, -0, 4.2688688e-7)
                float3 xformOp:scale = (0.99999994, 0.99999994, 1)
                double3 xformOp:translate = (-0.007307999301701784, -0.004000000189989805, 0.0002500005066394806)
                uniform token[] xformOpOrder = ["xformOp:translate", "xformOp:rotateXYZ", "xformOp:scale"]

                def Mesh "Cube_111" (
                    active = true
                    prepend apiSchemas = ["MaterialBindingAPI"]
                )
                {
                    uniform bool doubleSided = 1
                    float3[] extent = [(-0.0009135, -0.008, -0.000065), (0.0009135, 0.008, 0.000065)]
                    int[] faceVertexCounts = [4, 4, 4, 4, 4, 4]
                    int[] faceVertexIndices = [0, 1, 3, 2, 2, 3, 7, 6, 6, 7, 5, 4, 4, 5, 1, 0, 2, 6, 4, 0, 7, 3, 1, 5]
                    rel material:binding = </Asset/_materials/Printed_dark_ink>
                    normal3f[] normals = [(-1, 0, 0), (-1, 0, 0), (-1, 0, 0), (-1, 0, 0), (0, 0.99999994, 0), (0, 0.99999994, 0), (0, 0.99999994, 0), (0, 0.99999994, 0), (1, 0, 0), (1, 0, 0), (1, 0, 0), (1, 0, 0), (0, -0.99999994, 0), (0, -0.99999994, 0), (0, -0.99999994, 0), (0, -0.99999994, 0), (0, 0, -1), (0, 0, -1), (0, 0, -1), (0, 0, -1), (0, 0, 1), (0, 0, 1), (0, 0, 1), (0, 0, 1)] (
                        interpolation = "faceVarying"
                    )
                    point3f[] points = [(-0.0009135, -0.008, -0.000065), (-0.0009135, -0.008, 0.000065), (-0.0009135, 0.008, -0.000065), (-0.0009135, 0.008, 0.000065), (0.0009135, -0.008, -0.000065), (0.0009135, -0.008, 0.000065), (0.0009135, 0.008, -0.000065), (0.0009135, 0.008, 0.000065)]
                    texCoord2f[] primvars:st = [(0.375, 0), (0.625, 0), (0.625, 0.25), (0.375, 0.25), (0.375, 0.25), (0.625, 0.25), (0.625, 0.5), (0.375, 0.5), (0.375, 0.5), (0.625, 0.5), (0.625, 0.75), (0.375, 0.75), (0.375, 0.75), (0.625, 0.75), (0.625, 1), (0.375, 1), (0.125, 0.5), (0.375, 0.5), (0.375, 0.75), (0.125, 0.75), (0.625, 0.5), (0.875, 0.5), (0.875, 0.75), (0.625, 0.75)] (
                        interpolation = "faceVarying"
                    )
                    uniform token subdivisionScheme = "none"
                    custom string userProperties:blender:data_name = "Cube.111"
                }
            }

            def Xform "Barcode_line_058"
            {
                custom string userProperties:blender:object_name = "Barcode line.058"
                float3 xformOp:rotateXYZ = (0, -0, 4.2688688e-7)
                float3 xformOp:scale = (0.99999994, 0.99999994, 1)
                double3 xformOp:translate = (-0.00959174893796444, -0.003999999724328518, 0.0002500005066394806)
                uniform token[] xformOpOrder = ["xformOp:translate", "xformOp:rotateXYZ", "xformOp:scale"]

                def Mesh "Cube_110" (
                    active = true
                    prepend apiSchemas = ["MaterialBindingAPI"]
                )
                {
                    uniform bool doubleSided = 1
                    float3[] extent = [(-0.00045675, -0.008, -0.000065), (0.00045675, 0.008, 0.000065)]
                    int[] faceVertexCounts = [4, 4, 4, 4, 4, 4]
                    int[] faceVertexIndices = [0, 1, 3, 2, 2, 3, 7, 6, 6, 7, 5, 4, 4, 5, 1, 0, 2, 6, 4, 0, 7, 3, 1, 5]
                    rel material:binding = </Asset/_materials/Printed_dark_ink>
                    normal3f[] normals = [(-1, 0, 0), (-1, 0, 0), (-1, 0, 0), (-1, 0, 0), (0, 0.99999994, 0), (0, 0.99999994, 0), (0, 0.99999994, 0), (0, 0.99999994, 0), (1, 0, 0), (1, 0, 0), (1, 0, 0), (1, 0, 0), (0, -0.99999994, 0), (0, -0.99999994, 0), (0, -0.99999994, 0), (0, -0.99999994, 0), (0, 0, -1), (0, 0, -1), (0, 0, -1), (0, 0, -1), (0, 0, 1), (0, 0, 1), (0, 0, 1), (0, 0, 1)] (
                        interpolation = "faceVarying"
                    )
                    point3f[] points = [(-0.00045675, -0.008, -0.000065), (-0.00045675, -0.008, 0.000065), (-0.00045675, 0.008, -0.000065), (-0.00045675, 0.008, 0.000065), (0.00045675, -0.008, -0.000065), (0.00045675, -0.008, 0.000065), (0.00045675, 0.008, -0.000065), (0.00045675, 0.008, 0.000065)]
                    texCoord2f[] primvars:st = [(0.375, 0), (0.625, 0), (0.625, 0.25), (0.375, 0.25), (0.375, 0.25), (0.625, 0.25), (0.625, 0.5), (0.375, 0.5), (0.375, 0.5), (0.625, 0.5), (0.625, 0.75), (0.375, 0.75), (0.375, 0.75), (0.625, 0.75), (0.625, 1), (0.375, 1), (0.125, 0.5), (0.375, 0.5), (0.375, 0.75), (0.125, 0.75), (0.625, 0.5), (0.875, 0.5), (0.875, 0.75), (0.625, 0.75)] (
                        interpolation = "faceVarying"
                    )
                    uniform token subdivisionScheme = "none"
                    custom string userProperties:blender:data_name = "Cube.110"
                }
            }

            def Xform "Barcode_line_050"
            {
                custom string userProperties:blender:object_name = "Barcode line.050"
                float3 xformOp:rotateXYZ = (0, -0, 4.2688688e-7)
                float3 xformOp:scale = (0.99999994, 0.99999994, 1)
                double3 xformOp:translate = (-0.035626500844955444, -0.003999999724328518, 0.0002500005066394806)
                uniform token[] xformOpOrder = ["xformOp:translate", "xformOp:rotateXYZ", "xformOp:scale"]

                def Mesh "Cube_102" (
                    active = true
                    prepend apiSchemas = ["MaterialBindingAPI"]
                )
                {
                    uniform bool doubleSided = 1
                    float3[] extent = [(-0.0009135, -0.008, -0.000065), (0.0009135, 0.008, 0.000065)]
                    int[] faceVertexCounts = [4, 4, 4, 4, 4, 4]
                    int[] faceVertexIndices = [0, 1, 3, 2, 2, 3, 7, 6, 6, 7, 5, 4, 4, 5, 1, 0, 2, 6, 4, 0, 7, 3, 1, 5]
                    rel material:binding = </Asset/_materials/Printed_dark_ink>
                    normal3f[] normals = [(-1, 0, 0), (-1, 0, 0), (-1, 0, 0), (-1, 0, 0), (0, 0.99999994, 0), (0, 0.99999994, 0), (0, 0.99999994, 0), (0, 0.99999994, 0), (1, 0, 0), (1, 0, 0), (1, 0, 0), (1, 0, 0), (0, -0.99999994, 0), (0, -0.99999994, 0), (0, -0.99999994, 0), (0, -0.99999994, 0), (0, 0, -1), (0, 0, -1), (0, 0, -1), (0, 0, -1), (0, 0, 1), (0, 0, 1), (0, 0, 1), (0, 0, 1)] (
                        interpolation = "faceVarying"
                    )
                    point3f[] points = [(-0.0009135, -0.008, -0.000065), (-0.0009135, -0.008, 0.000065), (-0.0009135, 0.008, -0.000065), (-0.0009135, 0.008, 0.000065), (0.0009135, -0.008, -0.000065), (0.0009135, -0.008, 0.000065), (0.0009135, 0.008, -0.000065), (0.0009135, 0.008, 0.000065)]
                    texCoord2f[] primvars:st = [(0.375, 0), (0.625, 0), (0.625, 0.25), (0.375, 0.25), (0.375, 0.25), (0.625, 0.25), (0.625, 0.5), (0.375, 0.5), (0.375, 0.5), (0.625, 0.5), (0.625, 0.75), (0.375, 0.75), (0.375, 0.75), (0.625, 0.75), (0.625, 1), (0.375, 1), (0.125, 0.5), (0.375, 0.5), (0.375, 0.75), (0.125, 0.75), (0.625, 0.5), (0.875, 0.5), (0.875, 0.75), (0.625, 0.75)] (
                        interpolation = "faceVarying"
                    )
                    uniform token subdivisionScheme = "none"
                    custom string userProperties:blender:data_name = "Cube.102"
                }
            }

            def Xform "Barcode_line_053"
            {
                custom string userProperties:blender:object_name = "Barcode line.053"
                float3 xformOp:rotateXYZ = (0, -0, 4.2688688e-7)
                float3 xformOp:scale = (0.99999994, 0.99999994, 1)
                double3 xformOp:translate = (-0.0246644988656044, -0.003999999724328518, 0.0002500005066394806)
                uniform token[] xformOpOrder = ["xformOp:translate", "xformOp:rotateXYZ", "xformOp:scale"]

                def Mesh "Cube_105" (
                    active = true
                    prepend apiSchemas = ["MaterialBindingAPI"]
                )
                {
                    uniform bool doubleSided = 1
                    float3[] extent = [(-0.0009135, -0.008, -0.000065), (0.0009135, 0.008, 0.000065)]
                    int[] faceVertexCounts = [4, 4, 4, 4, 4, 4]
                    int[] faceVertexIndices = [0, 1, 3, 2, 2, 3, 7, 6, 6, 7, 5, 4, 4, 5, 1, 0, 2, 6, 4, 0, 7, 3, 1, 5]
                    rel material:binding = </Asset/_materials/Printed_dark_ink>
                    normal3f[] normals = [(-1, 0, 0), (-1, 0, 0), (-1, 0, 0), (-1, 0, 0), (0, 0.99999994, 0), (0, 0.99999994, 0), (0, 0.99999994, 0), (0, 0.99999994, 0), (1, 0, 0), (1, 0, 0), (1, 0, 0), (1, 0, 0), (0, -0.99999994, 0), (0, -0.99999994, 0), (0, -0.99999994, 0), (0, -0.99999994, 0), (0, 0, -1), (0, 0, -1), (0, 0, -1), (0, 0, -1), (0, 0, 1), (0, 0, 1), (0, 0, 1), (0, 0, 1)] (
                        interpolation = "faceVarying"
                    )
                    point3f[] points = [(-0.0009135, -0.008, -0.000065), (-0.0009135, -0.008, 0.000065), (-0.0009135, 0.008, -0.000065), (-0.0009135, 0.008, 0.000065), (0.0009135, -0.008, -0.000065), (0.0009135, -0.008, 0.000065), (0.0009135, 0.008, -0.000065), (0.0009135, 0.008, 0.000065)]
                    texCoord2f[] primvars:st = [(0.375, 0), (0.625, 0), (0.625, 0.25), (0.375, 0.25), (0.375, 0.25), (0.625, 0.25), (0.625, 0.5), (0.375, 0.5), (0.375, 0.5), (0.625, 0.5), (0.625, 0.75), (0.375, 0.75), (0.375, 0.75), (0.625, 0.75), (0.625, 1), (0.375, 1), (0.125, 0.5), (0.375, 0.5), (0.375, 0.75), (0.125, 0.75), (0.625, 0.5), (0.875, 0.5), (0.875, 0.75), (0.625, 0.75)] (
                        interpolation = "faceVarying"
                    )
                    uniform token subdivisionScheme = "none"
                    custom string userProperties:blender:data_name = "Cube.105"
                }
            }

            def Xform "Barcode_line_074"
            {
                custom string userProperties:blender:object_name = "Barcode line.074"
                float3 xformOp:rotateXYZ = (0, -0, 4.2688688e-7)
                float3 xformOp:scale = (0.99999994, 0.99999994, 1)
                double3 xformOp:translate = (0.035626500844955444, -0.004000000189989805, 0.0002500005066394806)
                uniform token[] xformOpOrder = ["xformOp:translate", "xformOp:rotateXYZ", "xformOp:scale"]

                def Mesh "Cube_126" (
                    active = true
                    prepend apiSchemas = ["MaterialBindingAPI"]
                )
                {
                    uniform bool doubleSided = 1
                    float3[] extent = [(-0.0009135, -0.008, -0.000065), (0.0009135, 0.008, 0.000065)]
                    int[] faceVertexCounts = [4, 4, 4, 4, 4, 4]
                    int[] faceVertexIndices = [0, 1, 3, 2, 2, 3, 7, 6, 6, 7, 5, 4, 4, 5, 1, 0, 2, 6, 4, 0, 7, 3, 1, 5]
                    rel material:binding = </Asset/_materials/Printed_dark_ink>
                    normal3f[] normals = [(-1, 0, 0), (-1, 0, 0), (-1, 0, 0), (-1, 0, 0), (0, 0.99999994, 0), (0, 0.99999994, 0), (0, 0.99999994, 0), (0, 0.99999994, 0), (1, 0, 0), (1, 0, 0), (1, 0, 0), (1, 0, 0), (0, -0.99999994, 0), (0, -0.99999994, 0), (0, -0.99999994, 0), (0, -0.99999994, 0), (0, 0, -1), (0, 0, -1), (0, 0, -1), (0, 0, -1), (0, 0, 1), (0, 0, 1), (0, 0, 1), (0, 0, 1)] (
                        interpolation = "faceVarying"
                    )
                    point3f[] points = [(-0.0009135, -0.008, -0.000065), (-0.0009135, -0.008, 0.000065), (-0.0009135, 0.008, -0.000065), (-0.0009135, 0.008, 0.000065), (0.0009135, -0.008, -0.000065), (0.0009135, -0.008, 0.000065), (0.0009135, 0.008, -0.000065), (0.0009135, 0.008, 0.000065)]
                    texCoord2f[] primvars:st = [(0.375, 0), (0.625, 0), (0.625, 0.25), (0.375, 0.25), (0.375, 0.25), (0.625, 0.25), (0.625, 0.5), (0.375, 0.5), (0.375, 0.5), (0.625, 0.5), (0.625, 0.75), (0.375, 0.75), (0.375, 0.75), (0.625, 0.75), (0.625, 1), (0.375, 1), (0.125, 0.5), (0.375, 0.5), (0.375, 0.75), (0.125, 0.75), (0.625, 0.5), (0.875, 0.5), (0.875, 0.75), (0.625, 0.75)] (
                        interpolation = "faceVarying"
                    )
                    uniform token subdivisionScheme = "none"
                    custom string userProperties:blender:data_name = "Cube.126"
                }
            }

            def Xform "Barcode_line_065"
            {
                custom string userProperties:blender:object_name = "Barcode line.065"
                float3 xformOp:rotateXYZ = (0, -0, 4.2688688e-7)
                float3 xformOp:scale = (0.99999994, 0.99999994, 1)
                double3 xformOp:translate = (0.0077647496946156025, -0.003999999724328518, 0.0002500005066394806)
                uniform token[] xformOpOrder = ["xformOp:translate", "xformOp:rotateXYZ", "xformOp:scale"]

                def Mesh "Cube_117" (
                    active = true
                    prepend apiSchemas = ["MaterialBindingAPI"]
                )
                {
                    uniform bool doubleSided = 1
                    float3[] extent = [(-0.00045675, -0.008, -0.000065), (0.00045675, 0.008, 0.000065)]
                    int[] faceVertexCounts = [4, 4, 4, 4, 4, 4]
                    int[] faceVertexIndices = [0, 1, 3, 2, 2, 3, 7, 6, 6, 7, 5, 4, 4, 5, 1, 0, 2, 6, 4, 0, 7, 3, 1, 5]
                    rel material:binding = </Asset/_materials/Printed_dark_ink>
                    normal3f[] normals = [(-1, 0, 0), (-1, 0, 0), (-1, 0, 0), (-1, 0, 0), (0, 0.99999994, 0), (0, 0.99999994, 0), (0, 0.99999994, 0), (0, 0.99999994, 0), (1, 0, 0), (1, 0, 0), (1, 0, 0), (1, 0, 0), (0, -0.99999994, 0), (0, -0.99999994, 0), (0, -0.99999994, 0), (0, -0.99999994, 0), (0, 0, -1), (0, 0, -1), (0, 0, -1), (0, 0, -1), (0, 0, 1), (0, 0, 1), (0, 0, 1), (0, 0, 1)] (
                        interpolation = "faceVarying"
                    )
                    point3f[] points = [(-0.00045675, -0.008, -0.000065), (-0.00045675, -0.008, 0.000065), (-0.00045675, 0.008, -0.000065), (-0.00045675, 0.008, 0.000065), (0.00045675, -0.008, -0.000065), (0.00045675, -0.008, 0.000065), (0.00045675, 0.008, -0.000065), (0.00045675, 0.008, 0.000065)]
                    texCoord2f[] primvars:st = [(0.375, 0), (0.625, 0), (0.625, 0.25), (0.375, 0.25), (0.375, 0.25), (0.625, 0.25), (0.625, 0.5), (0.375, 0.5), (0.375, 0.5), (0.625, 0.5), (0.625, 0.75), (0.375, 0.75), (0.375, 0.75), (0.625, 0.75), (0.625, 1), (0.375, 1), (0.125, 0.5), (0.375, 0.5), (0.375, 0.75), (0.125, 0.75), (0.625, 0.5), (0.875, 0.5), (0.875, 0.75), (0.625, 0.75)] (
                        interpolation = "faceVarying"
                    )
                    uniform token subdivisionScheme = "none"
                    custom string userProperties:blender:data_name = "Cube.117"
                }
            }

            def Xform "Barcode_line_057"
            {
                custom string userProperties:blender:object_name = "Barcode line.057"
                float3 xformOp:rotateXYZ = (0, -0, 4.2688688e-7)
                float3 xformOp:scale = (0.99999994, 0.99999994, 1)
                double3 xformOp:translate = (-0.011875499039888382, -0.003999999724328518, 0.0002500005066394806)
                uniform token[] xformOpOrder = ["xformOp:translate", "xformOp:rotateXYZ", "xformOp:scale"]

                def Mesh "Cube_109" (
                    active = true
                    prepend apiSchemas = ["MaterialBindingAPI"]
                )
                {
                    uniform bool doubleSided = 1
                    float3[] extent = [(-0.0009135, -0.008, -0.000065), (0.0009135, 0.008, 0.000065)]
                    int[] faceVertexCounts = [4, 4, 4, 4, 4, 4]
                    int[] faceVertexIndices = [0, 1, 3, 2, 2, 3, 7, 6, 6, 7, 5, 4, 4, 5, 1, 0, 2, 6, 4, 0, 7, 3, 1, 5]
                    rel material:binding = </Asset/_materials/Printed_dark_ink>
                    normal3f[] normals = [(-1, 0, 0), (-1, 0, 0), (-1, 0, 0), (-1, 0, 0), (0, 0.99999994, 0), (0, 0.99999994, 0), (0, 0.99999994, 0), (0, 0.99999994, 0), (1, 0, 0), (1, 0, 0), (1, 0, 0), (1, 0, 0), (0, -0.99999994, 0), (0, -0.99999994, 0), (0, -0.99999994, 0), (0, -0.99999994, 0), (0, 0, -1), (0, 0, -1), (0, 0, -1), (0, 0, -1), (0, 0, 1), (0, 0, 1), (0, 0, 1), (0, 0, 1)] (
                        interpolation = "faceVarying"
                    )
                    point3f[] points = [(-0.0009135, -0.008, -0.000065), (-0.0009135, -0.008, 0.000065), (-0.0009135, 0.008, -0.000065), (-0.0009135, 0.008, 0.000065), (0.0009135, -0.008, -0.000065), (0.0009135, -0.008, 0.000065), (0.0009135, 0.008, -0.000065), (0.0009135, 0.008, 0.000065)]
                    texCoord2f[] primvars:st = [(0.375, 0), (0.625, 0), (0.625, 0.25), (0.375, 0.25), (0.375, 0.25), (0.625, 0.25), (0.625, 0.5), (0.375, 0.5), (0.375, 0.5), (0.625, 0.5), (0.625, 0.75), (0.375, 0.75), (0.375, 0.75), (0.625, 0.75), (0.625, 1), (0.375, 1), (0.125, 0.5), (0.375, 0.5), (0.375, 0.75), (0.125, 0.75), (0.625, 0.5), (0.875, 0.5), (0.875, 0.75), (0.625, 0.75)] (
                        interpolation = "faceVarying"
                    )
                    uniform token subdivisionScheme = "none"
                    custom string userProperties:blender:data_name = "Cube.109"
                }
            }

            def Xform "Barcode_line_072"
            {
                custom string userProperties:blender:object_name = "Barcode line.072"
                float3 xformOp:rotateXYZ = (0, -0, 4.2688688e-7)
                float3 xformOp:scale = (0.99999994, 0.99999994, 1)
                double3 xformOp:translate = (0.03151575103402138, -0.003999999724328518, 0.0002500005066394806)
                uniform token[] xformOpOrder = ["xformOp:translate", "xformOp:rotateXYZ", "xformOp:scale"]

                def Mesh "Cube_124" (
                    active = true
                    prepend apiSchemas = ["MaterialBindingAPI"]
                )
                {
                    uniform bool doubleSided = 1
                    float3[] extent = [(-0.00045675, -0.008, -0.000065), (0.00045675, 0.008, 0.000065)]
                    int[] faceVertexCounts = [4, 4, 4, 4, 4, 4]
                    int[] faceVertexIndices = [0, 1, 3, 2, 2, 3, 7, 6, 6, 7, 5, 4, 4, 5, 1, 0, 2, 6, 4, 0, 7, 3, 1, 5]
                    rel material:binding = </Asset/_materials/Printed_dark_ink>
                    normal3f[] normals = [(-1, 0, 0), (-1, 0, 0), (-1, 0, 0), (-1, 0, 0), (0, 0.99999994, 0), (0, 0.99999994, 0), (0, 0.99999994, 0), (0, 0.99999994, 0), (1, 0, 0), (1, 0, 0), (1, 0, 0), (1, 0, 0), (0, -0.99999994, 0), (0, -0.99999994, 0), (0, -0.99999994, 0), (0, -0.99999994, 0), (0, 0, -1), (0, 0, -1), (0, 0, -1), (0, 0, -1), (0, 0, 1), (0, 0, 1), (0, 0, 1), (0, 0, 1)] (
                        interpolation = "faceVarying"
                    )
                    point3f[] points = [(-0.00045675, -0.008, -0.000065), (-0.00045675, -0.008, 0.000065), (-0.00045675, 0.008, -0.000065), (-0.00045675, 0.008, 0.000065), (0.00045675, -0.008, -0.000065), (0.00045675, -0.008, 0.000065), (0.00045675, 0.008, -0.000065), (0.00045675, 0.008, 0.000065)]
                    texCoord2f[] primvars:st = [(0.375, 0), (0.625, 0), (0.625, 0.25), (0.375, 0.25), (0.375, 0.25), (0.625, 0.25), (0.625, 0.5), (0.375, 0.5), (0.375, 0.5), (0.625, 0.5), (0.625, 0.75), (0.375, 0.75), (0.375, 0.75), (0.625, 0.75), (0.625, 1), (0.375, 1), (0.125, 0.5), (0.375, 0.5), (0.375, 0.75), (0.125, 0.75), (0.625, 0.5), (0.875, 0.5), (0.875, 0.75), (0.625, 0.75)] (
                        interpolation = "faceVarying"
                    )
                    uniform token subdivisionScheme = "none"
                    custom string userProperties:blender:data_name = "Cube.124"
                }
            }

            def Xform "Print_STANDARD___SORT_002"
            {
                custom string userProperties:blender:object_name = "Print_STANDARD___SORT.002"
                float3 xformOp:rotateXYZ = (0, -0, 4.2688688e-7)
                float3 xformOp:scale = (0.99999994, 0.99999994, 1)
                double3 xformOp:translate = (-0.03914999961853027, 0.007079999893903732, 0.00019999966025352478)
                uniform token[] xformOpOrder = ["xformOp:translate", "xformOp:rotateXYZ", "xformOp:scale"]

                def Mesh "Printing_016" (
                    active = true
                    prepend apiSchemas = ["MaterialBindingAPI"]
                )
                {
                    uniform bool doubleSided = 1
                    float3[] extent = [(0.00010800001, -0.000024300001, 0), (0.023184901, 0.0018657001, 0)]
                    int[] faceVertexCounts = [3, 3, 3, 3, 3, 3, 3, 3, 3, 3, 3, 3, 3, 3, 3, 3, 3, 3, 3, 3, 3, 3, 3, 3, 3, 3, 3, 3, 3, 3, 3, 3, 3, 3, 3, 3, 3, 3, 3, 3, 3, 3, 3, 3, 3, 3, 3, 3, 3, 3, 3, 3, 3, 3, 3, 3, 3, 3, 3, 3, 3, 3, 3, 3, 3, 3, 3, 3, 3, 3, 3, 3, 3, 3, 3, 3, 3, 3, 3, 3, 3, 3, 3, 3, 3, 3, 3, 3, 3, 3, 3, 3, 3, 3, 3, 3, 3, 3, 3, 3, 3, 3, 3, 3, 3, 3, 3, 3, 3, 3, 3, 3, 3, 3, 3, 3, 3, 3, 3, 3, 3, 3, 3, 3, 3, 3, 3, 3, 3, 3, 3, 3, 3, 3, 3, 3, 3, 3, 3, 3, 3, 3, 3, 3, 3, 3, 3, 3, 3, 3, 3, 3, 3, 3, 3, 3, 3, 3, 3, 3, 3, 3, 3, 3, 3, 3, 3, 3, 3, 3, 3, 3, 3, 3]
                    int[] faceVertexIndices = [2, 0, 1, 2, 7, 0, 3, 7, 2, 4, 6, 3, 6, 7, 3, 4, 5, 6, 9, 25, 8, 25, 24, 8, 25, 23, 24, 25, 26, 23, 26, 27, 23, 27, 22, 23, 9, 31, 25, 28, 22, 27, 29, 22, 28, 29, 21, 22, 30, 21, 29, 30, 20, 21, 9, 11, 31, 11, 30, 31, 11, 20, 30, 11, 12, 20, 12, 19, 20, 9, 10, 11, 13, 19, 12, 14, 19, 13, 14, 18, 19, 15, 18, 14, 15, 17, 18, 15, 16, 17, 39, 42, 38, 42, 37, 38, 39, 41, 42, 43, 37, 42, 43, 36, 37, 32, 41, 39, 32, 40, 41, 44, 36, 43, 33, 40, 32, 33, 47, 40, 45, 36, 44, 45, 35, 36, 33, 46, 47, 46, 35, 45, 46, 34, 35, 34, 46, 33, 51, 49, 50, 51, 48, 49, 51, 68, 48, 68, 69, 48, 52, 66, 51, 66, 67, 51, 67, 68, 51, 52, 65, 66, 52, 64, 65, 53, 64, 52, 53, 63, 64, 54, 63, 53, 59, 57, 58, 54, 62, 63, 55, 62, 54, 56, 62, 55, 59, 56, 57, 59, 62, 56, 60, 62, 59, 60, 61, 62, 70, 77, 76, 77, 75, 76, 77, 78, 75, 78, 74, 75, 70, 83, 77, 79, 74, 78, 79, 73, 74, 80, 73, 79, 81, 73, 80, 81, 72, 73, 82, 72, 81, 82, 71, 72, 70, 82, 83, 70, 71, 82, 85, 101, 84, 101, 100, 84, 101, 99, 100, 101, 102, 99, 102, 103, 99, 103, 98, 99, 85, 107, 101, 104, 98, 103, 105, 98, 104, 105, 97, 98, 106, 97, 105, 106, 96, 97, 85, 87, 107, 87, 106, 107, 87, 96, 106, 87, 88, 96, 88, 95, 96, 85, 86, 87, 89, 95, 88, 90, 95, 89, 90, 94, 95, 91, 94, 90, 91, 93, 94, 91, 92, 93, 110, 108, 109, 110, 116, 108, 116, 115, 108, 110, 118, 116, 117, 115, 116, 110, 112, 118, 112, 117, 118, 112, 113, 117, 113, 115, 117, 110, 111, 112, 114, 115, 113, 119, 126, 125, 126, 124, 125, 126, 127, 124, 127, 123, 124, 119, 132, 126, 128, 123, 127, 128, 122, 123, 129, 122, 128, 130, 122, 129, 130, 121, 122, 131, 121, 130, 131, 120, 121, 119, 131, 132, 119, 120, 131, 138, 136, 137, 138, 140, 136, 140, 135, 136, 135, 133, 134, 135, 142, 133, 138, 139, 140, 141, 135, 140, 141, 142, 135, 145, 143, 144, 145, 151, 143, 151, 150, 143, 145, 153, 151, 152, 150, 151, 145, 147, 153, 147, 152, 153, 147, 148, 152, 148, 150, 152, 145, 146, 147, 149, 150, 148, 156, 154, 155, 156, 161, 154, 157, 161, 156, 158, 160, 157, 160, 161, 157, 158, 159, 160, 165, 163, 164, 165, 162, 163, 165, 182, 162, 182, 183, 162, 166, 180, 165, 180, 181, 165, 181, 182, 165, 166, 179, 180, 166, 178, 179, 167, 178, 166, 167, 177, 178, 168, 177, 167, 173, 171, 172, 168, 176, 177, 169, 176, 168, 170, 176, 169, 173, 170, 171, 173, 176, 170, 174, 176, 173, 174, 175, 176]
                    rel material:binding = </Asset/_materials/Printed_dark_ink>
                    normal3f[] normals = [(0, 0, 1), (0, 0, 1), (0, 0, 1), (0, 0, 1), (0, 0, 1), (0, 0, 1), (0, 0, 1), (0, 0, 1), (0, 0, 1), (0, 0, 1), (0, 0, 1), (0, 0, 1), (0, 0, 1), (0, 0, 1), (0, 0, 1), (0, 0, 1), (0, 0, 1), (0, 0, 1), (0, 0, 1), (0, 0, 1), (0, 0, 1), (0, 0, 1), (0, 0, 1), (0, 0, 1), (0, 0, 1), (0, 0, 1), (0, 0, 1), (0, 0, 1), (0, 0, 1), (0, 0, 1), (0, 0, 0.99999994), (0, 0, 0.99999994), (0, 0, 0.99999994), (0, 0, 1), (0, 0, 1), (0, 0, 1), (0, 0, 1), (0, 0, 1), (0, 0, 1), (0, 0, 1), (0, 0, 1), (0, 0, 1), (0, 0, 0.99999994), (0, 0, 0.99999994), (0, 0, 0.99999994), (0, 0, 1), (0, 0, 1), (0, 0, 1), (0, 0, 0.99999994), (0, 0, 0.99999994), (0, 0, 0.99999994), (0, 0, 0.99999994), (0, 0, 0.99999994), (0, 0, 0.99999994), (0, 0, 1), (0, 0, 1), (0, 0, 1), (0, 0, 1), (0, 0, 1), (0, 0, 1), (0, 0, 1), (0, 0, 1), (0, 0, 1), (0, 0, 1), (0, 0, 1), (0, 0, 1), (0, 0, 1), (0, 0, 1), (0, 0, 1), (0, 0, 0.99999994), (0, 0, 0.99999994), (0, 0, 0.99999994), (0, 0, 0.99999994), (0, 0, 0.99999994), (0, 0, 0.99999994), (0, 0, 1), (0, 0, 1), (0, 0, 1), (0, 0, 1), (0, 0, 1), (0, 0, 1), (0, 0, 1), (0, 0, 1), (0, 0, 1), (0, 0, 1), (0, 0, 1), (0, 0, 1), (0, 0, 1), (0, 0, 1), (0, 0, 1), (0, 0, 1), (0, 0, 1), (0, 0, 1), (0, 0, 1), (0, 0, 1), (0, 0, 1), (0, 0, 1), (0, 0, 1), (0, 0, 1), (0, 0, 1), (0, 0, 1), (0, 0, 1), (0, 0, 1), (0, 0, 1), (0, 0, 1), (0, 0, 1), (0, 0, 1), (0, 0, 1), (0, 0, 1), (0, 0, 1), (0, 0, 1), (0, 0, 1), (0, 0, 1), (0, 0, 1), (0, 0, 1), (0, 0, 1), (0, 0, 1), (0, 0, 1), (0, 0, 1), (0, 0, 1), (0, 0, 1), (0, 0, 1), (0, 0, 1), (0, 0, 1), (0, 0, 1), (0, 0, 1), (0, 0, 1), (0, 0, 1), (0, 0, 1), (0, 0, 1), (0, 0, 1), (0, 0, 1), (0, 0, 1), (0, 0, 1), (0, 0, 1), (0, 0, 1), (0, 0, 1), (0, 0, 1), (0, 0, 0.99999994), (0, 0, 0.99999994), (0, 0, 0.99999994), (0, 0, 1), (0, 0, 1), (0, 0, 1), (0, 0, 1), (0, 0, 1), (0, 0, 1), (0, 0, 1), (0, 0, 1), (0, 0, 1), (0, 0, 1), (0, 0, 1), (0, 0, 1), (0, 0, 1), (0, 0, 1), (0, 0, 1), (0, 0, 1), (0, 0, 1), (0, 0, 1), (0, 0, 1), (0, 0, 1), (0, 0, 1), (0, 0, 0.99999994), (0, 0, 0.99999994), (0, 0, 0.99999994), (0, 0, 1), (0, 0, 1), (0, 0, 1), (0, 0, 1), (0, 0, 1), (0, 0, 1), (0, 0, 0.99999994), (0, 0, 0.99999994), (0, 0, 0.99999994), (0, 0, 1), (0, 0, 1), (0, 0, 1), (0, 0, 1), (0, 0, 1), (0, 0, 1), (0, 0, 1), (0, 0, 1), (0, 0, 1), (0, 0, 0.99999994), (0, 0, 0.99999994), (0, 0, 0.99999994), (0, 0, 0.99999994), (0, 0, 0.99999994), (0, 0, 0.99999994), (0, 0, 1), (0, 0, 1), (0, 0, 1), (0, 0, 1), (0, 0, 1), (0, 0, 1), (0, 0, 1), (0, 0, 1), (0, 0, 1), (0, 0, 1), (0, 0, 1), (0, 0, 1), (0, 0, 1), (0, 0, 1), (0, 0, 1), (0, 0, 1), (0, 0, 1), (0, 0, 1), (0, 0, 0.99999994), (0, 0, 0.99999994), (0, 0, 0.99999994), (0, 0, 0.99999994), (0, 0, 0.99999994), (0, 0, 0.99999994), (0, 0, 1), (0, 0, 1), (0, 0, 1), (0, 0, 0.99999994), (0, 0, 0.99999994), (0, 0, 0.99999994), (0, 0, 1), (0, 0, 1), (0, 0, 1), (0, 0, 1), (0, 0, 1), (0, 0, 1), (0, 0, 0.99999994), (0, 0, 0.99999994), (0, 0, 0.99999994), (0, 0, 0.99999994), (0, 0, 0.99999994), (0, 0, 0.99999994), (0, 0, 1), (0, 0, 1), (0, 0, 1), (0, 0, 0.99999994), (0, 0, 0.99999994), (0, 0, 0.99999994), (0, 0, 1), (0, 0, 1), (0, 0, 1), (0, 0, 1), (0, 0, 1), (0, 0, 1), (0, 0, 1), (0, 0, 1), (0, 0, 1), (0, 0, 1), (0, 0, 1), (0, 0, 1), (0, 0, 1), (0, 0, 1), (0, 0, 1), (0, 0, 0.99999994), (0, 0, 0.99999994), (0, 0, 0.99999994), (0, 0, 0.99999994), (0, 0, 0.99999994), (0, 0, 0.99999994), (0, 0, 1), (0, 0, 1), (0, 0, 1), (0, 0, 1), (0, 0, 1), (0, 0, 1), (0, 0, 1), (0, 0, 1), (0, 0, 1), (0, 0, 1), (0, 0, 1), (0, 0, 1), (0, 0, 1), (0, 0, 1), (0, 0, 1), (0, 0, 1), (0, 0, 1), (0, 0, 1), (0, 0, 1), (0, 0, 1), (0, 0, 1), (0, 0, 1), (0, 0, 1), (0, 0, 1), (0, 0, 0.99999994), (0, 0, 0.99999994), (0, 0, 0.99999994), (0, 0, 1), (0, 0, 1), (0, 0, 1), (0, 0, 1), (0, 0, 1), (0, 0, 1), (0, 0, 1), (0, 0, 1), (0, 0, 1), (0, 0, 1), (0, 0, 1), (0, 0, 1), (0, 0, 1), (0, 0, 1), (0, 0, 1), (0, 0, 1), (0, 0, 1), (0, 0, 1), (0, 0, 1), (0, 0, 1), (0, 0, 1), (0, 0, 1), (0, 0, 1), (0, 0, 1), (0, 0, 1), (0, 0, 1), (0, 0, 1), (0, 0, 1), (0, 0, 1), (0, 0, 1), (0, 0, 0.99999994), (0, 0, 0.99999994), (0, 0, 0.99999994), (0, 0, 1), (0, 0, 1), (0, 0, 1), (0, 0, 1), (0, 0, 1), (0, 0, 1), (0, 0, 1), (0, 0, 1), (0, 0, 1), (0, 0, 1), (0, 0, 1), (0, 0, 1), (0, 0, 1), (0, 0, 1), (0, 0, 1), (0, 0, 1), (0, 0, 1), (0, 0, 1), (0, 0, 1), (0, 0, 1), (0, 0, 1), (0, 0, 1), (0, 0, 1), (0, 0, 1), (0, 0, 0.99999994), (0, 0, 0.99999994), (0, 0, 0.99999994), (0, 0, 1), (0, 0, 1), (0, 0, 1), (0, 0, 1), (0, 0, 1), (0, 0, 1), (0, 0, 1), (0, 0, 1), (0, 0, 1), (0, 0, 1), (0, 0, 1), (0, 0, 1), (0, 0, 1), (0, 0, 1), (0, 0, 1), (0, 0, 1), (0, 0, 1), (0, 0, 1), (0, 0, 0.99999994), (0, 0, 0.99999994), (0, 0, 0.99999994), (0, 0, 1), (0, 0, 1), (0, 0, 1), (0, 0, 1), (0, 0, 1), (0, 0, 1), (0, 0, 1), (0, 0, 1), (0, 0, 1), (0, 0, 1), (0, 0, 1), (0, 0, 1), (0, 0, 1), (0, 0, 1), (0, 0, 1), (0, 0, 0.99999994), (0, 0, 0.99999994), (0, 0, 0.99999994), (0, 0, 1), (0, 0, 1), (0, 0, 1), (0, 0, 1), (0, 0, 1), (0, 0, 1), (0, 0, 0.99999994), (0, 0, 0.99999994), (0, 0, 0.99999994), (0, 0, 1), (0, 0, 1), (0, 0, 1), (0, 0, 1), (0, 0, 1), (0, 0, 1), (0, 0, 0.99999994), (0, 0, 0.99999994), (0, 0, 0.99999994), (0, 0, 1), (0, 0, 1), (0, 0, 1), (0, 0, 1), (0, 0, 1), (0, 0, 1), (0, 0, 1), (0, 0, 1), (0, 0, 1), (0, 0, 1), (0, 0, 1), (0, 0, 1), (0, 0, 1), (0, 0, 1), (0, 0, 1), (0, 0, 1), (0, 0, 1), (0, 0, 1), (0, 0, 1), (0, 0, 1), (0, 0, 1), (0, 0, 1), (0, 0, 1), (0, 0, 1), (0, 0, 1), (0, 0, 1), (0, 0, 1), (0, 0, 1), (0, 0, 1), (0, 0, 1), (0, 0, 1), (0, 0, 1), (0, 0, 1), (0, 0, 1), (0, 0, 1), (0, 0, 1), (0, 0, 1), (0, 0, 1), (0, 0, 1), (0, 0, 1), (0, 0, 1), (0, 0, 1), (0, 0, 1), (0, 0, 1), (0, 0, 1), (0, 0, 1), (0, 0, 1), (0, 0, 1), (0, 0, 1), (0, 0, 1), (0, 0, 1), (0, 0, 1), (0, 0, 1), (0, 0, 1), (0, 0, 1), (0, 0, 1), (0, 0, 1), (0, 0, 1), (0, 0, 1), (0, 0, 1), (0, 0, 1), (0, 0, 1), (0, 0, 1), (0, 0, 1), (0, 0, 1), (0, 0, 1), (0, 0, 1), (0, 0, 1), (0, 0, 1), (0, 0, 1), (0, 0, 1), (0, 0, 1), (0, 0, 1), (0, 0, 1), (0, 0, 1), (0, 0, 1), (0, 0, 1), (0, 0, 1), (0, 0, 1), (0, 0, 1), (0, 0, 1), (0, 0, 1), (0, 0, 1), (0, 0, 1), (0, 0, 0.99999994), (0, 0, 0.99999994), (0, 0, 0.99999994), (0, 0, 1), (0, 0, 1), (0, 0, 1), (0, 0, 1), (0, 0, 1), (0, 0, 1), (0, 0, 0.99999994), (0, 0, 0.99999994), (0, 0, 0.99999994), (0, 0, 1), (0, 0, 1), (0, 0, 1), (0, 0, 1), (0, 0, 1), (0, 0, 1), (0, 0, 1), (0, 0, 1), (0, 0, 1), (0, 0, 1), (0, 0, 1), (0, 0, 1), (0, 0, 1), (0, 0, 1), (0, 0, 1), (0, 0, 1), (0, 0, 1), (0, 0, 1), (0, 0, 0.99999994), (0, 0, 0.99999994), (0, 0, 0.99999994), (0, 0, 1), (0, 0, 1), (0, 0, 1)] (
                        interpolation = "faceVarying"
                    )
                    point3f[] points = [(0.023184901, 0.0018414002, 0), (0.021645902, 0.0018414002, 0), (0.021645902, 0.0016038001, 0), (0.022283101, 0.0016038001, 0), (0.022283101, 0, 0), (0.0225477, 0, 0), (0.0225477, 0.0016038001, 0), (0.023184901, 0.0016038001, 0), (0.0201771, 0.0018414002, 0), (0.0201771, 0, 0), (0.020441702, 0, 0), (0.020441702, 0.00079920003, 0), (0.0205524, 0.00079920003, 0), (0.02075625, 0.00073035003, 0), (0.021041099, 0.000378, 0), (0.0212841, 0, 0), (0.0216, 0, 0), (0.021456227, 0.00020047501, 0), (0.021348901, 0.0003645, 0), (0.021153826, 0.00066420005, 0), (0.0209385, 0.0008748, 0), (0.021166313, 0.0010496251, 0), (0.021246301, 0.0013257001, 0), (0.021083625, 0.0017030251, 0), (0.0206415, 0.0018414002, 0), (0.020441702, 0.0016146002, 0), (0.0206118, 0.0016146002, 0), (0.020887876, 0.0015403501, 0), (0.0209736, 0.0013365002, 0), (0.020900026, 0.0011289376, 0), (0.0206118, 0.0010368, 0), (0.020441702, 0.0010368, 0), (0.0178686, 0.0009207001, 0), (0.018134212, 0.00026088755, 0), (0.0188514, -0.000024300001, 0), (0.019583438, 0.00026190002, 0), (0.0198477, 0.0009207001, 0), (0.019580062, 0.0015855752, 0), (0.018856801, 0.0018657001, 0), (0.018138938, 0.0015845626, 0), (0.0181413, 0.0009207001, 0), (0.018345151, 0.001423575, 0), (0.018856801, 0.0016227, 0), (0.019370813, 0.001423575, 0), (0.019575, 0.0009207001, 0), (0.019370813, 0.00041883753, 0), (0.018856801, 0.0002187, 0), (0.018345151, 0.00041883753, 0), (0.0175878, 0.0017361001, 0), (0.017386649, 0.0018333001, 0), (0.017177401, 0.0018657001, 0), (0.016771387, 0.0017323876, 0), (0.0166185, 0.0013743, 0), (0.01701675, 0.000863325, 0), (0.017415, 0.00044550002, 0), (0.0173421, 0.00029092503, 0), (0.0171153, 0.00021330001, 0), (0.016855087, 0.00028215, 0), (0.016629301, 0.00048060002, 0), (0.016629301, 0.0001458, 0), (0.016869938, 0.0000172125, 0), (0.017145, -0.000024300001, 0), (0.017514225, 0.00011711251, 0), (0.0176607, 0.00047520004, 0), (0.01726245, 0.0010293751, 0), (0.0168642, 0.0014094, 0), (0.016946211, 0.0015673501, 0), (0.0171558, 0.0016281002, 0), (0.01735965, 0.0015879376, 0), (0.0175878, 0.0014364, 0), (0.012438902, 0, 0), (0.0131571, 0, 0), (0.013873613, 0.00028316252, 0), (0.014134501, 0.0009207001, 0), (0.013899601, 0.0015440627, 0), (0.0131544005, 0.0018414002, 0), (0.012438902, 0.0018414002, 0), (0.0127035, 0.0016038001, 0), (0.0131112, 0.0016038001, 0), (0.013679888, 0.0014009626, 0), (0.0138618015, 0.0009207001, 0), (0.013718026, 0.00049410004, 0), (0.013124701, 0.00023760002, 0), (0.0127035, 0.00023760002, 0), (0.010810801, 0.0018414002, 0), (0.010810801, 0, 0), (0.011075401, 0, 0), (0.011075401, 0.00079920003, 0), (0.011186101, 0.00079920003, 0), (0.011389951, 0.00073035003, 0), (0.011674801, 0.000378, 0), (0.011917802, 0, 0), (0.012233701, 0, 0), (0.012089926, 0.00020047501, 0), (0.011982601, 0.0003645, 0), (0.011787526, 0.00066420005, 0), (0.011572201, 0.0008748, 0), (0.0118000135, 0.0010496251, 0), (0.01188, 0.0013257001, 0), (0.011717325, 0.0017030251, 0), (0.0112752, 0.0018414002, 0), (0.011075401, 0.0016146002, 0), (0.011245501, 0.0016146002, 0), (0.011521576, 0.0015403501, 0), (0.011607301, 0.0013365002, 0), (0.011533726, 0.0011289376, 0), (0.011245501, 0.0010368, 0), (0.011075401, 0.0010368, 0), (0.009779401, 0.0018522001, 0), (0.009593101, 0.0018522001, 0), (0.008802, 0, 0), (0.009072, 0, 0), (0.009304201, 0.0005427, 0), (0.010087201, 0.0005427, 0), (0.010332901, 0, 0), (0.010602901, 0, 0), (0.009682201, 0.0014472001, 0), (0.0099792015, 0.0007803, 0), (0.0094068, 0.0007803, 0), (0.006982201, 0, 0), (0.007700401, 0, 0), (0.0084169125, 0.00028316252, 0), (0.008677801, 0.0009207001, 0), (0.008442901, 0.0015440627, 0), (0.007697701, 0.0018414002, 0), (0.006982201, 0.0018414002, 0), (0.0072468007, 0.0016038001, 0), (0.007654501, 0.0016038001, 0), (0.008223189, 0.0014009626, 0), (0.0084051015, 0.0009207001, 0), (0.008261326, 0.00049410004, 0), (0.0076680006, 0.00023760002, 0), (0.0072468007, 0.00023760002, 0), (0.006574501, 0.0018414002, 0), (0.006326101, 0.0018414002, 0), (0.006326101, 0.00041580005, 0), (0.0050787004, 0.0018414002, 0), (0.0048681004, 0.0018414002, 0), (0.0048681004, 0, 0), (0.0051165004, 0, 0), (0.0051165004, 0.0014175001, 0), (0.0063477005, 0, 0), (0.006574501, 0, 0), (0.0038448002, 0.0018522001, 0), (0.0036585, 0.0018522001, 0), (0.0028674002, 0, 0), (0.0031374001, 0, 0), (0.0033696, 0.0005427, 0), (0.0041526, 0.0005427, 0), (0.0043983003, 0, 0), (0.0046683005, 0, 0), (0.0037476001, 0.0014472001, 0), (0.0040446003, 0.0007803, 0), (0.0034722001, 0.0007803, 0), (0.0028215002, 0.0018414002, 0), (0.0012825001, 0.0018414002, 0), (0.0012825001, 0.0016038001, 0), (0.0019197003, 0.0016038001, 0), (0.0019197003, 0, 0), (0.0021843, 0, 0), (0.0021843, 0.0016038001, 0), (0.0028215002, 0.0016038001, 0), (0.0010773, 0.0017361001, 0), (0.0008761501, 0.0018333001, 0), (0.0006669, 0.0018657001, 0), (0.00026088752, 0.0017323876, 0), (0.00010800001, 0.0013743, 0), (0.00050625, 0.000863325, 0), (0.0009045, 0.00044550002, 0), (0.00083160005, 0.00029092503, 0), (0.0006048, 0.00021330001, 0), (0.00034458752, 0.00028215, 0), (0.00011880001, 0.00048060002, 0), (0.00011880001, 0.0001458, 0), (0.00035943752, 0.0000172125, 0), (0.00063450006, -0.000024300001, 0), (0.0010037251, 0.00011711251, 0), (0.0011502001, 0.00047520004, 0), (0.0007519501, 0.0010293751, 0), (0.00035370004, 0.0014094, 0), (0.00043571254, 0.0015673501, 0), (0.0006453, 0.0016281002, 0), (0.00084915006, 0.0015879376, 0), (0.0010773, 0.0014364, 0)]
                    texCoord2f[] primvars:st = [(0.2857143, 0), (0, 0), (0.14285715, 0), (0.2857143, 0), (1, 0), (0, 0), (0.42857143, 0), (1, 0), (0.2857143, 0), (0.5714286, 0), (0.85714287, 0), (0.42857143, 0), (0.85714287, 0), (1, 0), (0.42857143, 0), (0.5714286, 0), (0.71428573, 0), (0.85714287, 0), (0.04347826, 0), (0.73913044, 0), (0, 0), (0.73913044, 0), (0.6956522, 0), (0, 0), (0.73913044, 0), (0.65217394, 0), (0.6956522, 0), (0.73913044, 0), (0.7826087, 0), (0.65217394, 0), (0.7826087, 0), (0.82608694, 0), (0.65217394, 0), (0.82608694, 0), (0.6086956, 0), (0.65217394, 0), (0.04347826, 0), (1, 0), (0.73913044, 0), (0.8695652, 0), (0.6086956, 0), (0.82608694, 0), (0.9130435, 0), (0.6086956, 0), (0.8695652, 0), (0.9130435, 0), (0.5652174, 0), (0.6086956, 0), (0.95652175, 0), (0.5652174, 0), (0.9130435, 0), (0.95652175, 0), (0.5217391, 0), (0.5652174, 0), (0.04347826, 0), (0.13043478, 0), (1, 0), (0.13043478, 0), (0.95652175, 0), (1, 0), (0.13043478, 0), (0.5217391, 0), (0.95652175, 0), (0.13043478, 0), (0.17391305, 0), (0.5217391, 0), (0.17391305, 0), (0.47826087, 0), (0.5217391, 0), (0.04347826, 0), (0.08695652, 0), (0.13043478, 0), (0.2173913, 0), (0.47826087, 0), (0.17391305, 0), (0.26086956, 0), (0.47826087, 0), (0.2173913, 0), (0.26086956, 0), (0.4347826, 0), (0.47826087, 0), (0.3043478, 0), (0.4347826, 0), (0.26086956, 0), (0.3043478, 0), (0.39130434, 0), (0.4347826, 0), (0.3043478, 0), (0.3478261, 0), (0.39130434, 0), (0.46666667, 0), (0.6666667, 0), (0.4, 0), (0.6666667, 0), (0.33333334, 0), (0.4, 0), (0.46666667, 0), (0.6, 0), (0.6666667, 0), (0.73333335, 0), (0.33333334, 0), (0.6666667, 0), (0.73333335, 0), (0.26666668, 0), (0.33333334, 0), (0, 0), (0.6, 0), (0.46666667, 0), (0, 0), (0.53333336, 0), (0.6, 0), (0.8, 0), (0.26666668, 0), (0.73333335, 0), (0.06666667, 0), (0.53333336, 0), (0, 0), (0.06666667, 0), (1, 0), (0.53333336, 0), (0.8666667, 0), (0.26666668, 0), (0.8, 0), (0.8666667, 0), (0.2, 0), (0.26666668, 0), (0.06666667, 0), (0.93333334, 0), (1, 0), (0.93333334, 0), (0.2, 0), (0.8666667, 0), (0.93333334, 0), (0.13333334, 0), (0.2, 0), (0.13333334, 0), (0.93333334, 0), (0.06666667, 0), (0.14285715, 0), (0.04761905, 0), (0.0952381, 0), (0.14285715, 0), (0, 0), (0.04761905, 0), (0.14285715, 0), (0.95238096, 0), (0, 0), (0.95238096, 0), (1, 0), (0, 0), (0.1904762, 0), (0.85714287, 0), (0.14285715, 0), (0.85714287, 0), (0.9047619, 0), (0.14285715, 0), (0.9047619, 0), (0.95238096, 0), (0.14285715, 0), (0.1904762, 0), (0.8095238, 0), (0.85714287, 0), (0.1904762, 0), (0.7619048, 0), (0.8095238, 0), (0.23809524, 0), (0.7619048, 0), (0.1904762, 0), (0.23809524, 0), (0.71428573, 0), (0.7619048, 0), (0.2857143, 0), (0.71428573, 0), (0.23809524, 0), (0.52380955, 0), (0.42857143, 0), (0.47619048, 0), (0.2857143, 0), (0.6666667, 0), (0.71428573, 0), (0.33333334, 0), (0.6666667, 0), (0.2857143, 0), (0.3809524, 0), (0.6666667, 0), (0.33333334, 0), (0.52380955, 0), (0.3809524, 0), (0.42857143, 0), (0.52380955, 0), (0.6666667, 0), (0.3809524, 0), (0.5714286, 0), (0.6666667, 0), (0.52380955, 0), (0.5714286, 0), (0.61904764, 0), (0.6666667, 0), (0, 0), (0.53846157, 0), (0.46153846, 0), (0.53846157, 0), (0.3846154, 0), (0.46153846, 0), (0.53846157, 0), (0.61538464, 0), (0.3846154, 0), (0.61538464, 0), (0.30769232, 0), (0.3846154, 0), (0, 0), (1, 0), (0.53846157, 0), (0.6923077, 0), (0.30769232, 0), (0.61538464, 0), (0.6923077, 0), (0.23076923, 0), (0.30769232, 0), (0.7692308, 0), (0.23076923, 0), (0.6923077, 0), (0.84615386, 0), (0.23076923, 0), (0.7692308, 0), (0.84615386, 0), (0.15384616, 0), (0.23076923, 0), (0.9230769, 0), (0.15384616, 0), (0.84615386, 0), (0.9230769, 0), (0.07692308, 0), (0.15384616, 0), (0, 0), (0.9230769, 0), (1, 0), (0, 0), (0.07692308, 0), (0.9230769, 0), (0.04347826, 0), (0.73913044, 0), (0, 0), (0.73913044, 0), (0.6956522, 0), (0, 0), (0.73913044, 0), (0.65217394, 0), (0.6956522, 0), (0.73913044, 0), (0.7826087, 0), (0.65217394, 0), (0.7826087, 0), (0.82608694, 0), (0.65217394, 0), (0.82608694, 0), (0.6086956, 0), (0.65217394, 0), (0.04347826, 0), (1, 0), (0.73913044, 0), (0.8695652, 0), (0.6086956, 0), (0.82608694, 0), (0.9130435, 0), (0.6086956, 0), (0.8695652, 0), (0.9130435, 0), (0.5652174, 0), (0.6086956, 0), (0.95652175, 0), (0.5652174, 0), (0.9130435, 0), (0.95652175, 0), (0.5217391, 0), (0.5652174, 0), (0.04347826, 0), (0.13043478, 0), (1, 0), (0.13043478, 0), (0.95652175, 0), (1, 0), (0.13043478, 0), (0.5217391, 0), (0.95652175, 0), (0.13043478, 0), (0.17391305, 0), (0.5217391, 0), (0.17391305, 0), (0.47826087, 0), (0.5217391, 0), (0.04347826, 0), (0.08695652, 0), (0.13043478, 0), (0.2173913, 0), (0.47826087, 0), (0.17391305, 0), (0.26086956, 0), (0.47826087, 0), (0.2173913, 0), (0.26086956, 0), (0.4347826, 0), (0.47826087, 0), (0.3043478, 0), (0.4347826, 0), (0.26086956, 0), (0.3043478, 0), (0.39130434, 0), (0.4347826, 0), (0.3043478, 0), (0.3478261, 0), (0.39130434, 0), (0.2, 0), (0, 0), (0.1, 0), (0.2, 0), (0.8, 0), (0, 0), (0.8, 0), (0.7, 0), (0, 0), (0.2, 0), (1, 0), (0.8, 0), (0.9, 0), (0.7, 0), (0.8, 0), (0.2, 0), (0.4, 0), (1, 0), (0.4, 0), (0.9, 0), (1, 0), (0.4, 0), (0.5, 0), (0.9, 0), (0.5, 0), (0.7, 0), (0.9, 0), (0.2, 0), (0.3, 0), (0.4, 0), (0.6, 0), (0.7, 0), (0.5, 0), (0, 0), (0.53846157, 0), (0.46153846, 0), (0.53846157, 0), (0.3846154, 0), (0.46153846, 0), (0.53846157, 0), (0.61538464, 0), (0.3846154, 0), (0.61538464, 0), (0.30769232, 0), (0.3846154, 0), (0, 0), (1, 0), (0.53846157, 0), (0.6923077, 0), (0.30769232, 0), (0.61538464, 0), (0.6923077, 0), (0.23076923, 0), (0.30769232, 0), (0.7692308, 0), (0.23076923, 0), (0.6923077, 0), (0.84615386, 0), (0.23076923, 0), (0.7692308, 0), (0.84615386, 0), (0.15384616, 0), (0.23076923, 0), (0.9230769, 0), (0.15384616, 0), (0.84615386, 0), (0.9230769, 0), (0.07692308, 0), (0.15384616, 0), (0, 0), (0.9230769, 0), (1, 0), (0, 0), (0.07692308, 0), (0.9230769, 0), (0.5555556, 0), (0.33333334, 0), (0.44444445, 0), (0.5555556, 0), (0.7777778, 0), (0.33333334, 0), (0.7777778, 0), (0.22222222, 0), (0.33333334, 0), (0.22222222, 0), (0, 0), (0.11111111, 0), (0.22222222, 0), (1, 0), (0, 0), (0.5555556, 0), (0.6666667, 0), (0.7777778, 0), (0.8888889, 0), (0.22222222, 0), (0.7777778, 0), (0.8888889, 0), (1, 0), (0.22222222, 0), (0.2, 0), (0, 0), (0.1, 0), (0.2, 0), (0.8, 0), (0, 0), (0.8, 0), (0.7, 0), (0, 0), (0.2, 0), (1, 0), (0.8, 0), (0.9, 0), (0.7, 0), (0.8, 0), (0.2, 0), (0.4, 0), (1, 0), (0.4, 0), (0.9, 0), (1, 0), (0.4, 0), (0.5, 0), (0.9, 0), (0.5, 0), (0.7, 0), (0.9, 0), (0.2, 0), (0.3, 0), (0.4, 0), (0.6, 0), (0.7, 0), (0.5, 0), (0.2857143, 0), (0, 0), (0.14285715, 0), (0.2857143, 0), (1, 0), (0, 0), (0.42857143, 0), (1, 0), (0.2857143, 0), (0.5714286, 0), (0.85714287, 0), (0.42857143, 0), (0.85714287, 0), (1, 0), (0.42857143, 0), (0.5714286, 0), (0.71428573, 0), (0.85714287, 0), (0.14285715, 0), (0.04761905, 0), (0.0952381, 0), (0.14285715, 0), (0, 0), (0.04761905, 0), (0.14285715, 0), (0.95238096, 0), (0, 0), (0.95238096, 0), (1, 0), (0, 0), (0.1904762, 0), (0.85714287, 0), (0.14285715, 0), (0.85714287, 0), (0.9047619, 0), (0.14285715, 0), (0.9047619, 0), (0.95238096, 0), (0.14285715, 0), (0.1904762, 0), (0.8095238, 0), (0.85714287, 0), (0.1904762, 0), (0.7619048, 0), (0.8095238, 0), (0.23809524, 0), (0.7619048, 0), (0.1904762, 0), (0.23809524, 0), (0.71428573, 0), (0.7619048, 0), (0.2857143, 0), (0.71428573, 0), (0.23809524, 0), (0.52380955, 0), (0.42857143, 0), (0.47619048, 0), (0.2857143, 0), (0.6666667, 0), (0.71428573, 0), (0.33333334, 0), (0.6666667, 0), (0.2857143, 0), (0.3809524, 0), (0.6666667, 0), (0.33333334, 0), (0.52380955, 0), (0.3809524, 0), (0.42857143, 0), (0.52380955, 0), (0.6666667, 0), (0.3809524, 0), (0.5714286, 0), (0.6666667, 0), (0.52380955, 0), (0.5714286, 0), (0.61904764, 0), (0.6666667, 0)] (
                        interpolation = "faceVarying"
                    )
                    uniform token subdivisionScheme = "none"
                    custom string userProperties:blender:data_name = "Printing.016"
                }
            }

            def Xform "Barcode_line_056"
            {
                custom string userProperties:blender:object_name = "Barcode line.056"
                float3 xformOp:rotateXYZ = (0, -0, 4.2688688e-7)
                float3 xformOp:scale = (0.99999994, 0.99999994, 1)
                double3 xformOp:translate = (-0.014615998603403568, -0.003999999724328518, 0.0002500005066394806)
                uniform token[] xformOpOrder = ["xformOp:translate", "xformOp:rotateXYZ", "xformOp:scale"]

                def Mesh "Cube_108" (
                    active = true
                    prepend apiSchemas = ["MaterialBindingAPI"]
                )
                {
                    uniform bool doubleSided = 1
                    float3[] extent = [(-0.0009135, -0.008, -0.000065), (0.0009135, 0.008, 0.000065)]
                    int[] faceVertexCounts = [4, 4, 4, 4, 4, 4]
                    int[] faceVertexIndices = [0, 1, 3, 2, 2, 3, 7, 6, 6, 7, 5, 4, 4, 5, 1, 0, 2, 6, 4, 0, 7, 3, 1, 5]
                    rel material:binding = </Asset/_materials/Printed_dark_ink>
                    normal3f[] normals = [(-1, 0, 0), (-1, 0, 0), (-1, 0, 0), (-1, 0, 0), (0, 0.99999994, 0), (0, 0.99999994, 0), (0, 0.99999994, 0), (0, 0.99999994, 0), (1, 0, 0), (1, 0, 0), (1, 0, 0), (1, 0, 0), (0, -0.99999994, 0), (0, -0.99999994, 0), (0, -0.99999994, 0), (0, -0.99999994, 0), (0, 0, -1), (0, 0, -1), (0, 0, -1), (0, 0, -1), (0, 0, 1), (0, 0, 1), (0, 0, 1), (0, 0, 1)] (
                        interpolation = "faceVarying"
                    )
                    point3f[] points = [(-0.0009135, -0.008, -0.000065), (-0.0009135, -0.008, 0.000065), (-0.0009135, 0.008, -0.000065), (-0.0009135, 0.008, 0.000065), (0.0009135, -0.008, -0.000065), (0.0009135, -0.008, 0.000065), (0.0009135, 0.008, -0.000065), (0.0009135, 0.008, 0.000065)]
                    texCoord2f[] primvars:st = [(0.375, 0), (0.625, 0), (0.625, 0.25), (0.375, 0.25), (0.375, 0.25), (0.625, 0.25), (0.625, 0.5), (0.375, 0.5), (0.375, 0.5), (0.625, 0.5), (0.625, 0.75), (0.375, 0.75), (0.375, 0.75), (0.625, 0.75), (0.625, 1), (0.375, 1), (0.125, 0.5), (0.375, 0.5), (0.375, 0.75), (0.125, 0.75), (0.625, 0.5), (0.875, 0.5), (0.875, 0.75), (0.625, 0.75)] (
                        interpolation = "faceVarying"
                    )
                    uniform token subdivisionScheme = "none"
                    custom string userProperties:blender:data_name = "Cube.108"
                }
            }

            def Xform "Barcode_line_073"
            {
                custom string userProperties:blender:object_name = "Barcode line.073"
                float3 xformOp:rotateXYZ = (0, -0, 4.2688688e-7)
                float3 xformOp:scale = (0.99999994, 0.99999994, 1)
                double3 xformOp:translate = (0.033342745155096054, -0.003999999724328518, 0.0002500005066394806)
                uniform token[] xformOpOrder = ["xformOp:translate", "xformOp:rotateXYZ", "xformOp:scale"]

                def Mesh "Cube_125" (
                    active = true
                    prepend apiSchemas = ["MaterialBindingAPI"]
                )
                {
                    uniform bool doubleSided = 1
                    float3[] extent = [(-0.00045675, -0.008, -0.000065), (0.00045675, 0.008, 0.000065)]
                    int[] faceVertexCounts = [4, 4, 4, 4, 4, 4]
                    int[] faceVertexIndices = [0, 1, 3, 2, 2, 3, 7, 6, 6, 7, 5, 4, 4, 5, 1, 0, 2, 6, 4, 0, 7, 3, 1, 5]
                    rel material:binding = </Asset/_materials/Printed_dark_ink>
                    normal3f[] normals = [(-1, 0, 0), (-1, 0, 0), (-1, 0, 0), (-1, 0, 0), (0, 0.99999994, 0), (0, 0.99999994, 0), (0, 0.99999994, 0), (0, 0.99999994, 0), (1, 0, 0), (1, 0, 0), (1, 0, 0), (1, 0, 0), (0, -0.99999994, 0), (0, -0.99999994, 0), (0, -0.99999994, 0), (0, -0.99999994, 0), (0, 0, -1), (0, 0, -1), (0, 0, -1), (0, 0, -1), (0, 0, 1), (0, 0, 1), (0, 0, 1), (0, 0, 1)] (
                        interpolation = "faceVarying"
                    )
                    point3f[] points = [(-0.00045675, -0.008, -0.000065), (-0.00045675, -0.008, 0.000065), (-0.00045675, 0.008, -0.000065), (-0.00045675, 0.008, 0.000065), (0.00045675, -0.008, -0.000065), (0.00045675, -0.008, 0.000065), (0.00045675, 0.008, -0.000065), (0.00045675, 0.008, 0.000065)]
                    texCoord2f[] primvars:st = [(0.375, 0), (0.625, 0), (0.625, 0.25), (0.375, 0.25), (0.375, 0.25), (0.625, 0.25), (0.625, 0.5), (0.375, 0.5), (0.375, 0.5), (0.625, 0.5), (0.625, 0.75), (0.375, 0.75), (0.375, 0.75), (0.625, 0.75), (0.625, 1), (0.375, 1), (0.125, 0.5), (0.375, 0.5), (0.375, 0.75), (0.125, 0.75), (0.625, 0.5), (0.875, 0.5), (0.875, 0.75), (0.625, 0.75)] (
                        interpolation = "faceVarying"
                    )
                    uniform token subdivisionScheme = "none"
                    custom string userProperties:blender:data_name = "Cube.125"
                }
            }

            def Xform "Print_003_____805"
            {
                custom string userProperties:blender:object_name = "Print_003__/__805"
                float3 xformOp:rotateXYZ = (0, -0, 4.2688688e-7)
                float3 xformOp:scale = (0.99999994, 0.99999994, 1)
                double3 xformOp:translate = (0.0017399998614564538, 0.01769999787211418, 0.00019999966025352478)
                uniform token[] xformOpOrder = ["xformOp:translate", "xformOp:rotateXYZ", "xformOp:scale"]

                def Mesh "Printing_015" (
                    active = true
                    prepend apiSchemas = ["MaterialBindingAPI"]
                )
                {
                    uniform bool doubleSided = 1
                    float3[] extent = [(0.00018, -0.000054000004, 0), (0.025986003, 0.0041460004, 0)]
                    int[] faceVertexCounts = [3, 3, 3, 3, 3, 3, 3, 3, 3, 3, 3, 3, 3, 3, 3, 3, 3, 3, 3, 3, 3, 3, 3, 3, 3, 3, 3, 3, 3, 3, 3, 3, 3, 3, 3, 3, 3, 3, 3, 3, 3, 3, 3, 3, 3, 3, 3, 3, 3, 3, 3, 3, 3, 3, 3, 3, 3, 3, 3, 3, 3, 3, 3, 3, 3, 3, 3, 3, 3, 3, 3, 3, 3, 3, 3, 3, 3, 3, 3, 3, 3, 3, 3, 3, 3, 3, 3, 3, 3, 3, 3, 3, 3, 3, 3, 3, 3, 3, 3, 3, 3, 3, 3, 3, 3, 3, 3, 3, 3, 3, 3, 3, 3, 3, 3, 3, 3, 3, 3, 3, 3, 3, 3, 3, 3]
                    int[] faceVertexIndices = [2, 16, 1, 16, 0, 1, 16, 17, 0, 2, 15, 16, 2, 14, 15, 2, 3, 14, 3, 13, 14, 4, 13, 3, 4, 12, 13, 5, 12, 4, 9, 7, 8, 6, 12, 5, 9, 6, 7, 9, 12, 6, 9, 11, 12, 10, 11, 9, 21, 32, 20, 32, 19, 20, 21, 31, 32, 33, 19, 32, 22, 31, 21, 33, 18, 19, 22, 30, 31, 26, 18, 33, 23, 30, 22, 23, 29, 30, 27, 18, 26, 27, 25, 18, 28, 25, 27, 23, 28, 29, 24, 28, 23, 28, 24, 25, 41, 39, 40, 42, 55, 41, 55, 56, 41, 56, 39, 41, 56, 57, 39, 57, 38, 39, 42, 54, 55, 50, 38, 57, 42, 53, 54, 43, 53, 42, 51, 38, 50, 51, 37, 38, 43, 52, 53, 52, 37, 51, 52, 36, 37, 44, 52, 43, 44, 36, 52, 45, 36, 44, 45, 64, 36, 64, 35, 36, 45, 63, 64, 65, 35, 64, 65, 34, 35, 46, 63, 45, 46, 62, 63, 58, 34, 65, 46, 61, 62, 59, 34, 58, 47, 61, 46, 59, 49, 34, 60, 49, 59, 47, 60, 61, 47, 49, 60, 48, 49, 47, 66, 68, 69, 66, 67, 68, 95, 93, 94, 96, 93, 95, 70, 71, 96, 71, 93, 96, 71, 72, 93, 72, 73, 93, 73, 92, 93, 74, 92, 73, 74, 91, 92, 75, 91, 74, 76, 91, 75, 76, 90, 91, 77, 90, 76, 77, 89, 90, 78, 89, 77, 78, 88, 89, 79, 88, 78, 79, 87, 88, 80, 87, 79, 84, 82, 83, 81, 87, 80, 84, 81, 82, 84, 87, 81, 84, 86, 87, 85, 86, 84, 100, 111, 99, 111, 98, 99, 100, 110, 111, 112, 98, 111, 101, 110, 100, 112, 97, 98, 101, 109, 110, 105, 97, 112, 102, 109, 101, 102, 108, 109, 106, 97, 105, 106, 104, 97, 107, 104, 106, 102, 107, 108, 103, 107, 102, 107, 103, 104, 116, 127, 115, 127, 114, 115, 116, 126, 127, 128, 114, 127, 117, 126, 116, 128, 113, 114, 117, 125, 126, 121, 113, 128, 118, 125, 117, 118, 124, 125, 122, 113, 121, 122, 120, 113, 123, 120, 122, 118, 123, 124, 119, 123, 118, 123, 119, 120]
                    rel material:binding = </Asset/_materials/Printed_dark_ink>
                    normal3f[] normals = [(0, 0, 1), (0, 0, 1), (0, 0, 1), (0, 0, 1), (0, 0, 1), (0, 0, 1), (0, 0, 1), (0, 0, 1), (0, 0, 1), (0, 0, 1), (0, 0, 1), (0, 0, 1), (0, 0, 1), (0, 0, 1), (0, 0, 1), (0, 0, 0.99999994), (0, 0, 0.99999994), (0, 0, 0.99999994), (0, 0, 1), (0, 0, 1), (0, 0, 1), (0, 0, 1), (0, 0, 1), (0, 0, 1), (0, 0, 1), (0, 0, 1), (0, 0, 1), (0, 0, 1), (0, 0, 1), (0, 0, 1), (0, 0, 1), (0, 0, 1), (0, 0, 1), (0, 0, 1), (0, 0, 1), (0, 0, 1), (0, 0, 1), (0, 0, 1), (0, 0, 1), (0, 0, 1), (0, 0, 1), (0, 0, 1), (0, 0, 1), (0, 0, 1), (0, 0, 1), (0, 0, 1), (0, 0, 1), (0, 0, 1), (0, 0, 1), (0, 0, 1), (0, 0, 1), (0, 0, 1), (0, 0, 1), (0, 0, 1), (0, 0, 1), (0, 0, 1), (0, 0, 1), (0, 0, 0.99999994), (0, 0, 0.99999994), (0, 0, 0.99999994), (0, 0, 1), (0, 0, 1), (0, 0, 1), (0, 0, 1), (0, 0, 1), (0, 0, 1), (0, 0, 1), (0, 0, 1), (0, 0, 1), (0, 0, 1), (0, 0, 1), (0, 0, 1), (0, 0, 1), (0, 0, 1), (0, 0, 1), (0, 0, 1), (0, 0, 1), (0, 0, 1), (0, 0, 1), (0, 0, 1), (0, 0, 1), (0, 0, 1), (0, 0, 1), (0, 0, 1), (0, 0, 1), (0, 0, 1), (0, 0, 1), (0, 0, 1), (0, 0, 1), (0, 0, 1), (0, 0, 1), (0, 0, 1), (0, 0, 1), (0, 0, 1), (0, 0, 1), (0, 0, 1), (0, 0, 1), (0, 0, 1), (0, 0, 1), (0, 0, 1), (0, 0, 1), (0, 0, 1), (0, 0, 1), (0, 0, 1), (0, 0, 1), (0, 0, 1), (0, 0, 1), (0, 0, 1), (0, 0, 1), (0, 0, 1), (0, 0, 1), (0, 0, 1), (0, 0, 1), (0, 0, 1), (0, 0, 1), (0, 0, 1), (0, 0, 1), (0, 0, 1), (0, 0, 1), (0, 0, 1), (0, 0, 1), (0, 0, 1), (0, 0, 1), (0, 0, 1), (0, 0, 1), (0, 0, 1), (0, 0, 1), (0, 0, 1), (0, 0, 1), (0, 0, 1), (0, 0, 1), (0, 0, 1), (0, 0, 1), (0, 0, 1), (0, 0, 1), (0, 0, 1), (0, 0, 1), (0, 0, 1), (0, 0, 0.99999994), (0, 0, 0.99999994), (0, 0, 0.99999994), (0, 0, 1), (0, 0, 1), (0, 0, 1), (0, 0, 1), (0, 0, 1), (0, 0, 1), (0, 0, 1), (0, 0, 1), (0, 0, 1), (0, 0, 1), (0, 0, 1), (0, 0, 1), (0, 0, 1), (0, 0, 1), (0, 0, 1), (0, 0, 1), (0, 0, 1), (0, 0, 1), (0, 0, 1), (0, 0, 1), (0, 0, 1), (0, 0, 1), (0, 0, 1), (0, 0, 1), (0, 0, 0.99999994), (0, 0, 0.99999994), (0, 0, 0.99999994), (0, 0, 1), (0, 0, 1), (0, 0, 1), (0, 0, 1), (0, 0, 1), (0, 0, 1), (0, 0, 1), (0, 0, 1), (0, 0, 1), (0, 0, 1), (0, 0, 1), (0, 0, 1), (0, 0, 1), (0, 0, 1), (0, 0, 1), (0, 0, 1), (0, 0, 1), (0, 0, 1), (0, 0, 1), (0, 0, 1), (0, 0, 1), (0, 0, 1), (0, 0, 1), (0, 0, 1), (0, 0, 1), (0, 0, 1), (0, 0, 1), (0, 0, 1), (0, 0, 1), (0, 0, 1), (0, 0, 0.99999994), (0, 0, 0.99999994), (0, 0, 0.99999994), (0, 0, 1), (0, 0, 1), (0, 0, 1), (0, 0, 0.99999994), (0, 0, 0.99999994), (0, 0, 0.99999994), (0, 0, 1), (0, 0, 1), (0, 0, 1), (0, 0, 1), (0, 0, 1), (0, 0, 1), (0, 0, 1), (0, 0, 1), (0, 0, 1), (0, 0, 1), (0, 0, 1), (0, 0, 1), (0, 0, 1), (0, 0, 1), (0, 0, 1), (0, 0, 1), (0, 0, 1), (0, 0, 1), (0, 0, 0.99999994), (0, 0, 0.99999994), (0, 0, 0.99999994), (0, 0, 1), (0, 0, 1), (0, 0, 1), (0, 0, 1), (0, 0, 1), (0, 0, 1), (0, 0, 1), (0, 0, 1), (0, 0, 1), (0, 0, 1), (0, 0, 1), (0, 0, 1), (0, 0, 1), (0, 0, 1), (0, 0, 1), (0, 0, 1), (0, 0, 1), (0, 0, 1), (0, 0, 1), (0, 0, 1), (0, 0, 1), (0, 0, 1), (0, 0, 1), (0, 0, 1), (0, 0, 1), (0, 0, 1), (0, 0, 1), (0, 0, 1), (0, 0, 1), (0, 0, 1), (0, 0, 1), (0, 0, 1), (0, 0, 1), (0, 0, 1), (0, 0, 1), (0, 0, 1), (0, 0, 1), (0, 0, 1), (0, 0, 1), (0, 0, 1), (0, 0, 1), (0, 0, 1), (0, 0, 1), (0, 0, 1), (0, 0, 1), (0, 0, 1), (0, 0, 1), (0, 0, 1), (0, 0, 1), (0, 0, 1), (0, 0, 1), (0, 0, 1), (0, 0, 1), (0, 0, 1), (0, 0, 1), (0, 0, 1), (0, 0, 1), (0, 0, 1), (0, 0, 1), (0, 0, 1), (0, 0, 1), (0, 0, 1), (0, 0, 1), (0, 0, 1), (0, 0, 1), (0, 0, 1), (0, 0, 1), (0, 0, 1), (0, 0, 1), (0, 0, 1), (0, 0, 1), (0, 0, 1), (0, 0, 1), (0, 0, 1), (0, 0, 1), (0, 0, 1), (0, 0, 1), (0, 0, 1), (0, 0, 1), (0, 0, 1), (0, 0, 1), (0, 0, 1), (0, 0, 1), (0, 0, 1), (0, 0, 1), (0, 0, 1), (0, 0, 1), (0, 0, 1), (0, 0, 1), (0, 0, 1), (0, 0, 1), (0, 0, 1), (0, 0, 1), (0, 0, 1), (0, 0, 1), (0, 0, 1), (0, 0, 1), (0, 0, 1), (0, 0, 1), (0, 0, 1), (0, 0, 1), (0, 0, 1), (0, 0, 1), (0, 0, 1), (0, 0, 1), (0, 0, 1), (0, 0, 1), (0, 0, 1), (0, 0, 0.99999994), (0, 0, 0.99999994), (0, 0, 0.99999994), (0, 0, 1), (0, 0, 1), (0, 0, 1), (0, 0, 1), (0, 0, 1), (0, 0, 1), (0, 0, 1), (0, 0, 1), (0, 0, 1), (0, 0, 1), (0, 0, 1), (0, 0, 1), (0, 0, 1), (0, 0, 1), (0, 0, 1), (0, 0, 1), (0, 0, 1), (0, 0, 1), (0, 0, 1), (0, 0, 1), (0, 0, 1), (0, 0, 1), (0, 0, 1), (0, 0, 1), (0, 0, 1), (0, 0, 1), (0, 0, 1), (0, 0, 0.99999994), (0, 0, 0.99999994), (0, 0, 0.99999994), (0, 0, 1), (0, 0, 1), (0, 0, 1), (0, 0, 1), (0, 0, 1), (0, 0, 1)] (
                        interpolation = "faceVarying"
                    )
                    point3f[] points = [(0.025782, 0.0040920004, 0), (0.023964, 0.0040920004, 0), (0.023964, 0.001962, 0), (0.025018502, 0.00187875, 0), (0.025398001, 0.0012420001, 0), (0.025148252, 0.00072225, 0), (0.024552, 0.00050400005, 0), (0.024102751, 0.00057975005, 0), (0.023658, 0.000804, 0), (0.023658, 0.000198, 0), (0.024153002, 0.000004500005, 0), (0.024648001, -0.000054000004, 0), (0.02560725, 0.0003165, 0), (0.025986003, 0.001254, 0), (0.025588501, 0.00219975, 0), (0.024498, 0.002538, 0), (0.024498, 0.0035640004, 0), (0.025782, 0.0035640004, 0), (0.023178002, 0.0020460002, 0), (0.022815002, 0.0035685003, 0), (0.021858001, 0.0041460004, 0), (0.020901, 0.0035685003, 0), (0.020538, 0.0020460002, 0), (0.020901, 0.00052350014, 0), (0.021858001, -0.000054000004, 0), (0.022815002, 0.0005235001, 0), (0.02259, 0.0020460002, 0), (0.022395, 0.0009150002, 0), (0.021858001, 0.00050400005, 0), (0.021321, 0.0009150001, 0), (0.021126, 0.0020460002, 0), (0.021321, 0.0031770002, 0), (0.021858001, 0.0035880003, 0), (0.022395, 0.0031770002, 0), (0.020166, 0.0011040001, 0), (0.02002275, 0.0016770002, 0), (0.019596001, 0.002088, 0), (0.019981502, 0.00249375, 0), (0.020106, 0.0029580002, 0), (0.01976175, 0.0038062502, 0), (0.018900001, 0.0041460004, 0), (0.018005252, 0.0038100004, 0), (0.017646002, 0.0029700003, 0), (0.017774252, 0.0024817502, 0), (0.018132001, 0.002088, 0), (0.01769475, 0.0016755001, 0), (0.01755, 0.0011100001, 0), (0.017931001, 0.00028275006, 0), (0.018870002, -0.000054000004, 0), (0.0197925, 0.00027975003, 0), (0.019518001, 0.0029700003, 0), (0.01932975, 0.00254025, 0), (0.018876001, 0.002358, 0), (0.0184245, 0.002544, 0), (0.018234, 0.0029820001, 0), (0.01841475, 0.0034222503, 0), (0.018888002, 0.0035880003, 0), (0.01934025, 0.0034117503, 0), (0.019578, 0.001152, 0), (0.01939575, 0.00069975003, 0), (0.018858, 0.00050400005, 0), (0.018340502, 0.00068625004, 0), (0.018138, 0.001152, 0), (0.018337501, 0.00162, 0), (0.018870002, 0.0018000001, 0), (0.01937925, 0.0016155001, 0), (0.012383999, -0.000054000004, 0), (0.012804001, -0.000054000004, 0), (0.013979999, 0.0041460004, 0), (0.01356, 0.0041460004, 0), (0.006486, 0.0034140002, 0), (0.0068565, 0.0035482503, 0), (0.007182, 0.0035880003, 0), (0.007698, 0.0034237502, 0), (0.00789, 0.002976, 0), (0.0076874997, 0.0025395001, 0), (0.0070800004, 0.0023820002, 0), (0.0070800004, 0.001842, 0), (0.0077362503, 0.0016620001, 0), (0.007956, 0.0011580001, 0), (0.00777675, 0.0006825, 0), (0.0072959997, 0.00050400005, 0), (0.0068445, 0.00058125006, 0), (0.006384, 0.00081600004, 0), (0.006384, 0.00018, 0), (0.0068234997, 0.000006749993, 0), (0.007254, -0.000054000004, 0), (0.0081825, 0.00029250002, 0), (0.008544, 0.0011880001, 0), (0.008403, 0.00178425, 0), (0.007956, 0.0021600001, 0), (0.0083565, 0.0025245002, 0), (0.008478, 0.0030780002, 0), (0.0081495, 0.0038550003, 0), (0.007272, 0.0041460004, 0), (0.0068565, 0.0041040005, 0), (0.006486, 0.0039720004, 0), (0.00582, 0.0020460002, 0), (0.005457, 0.0035685003, 0), (0.0045, 0.0041460004, 0), (0.003543, 0.0035685003, 0), (0.0031799998, 0.0020460002, 0), (0.003543, 0.00052350014, 0), (0.0045, -0.000054000004, 0), (0.005457, 0.0005235001, 0), (0.005232, 0.0020460002, 0), (0.005037, 0.0009150002, 0), (0.0045, 0.00050400005, 0), (0.003963, 0.0009150001, 0), (0.003768, 0.0020460002, 0), (0.003963, 0.0031770002, 0), (0.0045, 0.0035880003, 0), (0.005037, 0.0031770002, 0), (0.0028200003, 0.0020460002, 0), (0.0024570003, 0.0035685003, 0), (0.0015, 0.0041460004, 0), (0.00054300006, 0.0035685003, 0), (0.00018, 0.0020460002, 0), (0.00054300006, 0.00052350014, 0), (0.0015, -0.000054000004, 0), (0.0024570003, 0.0005235001, 0), (0.002232, 0.0020460002, 0), (0.002037, 0.0009150002, 0), (0.0015, 0.00050400005, 0), (0.000963, 0.0009150001, 0), (0.000768, 0.0020460002, 0), (0.000963, 0.0031770002, 0), (0.0015, 0.0035880003, 0), (0.002037, 0.0031770002, 0)]
                    texCoord2f[] primvars:st = [(0.11764706, 0), (0.9411765, 0), (0.05882353, 0), (0.9411765, 0), (0, 0), (0.05882353, 0), (0.9411765, 0), (1, 0), (0, 0), (0.11764706, 0), (0.88235295, 0), (0.9411765, 0), (0.11764706, 0), (0.8235294, 0), (0.88235295, 0), (0.11764706, 0), (0.1764706, 0), (0.8235294, 0), (0.1764706, 0), (0.7647059, 0), (0.8235294, 0), (0.23529412, 0), (0.7647059, 0), (0.1764706, 0), (0.23529412, 0), (0.7058824, 0), (0.7647059, 0), (0.29411766, 0), (0.7058824, 0), (0.23529412, 0), (0.5294118, 0), (0.4117647, 0), (0.47058824, 0), (0.3529412, 0), (0.7058824, 0), (0.29411766, 0), (0.5294118, 0), (0.3529412, 0), (0.4117647, 0), (0.5294118, 0), (0.7058824, 0), (0.3529412, 0), (0.5294118, 0), (0.64705884, 0), (0.7058824, 0), (0.5882353, 0), (0.64705884, 0), (0.5294118, 0), (0.2, 0), (0.93333334, 0), (0.13333334, 0), (0.93333334, 0), (0.06666667, 0), (0.13333334, 0), (0.2, 0), (0.8666667, 0), (0.93333334, 0), (1, 0), (0.06666667, 0), (0.93333334, 0), (0.26666668, 0), (0.8666667, 0), (0.2, 0), (1, 0), (0, 0), (0.06666667, 0), (0.26666668, 0), (0.8, 0), (0.8666667, 0), (0.53333336, 0), (0, 0), (1, 0), (0.33333334, 0), (0.8, 0), (0.26666668, 0), (0.33333334, 0), (0.73333335, 0), (0.8, 0), (0.6, 0), (0, 0), (0.53333336, 0), (0.6, 0), (0.46666667, 0), (0, 0), (0.6666667, 0), (0.46666667, 0), (0.6, 0), (0.33333334, 0), (0.6666667, 0), (0.73333335, 0), (0.4, 0), (0.6666667, 0), (0.33333334, 0), (0.6666667, 0), (0.4, 0), (0.46666667, 0), (0.22580644, 0), (0.16129032, 0), (0.19354838, 0), (0.2580645, 0), (0.67741936, 0), (0.22580644, 0), (0.67741936, 0), (0.7096774, 0), (0.22580644, 0), (0.7096774, 0), (0.16129032, 0), (0.22580644, 0), (0.7096774, 0), (0.7419355, 0), (0.16129032, 0), (0.7419355, 0), (0.12903225, 0), (0.16129032, 0), (0.2580645, 0), (0.6451613, 0), (0.67741936, 0), (0.516129, 0), (0.12903225, 0), (0.7419355, 0), (0.2580645, 0), (0.61290324, 0), (0.6451613, 0), (0.29032257, 0), (0.61290324, 0), (0.2580645, 0), (0.5483871, 0), (0.12903225, 0), (0.516129, 0), (0.5483871, 0), (0.09677419, 0), (0.12903225, 0), (0.29032257, 0), (0.58064514, 0), (0.61290324, 0), (0.58064514, 0), (0.09677419, 0), (0.5483871, 0), (0.58064514, 0), (0.06451613, 0), (0.09677419, 0), (0.32258064, 0), (0.58064514, 0), (0.29032257, 0), (0.32258064, 0), (0.06451613, 0), (0.58064514, 0), (0.3548387, 0), (0.06451613, 0), (0.32258064, 0), (0.3548387, 0), (0.9677419, 0), (0.06451613, 0), (0.9677419, 0), (0.032258064, 0), (0.06451613, 0), (0.3548387, 0), (0.9354839, 0), (0.9677419, 0), (1, 0), (0.032258064, 0), (0.9677419, 0), (1, 0), (0, 0), (0.032258064, 0), (0.38709676, 0), (0.9354839, 0), (0.3548387, 0), (0.38709676, 0), (0.9032258, 0), (0.9354839, 0), (0.7741935, 0), (0, 0), (1, 0), (0.38709676, 0), (0.87096775, 0), (0.9032258, 0), (0.8064516, 0), (0, 0), (0.7741935, 0), (0.41935483, 0), (0.87096775, 0), (0.38709676, 0), (0.8064516, 0), (0.48387095, 0), (0, 0), (0.83870965, 0), (0.48387095, 0), (0.8064516, 0), (0.41935483, 0), (0.83870965, 0), (0.87096775, 0), (0.41935483, 0), (0.48387095, 0), (0.83870965, 0), (0.4516129, 0), (0.48387095, 0), (0.41935483, 0), (0, 0), (0.6666667, 0), (1, 0), (0, 0), (0.33333334, 0), (0.6666667, 0), (0.96153843, 0), (0.88461536, 0), (0.9230769, 0), (1, 0), (0.88461536, 0), (0.96153843, 0), (0, 0), (0.03846154, 0), (1, 0), (0.03846154, 0), (0.88461536, 0), (1, 0), (0.03846154, 0), (0.07692308, 0), (0.88461536, 0), (0.07692308, 0), (0.115384616, 0), (0.88461536, 0), (0.115384616, 0), (0.84615386, 0), (0.88461536, 0), (0.15384616, 0), (0.84615386, 0), (0.115384616, 0), (0.15384616, 0), (0.8076923, 0), (0.84615386, 0), (0.1923077, 0), (0.8076923, 0), (0.15384616, 0), (0.23076923, 0), (0.8076923, 0), (0.1923077, 0), (0.23076923, 0), (0.7692308, 0), (0.8076923, 0), (0.26923078, 0), (0.7692308, 0), (0.23076923, 0), (0.26923078, 0), (0.7307692, 0), (0.7692308, 0), (0.30769232, 0), (0.7307692, 0), (0.26923078, 0), (0.30769232, 0), (0.6923077, 0), (0.7307692, 0), (0.34615386, 0), (0.6923077, 0), (0.30769232, 0), (0.34615386, 0), (0.65384614, 0), (0.6923077, 0), (0.3846154, 0), (0.65384614, 0), (0.34615386, 0), (0.53846157, 0), (0.46153846, 0), (0.5, 0), (0.42307693, 0), (0.65384614, 0), (0.3846154, 0), (0.53846157, 0), (0.42307693, 0), (0.46153846, 0), (0.53846157, 0), (0.65384614, 0), (0.42307693, 0), (0.53846157, 0), (0.61538464, 0), (0.65384614, 0), (0.5769231, 0), (0.61538464, 0), (0.53846157, 0), (0.2, 0), (0.93333334, 0), (0.13333334, 0), (0.93333334, 0), (0.06666667, 0), (0.13333334, 0), (0.2, 0), (0.8666667, 0), (0.93333334, 0), (1, 0), (0.06666667, 0), (0.93333334, 0), (0.26666668, 0), (0.8666667, 0), (0.2, 0), (1, 0), (0, 0), (0.06666667, 0), (0.26666668, 0), (0.8, 0), (0.8666667, 0), (0.53333336, 0), (0, 0), (1, 0), (0.33333334, 0), (0.8, 0), (0.26666668, 0), (0.33333334, 0), (0.73333335, 0), (0.8, 0), (0.6, 0), (0, 0), (0.53333336, 0), (0.6, 0), (0.46666667, 0), (0, 0), (0.6666667, 0), (0.46666667, 0), (0.6, 0), (0.33333334, 0), (0.6666667, 0), (0.73333335, 0), (0.4, 0), (0.6666667, 0), (0.33333334, 0), (0.6666667, 0), (0.4, 0), (0.46666667, 0), (0.2, 0), (0.93333334, 0), (0.13333334, 0), (0.93333334, 0), (0.06666667, 0), (0.13333334, 0), (0.2, 0), (0.8666667, 0), (0.93333334, 0), (1, 0), (0.06666667, 0), (0.93333334, 0), (0.26666668, 0), (0.8666667, 0), (0.2, 0), (1, 0), (0, 0), (0.06666667, 0), (0.26666668, 0), (0.8, 0), (0.8666667, 0), (0.53333336, 0), (0, 0), (1, 0), (0.33333334, 0), (0.8, 0), (0.26666668, 0), (0.33333334, 0), (0.73333335, 0), (0.8, 0), (0.6, 0), (0, 0), (0.53333336, 0), (0.6, 0), (0.46666667, 0), (0, 0), (0.6666667, 0), (0.46666667, 0), (0.6, 0), (0.33333334, 0), (0.6666667, 0), (0.73333335, 0), (0.4, 0), (0.6666667, 0), (0.33333334, 0), (0.6666667, 0), (0.4, 0), (0.46666667, 0)] (
                        interpolation = "faceVarying"
                    )
                    uniform token subdivisionScheme = "none"
                    custom string userProperties:blender:data_name = "Printing.015"
                }
            }

            def Xform "Paper_sticker_002"
            {
                custom string userProperties:blender:object_name = "Paper sticker.002"
                float3 xformOp:rotateXYZ = (0, -0, 4.2688688e-7)
                float3 xformOp:scale = (0.99999994, 0.99999994, 1)
                double3 xformOp:translate = (0, 0, 0)
                uniform token[] xformOpOrder = ["xformOp:translate", "xformOp:rotateXYZ", "xformOp:scale"]

                def Mesh "Cube_101" (
                    active = true
                    prepend apiSchemas = ["MaterialBindingAPI"]
                )
                {
                    uniform bool doubleSided = 1
                    float3[] extent = [(-0.0435, -0.0295, -0.000125), (0.0435, 0.0295, 0.000125)]
                    int[] faceVertexCounts = [4, 4, 4, 4, 4, 4, 3, 4, 4, 4, 4, 4, 4, 3, 4, 4, 4, 4, 4, 4, 3, 4, 4, 4, 4, 4, 4, 3, 4, 4, 4, 4, 4, 4, 3, 4, 4, 4, 4, 4, 4, 3, 4, 4, 4, 4, 4, 4, 3, 4, 4, 4, 4, 4, 4, 3, 4, 4, 4, 4, 4, 4, 4, 4, 4, 4, 4, 4, 4, 4, 4, 4, 4, 4, 4, 4, 4, 4, 4, 4, 4, 4, 4, 4, 4, 4, 4, 4, 4, 4, 4, 4, 4, 4, 4, 4, 4, 4]
                    int[] faceVertexIndices = [0, 3, 5, 4, 3, 7, 8, 5, 1, 6, 8, 7, 6, 10, 11, 8, 2, 9, 11, 10, 9, 4, 5, 11, 5, 8, 11, 12, 15, 17, 16, 15, 19, 20, 17, 13, 18, 20, 19, 18, 22, 23, 20, 14, 21, 23, 22, 21, 16, 17, 23, 17, 20, 23, 24, 27, 29, 28, 27, 31, 32, 29, 25, 30, 32, 31, 30, 34, 35, 32, 26, 33, 35, 34, 33, 28, 29, 35, 29, 32, 35, 36, 39, 41, 40, 39, 43, 44, 41, 37, 42, 44, 43, 42, 46, 47, 44, 38, 45, 47, 46, 45, 40, 41, 47, 41, 44, 47, 48, 51, 53, 52, 51, 55, 56, 53, 49, 54, 56, 55, 54, 58, 59, 56, 50, 57, 59, 58, 57, 52, 53, 59, 53, 56, 59, 60, 63, 65, 64, 63, 67, 68, 65, 61, 66, 68, 67, 66, 70, 71, 68, 62, 69, 71, 70, 69, 64, 65, 71, 65, 68, 71, 72, 75, 77, 76, 75, 79, 80, 77, 73, 78, 80, 79, 78, 82, 83, 80, 74, 81, 83, 82, 81, 76, 77, 83, 77, 80, 83, 84, 87, 89, 88, 87, 91, 92, 89, 85, 90, 92, 91, 90, 94, 95, 92, 86, 93, 95, 94, 93, 88, 89, 95, 89, 92, 95, 24, 0, 4, 27, 27, 4, 9, 31, 31, 9, 2, 25, 1, 12, 16, 6, 6, 16, 21, 10, 10, 21, 14, 2, 13, 36, 40, 18, 18, 40, 45, 22, 22, 45, 38, 14, 37, 26, 34, 42, 42, 34, 30, 46, 46, 30, 25, 38, 72, 24, 28, 75, 75, 28, 33, 79, 79, 33, 26, 73, 36, 84, 88, 39, 39, 88, 93, 43, 43, 93, 86, 37, 85, 74, 82, 90, 90, 82, 78, 94, 94, 78, 73, 86, 48, 72, 76, 51, 51, 76, 81, 55, 55, 81, 74, 49, 84, 60, 64, 87, 87, 64, 69, 91, 91, 69, 62, 85, 61, 50, 58, 66, 66, 58, 54, 70, 70, 54, 49, 62, 0, 48, 52, 3, 3, 52, 57, 7, 7, 57, 50, 1, 60, 13, 19, 63, 63, 19, 15, 67, 67, 15, 12, 61, 24, 72, 48, 0, 2, 14, 38, 25, 50, 61, 12, 1, 84, 36, 13, 60, 26, 37, 86, 73, 74, 85, 62, 49]
                    rel material:binding = </Asset/_materials/Shipping_label_paper>
                    normal3f[] normals = [(-0.00017786026, -0.00032872334, -1), (-0.00020394288, -0.50032586, -0.8658373), (-0.44734251, -0.44727224, -0.77448845), (-0.50028, -0.00026765466, -0.86586374), (-0.0001693219, -0.50035137, -0.86582243), (-0.00018644333, -0.86583245, -0.50033414), (-0.44733223, -0.7744229, -0.44739613), (-0.44733799, -0.44736332, -0.7744384), (-0.00024089369, -0.9660316, -0.25842395), (-0.49150538, -0.86234915, -0.12155839), (-0.44732374, -0.77444935, -0.44735852), (-0.00016501546, -0.8658673, -0.5002737), (-0.49159175, -0.8622976, -0.121574886), (-0.8623236, -0.49155474, -0.12154017), (-0.77446795, -0.4473363, -0.4473136), (-0.44738406, -0.7744361, -0.4473212), (-0.96603024, -0.00032953918, -0.25842884), (-0.8658702, -0.00028338982, -0.50026864), (-0.77448577, -0.44731733, -0.44730192), (-0.86235106, -0.49150118, -0.12156138), (-0.8658372, -0.0002450049, -0.5003258), (-0.5003402, -0.00029417127, -0.8658288), (-0.44740698, -0.44730777, -0.7744306), (-0.77445585, -0.4473114, -0.44735962), (-0.44737297, -0.44735265, -0.7744242), (-0.44738004, -0.77441037, -0.44736952), (-0.77443725, -0.44733667, -0.44736636), (-0.00023236871, -0.96603864, 0.25839713), (-0.00018474972, -0.86585283, 0.5002986), (-0.4473439, -0.7744543, 0.4473297), (-0.49151585, -0.8623374, 0.121598475), (-0.00018028915, -0.86582977, 0.5003388), (-0.00021297857, -0.5003187, 0.86584127), (-0.44733238, -0.44735986, 0.7744436), (-0.44733787, -0.7744176, 0.44739962), (-0.0002302546, -0.0002836734, 1), (-0.5003085, -0.0002986919, 0.86584723), (-0.4473175, -0.44730285, 0.77448523), (-0.0001783222, -0.5002424, 0.8658854), (-0.5003617, -0.00024615228, 0.8658164), (-0.8658498, -0.00028749183, 0.50030404), (-0.7744557, -0.44730338, 0.44736785), (-0.4473812, -0.44727963, 0.7744617), (-0.9660332, -0.0003186784, 0.25841793), (-0.8623588, -0.4914887, 0.12155684), (-0.7744908, -0.44728002, 0.44733047), (-0.86588466, -0.00024427474, 0.5002436), (-0.86232185, -0.49154854, 0.121577196), (-0.4915827, -0.8623051, 0.12155778), (-0.44743335, -0.7743978, 0.44733828), (-0.77447724, -0.44735187, 0.4472821), (-0.44738346, -0.7744104, 0.4473661), (-0.44736958, -0.44735608, 0.7744242), (-0.77443725, -0.44733328, 0.44736978), (-0.00022020191, 0.0002888888, -1), (-0.50030136, 0.00029322738, -0.86585134), (-0.4473175, 0.44730285, -0.77448523), (-0.00017999113, 0.50030226, -0.8658508), (-0.50035053, 0.00024187565, -0.86582303), (-0.86584353, 0.00028643757, -0.5003149), (-0.7744504, 0.44730097, -0.4473796), (-0.4473911, 0.44730866, -0.7744392), (-0.96603376, 0.0003250176, -0.25841558), (-0.89532346, 0.36446896, -0.25604355), (-0.77448326, 0.44728658, -0.4473371), (-0.8658851, 0.0002452135, -0.50024295), (-0.8953087, 0.36449605, -0.25605673), (-0.27027643, 0.47746274, -0.83605033), (-0.44739345, 0.774407, -0.4473622), (-0.7744579, 0.44733322, -0.4473344), (-0.00022274256, 0.9660342, -0.25841424), (-0.00019724155, 0.8658645, -0.5002785), (-0.44735616, 0.7744542, -0.44731775), (-0.27026573, 0.4774271, -0.8360741), (-0.00017166138, 0.8658427, -0.50031626), (-0.00021085888, 0.50034034, -0.86582875), (-0.44732744, 0.4473832, -0.77443296), (-0.44733316, 0.77443135, -0.4473803), (-0.44736952, 0.44735613, -0.7744242), (-0.77443725, 0.4473333, -0.44736972), (-0.44738346, 0.7744104, -0.4473661), (-0.00017786026, 0.00032872334, 1), (-0.00020394288, 0.50032586, 0.8658373), (-0.44734251, 0.44727224, 0.77448845), (-0.50028, 0.00026765466, 0.86586374), (-0.0001693219, 0.50035137, 0.86582243), (-0.00018644333, 0.86583245, 0.50033414), (-0.44733223, 0.7744229, 0.44739613), (-0.44733799, 0.44736332, 0.7744384), (-0.00024089369, 0.9660316, 0.25842395), (-0.40810475, 0.7257041, -0.5538991), (-0.44732374, 0.77444935, 0.44735852), (-0.00016501546, 0.8658673, 0.5002737), (-0.40808797, 0.72572076, -0.55388963), (-0.7791281, 0.42053396, -0.46487695), (-0.77446795, 0.4473363, 0.4473136), (-0.44738406, 0.7744361, 0.4473212), (-0.96603024, 0.00032953918, 0.25842884), (-0.8658702, 0.00028338982, 0.50026864), (-0.77448577, 0.44731733, 0.44730192), (-0.7791192, 0.42057568, -0.46485418), (-0.8658372, 0.0002450049, 0.5003258), (-0.5003402, 0.00029417127, 0.8658288), (-0.44740698, 0.44730777, 0.7744306), (-0.77445585, 0.4473114, 0.44735962), (-0.44737297, 0.44735265, 0.7744242), (-0.44738004, 0.77441037, 0.44736952), (-0.77443725, 0.44733667, 0.44736636), (0.00022020191, -0.0002888888, -1), (0.50030136, -0.00029322738, -0.86585134), (0.4473175, -0.44730285, -0.77448523), (0.00017999113, -0.50030226, -0.8658508), (0.50035053, -0.00024187565, -0.86582303), (0.86584353, -0.00028643757, -0.5003149), (0.7744504, -0.44730097, -0.4473796), (0.4473911, -0.44730866, -0.7744392), (0.96603376, -0.0003250176, -0.25841558), (0.89532346, -0.36446896, -0.25604355), (0.77448326, -0.44728658, -0.4473371), (0.8658851, -0.0002452135, -0.50024295), (0.8953087, -0.36449605, -0.25605673), (0.27027643, -0.47746274, -0.83605033), (0.44739345, -0.774407, -0.4473622), (0.7744579, -0.44733322, -0.4473344), (0.00022274256, -0.9660342, -0.25841424), (0.00019724155, -0.8658645, -0.5002785), (0.44735616, -0.7744542, -0.44731775), (0.27026573, -0.4774271, -0.8360741), (0.00017166138, -0.8658427, -0.50031626), (0.00021085888, -0.50034034, -0.86582875), (0.44732744, -0.4473832, -0.77443296), (0.44733316, -0.77443135, -0.4473803), (0.44736952, -0.44735613, -0.7744242), (0.77443725, -0.4473333, -0.44736972), (0.44738346, -0.7744104, -0.4473661), (0.00017786026, -0.00032872334, 1), (0.00020391634, -0.50026536, 0.8658722), (0.44734251, -0.44727224, 0.77448845), (0.50028, -0.00026765466, 0.86586374), (0.0001693219, -0.50035137, 0.86582243), (0.00018644333, -0.86583245, 0.50033414), (0.44733223, -0.7744229, 0.44739613), (0.44733799, -0.44736332, 0.7744384), (0.00024194218, -0.96604127, 0.25838783), (0.40810475, -0.7257041, -0.5538991), (0.44732374, -0.77444935, 0.44735852), (0.00016501546, -0.8658673, 0.5002737), (0.40808797, -0.72572076, -0.55388963), (0.7791281, -0.42053396, -0.46487695), (0.77446795, -0.4473363, 0.4473136), (0.44738406, -0.7744361, 0.4473212), (0.96603024, -0.00032953918, 0.25842884), (0.8658702, -0.00028338982, 0.50026864), (0.77448577, -0.44731733, 0.44730192), (0.7791192, -0.42057568, -0.46485418), (0.8658372, -0.0002450049, 0.5003258), (0.5003402, -0.00029417127, 0.8658288), (0.44740698, -0.44730777, 0.7744306), (0.77445585, -0.4473114, 0.44735962), (0.44737297, -0.44735265, 0.7744242), (0.44738004, -0.77441037, 0.44736952), (0.77443725, -0.44733667, 0.44736636), (0.00017786026, 0.00032872334, -1), (0.00020394288, 0.50032586, -0.8658373), (0.44734251, 0.44727224, -0.77448845), (0.50028, 0.00026765466, -0.86586374), (0.0001693219, 0.50035137, -0.86582243), (0.00018644333, 0.86583245, -0.50033414), (0.44733223, 0.7744229, -0.44739613), (0.44733799, 0.44736332, -0.7744384), (0.00024089369, 0.9660316, -0.25842395), (0.40810475, 0.7257041, 0.5538991), (0.44732374, 0.77444935, -0.44735852), (0.00016501546, 0.8658673, -0.5002737), (0.40808797, 0.72572076, 0.55388963), (0.7791281, 0.42053396, 0.46487695), (0.77446795, 0.4473363, -0.4473136), (0.44738406, 0.7744361, -0.4473212), (0.96603024, 0.00032953918, -0.25842884), (0.8658702, 0.00028338982, -0.50026864), (0.77448577, 0.44731733, -0.44730192), (0.7791192, 0.42057568, 0.46485418), (0.8658372, 0.0002450049, -0.5003258), (0.5003402, 0.00029417127, -0.8658288), (0.44740698, 0.44730777, -0.7744306), (0.77445585, 0.4473114, -0.44735962), (0.44737297, 0.44735265, -0.7744242), (0.44738004, 0.77441037, -0.44736952), (0.77443725, 0.44733667, -0.44736636), (0.00022020191, 0.0002888888, 1), (0.50030136, 0.00029322738, 0.86585134), (0.4473175, 0.44730285, 0.77448523), (0.00017999113, 0.50030226, 0.8658508), (0.50035053, 0.00024187565, 0.86582303), (0.86584353, 0.00028643757, 0.5003149), (0.7744504, 0.44730097, 0.4473796), (0.4473911, 0.44730866, 0.7744392), (0.96603376, 0.0003250176, 0.25841558), (0.89532346, 0.36446896, 0.25604355), (0.77448326, 0.44728658, 0.4473371), (0.8658851, 0.0002452135, 0.50024295), (0.8953087, 0.36449605, 0.25605673), (0.27027643, 0.47746274, 0.83605033), (0.44739345, 0.774407, 0.4473622), (0.7744579, 0.44733322, 0.4473344), (0.00022274256, 0.9660342, 0.25841424), (0.00019724155, 0.8658645, 0.5002785), (0.44735616, 0.7744542, 0.44731775), (0.27026573, 0.4774271, 0.8360741), (0.00017166138, 0.8658427, 0.50031626), (0.00021085888, 0.50034034, 0.86582875), (0.44732744, 0.4473832, 0.77443296), (0.44733316, 0.77443135, 0.4473803), (0.44736952, 0.44735613, 0.7744242), (0.77443725, 0.4473333, 0.44736972), (0.44738346, 0.7744104, 0.4473661), (-0.00024080276, 0.0002872283, -0.99999994), (-0.00024085327, -0.00031930467, -0.99999994), (-0.50027746, -0.00025133137, -0.86586505), (-0.50027746, 0.0002462916, -0.86586505), (-0.5003561, 0.00024780445, -0.8658197), (-0.5003561, -0.00021064628, -0.8658197), (-0.86583936, -0.00024780445, -0.5003221), (-0.86583936, 0.00021064628, -0.5003221), (-0.8658798, 0.00024635074, -0.5002519), (-0.8658798, -0.00021392187, -0.5002519), (-0.96603096, -0.00047920988, -0.25842568), (-0.96603096, 0.00047920938, -0.25842568), (-0.0002194494, -0.9660411, -0.25838828), (-0.0002194494, -0.9660411, 0.25838828), (-0.4914901, -0.86235905, 0.12154927), (-0.491507, -0.8623546, -0.121512994), (-0.49158603, -0.86230516, -0.12154381), (-0.49158603, -0.86230516, 0.12154381), (-0.86232513, -0.49155104, 0.12154381), (-0.86232513, -0.49155104, -0.12154381), (-0.86236906, -0.49147248, -0.12154927), (-0.86236453, -0.4914894, 0.121512994), (-0.96604, -0.00027009845, 0.25839198), (-0.9660304, -0.00030599535, -0.2584278), (-0.00024063885, -0.0002822418, 1), (-0.00024066059, 0.0002821829, 0.99999994), (-0.50027734, 0.00025133134, 0.86586523), (-0.5002774, -0.00021392143, 0.86586523), (-0.500356, -0.00024780445, 0.8658197), (-0.500356, 0.00021064628, 0.8658197), (-0.8658393, 0.00024780445, 0.5003221), (-0.8658393, -0.0002478014, 0.5003221), (-0.8658799, -0.00025133137, 0.5002519), (-0.8658799, 0.00025129196, 0.5002519), (-0.966032, 0.00033544432, 0.25842205), (-0.9660321, -0.00033544563, 0.25842202), (0, 0, 0), (0, 0, 0), (-0.27032843, 0.4774656, -0.8360318), (-0.40812355, 0.7257231, -0.5538601), (-0.4081125, 0.72574306, -0.5538424), (-0.2702931, 0.47746572, -0.8360432), (-0.895299, 0.36451507, -0.25606328), (-0.77916914, 0.4204821, -0.4648552), (-0.7791648, 0.4205467, -0.464804), (-0.89533734, 0.36447644, -0.25598454), (-0.96604, 0.00027666986, -0.25839257), (-0.9660307, 0.00031380355, 0.25842723), (0.0002054261, 0.00033979118, -0.99999994), (-0.00016824387, 0.0003385144, -0.9999999), (-0.00017914294, 0.5002792, -0.8658641), (0.00010452269, 0.5002803, -0.86586344), (0.0001734107, 0.5003468, -0.8658252), (-0.00013630337, 0.5003468, -0.8658252), (-0.00017347022, 0.86583406, -0.5003314), (0.00017346234, 0.86583406, -0.5003314), (0.00017910919, 0.8658814, -0.5002493), (-0.00017915998, 0.8658837, -0.5002453), (-0.00047924, 0.9660311, -0.25842518), (0.00047919745, 0.9660312, -0.2584249), (-0.0002054261, 0.00033979118, 0.99999994), (0.00016824387, 0.0003385144, 0.9999999), (0.00017914294, 0.5002792, 0.8658641), (-0.00010452269, 0.5002803, 0.86586344), (-0.0001734107, 0.5003468, 0.8658252), (0.00013630337, 0.5003468, 0.8658252), (0.00017347022, 0.86583406, 0.5003314), (-0.00017346234, 0.86583406, 0.5003314), (-0.00017910919, 0.8658814, 0.5002493), (0.00017915998, 0.8658837, 0.5002453), (0.00047924, 0.9660311, 0.25842518), (-0.00047919745, 0.9660312, 0.2584249), (0.96604, 0.00027666986, 0.25839257), (0.9660307, 0.00031380355, -0.25842723), (0.7791648, 0.4205467, 0.464804), (0.89533734, 0.36447644, 0.25598454), (0.895299, 0.36451507, 0.25606328), (0.77916914, 0.4204821, 0.4648552), (0.4081125, 0.72574306, 0.5538424), (0.2702931, 0.47746572, 0.8360432), (0.27032843, 0.4774656, 0.8360318), (0.40812355, 0.7257231, 0.5538601), (0, 0, 0), (0, 0, 0), (0.00024080276, -0.0002872283, -0.99999994), (0.00024085327, 0.00031930467, -0.99999994), (0.50027746, 0.00025133137, -0.86586505), (0.50027746, -0.0002462916, -0.86586505), (0.5003561, -0.00024780445, -0.8658197), (0.5003561, 0.00021064628, -0.8658197), (0.86583936, 0.00024780445, -0.5003221), (0.86583936, -0.00021064628, -0.5003221), (0.8658798, -0.00024635074, -0.5002519), (0.8658798, 0.00021392187, -0.5002519), (0.96603096, 0.00047920988, -0.25842568), (0.96603096, -0.00047920938, -0.25842568), (0.00024080276, 0.0002872283, 0.99999994), (0.00024085327, -0.00031930467, 0.99999994), (0.50027746, -0.00025133137, 0.86586505), (0.50027746, 0.0002462916, 0.86586505), (0.5003561, 0.00024780445, 0.8658197), (0.5003561, -0.00021064628, 0.8658197), (0.86583936, -0.00024780445, 0.5003221), (0.86583936, 0.00021064628, 0.5003221), (0.8658798, 0.00024635074, 0.5002519), (0.8658798, -0.00021392187, 0.5002519), (0.96603096, -0.00047920988, 0.25842568), (0.96603096, 0.00047920938, 0.25842568), (0, 0, 0), (0, 0, 0), (0.27032843, -0.4774656, -0.8360318), (0.40812355, -0.7257231, -0.5538601), (0.4081125, -0.72574306, -0.5538424), (0.2702931, -0.47746572, -0.8360432), (0.895299, -0.36451507, -0.25606328), (0.77916914, -0.4204821, -0.4648552), (0.7791648, -0.4205467, -0.464804), (0.89533734, -0.36447644, -0.25598454), (0.96604, -0.00027666986, -0.25839257), (0.9660307, -0.00031380355, 0.25842723), (-0.0002054261, -0.00033979118, -0.99999994), (0.00016824387, -0.0003385144, -0.9999999), (0.00017914294, -0.5002792, -0.8658641), (-0.00010452269, -0.5002803, -0.86586344), (-0.0001734107, -0.5003468, -0.8658252), (0.00013630337, -0.5003468, -0.8658252), (0.00017347022, -0.86583406, -0.5003314), (-0.00017346234, -0.86583406, -0.5003314), (-0.00017910919, -0.8658814, -0.5002493), (0.00017915998, -0.8658837, -0.5002453), (0.00047924, -0.9660311, -0.25842518), (-0.0004791956, -0.96603113, -0.258425), (0.00020543142, -0.00033979118, 0.99999994), (-0.0001682386, -0.0003397512, 0.99999994), (-0.00017912769, -0.50028026, 0.8658635), (0.00017914434, -0.50028026, 0.8658635), (0.00017340266, -0.50036085, 0.865817), (-0.00017346117, -0.50036085, 0.865817), (-0.00017346263, -0.86584216, 0.5003173), (0.00017352117, -0.86584216, 0.5003173), (0.00017915605, -0.8658792, 0.5002532), (-0.00014185895, -0.8658792, 0.5002532), (0, -0.966045, 0.25837386), (0, -0.966045, 0.25837386), (-0.00026889337, 0.000396869, -0.9999999), (0.00026889326, 0.0003968691, -0.9999999), (0.00026889337, -0.000396869, -0.9999999), (-0.00026889326, -0.0003968691, -0.9999999), (-0.9660395, -0.0002849054, -0.25839442), (-0.9660395, -0.0002849085, 0.25839442), (-0.9660395, 0.0002849054, 0.25839442), (-0.9660395, 0.0002849085, -0.25839442), (0.00021060853, -0.9660395, -0.25839448), (0.0001733705, -0.9660519, 0.25834823), (-0.00017342901, -0.9660519, 0.25834823), (-0.00017340155, -0.9660395, -0.2583945), (0.00026889337, 0.000396869, 0.9999999), (-0.00026889326, 0.0003968691, 0.9999999), (-0.00026889337, -0.000396869, 0.9999999), (0.00026889326, -0.0003968691, 0.9999999), (-0.00021060853, 0.9660395, -0.25839448), (-0.00017340155, 0.9660395, 0.2583945), (0.00021060853, 0.9660395, 0.25839448), (0.00017340155, 0.9660395, -0.2583945), (0.9660395, 0.0002849054, -0.25839442), (0.9660395, 0.0002849085, 0.25839442), (0.9660395, -0.0002849054, 0.25839442), (0.9660395, -0.0002849085, -0.25839442)] (
                        interpolation = "faceVarying"
                    )
                    point3f[] points = [(-0.043375, -0.029375, -0.000125), (-0.043375, -0.0295, -1.4551915e-11), (-0.0435, -0.029375, -1.4551915e-11), (-0.043375004, -0.029437419, -0.00010830048), (-0.04343742, -0.029375002, -0.00010830048), (-0.04343478, -0.029434778, -0.00009207908), (-0.04343742, -0.029483302, -1.4551915e-11), (-0.043375004, -0.029483302, -0.00006241801), (-0.04343478, -0.029467082, -0.00005977646), (-0.043483302, -0.029375002, -0.00006241801), (-0.043483302, -0.029437419, -1.4551915e-11), (-0.043467082, -0.029434778, -0.00005977646), (-0.043375, -0.0295, 1.4551915e-11), (-0.043375, -0.029375, 0.000125), (-0.0435, -0.029375, 1.4551915e-11), (-0.043375004, -0.029483302, 0.00006241801), (-0.04343742, -0.029483302, 1.4551915e-11), (-0.04343478, -0.029467082, 0.000059776456), (-0.04343742, -0.029375002, 0.00010830048), (-0.043375004, -0.029437419, 0.00010830048), (-0.04343478, -0.029434778, 0.00009207908), (-0.043483302, -0.029437419, 1.4551915e-11), (-0.043483302, -0.029375002, 0.00006241801), (-0.043467082, -0.029434778, 0.00005977646), (-0.043375, 0.029375, -0.000125), (-0.0435, 0.029375, -1.4551915e-11), (-0.043375, 0.0295, -1.4551915e-11), (-0.04343742, 0.029374998, -0.00010830048), (-0.043375004, 0.029437415, -0.00010830048), (-0.04343478, 0.029434774, -0.00009207908), (-0.043483302, 0.029437415, -1.4551915e-11), (-0.043483302, 0.029374998, -0.00006241801), (-0.043467082, 0.029434774, -0.00005977646), (-0.043375004, 0.029483298, -0.00006241801), (-0.04343742, 0.029483298, -1.4551915e-11), (-0.04343478, 0.029467078, -0.00005977646), (-0.043375, 0.029375, 0.000125), (-0.043375, 0.0295, 1.4551915e-11), (-0.0435, 0.029375, 1.4551915e-11), (-0.043375004, 0.029437419, 0.00010830048), (-0.04343742, 0.029375002, 0.00010830048), (-0.04343478, 0.029434778, 0.00009207908), (-0.04343742, 0.029483302, 1.4551915e-11), (-0.043375004, 0.029483302, 0.00006241801), (-0.04343478, 0.029467082, 0.00005977646), (-0.043483302, 0.029375002, 0.00006241801), (-0.043483302, 0.029437419, 1.4551915e-11), (-0.043467082, 0.029434778, 0.00005977646), (0.043375, -0.029375, -0.000125), (0.0435, -0.029375, -1.4551915e-11), (0.043375, -0.0295, -1.4551915e-11), (0.04343742, -0.029374998, -0.00010830048), (0.043375004, -0.029437415, -0.00010830048), (0.04343478, -0.029434774, -0.00009207908), (0.043483302, -0.029437415, -1.4551915e-11), (0.043483302, -0.029374998, -0.00006241801), (0.043467082, -0.029434774, -0.00005977646), (0.043375004, -0.029483298, -0.00006241801), (0.04343742, -0.029483298, -1.4551915e-11), (0.04343478, -0.029467078, -0.00005977646), (0.043375, -0.029375, 0.000125), (0.043375, -0.0295, 1.4551915e-11), (0.0435, -0.029375, 1.4551915e-11), (0.043375004, -0.029437419, 0.00010830048), (0.04343742, -0.029375002, 0.00010830048), (0.04343478, -0.029434778, 0.00009207908), (0.04343742, -0.029483302, 1.4551915e-11), (0.043375004, -0.029483302, 0.00006241801), (0.04343478, -0.029467082, 0.00005977646), (0.043483302, -0.029375002, 0.00006241801), (0.043483302, -0.029437419, 1.4551915e-11), (0.043467082, -0.029434778, 0.00005977646), (0.043375, 0.029375, -0.000125), (0.043375, 0.0295, -1.4551915e-11), (0.0435, 0.029375, -1.4551915e-11), (0.043375004, 0.029437419, -0.00010830048), (0.04343742, 0.029375002, -0.00010830048), (0.04343478, 0.029434778, -0.00009207908), (0.04343742, 0.029483302, -1.4551915e-11), (0.043375004, 0.029483302, -0.00006241801), (0.04343478, 0.029467082, -0.00005977646), (0.043483302, 0.029375002, -0.00006241801), (0.043483302, 0.029437419, -1.4551915e-11), (0.043467082, 0.029434778, -0.00005977646), (0.043375, 0.029375, 0.000125), (0.0435, 0.029375, 1.4551915e-11), (0.043375, 0.0295, 1.4551915e-11), (0.04343742, 0.029374998, 0.00010830048), (0.043375004, 0.029437415, 0.00010830048), (0.04343478, 0.029434774, 0.00009207908), (0.043483302, 0.029437415, 1.4551915e-11), (0.043483302, 0.029374998, 0.00006241801), (0.043467082, 0.029434774, 0.00005977646), (0.043375004, 0.029483298, 0.00006241801), (0.04343742, 0.029483298, 1.4551915e-11), (0.04343478, 0.029467078, 0.00005977646)]
                    texCoord2f[] primvars:st = [(0.12535919, 0.7494703), (0.12535918, 0.74973476), (0.12518741, 0.7497236), (0.12517981, 0.7494703), (0.12535918, 0.74973476), (0.12535915, 0.75), (0.12518743, 0.75000006), (0.12518741, 0.7497236), (0.49999994, 0.99964064), (0.5, 1), (0.375, 0.9998126), (0.37500003, 0.9996409), (0.5, 0), (0.49999997, 0.0002651744), (0.37500003, 0.00027634203), (0.375, 0), (0.50000006, 0.0005296621), (0.375, 0.0005296618), (0.37500003, 0.00027634203), (0.49999997, 0.0002651744), (0.125, 0.7494704), (0.12517981, 0.7494703), (0.12518741, 0.7497236), (0.12499999, 0.7497236), (0.12518741, 0.7497236), (0.12518743, 0.75000006), (0.12499999, 0.7497236), (0.49999997, 0.99964076), (0.56241804, 0.9996408), (0.5597764, 0.9998125), (0.5, 1), (0.56241804, 0.9996408), (0.62499994, 0.9996408), (0.625, 0.9998125), (0.5597764, 0.9998125), (0.8746408, 0.74947035), (0.87500006, 0.74947035), (0.87481254, 0.74999994), (0.8746408, 0.75000006), (0.625, 0.00052965427), (0.5624181, 0.00052965427), (0.5597765, 0.00027636605), (0.625, 0), (0.50000006, 0.0005296621), (0.5, 0.00026517434), (0.5597765, 0.00027636605), (0.5624181, 0.00052965427), (0.5, 0.00026517434), (0.5, 0), (0.55977654, 0.00013948529), (0.5597765, 0.00027636605), (0.5597764, 0.9998125), (0.625, 0.9998125), (0.5597764, 0.99990535), (0.12535919, 0.5005297), (0.12517981, 0.5005297), (0.12518741, 0.50027645), (0.12535915, 0.5002652), (0.12517981, 0.5005297), (0.125, 0.50052965), (0.125, 0.5002764), (0.12518741, 0.50027645), (0.49999994, 0.24947032), (0.49999997, 0.24973477), (0.37499997, 0.24972358), (0.37499997, 0.24947032), (0.49999997, 0.24973477), (0.49999994, 0.25017983), (0.375, 0.25018743), (0.37499997, 0.24972358), (0.49999994, 0.25035918), (0.37500003, 0.2503592), (0.375, 0.25018743), (0.49999994, 0.25017983), (0.12535918, 0.5), (0.12535915, 0.5002652), (0.12518741, 0.50027645), (0.12518741, 0.49999997), (0.12518741, 0.50027645), (0.125, 0.5002764), (0.12518741, 0.49999997), (0.87464076, 0.5005297), (0.8746408, 0.5), (0.87481254, 0.5), (0.87500006, 0.5005297), (0.625, 0.25035918), (0.562418, 0.2503592), (0.5597764, 0.25018743), (0.62500006, 0.25010476), (0.5, 0.25035918), (0.49999997, 0.2501798), (0.5597764, 0.25018743), (0.562418, 0.2503592), (0.49999997, 0.2501798), (0.50000006, 0.24973483), (0.5597765, 0.24975234), (0.5597764, 0.25018743), (0.5, 0.24947034), (0.56241804, 0.24947037), (0.5597765, 0.24975234), (0.50000006, 0.24973483), (0.56241804, 0.24947037), (0.625, 0.24947034), (0.62500006, 0.25010476), (0.5597765, 0.24975234), (0.62500006, 0.25010476), (0.5597764, 0.25018743), (0.5597765, 0.24975234), (0.37464082, 0.74947035), (0.37482026, 0.74947035), (0.3748126, 0.74972385), (0.3746408, 0.7497347), (0.37482026, 0.74947035), (0.437582, 0.7494703), (0.43517002, 0.74972355), (0.3748126, 0.74972385), (0.49999994, 0.7494703), (0.49999997, 0.74973476), (0.43517002, 0.74972355), (0.437582, 0.7494703), (0.49999997, 0.74973476), (0.49999994, 0.75017977), (0.37493113, 0.75011855), (0.43517002, 0.74972355), (0.49999994, 0.750359), (0.37482005, 0.7501792), (0.37493113, 0.75011855), (0.49999994, 0.75017977), (0.37482005, 0.7501792), (0.3746408, 0.7497347), (0.3748126, 0.74972385), (0.37493113, 0.75011855), (0.3748126, 0.74972385), (0.43517002, 0.74972355), (0.37493113, 0.75011855), (0.6253591, 0.7494703), (0.62517923, 0.75018), (0.6251187, 0.75006884), (0.62517977, 0.7494703), (0.62517923, 0.75018), (0.562418, 0.7503591), (0.5597764, 0.75018734), (0.6251187, 0.75006884), (0.49999997, 0.75035894), (0.49999997, 0.75017977), (0.5597764, 0.75018734), (0.562418, 0.7503591), (0.49999997, 0.75017977), (0.50000006, 0.74973494), (0.5597765, 0.7497524), (0.5597764, 0.75018734), (0.5, 0.7494703), (0.56241804, 0.7494703), (0.5597765, 0.7497524), (0.50000006, 0.74973494), (0.56241804, 0.7494703), (0.62517977, 0.7494703), (0.6251187, 0.75006884), (0.5597765, 0.7497524), (0.6251187, 0.75006884), (0.5597764, 0.75018734), (0.5597765, 0.7497524), (0.37464082, 0.5005297), (0.37464082, 0.5002652), (0.37481257, 0.5002763), (0.37482017, 0.5005297), (0.37464082, 0.5002652), (0.37482002, 0.4998208), (0.37493116, 0.49988142), (0.37481257, 0.5002763), (0.49999994, 0.49964076), (0.49999997, 0.49982014), (0.37493116, 0.49988142), (0.37482002, 0.4998208), (0.49999997, 0.49982014), (0.49999997, 0.50026524), (0.43517005, 0.5002763), (0.37493116, 0.49988142), (0.50000006, 0.50052977), (0.437582, 0.50052965), (0.43517005, 0.5002763), (0.49999997, 0.50026524), (0.437582, 0.50052965), (0.37482017, 0.5005297), (0.37481257, 0.5002763), (0.43517005, 0.5002763), (0.37481257, 0.5002763), (0.37493116, 0.49988142), (0.43517005, 0.5002763), (0.6253591, 0.5005297), (0.62517977, 0.5005297), (0.61302775, 0.500142), (0.62517923, 0.49982002), (0.62517977, 0.5005297), (0.56241804, 0.50052965), (0.5597766, 0.50027645), (0.61302775, 0.500142), (0.50000006, 0.5005297), (0.50000006, 0.5002652), (0.5597766, 0.50027645), (0.56241804, 0.50052965), (0.50000006, 0.5002652), (0.49999997, 0.49982014), (0.5597764, 0.49983782), (0.5597766, 0.50027645), (0.5, 0.4996407), (0.562418, 0.49964082), (0.5597764, 0.49983782), (0.49999997, 0.49982014), (0.562418, 0.49964082), (0.62517923, 0.49982002), (0.61302775, 0.500142), (0.5597764, 0.49983782), (0.61302775, 0.500142), (0.5597766, 0.50027645), (0.5597764, 0.49983782), (0.12535919, 0.5005297), (0.12535919, 0.7494703), (0.12517981, 0.7494703), (0.12517981, 0.5005297), (0.12517981, 0.5005297), (0.12517981, 0.7494703), (0.125, 0.7494704), (0.125, 0.50052965), (0.37499997, 0.24947032), (0.375, 0.0005296618), (0.50000006, 0.0005296621), (0.49999994, 0.24947032), (0.49999994, 0.99964064), (0.49999997, 0.99964076), (0.5, 1), (0.5, 1), (0.5, 0), (0.5, 0), (0.5, 0.00026517434), (0.49999997, 0.0002651744), (0.49999997, 0.0002651744), (0.5, 0.00026517434), (0.50000006, 0.0005296621), (0.50000006, 0.0005296621), (0.8746408, 0.74947035), (0.87464076, 0.5005297), (0.87500006, 0.5005297), (0.87500006, 0.74947035), (0.625, 0.00052965427), (0.625, 0.24947034), (0.56241804, 0.24947037), (0.5624181, 0.00052965427), (0.5624181, 0.00052965427), (0.56241804, 0.24947037), (0.5, 0.24947034), (0.50000006, 0.0005296621), (0.5, 0.25035918), (0.49999994, 0.25035918), (0.49999994, 0.25017983), (0.49999997, 0.2501798), (0.49999997, 0.2501798), (0.49999994, 0.25017983), (0.49999997, 0.24973477), (0.50000006, 0.24973483), (0.50000006, 0.24973483), (0.49999997, 0.24973477), (0.49999994, 0.24947032), (0.5, 0.24947034), (0.37464082, 0.5005297), (0.12535919, 0.5005297), (0.12535915, 0.5002652), (0.37464082, 0.5002652), (0.37464082, 0.5002652), (0.12535915, 0.5002652), (0.12535918, 0.5), (0.37482002, 0.4998208), (0.37482002, 0.4998208), (0.37500003, 0.2503592), (0.49999994, 0.25035918), (0.49999994, 0.49964076), (0.87464076, 0.5005297), (0.6253591, 0.5005297), (0.62517923, 0.49982002), (0.8746408, 0.5), (0.625, 0.25035918), (0.62517923, 0.49982002), (0.562418, 0.49964082), (0.562418, 0.2503592), (0.562418, 0.2503592), (0.562418, 0.49964082), (0.5, 0.4996407), (0.5, 0.25035918), (0.50000006, 0.5005297), (0.50000006, 0.50052977), (0.49999997, 0.50026524), (0.50000006, 0.5002652), (0.50000006, 0.5002652), (0.49999997, 0.50026524), (0.49999997, 0.49982014), (0.49999997, 0.49982014), (0.49999997, 0.49982014), (0.49999997, 0.49982014), (0.49999994, 0.49964076), (0.5, 0.4996407), (0.37464082, 0.74947035), (0.37464082, 0.5005297), (0.37482017, 0.5005297), (0.37482026, 0.74947035), (0.37482026, 0.74947035), (0.37482017, 0.5005297), (0.437582, 0.50052965), (0.437582, 0.7494703), (0.437582, 0.7494703), (0.437582, 0.50052965), (0.50000006, 0.50052977), (0.49999994, 0.7494703), (0.6253591, 0.5005297), (0.6253591, 0.7494703), (0.62517977, 0.7494703), (0.62517977, 0.5005297), (0.62517977, 0.5005297), (0.62517977, 0.7494703), (0.56241804, 0.7494703), (0.56241804, 0.50052965), (0.56241804, 0.50052965), (0.56241804, 0.7494703), (0.5, 0.7494703), (0.50000006, 0.5005297), (0.49999997, 0.75035894), (0.49999994, 0.750359), (0.49999994, 0.75017977), (0.49999997, 0.75017977), (0.49999997, 0.75017977), (0.49999994, 0.75017977), (0.49999997, 0.74973476), (0.50000006, 0.74973494), (0.50000006, 0.74973494), (0.49999997, 0.74973476), (0.49999994, 0.7494703), (0.5, 0.7494703), (0.12535919, 0.7494703), (0.37464082, 0.74947035), (0.3746408, 0.7497347), (0.12535918, 0.74973476), (0.12535918, 0.74973476), (0.3746408, 0.7497347), (0.37482005, 0.7501792), (0.12535915, 0.75), (0.37500003, 0.9996409), (0.37482005, 0.7501792), (0.49999994, 0.750359), (0.49999994, 0.99964064), (0.6253591, 0.7494703), (0.8746408, 0.74947035), (0.8746408, 0.75000006), (0.62517923, 0.75018), (0.62517923, 0.75018), (0.62499994, 0.9996408), (0.56241804, 0.9996408), (0.562418, 0.7503591), (0.562418, 0.7503591), (0.56241804, 0.9996408), (0.49999997, 0.99964076), (0.49999997, 0.75035894), (0.12535919, 0.5005297), (0.37464082, 0.5005297), (0.37464082, 0.74947035), (0.12535919, 0.7494703), (0.50000006, 0.0005296621), (0.50000006, 0.0005296621), (0.5, 0.24947034), (0.49999994, 0.24947032), (0.49999994, 0.750359), (0.49999997, 0.75035894), (0.49999997, 0.99964076), (0.49999994, 0.99964064), (0.6253591, 0.5005297), (0.87464076, 0.5005297), (0.8746408, 0.74947035), (0.6253591, 0.7494703), (0.49999994, 0.25035918), (0.5, 0.25035918), (0.5, 0.4996407), (0.49999994, 0.49964076), (0.50000006, 0.50052977), (0.50000006, 0.5005297), (0.5, 0.7494703), (0.49999994, 0.7494703)] (
                        interpolation = "faceVarying"
                    )
                    uniform token subdivisionScheme = "none"
                    custom string userProperties:blender:data_name = "Cube.101"
                }
            }

            def Xform "Barcode_line_063"
            {
                custom string userProperties:blender:object_name = "Barcode line.063"
                float3 xformOp:rotateXYZ = (0, -0, 4.2688688e-7)
                float3 xformOp:scale = (0.99999994, 0.99999994, 1)
                double3 xformOp:translate = (0.002283749869093299, -0.003999999724328518, 0.0002500005066394806)
                uniform token[] xformOpOrder = ["xformOp:translate", "xformOp:rotateXYZ", "xformOp:scale"]

                def Mesh "Cube_115" (
                    active = true
                    prepend apiSchemas = ["MaterialBindingAPI"]
                )
                {
                    uniform bool doubleSided = 1
                    float3[] extent = [(-0.00045675, -0.008, -0.000065), (0.00045675, 0.008, 0.000065)]
                    int[] faceVertexCounts = [4, 4, 4, 4, 4, 4]
                    int[] faceVertexIndices = [0, 1, 3, 2, 2, 3, 7, 6, 6, 7, 5, 4, 4, 5, 1, 0, 2, 6, 4, 0, 7, 3, 1, 5]
                    rel material:binding = </Asset/_materials/Printed_dark_ink>
                    normal3f[] normals = [(-1, 0, 0), (-1, 0, 0), (-1, 0, 0), (-1, 0, 0), (0, 0.99999994, 0), (0, 0.99999994, 0), (0, 0.99999994, 0), (0, 0.99999994, 0), (1, 0, 0), (1, 0, 0), (1, 0, 0), (1, 0, 0), (0, -0.99999994, 0), (0, -0.99999994, 0), (0, -0.99999994, 0), (0, -0.99999994, 0), (0, 0, -1), (0, 0, -1), (0, 0, -1), (0, 0, -1), (0, 0, 1), (0, 0, 1), (0, 0, 1), (0, 0, 1)] (
                        interpolation = "faceVarying"
                    )
                    point3f[] points = [(-0.00045675, -0.008, -0.000065), (-0.00045675, -0.008, 0.000065), (-0.00045675, 0.008, -0.000065), (-0.00045675, 0.008, 0.000065), (0.00045675, -0.008, -0.000065), (0.00045675, -0.008, 0.000065), (0.00045675, 0.008, -0.000065), (0.00045675, 0.008, 0.000065)]
                    texCoord2f[] primvars:st = [(0.375, 0), (0.625, 0), (0.625, 0.25), (0.375, 0.25), (0.375, 0.25), (0.625, 0.25), (0.625, 0.5), (0.375, 0.5), (0.375, 0.5), (0.625, 0.5), (0.625, 0.75), (0.375, 0.75), (0.375, 0.75), (0.625, 0.75), (0.625, 1), (0.375, 1), (0.125, 0.5), (0.375, 0.5), (0.375, 0.75), (0.125, 0.75), (0.625, 0.5), (0.875, 0.5), (0.875, 0.75), (0.625, 0.75)] (
                        interpolation = "faceVarying"
                    )
                    uniform token subdivisionScheme = "none"
                    custom string userProperties:blender:data_name = "Cube.115"
                }
            }

            def Xform "Print_10__2608__805003"
            {
                custom string userProperties:blender:object_name = "Print_10__2608__805003"
                float3 xformOp:rotateXYZ = (0, -0, 4.2688688e-7)
                float3 xformOp:scale = (0.99999994, 0.99999994, 1)
                double3 xformOp:translate = (-0.035669997334480286, -0.01769999787211418, 0.00019999966025352478)
                uniform token[] xformOpOrder = ["xformOp:translate", "xformOp:rotateXYZ", "xformOp:scale"]

                def Mesh "Printing_017" (
                    active = true
                    prepend apiSchemas = ["MaterialBindingAPI"]
                )
                {
                    uniform bool doubleSided = 1
                    float3[] extent = [(0.00062620005, -0.000027900003, 0), (0.0218116, 0.0021421001, 0)]
                    int[] faceVertexCounts = [3, 3, 3, 3, 3, 3, 3, 3, 3, 3, 3, 3, 3, 3, 3, 3, 3, 3, 3, 3, 3, 3, 3, 3, 3, 3, 3, 3, 3, 3, 3, 3, 3, 3, 3, 3, 3, 3, 3, 3, 3, 3, 3, 3, 3, 3, 3, 3, 3, 3, 3, 3, 3, 3, 3, 3, 3, 3, 3, 3, 3, 3, 3, 3, 3, 3, 3, 3, 3, 3, 3, 3, 3, 3, 3, 3, 3, 3, 3, 3, 3, 3, 3, 3, 3, 3, 3, 3, 3, 3, 3, 3, 3, 3, 3, 3, 3, 3, 3, 3, 3, 3, 3, 3, 3, 3, 3, 3, 3, 3, 3, 3, 3, 3, 3, 3, 3, 3, 3, 3, 3, 3, 3, 3, 3, 3, 3, 3, 3, 3, 3, 3, 3, 3, 3, 3, 3, 3, 3, 3, 3, 3, 3, 3, 3, 3, 3, 3, 3, 3, 3, 3, 3, 3, 3, 3, 3, 3, 3, 3, 3, 3, 3, 3, 3, 3, 3, 3, 3, 3, 3, 3, 3, 3, 3, 3, 3, 3, 3, 3, 3, 3, 3, 3, 3, 3, 3, 3, 3, 3, 3, 3, 3, 3, 3, 3, 3, 3, 3, 3, 3, 3, 3, 3, 3, 3, 3, 3, 3, 3, 3, 3, 3, 3, 3, 3, 3, 3, 3, 3, 3, 3, 3, 3, 3, 3, 3, 3, 3]
                    int[] faceVertexIndices = [25, 23, 24, 26, 23, 25, 0, 1, 26, 1, 23, 26, 1, 2, 23, 2, 3, 23, 3, 22, 23, 4, 22, 3, 4, 21, 22, 5, 21, 4, 6, 21, 5, 6, 20, 21, 7, 20, 6, 7, 19, 20, 8, 19, 7, 8, 18, 19, 9, 18, 8, 9, 17, 18, 10, 17, 9, 14, 12, 13, 11, 17, 10, 14, 11, 12, 14, 17, 11, 14, 16, 17, 15, 16, 14, 30, 41, 29, 41, 28, 29, 30, 40, 41, 42, 28, 41, 31, 40, 30, 42, 27, 28, 31, 39, 40, 35, 27, 42, 32, 39, 31, 32, 38, 39, 36, 27, 35, 36, 34, 27, 32, 37, 38, 37, 34, 36, 33, 37, 32, 37, 33, 34, 46, 57, 45, 57, 44, 45, 46, 56, 57, 58, 44, 57, 47, 56, 46, 58, 43, 44, 47, 55, 56, 51, 43, 58, 48, 55, 47, 48, 54, 55, 52, 43, 51, 52, 50, 43, 48, 53, 54, 53, 50, 52, 49, 53, 48, 53, 49, 50, 61, 75, 60, 75, 59, 60, 75, 76, 59, 61, 74, 75, 61, 73, 74, 61, 62, 73, 62, 72, 73, 63, 72, 62, 63, 71, 72, 64, 71, 63, 68, 66, 67, 65, 71, 64, 68, 65, 66, 68, 71, 65, 68, 70, 71, 69, 70, 68, 80, 91, 79, 91, 78, 79, 80, 90, 91, 92, 78, 91, 81, 90, 80, 92, 77, 78, 81, 89, 90, 85, 77, 92, 82, 89, 81, 82, 88, 89, 86, 77, 85, 86, 84, 77, 82, 87, 88, 87, 84, 86, 83, 87, 82, 87, 83, 84, 100, 98, 99, 101, 114, 100, 114, 115, 100, 115, 98, 100, 115, 116, 98, 116, 97, 98, 101, 113, 114, 109, 97, 116, 101, 112, 113, 102, 112, 101, 110, 97, 109, 110, 96, 97, 102, 111, 112, 111, 96, 110, 111, 95, 96, 103, 111, 102, 103, 95, 111, 104, 95, 103, 104, 123, 95, 123, 94, 95, 104, 122, 123, 124, 94, 123, 124, 93, 94, 105, 122, 104, 105, 121, 122, 117, 93, 124, 105, 120, 121, 118, 93, 117, 106, 120, 105, 118, 108, 93, 119, 108, 118, 106, 119, 120, 106, 108, 119, 107, 108, 106, 132, 130, 131, 133, 146, 132, 146, 147, 132, 147, 130, 132, 147, 148, 130, 148, 129, 130, 133, 145, 146, 141, 129, 148, 133, 144, 145, 134, 144, 133, 142, 129, 141, 142, 128, 129, 134, 143, 144, 143, 128, 142, 143, 127, 128, 135, 143, 134, 135, 127, 143, 136, 127, 135, 136, 155, 127, 155, 126, 127, 136, 154, 155, 156, 126, 155, 156, 125, 126, 137, 154, 136, 137, 153, 154, 149, 125, 156, 137, 152, 153, 150, 125, 149, 138, 152, 137, 150, 140, 125, 151, 140, 150, 138, 151, 152, 138, 140, 151, 139, 140, 138, 160, 171, 159, 171, 158, 159, 160, 170, 171, 172, 158, 171, 161, 170, 160, 172, 157, 158, 161, 169, 170, 165, 157, 172, 162, 169, 161, 162, 168, 169, 166, 157, 165, 166, 164, 157, 162, 167, 168, 167, 164, 166, 163, 167, 162, 167, 163, 164, 174, 185, 173, 174, 184, 185, 174, 183, 184, 175, 183, 174, 182, 180, 181, 183, 180, 182, 175, 187, 183, 187, 180, 183, 187, 188, 180, 188, 189, 180, 189, 179, 180, 175, 186, 187, 190, 179, 189, 175, 193, 186, 176, 193, 175, 191, 179, 190, 191, 178, 179, 176, 192, 193, 192, 178, 191, 176, 178, 192, 177, 178, 176, 200, 198, 199, 201, 198, 200, 201, 204, 198, 204, 205, 198, 205, 197, 198, 202, 203, 201, 203, 204, 201, 206, 197, 205, 206, 196, 197, 207, 196, 206, 208, 196, 207, 209, 196, 208, 209, 195, 196, 210, 195, 209, 210, 194, 195, 210, 212, 194, 211, 212, 210, 216, 227, 215, 227, 214, 215, 216, 226, 227, 228, 214, 227, 217, 226, 216, 228, 213, 214, 217, 225, 226, 221, 213, 228, 218, 225, 217, 218, 224, 225, 222, 213, 221, 222, 220, 213, 218, 223, 224, 223, 220, 222, 219, 223, 218, 223, 219, 220, 231, 229, 230, 231, 232, 229]
                    rel material:binding = </Asset/_materials/Printed_dark_ink>
                    normal3f[] normals = [(0, 0, 0.99999994), (0, 0, 0.99999994), (0, 0, 0.99999994), (0, 0, 1), (0, 0, 1), (0, 0, 1), (0, 0, 1), (0, 0, 1), (0, 0, 1), (0, 0, 1), (0, 0, 1), (0, 0, 1), (0, 0, 1), (0, 0, 1), (0, 0, 1), (0, 0, 1), (0, 0, 1), (0, 0, 1), (0, 0, 0.99999994), (0, 0, 0.99999994), (0, 0, 0.99999994), (0, 0, 1), (0, 0, 1), (0, 0, 1), (0, 0, 1), (0, 0, 1), (0, 0, 1), (0, 0, 1), (0, 0, 1), (0, 0, 1), (0, 0, 1), (0, 0, 1), (0, 0, 1), (0, 0, 1), (0, 0, 1), (0, 0, 1), (0, 0, 1), (0, 0, 1), (0, 0, 1), (0, 0, 1), (0, 0, 1), (0, 0, 1), (0, 0, 1), (0, 0, 1), (0, 0, 1), (0, 0, 1), (0, 0, 1), (0, 0, 1), (0, 0, 1), (0, 0, 1), (0, 0, 1), (0, 0, 1), (0, 0, 1), (0, 0, 1), (0, 0, 1), (0, 0, 1), (0, 0, 1), (0, 0, 0.99999994), (0, 0, 0.99999994), (0, 0, 0.99999994), (0, 0, 1), (0, 0, 1), (0, 0, 1), (0, 0, 1), (0, 0, 1), (0, 0, 1), (0, 0, 1), (0, 0, 1), (0, 0, 1), (0, 0, 1), (0, 0, 1), (0, 0, 1), (0, 0, 1), (0, 0, 1), (0, 0, 1), (0, 0, 1), (0, 0, 1), (0, 0, 1), (0, 0, 1), (0, 0, 1), (0, 0, 1), (0, 0, 1), (0, 0, 1), (0, 0, 1), (0, 0, 0.99999994), (0, 0, 0.99999994), (0, 0, 0.99999994), (0, 0, 1), (0, 0, 1), (0, 0, 1), (0, 0, 1), (0, 0, 1), (0, 0, 1), (0, 0, 0.99999994), (0, 0, 0.99999994), (0, 0, 0.99999994), (0, 0, 0.99999994), (0, 0, 0.99999994), (0, 0, 0.99999994), (0, 0, 1), (0, 0, 1), (0, 0, 1), (0, 0, 0.99999994), (0, 0, 0.99999994), (0, 0, 0.99999994), (0, 0, 1), (0, 0, 1), (0, 0, 1), (0, 0, 1), (0, 0, 1), (0, 0, 1), (0, 0, 0.99999994), (0, 0, 0.99999994), (0, 0, 0.99999994), (0, 0, 1), (0, 0, 1), (0, 0, 1), (0, 0, 1), (0, 0, 1), (0, 0, 1), (0, 0, 0.99999994), (0, 0, 0.99999994), (0, 0, 0.99999994), (0, 0, 1), (0, 0, 1), (0, 0, 1), (0, 0, 1), (0, 0, 1), (0, 0, 1), (0, 0, 1), (0, 0, 1), (0, 0, 1), (0, 0, 0.99999994), (0, 0, 0.99999994), (0, 0, 0.99999994), (0, 0, 1), (0, 0, 1), (0, 0, 1), (0, 0, 1), (0, 0, 1), (0, 0, 1), (0, 0, 0.99999994), (0, 0, 0.99999994), (0, 0, 0.99999994), (0, 0, 0.99999994), (0, 0, 0.99999994), (0, 0, 0.99999994), (0, 0, 1), (0, 0, 1), (0, 0, 1), (0, 0, 0.99999994), (0, 0, 0.99999994), (0, 0, 0.99999994), (0, 0, 1), (0, 0, 1), (0, 0, 1), (0, 0, 1), (0, 0, 1), (0, 0, 1), (0, 0, 0.99999994), (0, 0, 0.99999994), (0, 0, 0.99999994), (0, 0, 1), (0, 0, 1), (0, 0, 1), (0, 0, 1), (0, 0, 1), (0, 0, 1), (0, 0, 0.99999994), (0, 0, 0.99999994), (0, 0, 0.99999994), (0, 0, 1), (0, 0, 1), (0, 0, 1), (0, 0, 1), (0, 0, 1), (0, 0, 1), (0, 0, 1), (0, 0, 1), (0, 0, 1), (0, 0, 1), (0, 0, 1), (0, 0, 1), (0, 0, 0.99999994), (0, 0, 0.99999994), (0, 0, 0.99999994), (0, 0, 0.99999994), (0, 0, 0.99999994), (0, 0, 0.99999994), (0, 0, 1), (0, 0, 1), (0, 0, 1), (0, 0, 1), (0, 0, 1), (0, 0, 1), (0, 0, 1), (0, 0, 1), (0, 0, 1), (0, 0, 1), (0, 0, 1), (0, 0, 1), (0, 0, 1), (0, 0, 1), (0, 0, 1), (0, 0, 1), (0, 0, 1), (0, 0, 1), (0, 0, 1), (0, 0, 1), (0, 0, 1), (0, 0, 0.99999994), (0, 0, 0.99999994), (0, 0, 0.99999994), (0, 0, 1), (0, 0, 1), (0, 0, 1), (0, 0, 1), (0, 0, 1), (0, 0, 1), (0, 0, 1), (0, 0, 1), (0, 0, 1), (0, 0, 1), (0, 0, 1), (0, 0, 1), (0, 0, 1), (0, 0, 1), (0, 0, 1), (0, 0, 1), (0, 0, 1), (0, 0, 1), (0, 0, 1), (0, 0, 1), (0, 0, 1), (0, 0, 1), (0, 0, 1), (0, 0, 1), (0, 0, 1), (0, 0, 1), (0, 0, 1), (0, 0, 0.99999994), (0, 0, 0.99999994), (0, 0, 0.99999994), (0, 0, 1), (0, 0, 1), (0, 0, 1), (0, 0, 1), (0, 0, 1), (0, 0, 1), (0, 0, 0.99999994), (0, 0, 0.99999994), (0, 0, 0.99999994), (0, 0, 1), (0, 0, 1), (0, 0, 1), (0, 0, 0.99999994), (0, 0, 0.99999994), (0, 0, 0.99999994), (0, 0, 0.99999994), (0, 0, 0.99999994), (0, 0, 0.99999994), (0, 0, 1), (0, 0, 1), (0, 0, 1), (0, 0, 1), (0, 0, 1), (0, 0, 1), (0, 0, 1), (0, 0, 1), (0, 0, 1), (0, 0, 1), (0, 0, 1), (0, 0, 1), (0, 0, 1), (0, 0, 1), (0, 0, 1), (0, 0, 0.99999994), (0, 0, 0.99999994), (0, 0, 0.99999994), (0, 0, 1), (0, 0, 1), (0, 0, 1), (0, 0, 1), (0, 0, 1), (0, 0, 1), (0, 0, 1), (0, 0, 1), (0, 0, 1), (0, 0, 1), (0, 0, 1), (0, 0, 1), (0, 0, 1), (0, 0, 1), (0, 0, 1), (0, 0, 1), (0, 0, 1), (0, 0, 1), (0, 0, 1), (0, 0, 1), (0, 0, 1), (0, 0, 1), (0, 0, 1), (0, 0, 1), (0, 0, 1), (0, 0, 1), (0, 0, 1), (0, 0, 1), (0, 0, 1), (0, 0, 1), (0, 0, 1), (0, 0, 1), (0, 0, 1), (0, 0, 1), (0, 0, 1), (0, 0, 1), (0, 0, 1), (0, 0, 1), (0, 0, 1), (0, 0, 1), (0, 0, 1), (0, 0, 1), (0, 0, 1), (0, 0, 1), (0, 0, 1), (0, 0, 1), (0, 0, 1), (0, 0, 1), (0, 0, 1), (0, 0, 1), (0, 0, 1), (0, 0, 1), (0, 0, 1), (0, 0, 1), (0, 0, 1), (0, 0, 1), (0, 0, 1), (0, 0, 1), (0, 0, 1), (0, 0, 1), (0, 0, 1), (0, 0, 1), (0, 0, 1), (0, 0, 1), (0, 0, 1), (0, 0, 1), (0, 0, 1), (0, 0, 1), (0, 0, 1), (0, 0, 1), (0, 0, 1), (0, 0, 1), (0, 0, 1), (0, 0, 1), (0, 0, 1), (0, 0, 1), (0, 0, 1), (0, 0, 1), (0, 0, 1), (0, 0, 1), (0, 0, 1), (0, 0, 1), (0, 0, 1), (0, 0, 1), (0, 0, 1), (0, 0, 1), (0, 0, 1), (0, 0, 1), (0, 0, 1), (0, 0, 1), (0, 0, 1), (0, 0, 1), (0, 0, 1), (0, 0, 1), (0, 0, 1), (0, 0, 1), (0, 0, 1), (0, 0, 1), (0, 0, 1), (0, 0, 1), (0, 0, 1), (0, 0, 1), (0, 0, 1), (0, 0, 1), (0, 0, 1), (0, 0, 1), (0, 0, 1), (0, 0, 1), (0, 0, 0.99999994), (0, 0, 0.99999994), (0, 0, 0.99999994), (0, 0, 1), (0, 0, 1), (0, 0, 1), (0, 0, 1), (0, 0, 1), (0, 0, 1), (0, 0, 0.99999994), (0, 0, 0.99999994), (0, 0, 0.99999994), (0, 0, 1), (0, 0, 1), (0, 0, 1), (0, 0, 1), (0, 0, 1), (0, 0, 1), (0, 0, 1), (0, 0, 1), (0, 0, 1), (0, 0, 1), (0, 0, 1), (0, 0, 1), (0, 0, 0.99999994), (0, 0, 0.99999994), (0, 0, 0.99999994), (0, 0, 1), (0, 0, 1), (0, 0, 1), (0, 0, 1), (0, 0, 1), (0, 0, 1), (0, 0, 1), (0, 0, 1), (0, 0, 1), (0, 0, 1), (0, 0, 1), (0, 0, 1), (0, 0, 1), (0, 0, 1), (0, 0, 1), (0, 0, 1), (0, 0, 1), (0, 0, 1), (0, 0, 1), (0, 0, 1), (0, 0, 1), (0, 0, 1), (0, 0, 1), (0, 0, 1), (0, 0, 1), (0, 0, 1), (0, 0, 1), (0, 0, 1), (0, 0, 1), (0, 0, 1), (0, 0, 1), (0, 0, 1), (0, 0, 1), (0, 0, 1), (0, 0, 1), (0, 0, 1), (0, 0, 1), (0, 0, 1), (0, 0, 1), (0, 0, 1), (0, 0, 1), (0, 0, 1), (0, 0, 1), (0, 0, 1), (0, 0, 1), (0, 0, 1), (0, 0, 1), (0, 0, 1), (0, 0, 1), (0, 0, 1), (0, 0, 1), (0, 0, 1), (0, 0, 1), (0, 0, 1), (0, 0, 1), (0, 0, 1), (0, 0, 1), (0, 0, 1), (0, 0, 1), (0, 0, 1), (0, 0, 1), (0, 0, 1), (0, 0, 1), (0, 0, 1), (0, 0, 1), (0, 0, 1), (0, 0, 1), (0, 0, 1), (0, 0, 1), (0, 0, 1), (0, 0, 1), (0, 0, 1), (0, 0, 1), (0, 0, 1), (0, 0, 1), (0, 0, 1), (0, 0, 1), (0, 0, 1), (0, 0, 0.99999994), (0, 0, 0.99999994), (0, 0, 0.99999994), (0, 0, 1), (0, 0, 1), (0, 0, 1), (0, 0, 0.99999994), (0, 0, 0.99999994), (0, 0, 0.99999994), (0, 0, 1), (0, 0, 1), (0, 0, 1), (0, 0, 1), (0, 0, 1), (0, 0, 1), (0, 0, 0.99999994), (0, 0, 0.99999994), (0, 0, 0.99999994), (0, 0, 1), (0, 0, 1), (0, 0, 1), (0, 0, 1), (0, 0, 1), (0, 0, 1), (0, 0, 1), (0, 0, 1), (0, 0, 1), (0, 0, 1), (0, 0, 1), (0, 0, 1), (0, 0, 1), (0, 0, 1), (0, 0, 1), (0, 0, 1), (0, 0, 1), (0, 0, 1), (0, 0, 1), (0, 0, 1), (0, 0, 1), (0, 0, 1), (0, 0, 1), (0, 0, 1), (0, 0, 1), (0, 0, 1), (0, 0, 1), (0, 0, 1), (0, 0, 1), (0, 0, 1), (0, 0, 1), (0, 0, 1), (0, 0, 1), (0, 0, 1), (0, 0, 1), (0, 0, 1), (0, 0, 1), (0, 0, 1), (0, 0, 1), (0, 0, 1), (0, 0, 1), (0, 0, 1), (0, 0, 1), (0, 0, 1), (0, 0, 1), (0, 0, 1), (0, 0, 1), (0, 0, 1), (0, 0, 1), (0, 0, 1), (0, 0, 1), (0, 0, 1), (0, 0, 1), (0, 0, 1), (0, 0, 1), (0, 0, 1), (0, 0, 1), (0, 0, 1), (0, 0, 1), (0, 0, 1), (0, 0, 1), (0, 0, 1), (0, 0, 1), (0, 0, 1), (0, 0, 1), (0, 0, 1), (0, 0, 1), (0, 0, 1), (0, 0, 1), (0, 0, 1), (0, 0, 1), (0, 0, 1), (0, 0, 0.99999994), (0, 0, 0.99999994), (0, 0, 0.99999994), (0, 0, 1), (0, 0, 1), (0, 0, 1), (0, 0, 1), (0, 0, 1), (0, 0, 1), (0, 0, 1), (0, 0, 1), (0, 0, 1), (0, 0, 1), (0, 0, 1), (0, 0, 1), (0, 0, 1), (0, 0, 1), (0, 0, 1), (0, 0, 1), (0, 0, 1), (0, 0, 1), (0, 0, 1), (0, 0, 1), (0, 0, 1), (0, 0, 1), (0, 0, 1), (0, 0, 1), (0, 0, 1), (0, 0, 1), (0, 0, 1), (0, 0, 1), (0, 0, 1), (0, 0, 1), (0, 0, 1), (0, 0, 1), (0, 0, 1), (0, 0, 0.99999994), (0, 0, 0.99999994), (0, 0, 0.99999994), (0, 0, 1), (0, 0, 1), (0, 0, 1), (0, 0, 1), (0, 0, 1), (0, 0, 1), (0, 0, 1), (0, 0, 1), (0, 0, 1), (0, 0, 1), (0, 0, 1), (0, 0, 1), (0, 0, 1), (0, 0, 1), (0, 0, 1), (0, 0, 1), (0, 0, 1), (0, 0, 1), (0, 0, 1), (0, 0, 1), (0, 0, 1), (0, 0, 1), (0, 0, 1), (0, 0, 1), (0, 0, 0.99999994), (0, 0, 0.99999994), (0, 0, 0.99999994), (0, 0, 1), (0, 0, 1), (0, 0, 1), (0, 0, 1), (0, 0, 1), (0, 0, 1), (0, 0, 1), (0, 0, 1), (0, 0, 1), (0, 0, 1), (0, 0, 1), (0, 0, 1), (0, 0, 1), (0, 0, 1), (0, 0, 1), (0, 0, 1), (0, 0, 1), (0, 0, 1), (0, 0, 1), (0, 0, 1), (0, 0, 1), (0, 0, 1), (0, 0, 1), (0, 0, 1), (0, 0, 1), (0, 0, 1), (0, 0, 1), (0, 0, 1), (0, 0, 1), (0, 0, 1), (0, 0, 1), (0, 0, 1), (0, 0, 1), (0, 0, 1), (0, 0, 1), (0, 0, 1), (0, 0, 1), (0, 0, 1), (0, 0, 1)] (
                        interpolation = "faceVarying"
                    )
                    point3f[] points = [(0.0207483, 0.0017639, 0), (0.020939725, 0.0018332627, 0), (0.0211079, 0.0018538003, 0), (0.021374501, 0.0017689377, 0), (0.0214737, 0.0015376001, 0), (0.021369075, 0.0013120751, 0), (0.0210552, 0.0012307, 0), (0.0210552, 0.0009517001, 0), (0.021394264, 0.0008587001, 0), (0.021507801, 0.0005983, 0), (0.021415189, 0.00035262504, 0), (0.021166801, 0.00026040003, 0), (0.020933526, 0.00030031253, 0), (0.0206956, 0.00042160004, 0), (0.0206956, 0.00009300001, 0), (0.020922676, 0.0000034875047, 0), (0.021145102, -0.000027900003, 0), (0.021624826, 0.00015112502, 0), (0.0218116, 0.0006138001, 0), (0.02173875, 0.00092186255, 0), (0.021507801, 0.0011160001, 0), (0.021714726, 0.0013043251, 0), (0.021777501, 0.0015903001, 0), (0.021607775, 0.0019917502, 0), (0.0211544, 0.0021421001, 0), (0.020939726, 0.0021204003, 0), (0.0207483, 0.0020522003, 0), (0.0204042, 0.0010571001, 0), (0.02021665, 0.0018437251, 0), (0.0197222, 0.0021421001, 0), (0.01922775, 0.0018437251, 0), (0.0190402, 0.0010571001, 0), (0.01922775, 0.00027047505, 0), (0.0197222, -0.000027900003, 0), (0.02021665, 0.00027047502, 0), (0.020100402, 0.0010571001, 0), (0.019999651, 0.00047275005, 0), (0.0197222, 0.00026040003, 0), (0.01944475, 0.00047275005, 0), (0.019344, 0.0010571001, 0), (0.01944475, 0.0016414502, 0), (0.0197222, 0.0018538003, 0), (0.019999651, 0.0016414502, 0), (0.018854199, 0.0010571001, 0), (0.01866665, 0.0018437251, 0), (0.0181722, 0.0021421001, 0), (0.01767775, 0.0018437251, 0), (0.0174902, 0.0010571001, 0), (0.01767775, 0.00027047505, 0), (0.0181722, -0.000027900003, 0), (0.01866665, 0.00027047502, 0), (0.018550402, 0.0010571001, 0), (0.018449651, 0.00047275005, 0), (0.0181722, 0.00026040003, 0), (0.01789475, 0.00047275005, 0), (0.017794, 0.0010571001, 0), (0.01789475, 0.0016414502, 0), (0.0181722, 0.0018538003, 0), (0.018449651, 0.0016414502, 0), (0.0170996, 0.0021142003, 0), (0.0161603, 0.0021142003, 0), (0.0161603, 0.0010137002, 0), (0.016705126, 0.00097068754, 0), (0.0169012, 0.00064170005, 0), (0.016772162, 0.00037316256, 0), (0.0164641, 0.00026040003, 0), (0.016231988, 0.00029953753, 0), (0.0160022, 0.00041540002, 0), (0.0160022, 0.0001023, 0), (0.016257951, 0.0000023249959, 0), (0.016513702, -0.000027900003, 0), (0.017009314, 0.000163525, 0), (0.017205002, 0.00064790004, 0), (0.016999627, 0.0011365376, 0), (0.0164362, 0.0013113001, 0), (0.0164362, 0.0018414002, 0), (0.0170996, 0.0018414002, 0), (0.0157542, 0.0010571001, 0), (0.015566651, 0.0018437251, 0), (0.0150722, 0.0021421001, 0), (0.014577751, 0.0018437251, 0), (0.014390201, 0.0010571001, 0), (0.014577751, 0.00027047505, 0), (0.0150722, -0.000027900003, 0), (0.015566651, 0.00027047502, 0), (0.015450401, 0.0010571001, 0), (0.015349651, 0.00047275005, 0), (0.0150722, 0.00026040003, 0), (0.01479475, 0.00047275005, 0), (0.014694, 0.0010571001, 0), (0.01479475, 0.0016414502, 0), (0.0150722, 0.0018538003, 0), (0.015349651, 0.0016414502, 0), (0.014198001, 0.00057040004, 0), (0.014123987, 0.0008664501, 0), (0.0139035005, 0.0010788001, 0), (0.014102676, 0.0012884376, 0), (0.014167001, 0.0015283001, 0), (0.013989138, 0.0019665626, 0), (0.0135439, 0.0021421001, 0), (0.013081612, 0.0019685002, 0), (0.0128959995, 0.0015345002, 0), (0.012962262, 0.0012822376, 0), (0.013147101, 0.0010788001, 0), (0.012921188, 0.00086567504, 0), (0.012846401, 0.0005735, 0), (0.01304325, 0.00014608752, 0), (0.0135284, -0.000027900003, 0), (0.014005026, 0.0001445375, 0), (0.0138632, 0.0015345002, 0), (0.013765938, 0.0013124626, 0), (0.0135315, 0.0012183001, 0), (0.013298226, 0.0013144001, 0), (0.0131998, 0.0015407001, 0), (0.013293187, 0.0017681627, 0), (0.0135377, 0.0018538003, 0), (0.013771363, 0.0017627378, 0), (0.0138942, 0.00059520005, 0), (0.013800038, 0.00036153756, 0), (0.0135222, 0.00026040003, 0), (0.013254825, 0.00035456254, 0), (0.0131502, 0.00059520005, 0), (0.013253275, 0.00083699997, 0), (0.0135284, 0.00093000004, 0), (0.013791513, 0.00083467504, 0), (0.0109244, 0.00057040004, 0), (0.010850388, 0.0008664501, 0), (0.0106299, 0.0010788001, 0), (0.010829075, 0.0012884376, 0), (0.0108934, 0.0015283001, 0), (0.010715538, 0.0019665626, 0), (0.0102703, 0.0021421001, 0), (0.009808013, 0.0019685002, 0), (0.009622401, 0.0015345002, 0), (0.009688663, 0.0012822376, 0), (0.0098735, 0.0010788001, 0), (0.009647587, 0.00086567504, 0), (0.0095728, 0.0005735, 0), (0.00976965, 0.00014608752, 0), (0.0102548, -0.000027900003, 0), (0.010731425, 0.0001445375, 0), (0.0105896, 0.0015345002, 0), (0.010492338, 0.0013124626, 0), (0.010257901, 0.0012183001, 0), (0.010024625, 0.0013144001, 0), (0.0099262, 0.0015407001, 0), (0.010019587, 0.0017681627, 0), (0.0102641005, 0.0018538003, 0), (0.010497762, 0.0017627378, 0), (0.010620601, 0.00059520005, 0), (0.010526438, 0.00036153756, 0), (0.0102486005, 0.00026040003, 0), (0.009981225, 0.00035456254, 0), (0.0098766005, 0.00059520005, 0), (0.0099796755, 0.00083699997, 0), (0.0102548, 0.00093000004, 0), (0.010517913, 0.00083467504, 0), (0.0093806, 0.0010571001, 0), (0.009193051, 0.0018437251, 0), (0.0086986, 0.0021421001, 0), (0.00820415, 0.0018437251, 0), (0.0080166, 0.0010571001, 0), (0.00820415, 0.00027047505, 0), (0.0086986, -0.000027900003, 0), (0.009193051, 0.00027047502, 0), (0.0090768, 0.0010571001, 0), (0.00897605, 0.00047275005, 0), (0.0086986, 0.00026040003, 0), (0.00842115, 0.00047275005, 0), (0.0083204005, 0.0010571001, 0), (0.00842115, 0.0016414502, 0), (0.0086986, 0.0018538003, 0), (0.00897605, 0.0016414502, 0), (0.0073563, 0.0021421001, 0), (0.0067273877, 0.0014938125, 0), (0.0065099997, 0.0007223, 0), (0.0066987122, 0.00017979997, 0), (0.007192, -0.000027900003, 0), (0.0076302625, 0.0001592625, 0), (0.0078151, 0.00060450006, 0), (0.0076457625, 0.0010443126, 0), (0.007223, 0.0012214001, 0), (0.0070362254, 0.0011942751, 0), (0.0068913004, 0.0011346001, 0), (0.0071362, 0.0015674377, 0), (0.0075392, 0.0019096002, 0), (0.0068262, 0.0008215001, 0), (0.0069947625, 0.0009098501, 0), (0.007161, 0.0009331001, 0), (0.007411713, 0.0008401001, 0), (0.0075113005, 0.0006076, 0), (0.0074179126, 0.00035611252, 0), (0.007173401, 0.00026040003, 0), (0.0068870382, 0.00041075004, 0), (0.0062682005, 0.0002883, 0), (0.0054591005, 0.0002883, 0), (0.0059644002, 0.00096642505, 0), (0.0061163004, 0.0014818001, 0), (0.005936888, 0.0019584252, 0), (0.0054715, 0.0021421001, 0), (0.00522195, 0.0020925002, 0), (0.0049724, 0.0019406002, 0), (0.0049724, 0.0015593001, 0), (0.005218075, 0.0017832752, 0), (0.0054498003, 0.0018445002, 0), (0.0057090377, 0.0017332877, 0), (0.0058125, 0.0014477001, 0), (0.0057753003, 0.001219075, 0), (0.0056637004, 0.0009951, 0), (0.0053161127, 0.0004991, 0), (0.004929, 0.000021700002, 0), (0.004929, 0, 0), (0.0062682005, 0, 0), (0.003007, 0.0010571001, 0), (0.00281945, 0.0018437251, 0), (0.002325, 0.0021421001, 0), (0.00183055, 0.0018437251, 0), (0.0016429999, 0.0010571001, 0), (0.00183055, 0.00027047505, 0), (0.002325, -0.000027900003, 0), (0.00281945, 0.00027047502, 0), (0.0027032, 0.0010571001, 0), (0.00260245, 0.00047275005, 0), (0.002325, 0.00026040003, 0), (0.0020475502, 0.00047275005, 0), (0.0019468002, 0.0010571001, 0), (0.0020475502, 0.0016414502, 0), (0.002325, 0.0018538003, 0), (0.00260245, 0.0016414502, 0), (0.00093000004, 0.0021142003, 0), (0.00062620005, 0.0021142003, 0), (0.00062620005, 0, 0), (0.00093000004, 0, 0)]
                    texCoord2f[] primvars:st = [(0.96153843, 0), (0.88461536, 0), (0.9230769, 0), (1, 0), (0.88461536, 0), (0.96153843, 0), (0, 0), (0.03846154, 0), (1, 0), (0.03846154, 0), (0.88461536, 0), (1, 0), (0.03846154, 0), (0.07692308, 0), (0.88461536, 0), (0.07692308, 0), (0.115384616, 0), (0.88461536, 0), (0.115384616, 0), (0.84615386, 0), (0.88461536, 0), (0.15384616, 0), (0.84615386, 0), (0.115384616, 0), (0.15384616, 0), (0.8076923, 0), (0.84615386, 0), (0.1923077, 0), (0.8076923, 0), (0.15384616, 0), (0.23076923, 0), (0.8076923, 0), (0.1923077, 0), (0.23076923, 0), (0.7692308, 0), (0.8076923, 0), (0.26923078, 0), (0.7692308, 0), (0.23076923, 0), (0.26923078, 0), (0.7307692, 0), (0.7692308, 0), (0.30769232, 0), (0.7307692, 0), (0.26923078, 0), (0.30769232, 0), (0.6923077, 0), (0.7307692, 0), (0.34615386, 0), (0.6923077, 0), (0.30769232, 0), (0.34615386, 0), (0.65384614, 0), (0.6923077, 0), (0.3846154, 0), (0.65384614, 0), (0.34615386, 0), (0.53846157, 0), (0.46153846, 0), (0.5, 0), (0.42307693, 0), (0.65384614, 0), (0.3846154, 0), (0.53846157, 0), (0.42307693, 0), (0.46153846, 0), (0.53846157, 0), (0.65384614, 0), (0.42307693, 0), (0.53846157, 0), (0.61538464, 0), (0.65384614, 0), (0.5769231, 0), (0.61538464, 0), (0.53846157, 0), (0.2, 0), (0.93333334, 0), (0.13333334, 0), (0.93333334, 0), (0.06666667, 0), (0.13333334, 0), (0.2, 0), (0.8666667, 0), (0.93333334, 0), (1, 0), (0.06666667, 0), (0.93333334, 0), (0.26666668, 0), (0.8666667, 0), (0.2, 0), (1, 0), (0, 0), (0.06666667, 0), (0.26666668, 0), (0.8, 0), (0.8666667, 0), (0.53333336, 0), (0, 0), (1, 0), (0.33333334, 0), (0.8, 0), (0.26666668, 0), (0.33333334, 0), (0.73333335, 0), (0.8, 0), (0.6, 0), (0, 0), (0.53333336, 0), (0.6, 0), (0.46666667, 0), (0, 0), (0.33333334, 0), (0.6666667, 0), (0.73333335, 0), (0.6666667, 0), (0.46666667, 0), (0.6, 0), (0.4, 0), (0.6666667, 0), (0.33333334, 0), (0.6666667, 0), (0.4, 0), (0.46666667, 0), (0.2, 0), (0.93333334, 0), (0.13333334, 0), (0.93333334, 0), (0.06666667, 0), (0.13333334, 0), (0.2, 0), (0.8666667, 0), (0.93333334, 0), (1, 0), (0.06666667, 0), (0.93333334, 0), (0.26666668, 0), (0.8666667, 0), (0.2, 0), (1, 0), (0, 0), (0.06666667, 0), (0.26666668, 0), (0.8, 0), (0.8666667, 0), (0.53333336, 0), (0, 0), (1, 0), (0.33333334, 0), (0.8, 0), (0.26666668, 0), (0.33333334, 0), (0.73333335, 0), (0.8, 0), (0.6, 0), (0, 0), (0.53333336, 0), (0.6, 0), (0.46666667, 0), (0, 0), (0.33333334, 0), (0.6666667, 0), (0.73333335, 0), (0.6666667, 0), (0.46666667, 0), (0.6, 0), (0.4, 0), (0.6666667, 0), (0.33333334, 0), (0.6666667, 0), (0.4, 0), (0.46666667, 0), (0.11764706, 0), (0.9411765, 0), (0.05882353, 0), (0.9411765, 0), (0, 0), (0.05882353, 0), (0.9411765, 0), (1, 0), (0, 0), (0.11764706, 0), (0.88235295, 0), (0.9411765, 0), (0.11764706, 0), (0.8235294, 0), (0.88235295, 0), (0.11764706, 0), (0.1764706, 0), (0.8235294, 0), (0.1764706, 0), (0.7647059, 0), (0.8235294, 0), (0.23529412, 0), (0.7647059, 0), (0.1764706, 0), (0.23529412, 0), (0.7058824, 0), (0.7647059, 0), (0.29411766, 0), (0.7058824, 0), (0.23529412, 0), (0.5294118, 0), (0.4117647, 0), (0.47058824, 0), (0.3529412, 0), (0.7058824, 0), (0.29411766, 0), (0.5294118, 0), (0.3529412, 0), (0.4117647, 0), (0.5294118, 0), (0.7058824, 0), (0.3529412, 0), (0.5294118, 0), (0.64705884, 0), (0.7058824, 0), (0.5882353, 0), (0.64705884, 0), (0.5294118, 0), (0.2, 0), (0.93333334, 0), (0.13333334, 0), (0.93333334, 0), (0.06666667, 0), (0.13333334, 0), (0.2, 0), (0.8666667, 0), (0.93333334, 0), (1, 0), (0.06666667, 0), (0.93333334, 0), (0.26666668, 0), (0.8666667, 0), (0.2, 0), (1, 0), (0, 0), (0.06666667, 0), (0.26666668, 0), (0.8, 0), (0.8666667, 0), (0.53333336, 0), (0, 0), (1, 0), (0.33333334, 0), (0.8, 0), (0.26666668, 0), (0.33333334, 0), (0.73333335, 0), (0.8, 0), (0.6, 0), (0, 0), (0.53333336, 0), (0.6, 0), (0.46666667, 0), (0, 0), (0.33333334, 0), (0.6666667, 0), (0.73333335, 0), (0.6666667, 0), (0.46666667, 0), (0.6, 0), (0.4, 0), (0.6666667, 0), (0.33333334, 0), (0.6666667, 0), (0.4, 0), (0.46666667, 0), (0.22580644, 0), (0.16129032, 0), (0.19354838, 0), (0.2580645, 0), (0.67741936, 0), (0.22580644, 0), (0.67741936, 0), (0.7096774, 0), (0.22580644, 0), (0.7096774, 0), (0.16129032, 0), (0.22580644, 0), (0.7096774, 0), (0.7419355, 0), (0.16129032, 0), (0.7419355, 0), (0.12903225, 0), (0.16129032, 0), (0.2580645, 0), (0.6451613, 0), (0.67741936, 0), (0.516129, 0), (0.12903225, 0), (0.7419355, 0), (0.2580645, 0), (0.61290324, 0), (0.6451613, 0), (0.29032257, 0), (0.61290324, 0), (0.2580645, 0), (0.5483871, 0), (0.12903225, 0), (0.516129, 0), (0.5483871, 0), (0.09677419, 0), (0.12903225, 0), (0.29032257, 0), (0.58064514, 0), (0.61290324, 0), (0.58064514, 0), (0.09677419, 0), (0.5483871, 0), (0.58064514, 0), (0.06451613, 0), (0.09677419, 0), (0.32258064, 0), (0.58064514, 0), (0.29032257, 0), (0.32258064, 0), (0.06451613, 0), (0.58064514, 0), (0.3548387, 0), (0.06451613, 0), (0.32258064, 0), (0.3548387, 0), (0.9677419, 0), (0.06451613, 0), (0.9677419, 0), (0.032258064, 0), (0.06451613, 0), (0.3548387, 0), (0.9354839, 0), (0.9677419, 0), (1, 0), (0.032258064, 0), (0.9677419, 0), (1, 0), (0, 0), (0.032258064, 0), (0.38709676, 0), (0.9354839, 0), (0.3548387, 0), (0.38709676, 0), (0.9032258, 0), (0.9354839, 0), (0.7741935, 0), (0, 0), (1, 0), (0.38709676, 0), (0.87096775, 0), (0.9032258, 0), (0.8064516, 0), (0, 0), (0.7741935, 0), (0.41935483, 0), (0.87096775, 0), (0.38709676, 0), (0.8064516, 0), (0.48387095, 0), (0, 0), (0.83870965, 0), (0.48387095, 0), (0.8064516, 0), (0.41935483, 0), (0.83870965, 0), (0.87096775, 0), (0.41935483, 0), (0.48387095, 0), (0.83870965, 0), (0.4516129, 0), (0.48387095, 0), (0.41935483, 0), (0.22580644, 0), (0.16129032, 0), (0.19354838, 0), (0.2580645, 0), (0.67741936, 0), (0.22580644, 0), (0.67741936, 0), (0.7096774, 0), (0.22580644, 0), (0.7096774, 0), (0.16129032, 0), (0.22580644, 0), (0.7096774, 0), (0.7419355, 0), (0.16129032, 0), (0.7419355, 0), (0.12903225, 0), (0.16129032, 0), (0.2580645, 0), (0.6451613, 0), (0.67741936, 0), (0.516129, 0), (0.12903225, 0), (0.7419355, 0), (0.2580645, 0), (0.61290324, 0), (0.6451613, 0), (0.29032257, 0), (0.61290324, 0), (0.2580645, 0), (0.5483871, 0), (0.12903225, 0), (0.516129, 0), (0.5483871, 0), (0.09677419, 0), (0.12903225, 0), (0.29032257, 0), (0.58064514, 0), (0.61290324, 0), (0.58064514, 0), (0.09677419, 0), (0.5483871, 0), (0.58064514, 0), (0.06451613, 0), (0.09677419, 0), (0.32258064, 0), (0.58064514, 0), (0.29032257, 0), (0.32258064, 0), (0.06451613, 0), (0.58064514, 0), (0.3548387, 0), (0.06451613, 0), (0.32258064, 0), (0.3548387, 0), (0.9677419, 0), (0.06451613, 0), (0.9677419, 0), (0.032258064, 0), (0.06451613, 0), (0.3548387, 0), (0.9354839, 0), (0.9677419, 0), (1, 0), (0.032258064, 0), (0.9677419, 0), (1, 0), (0, 0), (0.032258064, 0), (0.38709676, 0), (0.9354839, 0), (0.3548387, 0), (0.38709676, 0), (0.9032258, 0), (0.9354839, 0), (0.7741935, 0), (0, 0), (1, 0), (0.38709676, 0), (0.87096775, 0), (0.9032258, 0), (0.8064516, 0), (0, 0), (0.7741935, 0), (0.41935483, 0), (0.87096775, 0), (0.38709676, 0), (0.8064516, 0), (0.48387095, 0), (0, 0), (0.83870965, 0), (0.48387095, 0), (0.8064516, 0), (0.41935483, 0), (0.83870965, 0), (0.87096775, 0), (0.41935483, 0), (0.48387095, 0), (0.83870965, 0), (0.4516129, 0), (0.48387095, 0), (0.41935483, 0), (0.2, 0), (0.93333334, 0), (0.13333334, 0), (0.93333334, 0), (0.06666667, 0), (0.13333334, 0), (0.2, 0), (0.8666667, 0), (0.93333334, 0), (1, 0), (0.06666667, 0), (0.93333334, 0), (0.26666668, 0), (0.8666667, 0), (0.2, 0), (1, 0), (0, 0), (0.06666667, 0), (0.26666668, 0), (0.8, 0), (0.8666667, 0), (0.53333336, 0), (0, 0), (1, 0), (0.33333334, 0), (0.8, 0), (0.26666668, 0), (0.33333334, 0), (0.73333335, 0), (0.8, 0), (0.6, 0), (0, 0), (0.53333336, 0), (0.6, 0), (0.46666667, 0), (0, 0), (0.33333334, 0), (0.6666667, 0), (0.73333335, 0), (0.6666667, 0), (0.46666667, 0), (0.6, 0), (0.4, 0), (0.6666667, 0), (0.33333334, 0), (0.6666667, 0), (0.4, 0), (0.46666667, 0), (0.05, 0), (0.6, 0), (0, 0), (0.05, 0), (0.55, 0), (0.6, 0), (0.05, 0), (0.5, 0), (0.55, 0), (0.1, 0), (0.5, 0), (0.05, 0), (0.45, 0), (0.35, 0), (0.4, 0), (0.5, 0), (0.35, 0), (0.45, 0), (0.1, 0), (0.7, 0), (0.5, 0), (0.7, 0), (0.35, 0), (0.5, 0), (0.7, 0), (0.75, 0), (0.35, 0), (0.75, 0), (0.8, 0), (0.35, 0), (0.8, 0), (0.3, 0), (0.35, 0), (0.1, 0), (0.65, 0), (0.7, 0), (0.85, 0), (0.3, 0), (0.8, 0), (0.1, 0), (1, 0), (0.65, 0), (0.15, 0), (1, 0), (0.1, 0), (0.9, 0), (0.3, 0), (0.85, 0), (0.9, 0), (0.25, 0), (0.3, 0), (0.15, 0), (0.95, 0), (1, 0), (0.95, 0), (0.25, 0), (0.9, 0), (0.15, 0), (0.25, 0), (0.95, 0), (0.2, 0), (0.25, 0), (0.15, 0), (0.33333334, 0), (0.22222222, 0), (0.2777778, 0), (0.3888889, 0), (0.22222222, 0), (0.33333334, 0), (0.3888889, 0), (0.5555556, 0), (0.22222222, 0), (0.5555556, 0), (0.6111111, 0), (0.22222222, 0), (0.6111111, 0), (0.16666667, 0), (0.22222222, 0), (0.44444445, 0), (0.5, 0), (0.3888889, 0), (0.5, 0), (0.5555556, 0), (0.3888889, 0), (0.6666667, 0), (0.16666667, 0), (0.6111111, 0), (0.6666667, 0), (0.11111111, 0), (0.16666667, 0), (0.7222222, 0), (0.11111111, 0), (0.6666667, 0), (0.7777778, 0), (0.11111111, 0), (0.7222222, 0), (0.8333333, 0), (0.11111111, 0), (0.7777778, 0), (0.8333333, 0), (0.055555556, 0), (0.11111111, 0), (0.8888889, 0), (0.055555556, 0), (0.8333333, 0), (0.8888889, 0), (0, 0), (0.055555556, 0), (0.8888889, 0), (1, 0), (0, 0), (0.9444444, 0), (1, 0), (0.8888889, 0), (0.2, 0), (0.93333334, 0), (0.13333334, 0), (0.93333334, 0), (0.06666667, 0), (0.13333334, 0), (0.2, 0), (0.8666667, 0), (0.93333334, 0), (1, 0), (0.06666667, 0), (0.93333334, 0), (0.26666668, 0), (0.8666667, 0), (0.2, 0), (1, 0), (0, 0), (0.06666667, 0), (0.26666668, 0), (0.8, 0), (0.8666667, 0), (0.53333336, 0), (0, 0), (1, 0), (0.33333334, 0), (0.8, 0), (0.26666668, 0), (0.33333334, 0), (0.73333335, 0), (0.8, 0), (0.6, 0), (0, 0), (0.53333336, 0), (0.6, 0), (0.46666667, 0), (0, 0), (0.33333334, 0), (0.6666667, 0), (0.73333335, 0), (0.6666667, 0), (0.46666667, 0), (0.6, 0), (0.4, 0), (0.6666667, 0), (0.33333334, 0), (0.6666667, 0), (0.4, 0), (0.46666667, 0), (0.6666667, 0), (0, 0), (0.33333334, 0), (0.6666667, 0), (1, 0), (0, 0)] (
                        interpolation = "faceVarying"
                    )
                    uniform token subdivisionScheme = "none"
                    custom string userProperties:blender:data_name = "Printing.017"
                }
            }

            def Xform "Barcode_line_054"
            {
                custom string userProperties:blender:object_name = "Barcode line.054"
                float3 xformOp:rotateXYZ = (0, -0, 4.2688688e-7)
                float3 xformOp:scale = (0.99999994, 0.99999994, 1)
                double3 xformOp:translate = (-0.019640250131487846, -0.004000000189989805, 0.0002500005066394806)
                uniform token[] xformOpOrder = ["xformOp:translate", "xformOp:rotateXYZ", "xformOp:scale"]

                def Mesh "Cube_106" (
                    active = true
                    prepend apiSchemas = ["MaterialBindingAPI"]
                )
                {
                    uniform bool doubleSided = 1
                    float3[] extent = [(-0.00137025, -0.008, -0.000065), (0.00137025, 0.008, 0.000065)]
                    int[] faceVertexCounts = [4, 4, 4, 4, 4, 4]
                    int[] faceVertexIndices = [0, 1, 3, 2, 2, 3, 7, 6, 6, 7, 5, 4, 4, 5, 1, 0, 2, 6, 4, 0, 7, 3, 1, 5]
                    rel material:binding = </Asset/_materials/Printed_dark_ink>
                    normal3f[] normals = [(-1, 0, 0), (-1, 0, 0), (-1, 0, 0), (-1, 0, 0), (0, 1, 0), (0, 1, 0), (0, 1, 0), (0, 1, 0), (1, 0, 0), (1, 0, 0), (1, 0, 0), (1, 0, 0), (0, -1, 0), (0, -1, 0), (0, -1, 0), (0, -1, 0), (0, 0, -1), (0, 0, -1), (0, 0, -1), (0, 0, -1), (0, 0, 1), (0, 0, 1), (0, 0, 1), (0, 0, 1)] (
                        interpolation = "faceVarying"
                    )
                    point3f[] points = [(-0.00137025, -0.008, -0.000065), (-0.00137025, -0.008, 0.000065), (-0.00137025, 0.008, -0.000065), (-0.00137025, 0.008, 0.000065), (0.00137025, -0.008, -0.000065), (0.00137025, -0.008, 0.000065), (0.00137025, 0.008, -0.000065), (0.00137025, 0.008, 0.000065)]
                    texCoord2f[] primvars:st = [(0.375, 0), (0.625, 0), (0.625, 0.25), (0.375, 0.25), (0.375, 0.25), (0.625, 0.25), (0.625, 0.5), (0.375, 0.5), (0.375, 0.5), (0.625, 0.5), (0.625, 0.75), (0.375, 0.75), (0.375, 0.75), (0.625, 0.75), (0.625, 1), (0.375, 1), (0.125, 0.5), (0.375, 0.5), (0.375, 0.75), (0.125, 0.75), (0.625, 0.5), (0.875, 0.5), (0.875, 0.75), (0.625, 0.75)] (
                        interpolation = "faceVarying"
                    )
                    uniform token subdivisionScheme = "none"
                    custom string userProperties:blender:data_name = "Cube.106"
                }
            }

            def Xform "Barcode_line_062"
            {
                custom string userProperties:blender:object_name = "Barcode line.062"
                float3 xformOp:rotateXYZ = (0, -0, 4.2688688e-7)
                float3 xformOp:scale = (0.99999994, 0.99999994, 1)
                double3 xformOp:translate = (-0.001370249898172915, -0.003999999724328518, 0.0002500005066394806)
                uniform token[] xformOpOrder = ["xformOp:translate", "xformOp:rotateXYZ", "xformOp:scale"]

                def Mesh "Cube_114" (
                    active = true
                    prepend apiSchemas = ["MaterialBindingAPI"]
                )
                {
                    uniform bool doubleSided = 1
                    float3[] extent = [(-0.00045675, -0.008, -0.000065), (0.00045675, 0.008, 0.000065)]
                    int[] faceVertexCounts = [4, 4, 4, 4, 4, 4]
                    int[] faceVertexIndices = [0, 1, 3, 2, 2, 3, 7, 6, 6, 7, 5, 4, 4, 5, 1, 0, 2, 6, 4, 0, 7, 3, 1, 5]
                    rel material:binding = </Asset/_materials/Printed_dark_ink>
                    normal3f[] normals = [(-1, 0, 0), (-1, 0, 0), (-1, 0, 0), (-1, 0, 0), (0, 0.99999994, 0), (0, 0.99999994, 0), (0, 0.99999994, 0), (0, 0.99999994, 0), (1, 0, 0), (1, 0, 0), (1, 0, 0), (1, 0, 0), (0, -0.99999994, 0), (0, -0.99999994, 0), (0, -0.99999994, 0), (0, -0.99999994, 0), (0, 0, -1), (0, 0, -1), (0, 0, -1), (0, 0, -1), (0, 0, 1), (0, 0, 1), (0, 0, 1), (0, 0, 1)] (
                        interpolation = "faceVarying"
                    )
                    point3f[] points = [(-0.00045675, -0.008, -0.000065), (-0.00045675, -0.008, 0.000065), (-0.00045675, 0.008, -0.000065), (-0.00045675, 0.008, 0.000065), (0.00045675, -0.008, -0.000065), (0.00045675, -0.008, 0.000065), (0.00045675, 0.008, -0.000065), (0.00045675, 0.008, 0.000065)]
                    texCoord2f[] primvars:st = [(0.375, 0), (0.625, 0), (0.625, 0.25), (0.375, 0.25), (0.375, 0.25), (0.625, 0.25), (0.625, 0.5), (0.375, 0.5), (0.375, 0.5), (0.625, 0.5), (0.625, 0.75), (0.375, 0.75), (0.375, 0.75), (0.625, 0.75), (0.625, 1), (0.375, 1), (0.125, 0.5), (0.375, 0.5), (0.375, 0.75), (0.125, 0.75), (0.625, 0.5), (0.875, 0.5), (0.875, 0.75), (0.625, 0.75)] (
                        interpolation = "faceVarying"
                    )
                    uniform token subdivisionScheme = "none"
                    custom string userProperties:blender:data_name = "Cube.114"
                }
            }

            def Xform "Barcode_line_071"
            {
                custom string userProperties:blender:object_name = "Barcode line.071"
                float3 xformOp:rotateXYZ = (0, -0, 4.2688688e-7)
                float3 xformOp:scale = (0.99999994, 0.99999994, 1)
                double3 xformOp:translate = (0.02786174975335598, -0.003999999724328518, 0.0002500005066394806)
                uniform token[] xformOpOrder = ["xformOp:translate", "xformOp:rotateXYZ", "xformOp:scale"]

                def Mesh "Cube_123" (
                    active = true
                    prepend apiSchemas = ["MaterialBindingAPI"]
                )
                {
                    uniform bool doubleSided = 1
                    float3[] extent = [(-0.00045675, -0.008, -0.000065), (0.00045675, 0.008, 0.000065)]
                    int[] faceVertexCounts = [4, 4, 4, 4, 4, 4]
                    int[] faceVertexIndices = [0, 1, 3, 2, 2, 3, 7, 6, 6, 7, 5, 4, 4, 5, 1, 0, 2, 6, 4, 0, 7, 3, 1, 5]
                    rel material:binding = </Asset/_materials/Printed_dark_ink>
                    normal3f[] normals = [(-1, 0, 0), (-1, 0, 0), (-1, 0, 0), (-1, 0, 0), (0, 0.99999994, 0), (0, 0.99999994, 0), (0, 0.99999994, 0), (0, 0.99999994, 0), (1, 0, 0), (1, 0, 0), (1, 0, 0), (1, 0, 0), (0, -0.99999994, 0), (0, -0.99999994, 0), (0, -0.99999994, 0), (0, -0.99999994, 0), (0, 0, -1), (0, 0, -1), (0, 0, -1), (0, 0, -1), (0, 0, 1), (0, 0, 1), (0, 0, 1), (0, 0, 1)] (
                        interpolation = "faceVarying"
                    )
                    point3f[] points = [(-0.00045675, -0.008, -0.000065), (-0.00045675, -0.008, 0.000065), (-0.00045675, 0.008, -0.000065), (-0.00045675, 0.008, 0.000065), (0.00045675, -0.008, -0.000065), (0.00045675, -0.008, 0.000065), (0.00045675, 0.008, -0.000065), (0.00045675, 0.008, 0.000065)]
                    texCoord2f[] primvars:st = [(0.375, 0), (0.625, 0), (0.625, 0.25), (0.375, 0.25), (0.375, 0.25), (0.625, 0.25), (0.625, 0.5), (0.375, 0.5), (0.375, 0.5), (0.625, 0.5), (0.625, 0.75), (0.375, 0.75), (0.375, 0.75), (0.625, 0.75), (0.625, 1), (0.375, 1), (0.125, 0.5), (0.375, 0.5), (0.375, 0.75), (0.125, 0.75), (0.625, 0.5), (0.875, 0.5), (0.875, 0.75), (0.625, 0.75)] (
                        interpolation = "faceVarying"
                    )
                    uniform token subdivisionScheme = "none"
                    custom string userProperties:blender:data_name = "Cube.123"
                }
            }

            def Xform "Print_PARCEL___01______A_002"
            {
                custom string userProperties:blender:object_name = "Print_PARCEL___01______A.002"
                float3 xformOp:rotateXYZ = (0, -0, 4.2688688e-7)
                float3 xformOp:scale = (0.99999994, 0.99999994, 1)
                double3 xformOp:translate = (-0.035669997334480286, -0.025369998067617416, 0.00019999966025352478)
                uniform token[] xformOpOrder = ["xformOp:translate", "xformOp:rotateXYZ", "xformOp:scale"]

                def Mesh "Printing_018" (
                    active = true
                    prepend apiSchemas = ["MaterialBindingAPI"]
                )
                {
                    uniform bool doubleSided = 1
                    float3[] extent = [(0.000175, -0.0000225, 0), (0.022342497, 0.0017275001, 0)]
                    int[] faceVertexCounts = [3, 3, 3, 3, 3, 3, 3, 3, 3, 3, 3, 3, 3, 3, 3, 3, 3, 3, 3, 3, 3, 3, 3, 3, 3, 3, 3, 3, 3, 3, 3, 3, 3, 3, 3, 3, 3, 3, 3, 3, 3, 3, 3, 3, 3, 3, 3, 3, 3, 3, 3, 3, 3, 3, 3, 3, 3, 3, 3, 3, 3, 3, 3, 3, 3, 3, 3, 3, 3, 3, 3, 3, 3, 3, 3, 3, 3, 3, 3, 3, 3, 3, 3, 3, 3, 3, 3, 3, 3, 3, 3, 3, 3, 3, 3, 3, 3, 3, 3, 3, 3, 3, 3, 3, 3, 3, 3, 3, 3, 3, 3, 3, 3, 3, 3, 3, 3, 3, 3, 3, 3, 3, 3, 3, 3, 3, 3, 3, 3, 3, 3]
                    int[] faceVertexIndices = [6, 4, 5, 7, 4, 6, 7, 10, 4, 10, 11, 4, 11, 3, 4, 8, 9, 7, 9, 10, 7, 12, 3, 11, 12, 2, 3, 13, 2, 12, 14, 2, 13, 15, 2, 14, 15, 1, 2, 16, 1, 15, 16, 0, 1, 16, 18, 0, 17, 18, 16, 21, 19, 20, 21, 22, 19, 25, 23, 24, 25, 26, 23, 29, 27, 28, 29, 35, 27, 35, 34, 27, 29, 37, 35, 36, 34, 35, 29, 31, 37, 31, 36, 37, 31, 32, 36, 32, 34, 36, 29, 30, 31, 33, 34, 32, 40, 38, 39, 40, 41, 38, 45, 56, 44, 56, 43, 44, 45, 55, 56, 57, 43, 56, 46, 55, 45, 57, 42, 43, 46, 54, 55, 50, 42, 57, 47, 54, 46, 47, 53, 54, 51, 42, 50, 51, 49, 42, 47, 52, 53, 52, 49, 51, 52, 48, 49, 48, 52, 47, 60, 58, 59, 60, 63, 58, 60, 62, 63, 60, 61, 62, 66, 74, 65, 74, 64, 65, 74, 75, 64, 66, 73, 74, 66, 70, 73, 70, 72, 73, 70, 71, 72, 66, 69, 70, 66, 68, 69, 66, 67, 68, 79, 77, 78, 79, 76, 77, 79, 91, 76, 91, 92, 76, 92, 93, 76, 79, 90, 91, 80, 90, 79, 80, 89, 90, 80, 88, 89, 81, 88, 80, 86, 84, 85, 81, 87, 88, 82, 87, 81, 87, 84, 86, 82, 84, 87, 82, 83, 84, 95, 111, 94, 111, 110, 94, 111, 109, 110, 111, 112, 109, 112, 113, 109, 113, 108, 109, 95, 117, 111, 114, 108, 113, 115, 108, 114, 115, 107, 108, 116, 107, 115, 116, 106, 107, 95, 97, 117, 97, 116, 117, 97, 106, 116, 97, 98, 106, 98, 105, 106, 95, 96, 97, 99, 105, 98, 100, 105, 99, 100, 104, 105, 101, 104, 100, 101, 103, 104, 101, 102, 103, 120, 118, 119, 120, 126, 118, 126, 125, 118, 120, 128, 126, 127, 125, 126, 120, 122, 128, 122, 127, 128, 122, 123, 127, 123, 125, 127, 120, 121, 122, 124, 125, 123, 130, 138, 129, 138, 137, 129, 138, 136, 137, 138, 139, 136, 139, 140, 136, 140, 135, 136, 130, 144, 138, 141, 135, 140, 142, 135, 141, 142, 134, 135, 143, 134, 142, 130, 132, 144, 132, 143, 144, 132, 134, 143, 132, 133, 134, 130, 131, 132]
                    rel material:binding = </Asset/_materials/Printed_dark_ink>
                    normal3f[] normals = [(0, 0, 0.99999994), (0, 0, 0.99999994), (0, 0, 0.99999994), (0, 0, 1), (0, 0, 1), (0, 0, 1), (0, 0, 1), (0, 0, 1), (0, 0, 1), (0, 0, 0.99999994), (0, 0, 0.99999994), (0, 0, 0.99999994), (0, 0, 1), (0, 0, 1), (0, 0, 1), (0, 0, 1), (0, 0, 1), (0, 0, 1), (0, 0, 1), (0, 0, 1), (0, 0, 1), (0, 0, 1), (0, 0, 1), (0, 0, 1), (0, 0, 1), (0, 0, 1), (0, 0, 1), (0, 0, 0.99999994), (0, 0, 0.99999994), (0, 0, 0.99999994), (0, 0, 0.99999994), (0, 0, 0.99999994), (0, 0, 0.99999994), (0, 0, 1), (0, 0, 1), (0, 0, 1), (0, 0, 1), (0, 0, 1), (0, 0, 1), (0, 0, 1), (0, 0, 1), (0, 0, 1), (0, 0, 1), (0, 0, 1), (0, 0, 1), (0, 0, 1), (0, 0, 1), (0, 0, 1), (0, 0, 0.99999994), (0, 0, 0.99999994), (0, 0, 0.99999994), (0, 0, 1), (0, 0, 1), (0, 0, 1), (0, 0, 1), (0, 0, 1), (0, 0, 1), (0, 0, 0.99999994), (0, 0, 0.99999994), (0, 0, 0.99999994), (0, 0, 0.99999994), (0, 0, 0.99999994), (0, 0, 0.99999994), (0, 0, 1), (0, 0, 1), (0, 0, 1), (0, 0, 1), (0, 0, 1), (0, 0, 1), (0, 0, 1), (0, 0, 1), (0, 0, 1), (0, 0, 1), (0, 0, 1), (0, 0, 1), (0, 0, 1), (0, 0, 1), (0, 0, 1), (0, 0, 1), (0, 0, 1), (0, 0, 1), (0, 0, 1), (0, 0, 1), (0, 0, 1), (0, 0, 1), (0, 0, 1), (0, 0, 1), (0, 0, 0.99999994), (0, 0, 0.99999994), (0, 0, 0.99999994), (0, 0, 1), (0, 0, 1), (0, 0, 1), (0, 0, 1), (0, 0, 1), (0, 0, 1), (0, 0, 1), (0, 0, 1), (0, 0, 1), (0, 0, 1), (0, 0, 1), (0, 0, 1), (0, 0, 1), (0, 0, 1), (0, 0, 1), (0, 0, 1), (0, 0, 1), (0, 0, 1), (0, 0, 1), (0, 0, 1), (0, 0, 1), (0, 0, 1), (0, 0, 1), (0, 0, 1), (0, 0, 1), (0, 0, 1), (0, 0, 1), (0, 0, 1), (0, 0, 1), (0, 0, 1), (0, 0, 0.99999994), (0, 0, 0.99999994), (0, 0, 0.99999994), (0, 0, 1), (0, 0, 1), (0, 0, 1), (0, 0, 1), (0, 0, 1), (0, 0, 1), (0, 0, 1), (0, 0, 1), (0, 0, 1), (0, 0, 1), (0, 0, 1), (0, 0, 1), (0, 0, 1), (0, 0, 1), (0, 0, 1), (0, 0, 1), (0, 0, 1), (0, 0, 1), (0, 0, 1), (0, 0, 1), (0, 0, 1), (0, 0, 1), (0, 0, 1), (0, 0, 1), (0, 0, 0.99999994), (0, 0, 0.99999994), (0, 0, 0.99999994), (0, 0, 1), (0, 0, 1), (0, 0, 1), (0, 0, 1), (0, 0, 1), (0, 0, 1), (0, 0, 1), (0, 0, 1), (0, 0, 1), (0, 0, 1), (0, 0, 1), (0, 0, 1), (0, 0, 1), (0, 0, 1), (0, 0, 1), (0, 0, 0.99999994), (0, 0, 0.99999994), (0, 0, 0.99999994), (0, 0, 1), (0, 0, 1), (0, 0, 1), (0, 0, 1), (0, 0, 1), (0, 0, 1), (0, 0, 0.99999994), (0, 0, 0.99999994), (0, 0, 0.99999994), (0, 0, 1), (0, 0, 1), (0, 0, 1), (0, 0, 1), (0, 0, 1), (0, 0, 1), (0, 0, 1), (0, 0, 1), (0, 0, 1), (0, 0, 1), (0, 0, 1), (0, 0, 1), (0, 0, 1), (0, 0, 1), (0, 0, 1), (0, 0, 1), (0, 0, 1), (0, 0, 1), (0, 0, 1), (0, 0, 1), (0, 0, 1), (0, 0, 1), (0, 0, 1), (0, 0, 1), (0, 0, 1), (0, 0, 1), (0, 0, 1), (0, 0, 1), (0, 0, 1), (0, 0, 1), (0, 0, 1), (0, 0, 1), (0, 0, 1), (0, 0, 1), (0, 0, 1), (0, 0, 1), (0, 0, 1), (0, 0, 1), (0, 0, 1), (0, 0, 1), (0, 0, 1), (0, 0, 1), (0, 0, 1), (0, 0, 1), (0, 0, 1), (0, 0, 1), (0, 0, 1), (0, 0, 1), (0, 0, 1), (0, 0, 1), (0, 0, 1), (0, 0, 1), (0, 0, 1), (0, 0, 1), (0, 0, 1), (0, 0, 1), (0, 0, 1), (0, 0, 1), (0, 0, 1), (0, 0, 1), (0, 0, 1), (0, 0, 1), (0, 0, 1), (0, 0, 1), (0, 0, 1), (0, 0, 1), (0, 0, 1), (0, 0, 1), (0, 0, 1), (0, 0, 1), (0, 0, 1), (0, 0, 1), (0, 0, 1), (0, 0, 1), (0, 0, 1), (0, 0, 0.99999994), (0, 0, 0.99999994), (0, 0, 0.99999994), (0, 0, 1), (0, 0, 1), (0, 0, 1), (0, 0, 1), (0, 0, 1), (0, 0, 1), (0, 0, 1), (0, 0, 1), (0, 0, 1), (0, 0, 1), (0, 0, 1), (0, 0, 1), (0, 0, 1), (0, 0, 1), (0, 0, 1), (0, 0, 0.99999994), (0, 0, 0.99999994), (0, 0, 0.99999994), (0, 0, 1), (0, 0, 1), (0, 0, 1), (0, 0, 1), (0, 0, 1), (0, 0, 1), (0, 0, 1), (0, 0, 1), (0, 0, 1), (0, 0, 1), (0, 0, 1), (0, 0, 1), (0, 0, 1), (0, 0, 1), (0, 0, 1), (0, 0, 0.99999994), (0, 0, 0.99999994), (0, 0, 0.99999994), (0, 0, 1), (0, 0, 1), (0, 0, 1), (0, 0, 1), (0, 0, 1), (0, 0, 1), (0, 0, 1), (0, 0, 1), (0, 0, 1), (0, 0, 1), (0, 0, 1), (0, 0, 1), (0, 0, 1), (0, 0, 1), (0, 0, 1), (0, 0, 1), (0, 0, 1), (0, 0, 1), (0, 0, 0.99999994), (0, 0, 0.99999994), (0, 0, 0.99999994), (0, 0, 1), (0, 0, 1), (0, 0, 1), (0, 0, 1), (0, 0, 1), (0, 0, 1), (0, 0, 0.99999994), (0, 0, 0.99999994), (0, 0, 0.99999994), (0, 0, 1), (0, 0, 1), (0, 0, 1), (0, 0, 1), (0, 0, 1), (0, 0, 1), (0, 0, 1), (0, 0, 1), (0, 0, 1), (0, 0, 1), (0, 0, 1), (0, 0, 1), (0, 0, 0.99999994), (0, 0, 0.99999994), (0, 0, 0.99999994), (0, 0, 1), (0, 0, 1), (0, 0, 1), (0, 0, 1), (0, 0, 1), (0, 0, 1), (0, 0, 1), (0, 0, 1), (0, 0, 1), (0, 0, 0.99999994), (0, 0, 0.99999994), (0, 0, 0.99999994), (0, 0, 1), (0, 0, 1), (0, 0, 1), (0, 0, 1), (0, 0, 1), (0, 0, 1), (0, 0, 0.99999994), (0, 0, 0.99999994), (0, 0, 0.99999994), (0, 0, 0.99999994), (0, 0, 0.99999994), (0, 0, 0.99999994), (0, 0, 1), (0, 0, 1), (0, 0, 1), (0, 0, 1), (0, 0, 1), (0, 0, 1), (0, 0, 1), (0, 0, 1), (0, 0, 1), (0, 0, 1), (0, 0, 1), (0, 0, 1), (0, 0, 0.99999994), (0, 0, 0.99999994), (0, 0, 0.99999994), (0, 0, 1), (0, 0, 1), (0, 0, 1), (0, 0, 1), (0, 0, 1), (0, 0, 1), (0, 0, 1), (0, 0, 1), (0, 0, 1), (0, 0, 1), (0, 0, 1), (0, 0, 1), (0, 0, 1), (0, 0, 1), (0, 0, 1), (0, 0, 1), (0, 0, 1), (0, 0, 1)] (
                        interpolation = "faceVarying"
                    )
                    point3f[] points = [(0.022342497, 0.0002325, 0), (0.021689998, 0.0002325, 0), (0.022097498, 0.00077937497, 0), (0.022219999, 0.001195, 0), (0.02207531, 0.0015793751, 0), (0.021699999, 0.0017275001, 0), (0.021498749, 0.0016875, 0), (0.0212975, 0.001565, 0), (0.0212975, 0.0012575, 0), (0.021495624, 0.001438125, 0), (0.021682497, 0.0014875, 0), (0.021891562, 0.0013978125, 0), (0.021975, 0.0011675, 0), (0.021945, 0.0009831251, 0), (0.021854999, 0.0008025, 0), (0.021574687, 0.0004025, 0), (0.0212625, 0.0000175, 0), (0.0212625, 0, 0), (0.022342497, 0, 0), (0.0206775, 0.0017050001, 0), (0.020432498, 0.0017050001, 0), (0.020432498, 0, 0), (0.0206775, 0, 0), (0.019827498, 0.0006675, 0), (0.019219998, 0.0006675, 0), (0.019219998, 0.00043500002, 0), (0.019827498, 0.00043500002, 0), (0.018357499, 0.0017150001, 0), (0.018184999, 0.0017150001, 0), (0.017452499, 0, 0), (0.017702498, 0, 0), (0.017917497, 0.0005025, 0), (0.018642498, 0.0005025, 0), (0.018869998, 0, 0), (0.019119998, 0, 0), (0.0182675, 0.00134, 0), (0.018542498, 0.0007225, 0), (0.018012498, 0.0007225, 0), (0.012782501, 0.0017050001, 0), (0.012537501, 0.0017050001, 0), (0.012537501, 0, 0), (0.012782501, 0, 0), (0.0119575, 0.00085250003, 0), (0.011806251, 0.0014868751, 0), (0.0114075, 0.0017275001, 0), (0.011008751, 0.0014868751, 0), (0.010857501, 0.00085250003, 0), (0.011008751, 0.000218125, 0), (0.0114075, -0.0000225, 0), (0.011806251, 0.00021812502, 0), (0.011712501, 0.00085250003, 0), (0.01163125, 0.00038125, 0), (0.0114075, 0.00021000001, 0), (0.01118375, 0.00038125, 0), (0.011102499, 0.00085250003, 0), (0.01118375, 0.0013237501, 0), (0.0114075, 0.0014950001, 0), (0.01163125, 0.0013237501, 0), (0.0079025, 0.0017050001, 0), (0.0076575004, 0.0017050001, 0), (0.0076575004, 0, 0), (0.0086725, 0, 0), (0.0086725, 0.00022000002, 0), (0.0079025, 0.00022000002, 0), (0.0073775, 0.0017050001, 0), (0.0064100004, 0.0017050001, 0), (0.0064100004, 0, 0), (0.0074, 0, 0), (0.0074, 0.00022000002, 0), (0.006655, 0.00022000002, 0), (0.006655, 0.00075, 0), (0.0073524998, 0.00075, 0), (0.0073524998, 0.00097, 0), (0.006655, 0.00097, 0), (0.006655, 0.001485, 0), (0.0073775, 0.001485, 0), (0.0060925004, 0.0015875001, 0), (0.0057784375, 0.0016940626, 0), (0.0055075, 0.0017275001, 0), (0.0048365626, 0.0014725, 0), (0.0045725, 0.0008275001, 0), (0.0047925003, 0.0002684375, 0), (0.0054925, -0.0000225, 0), (0.00583875, 0.0000196875, 0), (0.0061100004, 0.00012750001, 0), (0.0061100004, 0.000395, 0), (0.0058125006, 0.000251875, 0), (0.0055150003, 0.0002025, 0), (0.00501625, 0.00038281252, 0), (0.004825, 0.00085, 0), (0.00501875, 0.001316875, 0), (0.0055050002, 0.0015025, 0), (0.0057940627, 0.0014596876, 0), (0.0060925004, 0.0013250001, 0), (0.0031350001, 0.0017050001, 0), (0.0031350001, 0, 0), (0.00338, 0, 0), (0.00338, 0.00074, 0), (0.0034824999, 0.00074, 0), (0.00367125, 0.00067624997, 0), (0.0039350004, 0.00035, 0), (0.00416, 0, 0), (0.0044525, 0, 0), (0.004319375, 0.000185625, 0), (0.00422, 0.0003375, 0), (0.004039375, 0.000615, 0), (0.00384, 0.00081, 0), (0.0040509375, 0.00097187504, 0), (0.004125, 0.0012275, 0), (0.0039743753, 0.0015768751, 0), (0.0035650001, 0.0017050001, 0), (0.00338, 0.0014950001, 0), (0.0035375, 0.0014950001, 0), (0.0037931248, 0.0014262501, 0), (0.0038725, 0.0012375001, 0), (0.0038043752, 0.0010453125, 0), (0.0035375, 0.00096, 0), (0.00338, 0.00096, 0), (0.0021800003, 0.0017150001, 0), (0.0020075003, 0.0017150001, 0), (0.001275, 0, 0), (0.0015250002, 0, 0), (0.0017400001, 0.0005025, 0), (0.0024650001, 0.0005025, 0), (0.0026925004, 0, 0), (0.0029425, 0, 0), (0.00209, 0.00134, 0), (0.002365, 0.0007225, 0), (0.0018350001, 0.0007225, 0), (0.000175, 0.0017050001, 0), (0.000175, 0, 0), (0.00042000003, 0, 0), (0.00042000003, 0.0007375, 0), (0.000675, 0.0007375, 0), (0.001110625, 0.0008759375, 0), (0.00125, 0.001215, 0), (0.0011184375, 0.0015612501, 0), (0.00070750003, 0.0017050001, 0), (0.00042000003, 0.001485, 0), (0.00070750003, 0.001485, 0), (0.0009359375, 0.001401875, 0), (0.0009975, 0.001225, 0), (0.00091593753, 0.0010275, 0), (0.0006975, 0.0009575, 0), (0.00042000003, 0.0009575, 0)]
                    texCoord2f[] primvars:st = [(0.33333334, 0), (0.22222222, 0), (0.2777778, 0), (0.3888889, 0), (0.22222222, 0), (0.33333334, 0), (0.3888889, 0), (0.5555556, 0), (0.22222222, 0), (0.5555556, 0), (0.6111111, 0), (0.22222222, 0), (0.6111111, 0), (0.16666667, 0), (0.22222222, 0), (0.44444445, 0), (0.5, 0), (0.3888889, 0), (0.5, 0), (0.5555556, 0), (0.3888889, 0), (0.6666667, 0), (0.16666667, 0), (0.6111111, 0), (0.6666667, 0), (0.11111111, 0), (0.16666667, 0), (0.7222222, 0), (0.11111111, 0), (0.6666667, 0), (0.7777778, 0), (0.11111111, 0), (0.7222222, 0), (0.8333333, 0), (0.11111111, 0), (0.7777778, 0), (0.8333333, 0), (0.055555556, 0), (0.11111111, 0), (0.8888889, 0), (0.055555556, 0), (0.8333333, 0), (0.8888889, 0), (0, 0), (0.055555556, 0), (0.8888889, 0), (1, 0), (0, 0), (0.9444444, 0), (1, 0), (0.8888889, 0), (0.6666667, 0), (0, 0), (0.33333334, 0), (0.6666667, 0), (1, 0), (0, 0), (0.6666667, 0), (0, 0), (0.33333334, 0), (0.6666667, 0), (1, 0), (0, 0), (0.2, 0), (0, 0), (0.1, 0), (0.2, 0), (0.8, 0), (0, 0), (0.8, 0), (0.7, 0), (0, 0), (0.2, 0), (1, 0), (0.8, 0), (0.9, 0), (0.7, 0), (0.8, 0), (0.2, 0), (0.4, 0), (1, 0), (0.4, 0), (0.9, 0), (1, 0), (0.4, 0), (0.5, 0), (0.9, 0), (0.5, 0), (0.7, 0), (0.9, 0), (0.2, 0), (0.3, 0), (0.4, 0), (0.6, 0), (0.7, 0), (0.5, 0), (0.6666667, 0), (0, 0), (0.33333334, 0), (0.6666667, 0), (1, 0), (0, 0), (0.2, 0), (0.93333334, 0), (0.13333334, 0), (0.93333334, 0), (0.06666667, 0), (0.13333334, 0), (0.2, 0), (0.8666667, 0), (0.93333334, 0), (1, 0), (0.06666667, 0), (0.93333334, 0), (0.26666668, 0), (0.8666667, 0), (0.2, 0), (1, 0), (0, 0), (0.06666667, 0), (0.26666668, 0), (0.8, 0), (0.8666667, 0), (0.53333336, 0), (0, 0), (1, 0), (0.33333334, 0), (0.8, 0), (0.26666668, 0), (0.33333334, 0), (0.73333335, 0), (0.8, 0), (0.6, 0), (0, 0), (0.53333336, 0), (0.6, 0), (0.46666667, 0), (0, 0), (0.33333334, 0), (0.6666667, 0), (0.73333335, 0), (0.6666667, 0), (0.46666667, 0), (0.6, 0), (0.6666667, 0), (0.4, 0), (0.46666667, 0), (0.4, 0), (0.6666667, 0), (0.33333334, 0), (0.4, 0), (0, 0), (0.2, 0), (0.4, 0), (1, 0), (0, 0), (0.4, 0), (0.8, 0), (1, 0), (0.4, 0), (0.6, 0), (0.8, 0), (0.18181819, 0), (0.90909094, 0), (0.09090909, 0), (0.90909094, 0), (0, 0), (0.09090909, 0), (0.90909094, 0), (1, 0), (0, 0), (0.18181819, 0), (0.8181818, 0), (0.90909094, 0), (0.18181819, 0), (0.54545456, 0), (0.8181818, 0), (0.54545456, 0), (0.72727275, 0), (0.8181818, 0), (0.54545456, 0), (0.6363636, 0), (0.72727275, 0), (0.18181819, 0), (0.45454547, 0), (0.54545456, 0), (0.18181819, 0), (0.36363637, 0), (0.45454547, 0), (0.18181819, 0), (0.27272728, 0), (0.36363637, 0), (0.1764706, 0), (0.05882353, 0), (0.11764706, 0), (0.1764706, 0), (0, 0), (0.05882353, 0), (0.1764706, 0), (0.88235295, 0), (0, 0), (0.88235295, 0), (0.9411765, 0), (0, 0), (0.9411765, 0), (1, 0), (0, 0), (0.1764706, 0), (0.8235294, 0), (0.88235295, 0), (0.23529412, 0), (0.8235294, 0), (0.1764706, 0), (0.23529412, 0), (0.7647059, 0), (0.8235294, 0), (0.23529412, 0), (0.7058824, 0), (0.7647059, 0), (0.29411766, 0), (0.7058824, 0), (0.23529412, 0), (0.5882353, 0), (0.47058824, 0), (0.5294118, 0), (0.29411766, 0), (0.64705884, 0), (0.7058824, 0), (0.3529412, 0), (0.64705884, 0), (0.29411766, 0), (0.64705884, 0), (0.47058824, 0), (0.5882353, 0), (0.3529412, 0), (0.47058824, 0), (0.64705884, 0), (0.3529412, 0), (0.4117647, 0), (0.47058824, 0), (0.04347826, 0), (0.73913044, 0), (0, 0), (0.73913044, 0), (0.6956522, 0), (0, 0), (0.73913044, 0), (0.65217394, 0), (0.6956522, 0), (0.73913044, 0), (0.7826087, 0), (0.65217394, 0), (0.7826087, 0), (0.82608694, 0), (0.65217394, 0), (0.82608694, 0), (0.6086956, 0), (0.65217394, 0), (0.04347826, 0), (1, 0), (0.73913044, 0), (0.8695652, 0), (0.6086956, 0), (0.82608694, 0), (0.9130435, 0), (0.6086956, 0), (0.8695652, 0), (0.9130435, 0), (0.5652174, 0), (0.6086956, 0), (0.95652175, 0), (0.5652174, 0), (0.9130435, 0), (0.95652175, 0), (0.5217391, 0), (0.5652174, 0), (0.04347826, 0), (0.13043478, 0), (1, 0), (0.13043478, 0), (0.95652175, 0), (1, 0), (0.13043478, 0), (0.5217391, 0), (0.95652175, 0), (0.13043478, 0), (0.17391305, 0), (0.5217391, 0), (0.17391305, 0), (0.47826087, 0), (0.5217391, 0), (0.04347826, 0), (0.08695652, 0), (0.13043478, 0), (0.2173913, 0), (0.47826087, 0), (0.17391305, 0), (0.26086956, 0), (0.47826087, 0), (0.2173913, 0), (0.26086956, 0), (0.4347826, 0), (0.47826087, 0), (0.3043478, 0), (0.4347826, 0), (0.26086956, 0), (0.3043478, 0), (0.39130434, 0), (0.4347826, 0), (0.3043478, 0), (0.3478261, 0), (0.39130434, 0), (0.2, 0), (0, 0), (0.1, 0), (0.2, 0), (0.8, 0), (0, 0), (0.8, 0), (0.7, 0), (0, 0), (0.2, 0), (1, 0), (0.8, 0), (0.9, 0), (0.7, 0), (0.8, 0), (0.2, 0), (0.4, 0), (1, 0), (0.4, 0), (0.9, 0), (1, 0), (0.4, 0), (0.5, 0), (0.9, 0), (0.5, 0), (0.7, 0), (0.9, 0), (0.2, 0), (0.3, 0), (0.4, 0), (0.6, 0), (0.7, 0), (0.5, 0), (0.06666667, 0), (0.6, 0), (0, 0), (0.6, 0), (0.53333336, 0), (0, 0), (0.6, 0), (0.46666667, 0), (0.53333336, 0), (0.6, 0), (0.6666667, 0), (0.46666667, 0), (0.6666667, 0), (0.73333335, 0), (0.46666667, 0), (0.73333335, 0), (0.4, 0), (0.46666667, 0), (0.06666667, 0), (1, 0), (0.6, 0), (0.8, 0), (0.4, 0), (0.73333335, 0), (0.8666667, 0), (0.4, 0), (0.8, 0), (0.8666667, 0), (0.33333334, 0), (0.4, 0), (0.93333334, 0), (0.33333334, 0), (0.8666667, 0), (0.06666667, 0), (0.2, 0), (1, 0), (0.2, 0), (0.93333334, 0), (1, 0), (0.2, 0), (0.33333334, 0), (0.93333334, 0), (0.2, 0), (0.26666668, 0), (0.33333334, 0), (0.06666667, 0), (0.13333334, 0), (0.2, 0)] (
                        interpolation = "faceVarying"
                    )
                    uniform token subdivisionScheme = "none"
                    custom string userProperties:blender:data_name = "Printing.018"
                }
            }

            def Xform "Barcode_line_070"
            {
                custom string userProperties:blender:object_name = "Barcode line.070"
                float3 xformOp:rotateXYZ = (0, -0, 4.2688688e-7)
                float3 xformOp:scale = (0.99999994, 0.99999994, 1)
                double3 xformOp:translate = (0.023294247686862946, -0.003999999724328518, 0.0002500005066394806)
                uniform token[] xformOpOrder = ["xformOp:translate", "xformOp:rotateXYZ", "xformOp:scale"]

                def Mesh "Cube_122" (
                    active = true
                    prepend apiSchemas = ["MaterialBindingAPI"]
                )
                {
                    uniform bool doubleSided = 1
                    float3[] extent = [(-0.00137025, -0.008, -0.000065), (0.00137025, 0.008, 0.000065)]
                    int[] faceVertexCounts = [4, 4, 4, 4, 4, 4]
                    int[] faceVertexIndices = [0, 1, 3, 2, 2, 3, 7, 6, 6, 7, 5, 4, 4, 5, 1, 0, 2, 6, 4, 0, 7, 3, 1, 5]
                    rel material:binding = </Asset/_materials/Printed_dark_ink>
                    normal3f[] normals = [(-1, 0, 0), (-1, 0, 0), (-1, 0, 0), (-1, 0, 0), (0, 1, 0), (0, 1, 0), (0, 1, 0), (0, 1, 0), (1, 0, 0), (1, 0, 0), (1, 0, 0), (1, 0, 0), (0, -1, 0), (0, -1, 0), (0, -1, 0), (0, -1, 0), (0, 0, -1), (0, 0, -1), (0, 0, -1), (0, 0, -1), (0, 0, 1), (0, 0, 1), (0, 0, 1), (0, 0, 1)] (
                        interpolation = "faceVarying"
                    )
                    point3f[] points = [(-0.00137025, -0.008, -0.000065), (-0.00137025, -0.008, 0.000065), (-0.00137025, 0.008, -0.000065), (-0.00137025, 0.008, 0.000065), (0.00137025, -0.008, -0.000065), (0.00137025, -0.008, 0.000065), (0.00137025, 0.008, -0.000065), (0.00137025, 0.008, 0.000065)]
                    texCoord2f[] primvars:st = [(0.375, 0), (0.625, 0), (0.625, 0.25), (0.375, 0.25), (0.375, 0.25), (0.625, 0.25), (0.625, 0.5), (0.375, 0.5), (0.375, 0.5), (0.625, 0.5), (0.625, 0.75), (0.375, 0.75), (0.375, 0.75), (0.625, 0.75), (0.625, 1), (0.375, 1), (0.125, 0.5), (0.375, 0.5), (0.375, 0.75), (0.125, 0.75), (0.625, 0.5), (0.875, 0.5), (0.875, 0.75), (0.625, 0.75)] (
                        interpolation = "faceVarying"
                    )
                    uniform token subdivisionScheme = "none"
                    custom string userProperties:blender:data_name = "Cube.122"
                }
            }

            def Xform "Barcode_line_064"
            {
                custom string userProperties:blender:object_name = "Barcode line.064"
                float3 xformOp:rotateXYZ = (0, -0, 4.2688688e-7)
                float3 xformOp:scale = (0.99999994, 0.99999994, 1)
                double3 xformOp:translate = (0.0041107493452727795, -0.003999999724328518, 0.0002500005066394806)
                uniform token[] xformOpOrder = ["xformOp:translate", "xformOp:rotateXYZ", "xformOp:scale"]

                def Mesh "Cube_116" (
                    active = true
                    prepend apiSchemas = ["MaterialBindingAPI"]
                )
                {
                    uniform bool doubleSided = 1
                    float3[] extent = [(-0.00045675, -0.008, -0.000065), (0.00045675, 0.008, 0.000065)]
                    int[] faceVertexCounts = [4, 4, 4, 4, 4, 4]
                    int[] faceVertexIndices = [0, 1, 3, 2, 2, 3, 7, 6, 6, 7, 5, 4, 4, 5, 1, 0, 2, 6, 4, 0, 7, 3, 1, 5]
                    rel material:binding = </Asset/_materials/Printed_dark_ink>
                    normal3f[] normals = [(-1, 0, 0), (-1, 0, 0), (-1, 0, 0), (-1, 0, 0), (0, 0.99999994, 0), (0, 0.99999994, 0), (0, 0.99999994, 0), (0, 0.99999994, 0), (1, 0, 0), (1, 0, 0), (1, 0, 0), (1, 0, 0), (0, -0.99999994, 0), (0, -0.99999994, 0), (0, -0.99999994, 0), (0, -0.99999994, 0), (0, 0, -1), (0, 0, -1), (0, 0, -1), (0, 0, -1), (0, 0, 1), (0, 0, 1), (0, 0, 1), (0, 0, 1)] (
                        interpolation = "faceVarying"
                    )
                    point3f[] points = [(-0.00045675, -0.008, -0.000065), (-0.00045675, -0.008, 0.000065), (-0.00045675, 0.008, -0.000065), (-0.00045675, 0.008, 0.000065), (0.00045675, -0.008, -0.000065), (0.00045675, -0.008, 0.000065), (0.00045675, 0.008, -0.000065), (0.00045675, 0.008, 0.000065)]
                    texCoord2f[] primvars:st = [(0.375, 0), (0.625, 0), (0.625, 0.25), (0.375, 0.25), (0.375, 0.25), (0.625, 0.25), (0.625, 0.5), (0.375, 0.5), (0.375, 0.5), (0.625, 0.5), (0.625, 0.75), (0.375, 0.75), (0.375, 0.75), (0.625, 0.75), (0.625, 1), (0.375, 1), (0.125, 0.5), (0.375, 0.5), (0.375, 0.75), (0.125, 0.75), (0.625, 0.5), (0.875, 0.5), (0.875, 0.75), (0.625, 0.75)] (
                        interpolation = "faceVarying"
                    )
                    uniform token subdivisionScheme = "none"
                    custom string userProperties:blender:data_name = "Cube.116"
                }
            }

            def Xform "Barcode_line_066"
            {
                custom string userProperties:blender:object_name = "Barcode line.066"
                float3 xformOp:rotateXYZ = (0, -0, 4.2688688e-7)
                float3 xformOp:scale = (0.99999994, 0.99999994, 1)
                double3 xformOp:translate = (0.010048499330878258, -0.003999999724328518, 0.0002500005066394806)
                uniform token[] xformOpOrder = ["xformOp:translate", "xformOp:rotateXYZ", "xformOp:scale"]

                def Mesh "Cube_118" (
                    active = true
                    prepend apiSchemas = ["MaterialBindingAPI"]
                )
                {
                    uniform bool doubleSided = 1
                    float3[] extent = [(-0.0009135, -0.008, -0.000065), (0.0009135, 0.008, 0.000065)]
                    int[] faceVertexCounts = [4, 4, 4, 4, 4, 4]
                    int[] faceVertexIndices = [0, 1, 3, 2, 2, 3, 7, 6, 6, 7, 5, 4, 4, 5, 1, 0, 2, 6, 4, 0, 7, 3, 1, 5]
                    rel material:binding = </Asset/_materials/Printed_dark_ink>
                    normal3f[] normals = [(-1, 0, 0), (-1, 0, 0), (-1, 0, 0), (-1, 0, 0), (0, 0.99999994, 0), (0, 0.99999994, 0), (0, 0.99999994, 0), (0, 0.99999994, 0), (1, 0, 0), (1, 0, 0), (1, 0, 0), (1, 0, 0), (0, -0.99999994, 0), (0, -0.99999994, 0), (0, -0.99999994, 0), (0, -0.99999994, 0), (0, 0, -1), (0, 0, -1), (0, 0, -1), (0, 0, -1), (0, 0, 1), (0, 0, 1), (0, 0, 1), (0, 0, 1)] (
                        interpolation = "faceVarying"
                    )
                    point3f[] points = [(-0.0009135, -0.008, -0.000065), (-0.0009135, -0.008, 0.000065), (-0.0009135, 0.008, -0.000065), (-0.0009135, 0.008, 0.000065), (0.0009135, -0.008, -0.000065), (0.0009135, -0.008, 0.000065), (0.0009135, 0.008, -0.000065), (0.0009135, 0.008, 0.000065)]
                    texCoord2f[] primvars:st = [(0.375, 0), (0.625, 0), (0.625, 0.25), (0.375, 0.25), (0.375, 0.25), (0.625, 0.25), (0.625, 0.5), (0.375, 0.5), (0.375, 0.5), (0.625, 0.5), (0.625, 0.75), (0.375, 0.75), (0.375, 0.75), (0.625, 0.75), (0.625, 1), (0.375, 1), (0.125, 0.5), (0.375, 0.5), (0.375, 0.75), (0.125, 0.75), (0.625, 0.5), (0.875, 0.5), (0.875, 0.75), (0.625, 0.75)] (
                        interpolation = "faceVarying"
                    )
                    uniform token subdivisionScheme = "none"
                    custom string userProperties:blender:data_name = "Cube.118"
                }
            }

            def Xform "Print_EXPRESS_004"
            {
                custom string userProperties:blender:object_name = "Print_EXPRESS.004"
                float3 xformOp:rotateXYZ = (0, -0, 4.2688688e-7)
                float3 xformOp:scale = (0.99999994, 0.99999994, 1)
                double3 xformOp:translate = (-0.03914999961853027, 0.01769999973475933, 0.00019999966025352478)
                uniform token[] xformOpOrder = ["xformOp:translate", "xformOp:rotateXYZ", "xformOp:scale"]

                def Mesh "Printing_014" (
                    active = true
                    prepend apiSchemas = ["MaterialBindingAPI"]
                )
                {
                    uniform bool doubleSided = 1
                    float3[] extent = [(0.00041250003, -0.000049500002, 0), (0.020383, 0.0038005002, 0)]
                    int[] faceVertexCounts = [3, 3, 3, 3, 3, 3, 3, 3, 3, 3, 3, 3, 3, 3, 3, 3, 3, 3, 3, 3, 3, 3, 3, 3, 3, 3, 3, 3, 3, 3, 3, 3, 3, 3, 3, 3, 3, 3, 3, 3, 3, 3, 3, 3, 3, 3, 3, 3, 3, 3, 3, 3, 3, 3, 3, 3, 3, 3, 3, 3, 3, 3, 3, 3, 3, 3, 3, 3, 3, 3, 3, 3, 3, 3, 3, 3, 3, 3, 3, 3, 3, 3, 3, 3, 3, 3, 3, 3, 3, 3, 3, 3, 3, 3, 3, 3, 3, 3, 3, 3, 3, 3, 3, 3, 3, 3, 3, 3, 3, 3]
                    int[] faceVertexIndices = [3, 1, 2, 3, 0, 1, 3, 20, 0, 20, 21, 0, 4, 18, 3, 18, 19, 3, 19, 20, 3, 4, 17, 18, 4, 16, 17, 5, 16, 4, 5, 15, 16, 6, 15, 5, 11, 9, 10, 6, 14, 15, 7, 14, 6, 8, 14, 7, 11, 8, 9, 11, 14, 8, 12, 14, 11, 12, 13, 14, 25, 23, 24, 25, 22, 23, 25, 42, 22, 42, 43, 22, 26, 40, 25, 40, 41, 25, 41, 42, 25, 26, 39, 40, 26, 38, 39, 27, 38, 26, 27, 37, 38, 28, 37, 27, 33, 31, 32, 28, 36, 37, 29, 36, 28, 30, 36, 29, 33, 30, 31, 33, 36, 30, 34, 36, 33, 34, 35, 36, 46, 54, 45, 54, 44, 45, 54, 55, 44, 46, 53, 54, 46, 50, 53, 50, 52, 53, 50, 51, 52, 46, 49, 50, 46, 48, 49, 46, 47, 48, 57, 73, 56, 73, 72, 56, 73, 71, 72, 73, 74, 71, 74, 75, 71, 75, 70, 71, 57, 79, 73, 76, 70, 75, 77, 70, 76, 77, 69, 70, 78, 69, 77, 78, 68, 69, 57, 59, 79, 59, 78, 79, 59, 68, 78, 59, 60, 68, 60, 67, 68, 57, 58, 59, 61, 67, 60, 62, 67, 61, 62, 66, 67, 63, 66, 62, 63, 65, 66, 63, 64, 65, 81, 89, 80, 89, 88, 80, 89, 87, 88, 89, 90, 87, 90, 91, 87, 91, 86, 87, 81, 95, 89, 92, 86, 91, 93, 86, 92, 93, 85, 86, 94, 85, 93, 81, 83, 95, 83, 94, 95, 83, 85, 94, 83, 84, 85, 81, 82, 83, 101, 99, 100, 101, 98, 99, 98, 96, 97, 98, 107, 96, 101, 107, 98, 102, 107, 101, 102, 104, 107, 104, 106, 107, 102, 103, 104, 105, 106, 104, 110, 118, 109, 118, 108, 109, 118, 119, 108, 110, 117, 118, 110, 114, 117, 114, 116, 117, 114, 115, 116, 110, 113, 114, 110, 112, 113, 110, 111, 112]
                    rel material:binding = </Asset/_materials/Printed_dark_ink>
                    normal3f[] normals = [(0, 0, 1), (0, 0, 1), (0, 0, 1), (0, 0, 0.99999994), (0, 0, 0.99999994), (0, 0, 0.99999994), (0, 0, 1), (0, 0, 1), (0, 0, 1), (0, 0, 0.99999994), (0, 0, 0.99999994), (0, 0, 0.99999994), (0, 0, 1), (0, 0, 1), (0, 0, 1), (0, 0, 1), (0, 0, 1), (0, 0, 1), (0, 0, 1), (0, 0, 1), (0, 0, 1), (0, 0, 1), (0, 0, 1), (0, 0, 1), (0, 0, 0.99999994), (0, 0, 0.99999994), (0, 0, 0.99999994), (0, 0, 0.99999994), (0, 0, 0.99999994), (0, 0, 0.99999994), (0, 0, 1), (0, 0, 1), (0, 0, 1), (0, 0, 1), (0, 0, 1), (0, 0, 1), (0, 0, 1), (0, 0, 1), (0, 0, 1), (0, 0, 0.99999994), (0, 0, 0.99999994), (0, 0, 0.99999994), (0, 0, 1), (0, 0, 1), (0, 0, 1), (0, 0, 1), (0, 0, 1), (0, 0, 1), (0, 0, 1), (0, 0, 1), (0, 0, 1), (0, 0, 1), (0, 0, 1), (0, 0, 1), (0, 0, 0.99999994), (0, 0, 0.99999994), (0, 0, 0.99999994), (0, 0, 1), (0, 0, 1), (0, 0, 1), (0, 0, 1), (0, 0, 1), (0, 0, 1), (0, 0, 1), (0, 0, 1), (0, 0, 1), (0, 0, 1), (0, 0, 1), (0, 0, 1), (0, 0, 0.99999994), (0, 0, 0.99999994), (0, 0, 0.99999994), (0, 0, 1), (0, 0, 1), (0, 0, 1), (0, 0, 1), (0, 0, 1), (0, 0, 1), (0, 0, 1), (0, 0, 1), (0, 0, 1), (0, 0, 1), (0, 0, 1), (0, 0, 1), (0, 0, 0.99999994), (0, 0, 0.99999994), (0, 0, 0.99999994), (0, 0, 0.99999994), (0, 0, 0.99999994), (0, 0, 0.99999994), (0, 0, 1), (0, 0, 1), (0, 0, 1), (0, 0, 1), (0, 0, 1), (0, 0, 1), (0, 0, 1), (0, 0, 1), (0, 0, 1), (0, 0, 0.99999994), (0, 0, 0.99999994), (0, 0, 0.99999994), (0, 0, 1), (0, 0, 1), (0, 0, 1), (0, 0, 1), (0, 0, 1), (0, 0, 1), (0, 0, 1), (0, 0, 1), (0, 0, 1), (0, 0, 1), (0, 0, 1), (0, 0, 1), (0, 0, 1), (0, 0, 1), (0, 0, 1), (0, 0, 1), (0, 0, 1), (0, 0, 1), (0, 0, 1), (0, 0, 1), (0, 0, 1), (0, 0, 1), (0, 0, 1), (0, 0, 1), (0, 0, 1), (0, 0, 1), (0, 0, 1), (0, 0, 1), (0, 0, 1), (0, 0, 1), (0, 0, 1), (0, 0, 1), (0, 0, 1), (0, 0, 1), (0, 0, 1), (0, 0, 1), (0, 0, 1), (0, 0, 1), (0, 0, 1), (0, 0, 1), (0, 0, 1), (0, 0, 1), (0, 0, 0.99999994), (0, 0, 0.99999994), (0, 0, 0.99999994), (0, 0, 1), (0, 0, 1), (0, 0, 1), (0, 0, 1), (0, 0, 1), (0, 0, 1), (0, 0, 1), (0, 0, 1), (0, 0, 1), (0, 0, 0.99999994), (0, 0, 0.99999994), (0, 0, 0.99999994), (0, 0, 1), (0, 0, 1), (0, 0, 1), (0, 0, 1), (0, 0, 1), (0, 0, 1), (0, 0, 0.99999994), (0, 0, 0.99999994), (0, 0, 0.99999994), (0, 0, 1), (0, 0, 1), (0, 0, 1), (0, 0, 1), (0, 0, 1), (0, 0, 1), (0, 0, 1), (0, 0, 1), (0, 0, 1), (0, 0, 1), (0, 0, 1), (0, 0, 1), (0, 0, 1), (0, 0, 1), (0, 0, 1), (0, 0, 1), (0, 0, 1), (0, 0, 1), (0, 0, 1), (0, 0, 1), (0, 0, 1), (0, 0, 1), (0, 0, 1), (0, 0, 1), (0, 0, 1), (0, 0, 1), (0, 0, 1), (0, 0, 1), (0, 0, 1), (0, 0, 1), (0, 0, 1), (0, 0, 1), (0, 0, 1), (0, 0, 1), (0, 0, 1), (0, 0, 1), (0, 0, 1), (0, 0, 1), (0, 0, 1), (0, 0, 1), (0, 0, 1), (0, 0, 1), (0, 0, 1), (0, 0, 1), (0, 0, 1), (0, 0, 1), (0, 0, 1), (0, 0, 1), (0, 0, 0.99999994), (0, 0, 0.99999994), (0, 0, 0.99999994), (0, 0, 1), (0, 0, 1), (0, 0, 1), (0, 0, 1), (0, 0, 1), (0, 0, 1), (0, 0, 1), (0, 0, 1), (0, 0, 1), (0, 0, 1), (0, 0, 1), (0, 0, 1), (0, 0, 1), (0, 0, 1), (0, 0, 1), (0, 0, 1), (0, 0, 1), (0, 0, 1), (0, 0, 1), (0, 0, 1), (0, 0, 1), (0, 0, 1), (0, 0, 1), (0, 0, 1), (0, 0, 1), (0, 0, 1), (0, 0, 1), (0, 0, 1), (0, 0, 1), (0, 0, 1), (0, 0, 0.99999994), (0, 0, 0.99999994), (0, 0, 0.99999994), (0, 0, 1), (0, 0, 1), (0, 0, 1), (0, 0, 1), (0, 0, 1), (0, 0, 1), (0, 0, 1), (0, 0, 1), (0, 0, 1), (0, 0, 1), (0, 0, 1), (0, 0, 1), (0, 0, 1), (0, 0, 1), (0, 0, 1), (0, 0, 0.99999994), (0, 0, 0.99999994), (0, 0, 0.99999994), (0, 0, 1), (0, 0, 1), (0, 0, 1), (0, 0, 1), (0, 0, 1), (0, 0, 1), (0, 0, 0.99999994), (0, 0, 0.99999994), (0, 0, 0.99999994), (0, 0, 1), (0, 0, 1), (0, 0, 1), (0, 0, 1), (0, 0, 1), (0, 0, 1), (0, 0, 0.99999994), (0, 0, 0.99999994), (0, 0, 0.99999994), (0, 0, 1), (0, 0, 1), (0, 0, 1), (0, 0, 1), (0, 0, 1), (0, 0, 1), (0, 0, 1), (0, 0, 1), (0, 0, 1), (0, 0, 1), (0, 0, 1), (0, 0, 1), (0, 0, 1), (0, 0, 1), (0, 0, 1), (0, 0, 1), (0, 0, 1), (0, 0, 1), (0, 0, 1), (0, 0, 1), (0, 0, 1), (0, 0, 1), (0, 0, 1), (0, 0, 1), (0, 0, 1), (0, 0, 1), (0, 0, 1), (0, 0, 1), (0, 0, 1), (0, 0, 1), (0, 0, 1), (0, 0, 1), (0, 0, 1), (0, 0, 1), (0, 0, 1), (0, 0, 1), (0, 0, 1), (0, 0, 1), (0, 0, 1), (0, 0, 1), (0, 0, 1), (0, 0, 1)] (
                        interpolation = "faceVarying"
                    )
                    point3f[] points = [(0.0202345, 0.0035365, 0), (0.01982475, 0.0037345001, 0), (0.0193985, 0.0038005002, 0), (0.018571436, 0.0035289377, 0), (0.01826, 0.0027995, 0), (0.019071251, 0.0017586251, 0), (0.0198825, 0.00090750004, 0), (0.019733999, 0.000592625, 0), (0.019272, 0.00043450002, 0), (0.018741937, 0.00057475, 0), (0.018282, 0.000979, 0), (0.018282, 0.00029700002, 0), (0.018772187, 0.00003506249, 0), (0.019332498, -0.000049500002, 0), (0.020084625, 0.00023856253, 0), (0.020383, 0.0009680001, 0), (0.019571751, 0.002096875, 0), (0.0187605, 0.002871, 0), (0.018927563, 0.0031927503, 0), (0.0193545, 0.0033165002, 0), (0.01976975, 0.0032346877, 0), (0.0202345, 0.002926, 0), (0.017715499, 0.0035365, 0), (0.01730575, 0.0037345001, 0), (0.0168795, 0.0038005002, 0), (0.016052438, 0.0035289377, 0), (0.015741, 0.0027995, 0), (0.01655225, 0.0017586251, 0), (0.0173635, 0.00090750004, 0), (0.017214999, 0.000592625, 0), (0.016753, 0.00043450002, 0), (0.016222939, 0.00057475, 0), (0.015763, 0.000979, 0), (0.015763, 0.00029700002, 0), (0.016253188, 0.00003506249, 0), (0.016813502, -0.000049500002, 0), (0.017565625, 0.00023856253, 0), (0.017864, 0.0009680001, 0), (0.017052751, 0.002096875, 0), (0.0162415, 0.002871, 0), (0.016408563, 0.0031927503, 0), (0.016835501, 0.0033165002, 0), (0.01725075, 0.0032346877, 0), (0.017715499, 0.002926, 0), (0.015311999, 0.0037510002, 0), (0.013183501, 0.0037510002, 0), (0.013183501, 0, 0), (0.0153615, 0, 0), (0.0153615, 0.00048400005, 0), (0.013722501, 0.00048400005, 0), (0.013722501, 0.0016500001, 0), (0.015257001, 0.0016500001, 0), (0.015257001, 0.002134, 0), (0.013722501, 0.002134, 0), (0.013722501, 0.0032670002, 0), (0.015311999, 0.0032670002, 0), (0.0098725, 0.0037510002, 0), (0.0098725, 0, 0), (0.010411499, 0, 0), (0.010411499, 0.001628, 0), (0.010636999, 0.001628, 0), (0.01105225, 0.00148775, 0), (0.0116325, 0.00077, 0), (0.012127499, 0, 0), (0.012771, 0, 0), (0.012478125, 0.00040837502, 0), (0.0122595, 0.0007425, 0), (0.011862125, 0.001353, 0), (0.011423499, 0.001782, 0), (0.011887562, 0.002138125, 0), (0.0120505, 0.0027005002, 0), (0.011719125, 0.0034691251, 0), (0.0108185, 0.0037510002, 0), (0.010411499, 0.0032890004, 0), (0.0107579995, 0.0032890004, 0), (0.011320375, 0.00313775, 0), (0.011495, 0.0027225001, 0), (0.011345125, 0.0022996876, 0), (0.0107579995, 0.002112, 0), (0.010411499, 0.002112, 0), (0.0070289997, 0.0037510002, 0), (0.0070289997, 0, 0), (0.0075679994, 0, 0), (0.0075679994, 0.0016225001, 0), (0.008129, 0.0016225001, 0), (0.009087374, 0.0019270625, 0), (0.009393999, 0.002673, 0), (0.009104562, 0.0034347503, 0), (0.008200499, 0.0037510002, 0), (0.0075679994, 0.0032670002, 0), (0.008200499, 0.0032670002, 0), (0.008703062, 0.003084125, 0), (0.0088385, 0.002695, 0), (0.008659062, 0.0022605, 0), (0.0081784995, 0.0021065, 0), (0.0075679994, 0.0021065, 0), (0.0065285, 0.0037510002, 0), (0.0058795, 0.0037510002, 0), (0.004708, 0.0023210002, 0), (0.003531, 0.0037510002, 0), (0.0028765, 0.0037510002, 0), (0.004378, 0.0019415001, 0), (0.0027609998, 0, 0), (0.0034155, 0, 0), (0.004708, 0.001551, 0), (0.0059840004, 0, 0), (0.0066330004, 0, 0), (0.0050325003, 0.0019415001, 0), (0.002541, 0.0037510002, 0), (0.00041250003, 0.0037510002, 0), (0.00041250003, 0, 0), (0.0025905, 0, 0), (0.0025905, 0.00048400005, 0), (0.0009515, 0.00048400005, 0), (0.0009515, 0.0016500001, 0), (0.002486, 0.0016500001, 0), (0.002486, 0.002134, 0), (0.0009515, 0.002134, 0), (0.0009515, 0.0032670002, 0), (0.002541, 0.0032670002, 0)]
                    texCoord2f[] primvars:st = [(0.14285715, 0), (0.04761905, 0), (0.0952381, 0), (0.14285715, 0), (0, 0), (0.04761905, 0), (0.14285715, 0), (0.95238096, 0), (0, 0), (0.95238096, 0), (1, 0), (0, 0), (0.1904762, 0), (0.85714287, 0), (0.14285715, 0), (0.85714287, 0), (0.9047619, 0), (0.14285715, 0), (0.9047619, 0), (0.95238096, 0), (0.14285715, 0), (0.1904762, 0), (0.8095238, 0), (0.85714287, 0), (0.1904762, 0), (0.7619048, 0), (0.8095238, 0), (0.23809524, 0), (0.7619048, 0), (0.1904762, 0), (0.23809524, 0), (0.71428573, 0), (0.7619048, 0), (0.2857143, 0), (0.71428573, 0), (0.23809524, 0), (0.52380955, 0), (0.42857143, 0), (0.47619048, 0), (0.2857143, 0), (0.6666667, 0), (0.71428573, 0), (0.33333334, 0), (0.6666667, 0), (0.2857143, 0), (0.3809524, 0), (0.6666667, 0), (0.33333334, 0), (0.52380955, 0), (0.3809524, 0), (0.42857143, 0), (0.52380955, 0), (0.6666667, 0), (0.3809524, 0), (0.5714286, 0), (0.6666667, 0), (0.52380955, 0), (0.5714286, 0), (0.61904764, 0), (0.6666667, 0), (0.14285715, 0), (0.04761905, 0), (0.0952381, 0), (0.14285715, 0), (0, 0), (0.04761905, 0), (0.14285715, 0), (0.95238096, 0), (0, 0), (0.95238096, 0), (1, 0), (0, 0), (0.1904762, 0), (0.85714287, 0), (0.14285715, 0), (0.85714287, 0), (0.9047619, 0), (0.14285715, 0), (0.9047619, 0), (0.95238096, 0), (0.14285715, 0), (0.1904762, 0), (0.8095238, 0), (0.85714287, 0), (0.1904762, 0), (0.7619048, 0), (0.8095238, 0), (0.23809524, 0), (0.7619048, 0), (0.1904762, 0), (0.23809524, 0), (0.71428573, 0), (0.7619048, 0), (0.2857143, 0), (0.71428573, 0), (0.23809524, 0), (0.52380955, 0), (0.42857143, 0), (0.47619048, 0), (0.2857143, 0), (0.6666667, 0), (0.71428573, 0), (0.33333334, 0), (0.6666667, 0), (0.2857143, 0), (0.3809524, 0), (0.6666667, 0), (0.33333334, 0), (0.52380955, 0), (0.3809524, 0), (0.42857143, 0), (0.52380955, 0), (0.6666667, 0), (0.3809524, 0), (0.5714286, 0), (0.6666667, 0), (0.52380955, 0), (0.5714286, 0), (0.61904764, 0), (0.6666667, 0), (0.18181819, 0), (0.90909094, 0), (0.09090909, 0), (0.90909094, 0), (0, 0), (0.09090909, 0), (0.90909094, 0), (1, 0), (0, 0), (0.18181819, 0), (0.8181818, 0), (0.90909094, 0), (0.18181819, 0), (0.54545456, 0), (0.8181818, 0), (0.54545456, 0), (0.72727275, 0), (0.8181818, 0), (0.54545456, 0), (0.6363636, 0), (0.72727275, 0), (0.18181819, 0), (0.45454547, 0), (0.54545456, 0), (0.18181819, 0), (0.36363637, 0), (0.45454547, 0), (0.18181819, 0), (0.27272728, 0), (0.36363637, 0), (0.04347826, 0), (0.73913044, 0), (0, 0), (0.73913044, 0), (0.6956522, 0), (0, 0), (0.73913044, 0), (0.65217394, 0), (0.6956522, 0), (0.73913044, 0), (0.7826087, 0), (0.65217394, 0), (0.7826087, 0), (0.82608694, 0), (0.65217394, 0), (0.82608694, 0), (0.6086956, 0), (0.65217394, 0), (0.04347826, 0), (1, 0), (0.73913044, 0), (0.8695652, 0), (0.6086956, 0), (0.82608694, 0), (0.9130435, 0), (0.6086956, 0), (0.8695652, 0), (0.9130435, 0), (0.5652174, 0), (0.6086956, 0), (0.95652175, 0), (0.5652174, 0), (0.9130435, 0), (0.95652175, 0), (0.5217391, 0), (0.5652174, 0), (0.04347826, 0), (0.13043478, 0), (1, 0), (0.13043478, 0), (0.95652175, 0), (1, 0), (0.13043478, 0), (0.5217391, 0), (0.95652175, 0), (0.13043478, 0), (0.17391305, 0), (0.5217391, 0), (0.17391305, 0), (0.47826087, 0), (0.5217391, 0), (0.04347826, 0), (0.08695652, 0), (0.13043478, 0), (0.2173913, 0), (0.47826087, 0), (0.17391305, 0), (0.26086956, 0), (0.47826087, 0), (0.2173913, 0), (0.26086956, 0), (0.4347826, 0), (0.47826087, 0), (0.3043478, 0), (0.4347826, 0), (0.26086956, 0), (0.3043478, 0), (0.39130434, 0), (0.4347826, 0), (0.3043478, 0), (0.3478261, 0), (0.39130434, 0), (0.06666667, 0), (0.6, 0), (0, 0), (0.6, 0), (0.53333336, 0), (0, 0), (0.6, 0), (0.46666667, 0), (0.53333336, 0), (0.6, 0), (0.6666667, 0), (0.46666667, 0), (0.6666667, 0), (0.73333335, 0), (0.46666667, 0), (0.73333335, 0), (0.4, 0), (0.46666667, 0), (0.06666667, 0), (1, 0), (0.6, 0), (0.8, 0), (0.4, 0), (0.73333335, 0), (0.8666667, 0), (0.4, 0), (0.8, 0), (0.8666667, 0), (0.33333334, 0), (0.4, 0), (0.93333334, 0), (0.33333334, 0), (0.8666667, 0), (0.06666667, 0), (0.2, 0), (1, 0), (0.2, 0), (0.93333334, 0), (1, 0), (0.2, 0), (0.33333334, 0), (0.93333334, 0), (0.2, 0), (0.26666668, 0), (0.33333334, 0), (0.06666667, 0), (0.13333334, 0), (0.2, 0), (0.45454547, 0), (0.27272728, 0), (0.36363637, 0), (0.45454547, 0), (0.18181819, 0), (0.27272728, 0), (0.18181819, 0), (0, 0), (0.09090909, 0), (0.18181819, 0), (1, 0), (0, 0), (0.45454547, 0), (1, 0), (0.18181819, 0), (0.54545456, 0), (1, 0), (0.45454547, 0), (0.54545456, 0), (0.72727275, 0), (1, 0), (0.72727275, 0), (0.90909094, 0), (1, 0), (0.54545456, 0), (0.6363636, 0), (0.72727275, 0), (0.8181818, 0), (0.90909094, 0), (0.72727275, 0), (0.18181819, 0), (0.90909094, 0), (0.09090909, 0), (0.90909094, 0), (0, 0), (0.09090909, 0), (0.90909094, 0), (1, 0), (0, 0), (0.18181819, 0), (0.8181818, 0), (0.90909094, 0), (0.18181819, 0), (0.54545456, 0), (0.8181818, 0), (0.54545456, 0), (0.72727275, 0), (0.8181818, 0), (0.54545456, 0), (0.6363636, 0), (0.72727275, 0), (0.18181819, 0), (0.45454547, 0), (0.54545456, 0), (0.18181819, 0), (0.36363637, 0), (0.45454547, 0), (0.18181819, 0), (0.27272728, 0), (0.36363637, 0)] (
                        interpolation = "faceVarying"
                    )
                    uniform token subdivisionScheme = "none"
                    custom string userProperties:blender:data_name = "Printing.014"
                }
            }

            def Xform "Barcode_line_069"
            {
                custom string userProperties:blender:object_name = "Barcode line.069"
                float3 xformOp:rotateXYZ = (0, -0, 4.2688688e-7)
                float3 xformOp:scale = (0.99999994, 0.99999994, 1)
                double3 xformOp:translate = (0.020096998661756516, -0.003999999724328518, 0.0002500005066394806)
                uniform token[] xformOpOrder = ["xformOp:translate", "xformOp:rotateXYZ", "xformOp:scale"]

                def Mesh "Cube_121" (
                    active = true
                    prepend apiSchemas = ["MaterialBindingAPI"]
                )
                {
                    uniform bool doubleSided = 1
                    float3[] extent = [(-0.0009135, -0.008, -0.000065), (0.0009135, 0.008, 0.000065)]
                    int[] faceVertexCounts = [4, 4, 4, 4, 4, 4]
                    int[] faceVertexIndices = [0, 1, 3, 2, 2, 3, 7, 6, 6, 7, 5, 4, 4, 5, 1, 0, 2, 6, 4, 0, 7, 3, 1, 5]
                    rel material:binding = </Asset/_materials/Printed_dark_ink>
                    normal3f[] normals = [(-1, 0, 0), (-1, 0, 0), (-1, 0, 0), (-1, 0, 0), (0, 0.99999994, 0), (0, 0.99999994, 0), (0, 0.99999994, 0), (0, 0.99999994, 0), (1, 0, 0), (1, 0, 0), (1, 0, 0), (1, 0, 0), (0, -0.99999994, 0), (0, -0.99999994, 0), (0, -0.99999994, 0), (0, -0.99999994, 0), (0, 0, -1), (0, 0, -1), (0, 0, -1), (0, 0, -1), (0, 0, 1), (0, 0, 1), (0, 0, 1), (0, 0, 1)] (
                        interpolation = "faceVarying"
                    )
                    point3f[] points = [(-0.0009135, -0.008, -0.000065), (-0.0009135, -0.008, 0.000065), (-0.0009135, 0.008, -0.000065), (-0.0009135, 0.008, 0.000065), (0.0009135, -0.008, -0.000065), (0.0009135, -0.008, 0.000065), (0.0009135, 0.008, -0.000065), (0.0009135, 0.008, 0.000065)]
                    texCoord2f[] primvars:st = [(0.375, 0), (0.625, 0), (0.625, 0.25), (0.375, 0.25), (0.375, 0.25), (0.625, 0.25), (0.625, 0.5), (0.375, 0.5), (0.375, 0.5), (0.625, 0.5), (0.625, 0.75), (0.375, 0.75), (0.375, 0.75), (0.625, 0.75), (0.625, 1), (0.375, 1), (0.125, 0.5), (0.375, 0.5), (0.375, 0.75), (0.125, 0.75), (0.625, 0.5), (0.875, 0.5), (0.875, 0.75), (0.625, 0.75)] (
                        interpolation = "faceVarying"
                    )
                    uniform token subdivisionScheme = "none"
                    custom string userProperties:blender:data_name = "Cube.121"
                }
            }

            def Xform "Barcode_line_061"
            {
                custom string userProperties:blender:object_name = "Barcode line.061"
                float3 xformOp:rotateXYZ = (0, -0, 4.2688688e-7)
                float3 xformOp:scale = (0.99999994, 0.99999994, 1)
                double3 xformOp:translate = (-0.003197249723598361, -0.004000000189989805, 0.0002500005066394806)
                uniform token[] xformOpOrder = ["xformOp:translate", "xformOp:rotateXYZ", "xformOp:scale"]

                def Mesh "Cube_113" (
                    active = true
                    prepend apiSchemas = ["MaterialBindingAPI"]
                )
                {
                    uniform bool doubleSided = 1
                    float3[] extent = [(-0.00045675, -0.008, -0.000065), (0.00045675, 0.008, 0.000065)]
                    int[] faceVertexCounts = [4, 4, 4, 4, 4, 4]
                    int[] faceVertexIndices = [0, 1, 3, 2, 2, 3, 7, 6, 6, 7, 5, 4, 4, 5, 1, 0, 2, 6, 4, 0, 7, 3, 1, 5]
                    rel material:binding = </Asset/_materials/Printed_dark_ink>
                    normal3f[] normals = [(-1, 0, 0), (-1, 0, 0), (-1, 0, 0), (-1, 0, 0), (0, 0.99999994, 0), (0, 0.99999994, 0), (0, 0.99999994, 0), (0, 0.99999994, 0), (1, 0, 0), (1, 0, 0), (1, 0, 0), (1, 0, 0), (0, -0.99999994, 0), (0, -0.99999994, 0), (0, -0.99999994, 0), (0, -0.99999994, 0), (0, 0, -1), (0, 0, -1), (0, 0, -1), (0, 0, -1), (0, 0, 1), (0, 0, 1), (0, 0, 1), (0, 0, 1)] (
                        interpolation = "faceVarying"
                    )
                    point3f[] points = [(-0.00045675, -0.008, -0.000065), (-0.00045675, -0.008, 0.000065), (-0.00045675, 0.008, -0.000065), (-0.00045675, 0.008, 0.000065), (0.00045675, -0.008, -0.000065), (0.00045675, -0.008, 0.000065), (0.00045675, 0.008, -0.000065), (0.00045675, 0.008, 0.000065)]
                    texCoord2f[] primvars:st = [(0.375, 0), (0.625, 0), (0.625, 0.25), (0.375, 0.25), (0.375, 0.25), (0.625, 0.25), (0.625, 0.5), (0.375, 0.5), (0.375, 0.5), (0.625, 0.5), (0.625, 0.75), (0.375, 0.75), (0.375, 0.75), (0.625, 0.75), (0.625, 1), (0.375, 1), (0.125, 0.5), (0.375, 0.5), (0.375, 0.75), (0.125, 0.75), (0.625, 0.5), (0.875, 0.5), (0.875, 0.75), (0.625, 0.75)] (
                        interpolation = "faceVarying"
                    )
                    uniform token subdivisionScheme = "none"
                    custom string userProperties:blender:data_name = "Cube.113"
                }
            }
        }

        def Xform "Wrinkled_mailer"
        {
            custom string userProperties:blender:object_name = "Wrinkled mailer"

            def Mesh "Wrinkled_mailer" (
                active = true
                prepend apiSchemas = ["MaterialBindingAPI"]
            )
            {
                uniform bool doubleSided = 1
                float3[] extent = [(-0.135, -0.1025, -0.021865964), (0.135, 0.1025, 0.021865964)]
                int[] faceVertexCounts = [4, 4, 4, 4, 4, 4, 4, 4, 4, 4, 4, 4, 4, 4, 4, 4, 4, 4, 4, 4, 4, 4, 4, 4, 4, 4, 4, 4, 4, 4, 4, 4, 4, 4, 4, 4, 4, 4, 4, 4, 4, 4, 4, 4, 4, 4, 4, 4, 4, 4, 4, 4, 4, 4, 4, 4, 4, 4, 4, 4, 4, 4, 4, 4, 4, 4, 4, 4, 4, 4, 4, 4, 4, 4, 4, 4, 4, 4, 4, 4, 4, 4, 4, 4, 4, 4, 4, 4, 4, 4, 4, 4, 4, 4, 4, 4, 4, 4, 4, 4, 4, 4, 4, 4, 4, 4, 4, 4, 4, 4, 4, 4, 4, 4, 4, 4, 4, 4, 4, 4, 4, 4, 4, 4, 4, 4, 4, 4, 4, 4, 4, 4, 4, 4, 4, 4, 4, 4, 4, 4, 4, 4, 4, 4, 4, 4, 4, 4, 4, 4, 4, 4, 4, 4, 4, 4, 4, 4, 4, 4, 4, 4, 4, 4, 4, 4, 4, 4, 4, 4, 4, 4, 4, 4, 4, 4, 4, 4, 4, 4, 4, 4, 4, 4, 4, 4, 4, 4, 4, 4, 4, 4, 4, 4, 4, 4, 4, 4, 4, 4, 4, 4, 4, 4, 4, 4, 4, 4, 4, 4, 4, 4, 4, 4, 4, 4, 4, 4, 4, 4, 4, 4, 4, 4, 4, 4, 4, 4, 4, 4, 4, 4, 4, 4, 4, 4, 4, 4, 4, 4, 4, 4, 4, 4, 4, 4, 4, 4, 4, 4, 4, 4, 4, 4, 4, 4, 4, 4, 4, 4, 4, 4, 4, 4, 4, 4, 4, 4, 4, 4, 4, 4, 4, 4, 4, 4, 4, 4, 4, 4, 4, 4, 4, 4, 4, 4, 4, 4, 4, 4, 4, 4, 4, 4, 4, 4, 4, 4, 4, 4, 4, 4, 4, 4, 4, 4, 4, 4, 4, 4, 4, 4, 4, 4, 4, 4, 4, 4, 4, 4, 4, 4, 4, 4, 4, 4, 4, 4, 4, 4, 4, 4, 4, 4, 4, 4, 4, 4, 4, 4, 4, 4, 4, 4, 4, 4, 4, 4, 4, 4, 4, 4, 4, 4, 4, 4, 4, 4, 4, 4, 4, 4, 4, 4, 4, 4, 4, 4, 4, 4, 4, 4, 4, 4, 4, 4, 4, 4, 4, 4, 4, 4, 4, 4, 4, 4, 4, 4, 4, 4, 4, 4, 4, 4, 4, 4, 4, 4, 4, 4, 4, 4, 4, 4, 4, 4, 4, 4, 4, 4, 4, 4, 4, 4, 4, 4, 4, 4, 4, 4, 4, 4, 4, 4, 4, 4, 4, 4, 4, 4, 4, 4, 4, 4, 4, 4, 4, 4, 4, 4, 4, 4, 4, 4, 4, 4, 4, 4, 4, 4, 4, 4, 4, 4, 4, 4, 4, 4, 4, 4, 4, 4, 4, 4, 4, 4, 4, 4, 4, 4, 4, 4, 4, 4, 4, 4, 4, 4, 4, 4, 4, 4, 4, 4, 4, 4, 4, 4, 4, 4, 4, 4, 4, 4, 4, 4, 4, 4, 4, 4, 4, 4, 4, 4, 4, 4, 4, 4, 4, 4, 4, 4, 4, 4, 4, 4, 4, 4, 4, 4, 4, 4, 4, 4, 4, 4, 4, 4, 4, 4, 4, 4, 4, 4, 4, 4, 4, 4, 4, 4, 4, 4, 4, 4, 4, 4, 4, 4, 4, 4, 4, 4, 4, 4, 4, 4, 4, 4, 4, 4, 4, 4, 4, 4, 4, 4, 4, 4, 4, 4, 4, 4, 4, 4, 4, 4, 4, 4, 4, 4, 4, 4, 4, 4, 4, 4, 4, 4, 4, 4, 4, 4, 4, 4, 4, 4, 4, 4, 4, 4, 4, 4, 4, 4, 4, 4, 4, 4, 4, 4, 4, 4, 4, 4, 4, 4, 4, 4, 4, 4, 4, 4, 4, 4, 4, 4, 4, 4, 4, 4, 4, 4, 4, 4, 4, 4, 4, 4, 4, 4, 4, 4, 4, 4, 4, 4, 4, 4, 4, 4, 4, 4, 4, 4, 4, 4, 4, 4, 4, 4, 4, 4, 4, 4, 4, 4, 4, 4, 4, 4, 4, 4, 4, 4, 4, 4, 4, 4, 4, 4, 4, 4, 4, 4, 4, 4, 4, 4, 4, 4, 4, 4, 4, 4, 4, 4, 4, 4, 4, 4, 4, 4, 4, 4, 4, 4, 4, 4, 4, 4, 4, 4, 4, 4, 4, 4, 4, 4, 4, 4, 4, 4, 4, 4, 4, 4, 4, 4, 4, 4, 4, 4, 4, 4, 4, 4, 4, 4, 4, 4, 4, 4, 4, 4, 4, 4, 4, 4, 4, 4, 4, 4, 4, 4, 4, 4, 4, 4, 4, 4, 4, 4, 4, 4, 4, 4, 4, 4, 4, 4, 4, 4, 4, 4, 4, 4, 4, 4, 4, 4, 4, 4, 4, 4, 4, 4, 4, 4, 4, 4, 4, 4, 4, 4, 4, 4, 4, 4, 4, 4, 4, 4, 4, 4, 4, 4, 4, 4, 4, 4, 4, 4, 4, 4, 4, 4, 4, 4, 4, 4, 4, 4, 4, 4, 4, 4, 4, 4, 4, 4, 4, 4, 4, 4, 4, 4, 4, 4, 4, 4, 4, 4, 4, 4, 4, 4, 4, 4, 4, 4, 4, 4, 4, 4, 4, 4, 4, 4, 4, 4, 4, 4, 4, 4, 4, 4, 4, 4, 4, 4, 4, 4, 4, 4, 4, 4, 4, 4, 4, 4, 4, 4, 4, 4, 4, 4, 4, 4, 4, 4, 4, 4, 4, 4, 4, 4, 4, 4, 4, 4, 4, 4, 4, 4, 4, 4, 4, 4, 4, 4, 4, 4, 4, 4, 4, 4, 4, 4, 4, 4, 4, 4, 4, 4, 4, 4, 4, 4, 4, 4, 4, 4, 4, 4, 4, 4, 4, 4, 4, 4, 4, 4, 4, 4, 4, 4, 4, 4, 4, 4, 4, 4, 4, 4, 4, 4, 4, 4, 4, 4, 4, 4, 4, 4, 4, 4, 4, 4, 4, 4, 4, 4, 4, 4, 4, 4, 4, 4, 4, 4, 4, 4, 4, 4, 4, 4, 4, 4, 4, 4, 4, 4, 4, 4, 4, 4, 4, 4, 4, 4, 4, 4, 4, 4, 4, 4, 4, 4, 4, 4, 4, 4, 4, 4, 4, 4, 4, 4, 4, 4, 4, 4, 4, 4, 4, 4, 4, 4, 4, 4, 4, 4, 4, 4, 4, 4, 4, 4, 4, 4, 4, 4, 4, 4, 4, 4, 4, 4, 4, 4, 4, 4, 4, 4, 4, 4, 4, 4, 4, 4, 4, 4, 4, 4, 4, 4, 4, 4, 4, 4, 4, 4, 4, 4, 4, 4, 4, 4, 4, 4, 4, 4, 4, 4, 4, 4, 4, 4, 4, 4, 4, 4, 4, 4, 4, 4, 4, 4, 4, 4, 4, 4, 4, 4, 4, 4, 4, 4, 4, 4, 4, 4, 4, 4, 4, 4, 4, 4, 4, 4, 4, 4, 4, 4, 4, 4, 4, 4, 4, 4, 4, 4, 4, 4, 4, 4, 4, 4, 4, 4, 4, 4, 4, 4, 4, 4, 4, 4, 4, 4, 4, 4, 4, 4, 4, 4, 4, 4, 4, 4, 4, 4, 4, 4, 4, 4, 4, 4, 4, 4, 4, 4, 4, 4, 4, 4, 4, 4, 4, 4, 4, 4, 4, 4, 4, 4, 4, 4, 4, 4, 4, 4, 4, 4, 4, 4, 4, 4, 4, 4, 4, 4, 4, 4, 4, 4, 4, 4, 4, 4, 4, 4, 4, 4, 4, 4, 4, 4, 4, 4, 4, 4, 4, 4, 4, 4, 4, 4, 4, 4, 4, 4, 4, 4, 4, 4, 4, 4, 4, 4, 4, 4, 4, 4, 4, 4, 4, 4, 4, 4, 4, 4, 4, 4, 4, 4, 4, 4, 4, 4, 4, 4, 4, 4, 4, 4, 4, 4, 4, 4, 4, 4, 4, 4, 4, 4, 4, 4, 4, 4, 4, 4, 4, 4, 4, 4, 4, 4, 4, 4, 4, 4, 4, 4, 4, 4, 4, 4, 4, 4, 4, 4, 4, 4, 4, 4, 4, 4, 4, 4, 4, 4, 4, 4, 4, 4, 4, 4, 4, 4, 4, 4, 4, 4, 4, 4, 4, 4, 4, 4, 4, 4, 4, 4, 4, 4, 4, 4, 4, 4, 4, 4, 4, 4, 4, 4, 4, 4, 4, 4, 4, 4, 4, 4, 4, 4, 4, 4, 4, 4, 4, 4, 4, 4, 4, 4, 4, 4, 4, 4, 4, 4, 4, 4, 4, 4, 4, 4, 4, 4, 4, 4, 4, 4, 4, 4, 4, 4, 4, 4, 4, 4, 4, 4, 4, 4, 4, 4, 4, 4, 4, 4, 4, 4, 4, 4, 4, 4, 4, 4, 4, 4, 4, 4, 4, 4, 4, 4, 4, 4, 4, 4, 4, 4, 4, 4, 4, 4, 4, 4, 4, 4, 4, 4, 4, 4, 4, 4, 4, 4, 4, 4, 4, 4, 4, 4, 4, 4, 4, 4, 4, 4, 4, 4, 4, 4, 4, 4, 4, 4, 4, 4, 4, 4, 4, 4, 4, 4, 4, 4, 4, 4, 4, 4, 4, 4, 4, 4, 4, 4, 4, 4, 4, 4, 4, 4, 4, 4, 4, 4, 4, 4, 4, 4, 4, 4, 4, 4, 4, 4, 4, 4, 4, 4, 4, 4, 4, 4, 4, 4, 4, 4, 4, 4, 4, 4, 4, 4, 4, 4, 4, 4, 4, 4, 4, 4, 4, 4, 4, 4, 4, 4, 4, 4, 4, 4, 4, 4, 4, 4, 4, 4, 4, 4, 4, 4, 4, 4, 4, 4, 4, 4, 4, 4, 4, 4, 4, 4, 4, 4, 4, 4, 4, 4, 4, 4, 4, 4, 4, 4, 4, 4, 4, 4, 4, 4, 4, 4, 4, 4, 4, 4, 4, 4, 4, 4, 4, 4, 4, 4, 4, 4, 4, 4, 4, 4, 4, 4, 4, 4, 4, 4, 4, 4, 4, 4, 4, 4, 4, 4, 4, 4, 4, 4, 4, 4, 4, 4, 4, 4, 4, 4, 4, 4, 4, 4, 4, 4, 4, 4, 4, 4, 4, 4, 4, 4, 4, 4, 4, 4, 4, 4, 4, 4, 4, 4, 4, 4, 4, 4, 4, 4, 4, 4, 4, 4, 4, 4, 4, 4, 4, 4, 4, 4, 4, 4, 4, 4, 4, 4, 4, 4, 4, 4, 4, 4, 4, 4, 4, 4, 4, 4, 4, 4, 4, 4, 4, 4, 4, 4, 4, 4, 4, 4, 4, 4, 4, 4, 4, 4, 4, 4, 4, 4, 4, 4, 4, 4, 4, 4, 4, 4, 4, 4, 4, 4, 4, 4, 4, 4, 4, 4, 4, 4, 4, 4, 4, 4, 4, 4, 4, 4, 4, 4, 4, 4, 4, 4, 4, 4, 4, 4, 4, 4, 4, 4, 4, 4, 4, 4, 4, 4, 4, 4, 4, 4, 4, 4, 4, 4, 4, 4, 4, 4, 4, 4, 4, 4, 4, 4, 4, 4, 4, 4, 4, 4, 4, 4, 4, 4, 4, 4, 4, 4, 4, 4, 4, 4, 4, 4, 4, 4, 4, 4, 4, 4, 4, 4, 4, 4, 4, 4, 4, 4, 4, 4, 4, 4, 4, 4, 4, 4, 4, 4, 4, 4, 4, 4, 4, 4, 4, 4, 4, 4, 4, 4, 4, 4, 4, 4, 4, 4, 4, 4, 4, 4, 4, 4, 4, 4, 4, 4, 4, 4, 4, 4, 4, 4, 4, 4, 4, 4, 4, 4, 4, 4, 4, 4, 4, 4, 4, 4, 4, 4, 4, 4, 4, 4, 4, 4, 4, 4, 4, 4, 4, 4, 4, 4, 4, 4, 4, 4, 4, 4, 4, 4, 4, 4, 4, 4, 4, 4, 4, 4, 4, 4, 4, 4, 4, 4, 4, 4, 4, 4, 4, 4, 4, 4, 4, 4, 4, 4, 4, 4, 4, 4, 4, 4, 4, 4, 4, 4, 4, 4, 4, 4, 4, 4, 4, 4, 4, 4, 4, 4, 4, 4, 4, 4, 4, 4, 4, 4, 4, 4, 4, 4, 4, 4, 4, 4, 4, 4, 4, 4, 4, 4, 4, 4, 4, 4, 4, 4, 4, 4, 4, 4, 4, 4, 4, 4, 4, 4, 4, 4, 4, 4, 4, 4, 4, 4, 4, 4, 4, 4, 4, 4, 4, 4, 4, 4, 4, 4, 4, 4, 4, 4, 4, 4, 4, 4, 4, 4, 4, 4, 4, 4, 4, 4, 4, 4, 4, 4, 4, 4, 4, 4, 4, 4, 4, 4, 4, 4, 4, 4, 4, 4, 4, 4, 4, 4, 4, 4, 4, 4, 4, 4, 4, 4, 4, 4, 4, 4, 4, 4, 4, 4, 4, 4, 4, 4, 4, 4, 4, 4, 4, 4, 4, 4, 4, 4, 4, 4, 4, 4, 4, 4, 4, 4, 4, 4, 4, 4, 4, 4, 4, 4, 4, 4, 4, 4, 4, 4, 4, 4, 4, 4, 4, 4, 4, 4, 4, 4, 4, 4, 4, 4, 4, 4, 4, 4, 4, 4, 4, 4, 4, 4, 4, 4, 4, 4, 4, 4, 4, 4, 4, 4, 4, 4, 4, 4, 4, 4, 4, 4, 4, 4, 4, 4, 4, 4, 4, 4, 4, 4, 4, 4, 4, 4, 4, 4, 4, 4, 4, 4, 4, 4, 4, 4, 4, 4, 4, 4, 4, 4, 4, 4, 4, 4, 4, 4, 4, 4, 4, 4, 4, 4, 4, 4, 4, 4, 4, 4, 4, 4, 4, 4, 4, 4, 4, 4, 4, 4, 4, 4, 4, 4, 4, 4, 4, 4, 4, 4, 4, 4, 4, 4, 4, 4, 4, 4, 4, 4, 4, 4, 4, 4, 4, 4, 4, 4, 4, 4, 4, 4, 4, 4, 4, 4, 4, 4, 4, 4, 4, 4, 4, 4, 4, 4, 4, 4, 4, 4, 4, 4, 4, 4, 4, 4, 4, 4, 4, 4, 4, 4, 4, 4, 4, 4, 4, 4, 4, 4, 4, 4, 4, 4, 4, 4, 4, 4, 4, 4, 4, 4, 4, 4, 4, 4, 4, 4, 4, 4, 4, 4, 4, 4, 4, 4, 4, 4, 4, 4, 4, 4, 4, 4, 4, 4, 4, 4, 4, 4, 4, 4, 4, 4, 4, 4, 4, 4, 4, 4, 4, 4, 4, 4, 4, 4, 4, 4, 4, 4, 4, 4, 4, 4, 4, 4, 4, 4, 4, 4, 4, 4, 4, 4, 4, 4, 4, 4, 4, 4, 4, 4, 4, 4, 4, 4, 4, 4, 4, 4, 4, 4, 4, 4, 4, 4, 4, 4, 4, 4, 4, 4, 4, 4, 4, 4, 4, 4, 4, 4, 4, 4, 4, 4, 4, 4, 4, 4, 4, 4, 4, 4, 4, 4, 4, 4, 4, 4, 4, 4, 4, 4, 4, 4, 4, 4, 4, 4, 4, 4, 4, 4, 4, 4, 4, 4, 4, 4, 4, 4, 4, 4, 4, 4, 4, 4, 4, 4, 4, 4, 4, 4, 4, 4, 4, 4, 4, 4, 4, 4, 4, 4, 4, 4, 4, 4, 4, 4, 4, 4, 4, 4, 4, 4, 4, 4, 4, 4, 4, 4, 4, 4, 4, 4, 4, 4, 4, 4, 4, 4, 4, 4, 4, 4, 4, 4, 4, 4, 4, 4, 4, 4, 4, 4, 4, 4, 4, 4, 4, 4, 4, 4, 4, 4, 4, 4, 4, 4, 4, 4, 4, 4, 4, 4, 4, 4, 4, 4, 4, 4, 4, 4, 4, 4, 4, 4, 4, 4, 4, 4, 4, 4, 4, 4, 4, 4, 4, 4, 4, 4, 4, 4, 4, 4, 4, 4, 4, 4, 4, 4, 4, 4, 4, 4, 4, 4, 4, 4, 4, 4, 4, 4, 4, 4, 4, 4, 4, 4]
                int[] faceVertexIndices = [0, 1, 42, 41, 1, 2, 43, 42, 2, 3, 44, 43, 3, 4, 45, 44, 4, 5, 46, 45, 5, 6, 47, 46, 6, 7, 48, 47, 7, 8, 49, 48, 8, 9, 50, 49, 9, 10, 51, 50, 10, 11, 52, 51, 11, 12, 53, 52, 12, 13, 54, 53, 13, 14, 55, 54, 14, 15, 56, 55, 15, 16, 57, 56, 16, 17, 58, 57, 17, 18, 59, 58, 18, 19, 60, 59, 19, 20, 61, 60, 20, 21, 62, 61, 21, 22, 63, 62, 22, 23, 64, 63, 23, 24, 65, 64, 24, 25, 66, 65, 25, 26, 67, 66, 26, 27, 68, 67, 27, 28, 69, 68, 28, 29, 70, 69, 29, 30, 71, 70, 30, 31, 72, 71, 31, 32, 73, 72, 32, 33, 74, 73, 33, 34, 75, 74, 34, 35, 76, 75, 35, 36, 77, 76, 36, 37, 78, 77, 37, 38, 79, 78, 38, 39, 80, 79, 39, 40, 81, 80, 41, 42, 83, 82, 42, 43, 84, 83, 43, 44, 85, 84, 44, 45, 86, 85, 45, 46, 87, 86, 46, 47, 88, 87, 47, 48, 89, 88, 48, 49, 90, 89, 49, 50, 91, 90, 50, 51, 92, 91, 51, 52, 93, 92, 52, 53, 94, 93, 53, 54, 95, 94, 54, 55, 96, 95, 55, 56, 97, 96, 56, 57, 98, 97, 57, 58, 99, 98, 58, 59, 100, 99, 59, 60, 101, 100, 60, 61, 102, 101, 61, 62, 103, 102, 62, 63, 104, 103, 63, 64, 105, 104, 64, 65, 106, 105, 65, 66, 107, 106, 66, 67, 108, 107, 67, 68, 109, 108, 68, 69, 110, 109, 69, 70, 111, 110, 70, 71, 112, 111, 71, 72, 113, 112, 72, 73, 114, 113, 73, 74, 115, 114, 74, 75, 116, 115, 75, 76, 117, 116, 76, 77, 118, 117, 77, 78, 119, 118, 78, 79, 120, 119, 79, 80, 121, 120, 80, 81, 122, 121, 82, 83, 124, 123, 83, 84, 125, 124, 84, 85, 126, 125, 85, 86, 127, 126, 86, 87, 128, 127, 87, 88, 129, 128, 88, 89, 130, 129, 89, 90, 131, 130, 90, 91, 132, 131, 91, 92, 133, 132, 92, 93, 134, 133, 93, 94, 135, 134, 94, 95, 136, 135, 95, 96, 137, 136, 96, 97, 138, 137, 97, 98, 139, 138, 98, 99, 140, 139, 99, 100, 141, 140, 100, 101, 142, 141, 101, 102, 143, 142, 102, 103, 144, 143, 103, 104, 145, 144, 104, 105, 146, 145, 105, 106, 147, 146, 106, 107, 148, 147, 107, 108, 149, 148, 108, 109, 150, 149, 109, 110, 151, 150, 110, 111, 152, 151, 111, 112, 153, 152, 112, 113, 154, 153, 113, 114, 155, 154, 114, 115, 156, 155, 115, 116, 157, 156, 116, 117, 158, 157, 117, 118, 159, 158, 118, 119, 160, 159, 119, 120, 161, 160, 120, 121, 162, 161, 121, 122, 163, 162, 123, 124, 165, 164, 124, 125, 166, 165, 125, 126, 167, 166, 126, 127, 168, 167, 127, 128, 169, 168, 128, 129, 170, 169, 129, 130, 171, 170, 130, 131, 172, 171, 131, 132, 173, 172, 132, 133, 174, 173, 133, 134, 175, 174, 134, 135, 176, 175, 135, 136, 177, 176, 136, 137, 178, 177, 137, 138, 179, 178, 138, 139, 180, 179, 139, 140, 181, 180, 140, 141, 182, 181, 141, 142, 183, 182, 142, 143, 184, 183, 143, 144, 185, 184, 144, 145, 186, 185, 145, 146, 187, 186, 146, 147, 188, 187, 147, 148, 189, 188, 148, 149, 190, 189, 149, 150, 191, 190, 150, 151, 192, 191, 151, 152, 193, 192, 152, 153, 194, 193, 153, 154, 195, 194, 154, 155, 196, 195, 155, 156, 197, 196, 156, 157, 198, 197, 157, 158, 199, 198, 158, 159, 200, 199, 159, 160, 201, 200, 160, 161, 202, 201, 161, 162, 203, 202, 162, 163, 204, 203, 164, 165, 206, 205, 165, 166, 207, 206, 166, 167, 208, 207, 167, 168, 209, 208, 168, 169, 210, 209, 169, 170, 211, 210, 170, 171, 212, 211, 171, 172, 213, 212, 172, 173, 214, 213, 173, 174, 215, 214, 174, 175, 216, 215, 175, 176, 217, 216, 176, 177, 218, 217, 177, 178, 219, 218, 178, 179, 220, 219, 179, 180, 221, 220, 180, 181, 222, 221, 181, 182, 223, 222, 182, 183, 224, 223, 183, 184, 225, 224, 184, 185, 226, 225, 185, 186, 227, 226, 186, 187, 228, 227, 187, 188, 229, 228, 188, 189, 230, 229, 189, 190, 231, 230, 190, 191, 232, 231, 191, 192, 233, 232, 192, 193, 234, 233, 193, 194, 235, 234, 194, 195, 236, 235, 195, 196, 237, 236, 196, 197, 238, 237, 197, 198, 239, 238, 198, 199, 240, 239, 199, 200, 241, 240, 200, 201, 242, 241, 201, 202, 243, 242, 202, 203, 244, 243, 203, 204, 245, 244, 205, 206, 247, 246, 206, 207, 248, 247, 207, 208, 249, 248, 208, 209, 250, 249, 209, 210, 251, 250, 210, 211, 252, 251, 211, 212, 253, 252, 212, 213, 254, 253, 213, 214, 255, 254, 214, 215, 256, 255, 215, 216, 257, 256, 216, 217, 258, 257, 217, 218, 259, 258, 218, 219, 260, 259, 219, 220, 261, 260, 220, 221, 262, 261, 221, 222, 263, 262, 222, 223, 264, 263, 223, 224, 265, 264, 224, 225, 266, 265, 225, 226, 267, 266, 226, 227, 268, 267, 227, 228, 269, 268, 228, 229, 270, 269, 229, 230, 271, 270, 230, 231, 272, 271, 231, 232, 273, 272, 232, 233, 274, 273, 233, 234, 275, 274, 234, 235, 276, 275, 235, 236, 277, 276, 236, 237, 278, 277, 237, 238, 279, 278, 238, 239, 280, 279, 239, 240, 281, 280, 240, 241, 282, 281, 241, 242, 283, 282, 242, 243, 284, 283, 243, 244, 285, 284, 244, 245, 286, 285, 246, 247, 288, 287, 247, 248, 289, 288, 248, 249, 290, 289, 249, 250, 291, 290, 250, 251, 292, 291, 251, 252, 293, 292, 252, 253, 294, 293, 253, 254, 295, 294, 254, 255, 296, 295, 255, 256, 297, 296, 256, 257, 298, 297, 257, 258, 299, 298, 258, 259, 300, 299, 259, 260, 301, 300, 260, 261, 302, 301, 261, 262, 303, 302, 262, 263, 304, 303, 263, 264, 305, 304, 264, 265, 306, 305, 265, 266, 307, 306, 266, 267, 308, 307, 267, 268, 309, 308, 268, 269, 310, 309, 269, 270, 311, 310, 270, 271, 312, 311, 271, 272, 313, 312, 272, 273, 314, 313, 273, 274, 315, 314, 274, 275, 316, 315, 275, 276, 317, 316, 276, 277, 318, 317, 277, 278, 319, 318, 278, 279, 320, 319, 279, 280, 321, 320, 280, 281, 322, 321, 281, 282, 323, 322, 282, 283, 324, 323, 283, 284, 325, 324, 284, 285, 326, 325, 285, 286, 327, 326, 287, 288, 329, 328, 288, 289, 330, 329, 289, 290, 331, 330, 290, 291, 332, 331, 291, 292, 333, 332, 292, 293, 334, 333, 293, 294, 335, 334, 294, 295, 336, 335, 295, 296, 337, 336, 296, 297, 338, 337, 297, 298, 339, 338, 298, 299, 340, 339, 299, 300, 341, 340, 300, 301, 342, 341, 301, 302, 343, 342, 302, 303, 344, 343, 303, 304, 345, 344, 304, 305, 346, 345, 305, 306, 347, 346, 306, 307, 348, 347, 307, 308, 349, 348, 308, 309, 350, 349, 309, 310, 351, 350, 310, 311, 352, 351, 311, 312, 353, 352, 312, 313, 354, 353, 313, 314, 355, 354, 314, 315, 356, 355, 315, 316, 357, 356, 316, 317, 358, 357, 317, 318, 359, 358, 318, 319, 360, 359, 319, 320, 361, 360, 320, 321, 362, 361, 321, 322, 363, 362, 322, 323, 364, 363, 323, 324, 365, 364, 324, 325, 366, 365, 325, 326, 367, 366, 326, 327, 368, 367, 328, 329, 370, 369, 329, 330, 371, 370, 330, 331, 372, 371, 331, 332, 373, 372, 332, 333, 374, 373, 333, 334, 375, 374, 334, 335, 376, 375, 335, 336, 377, 376, 336, 337, 378, 377, 337, 338, 379, 378, 338, 339, 380, 379, 339, 340, 381, 380, 340, 341, 382, 381, 341, 342, 383, 382, 342, 343, 384, 383, 343, 344, 385, 384, 344, 345, 386, 385, 345, 346, 387, 386, 346, 347, 388, 387, 347, 348, 389, 388, 348, 349, 390, 389, 349, 350, 391, 390, 350, 351, 392, 391, 351, 352, 393, 392, 352, 353, 394, 393, 353, 354, 395, 394, 354, 355, 396, 395, 355, 356, 397, 396, 356, 357, 398, 397, 357, 358, 399, 398, 358, 359, 400, 399, 359, 360, 401, 400, 360, 361, 402, 401, 361, 362, 403, 402, 362, 363, 404, 403, 363, 364, 405, 404, 364, 365, 406, 405, 365, 366, 407, 406, 366, 367, 408, 407, 367, 368, 409, 408, 369, 370, 411, 410, 370, 371, 412, 411, 371, 372, 413, 412, 372, 373, 414, 413, 373, 374, 415, 414, 374, 375, 416, 415, 375, 376, 417, 416, 376, 377, 418, 417, 377, 378, 419, 418, 378, 379, 420, 419, 379, 380, 421, 420, 380, 381, 422, 421, 381, 382, 423, 422, 382, 383, 424, 423, 383, 384, 425, 424, 384, 385, 426, 425, 385, 386, 427, 426, 386, 387, 428, 427, 387, 388, 429, 428, 388, 389, 430, 429, 389, 390, 431, 430, 390, 391, 432, 431, 391, 392, 433, 432, 392, 393, 434, 433, 393, 394, 435, 434, 394, 395, 436, 435, 395, 396, 437, 436, 396, 397, 438, 437, 397, 398, 439, 438, 398, 399, 440, 439, 399, 400, 441, 440, 400, 401, 442, 441, 401, 402, 443, 442, 402, 403, 444, 443, 403, 404, 445, 444, 404, 405, 446, 445, 405, 406, 447, 446, 406, 407, 448, 447, 407, 408, 449, 448, 408, 409, 450, 449, 410, 411, 452, 451, 411, 412, 453, 452, 412, 413, 454, 453, 413, 414, 455, 454, 414, 415, 456, 455, 415, 416, 457, 456, 416, 417, 458, 457, 417, 418, 459, 458, 418, 419, 460, 459, 419, 420, 461, 460, 420, 421, 462, 461, 421, 422, 463, 462, 422, 423, 464, 463, 423, 424, 465, 464, 424, 425, 466, 465, 425, 426, 467, 466, 426, 427, 468, 467, 427, 428, 469, 468, 428, 429, 470, 469, 429, 430, 471, 470, 430, 431, 472, 471, 431, 432, 473, 472, 432, 433, 474, 473, 433, 434, 475, 474, 434, 435, 476, 475, 435, 436, 477, 476, 436, 437, 478, 477, 437, 438, 479, 478, 438, 439, 480, 479, 439, 440, 481, 480, 440, 441, 482, 481, 441, 442, 483, 482, 442, 443, 484, 483, 443, 444, 485, 484, 444, 445, 486, 485, 445, 446, 487, 486, 446, 447, 488, 487, 447, 448, 489, 488, 448, 449, 490, 489, 449, 450, 491, 490, 451, 452, 493, 492, 452, 453, 494, 493, 453, 454, 495, 494, 454, 455, 496, 495, 455, 456, 497, 496, 456, 457, 498, 497, 457, 458, 499, 498, 458, 459, 500, 499, 459, 460, 501, 500, 460, 461, 502, 501, 461, 462, 503, 502, 462, 463, 504, 503, 463, 464, 505, 504, 464, 465, 506, 505, 465, 466, 507, 506, 466, 467, 508, 507, 467, 468, 509, 508, 468, 469, 510, 509, 469, 470, 511, 510, 470, 471, 512, 511, 471, 472, 513, 512, 472, 473, 514, 513, 473, 474, 515, 514, 474, 475, 516, 515, 475, 476, 517, 516, 476, 477, 518, 517, 477, 478, 519, 518, 478, 479, 520, 519, 479, 480, 521, 520, 480, 481, 522, 521, 481, 482, 523, 522, 482, 483, 524, 523, 483, 484, 525, 524, 484, 485, 526, 525, 485, 486, 527, 526, 486, 487, 528, 527, 487, 488, 529, 528, 488, 489, 530, 529, 489, 490, 531, 530, 490, 491, 532, 531, 492, 493, 534, 533, 493, 494, 535, 534, 494, 495, 536, 535, 495, 496, 537, 536, 496, 497, 538, 537, 497, 498, 539, 538, 498, 499, 540, 539, 499, 500, 541, 540, 500, 501, 542, 541, 501, 502, 543, 542, 502, 503, 544, 543, 503, 504, 545, 544, 504, 505, 546, 545, 505, 506, 547, 546, 506, 507, 548, 547, 507, 508, 549, 548, 508, 509, 550, 549, 509, 510, 551, 550, 510, 511, 552, 551, 511, 512, 553, 552, 512, 513, 554, 553, 513, 514, 555, 554, 514, 515, 556, 555, 515, 516, 557, 556, 516, 517, 558, 557, 517, 518, 559, 558, 518, 519, 560, 559, 519, 520, 561, 560, 520, 521, 562, 561, 521, 522, 563, 562, 522, 523, 564, 563, 523, 524, 565, 564, 524, 525, 566, 565, 525, 526, 567, 566, 526, 527, 568, 567, 527, 528, 569, 568, 528, 529, 570, 569, 529, 530, 571, 570, 530, 531, 572, 571, 531, 532, 573, 572, 533, 534, 575, 574, 534, 535, 576, 575, 535, 536, 577, 576, 536, 537, 578, 577, 537, 538, 579, 578, 538, 539, 580, 579, 539, 540, 581, 580, 540, 541, 582, 581, 541, 542, 583, 582, 542, 543, 584, 583, 543, 544, 585, 584, 544, 545, 586, 585, 545, 546, 587, 586, 546, 547, 588, 587, 547, 548, 589, 588, 548, 549, 590, 589, 549, 550, 591, 590, 550, 551, 592, 591, 551, 552, 593, 592, 552, 553, 594, 593, 553, 554, 595, 594, 554, 555, 596, 595, 555, 556, 597, 596, 556, 557, 598, 597, 557, 558, 599, 598, 558, 559, 600, 599, 559, 560, 601, 600, 560, 561, 602, 601, 561, 562, 603, 602, 562, 563, 604, 603, 563, 564, 605, 604, 564, 565, 606, 605, 565, 566, 607, 606, 566, 567, 608, 607, 567, 568, 609, 608, 568, 569, 610, 609, 569, 570, 611, 610, 570, 571, 612, 611, 571, 572, 613, 612, 572, 573, 614, 613, 574, 575, 616, 615, 575, 576, 617, 616, 576, 577, 618, 617, 577, 578, 619, 618, 578, 579, 620, 619, 579, 580, 621, 620, 580, 581, 622, 621, 581, 582, 623, 622, 582, 583, 624, 623, 583, 584, 625, 624, 584, 585, 626, 625, 585, 586, 627, 626, 586, 587, 628, 627, 587, 588, 629, 628, 588, 589, 630, 629, 589, 590, 631, 630, 590, 591, 632, 631, 591, 592, 633, 632, 592, 593, 634, 633, 593, 594, 635, 634, 594, 595, 636, 635, 595, 596, 637, 636, 596, 597, 638, 637, 597, 598, 639, 638, 598, 599, 640, 639, 599, 600, 641, 640, 600, 601, 642, 641, 601, 602, 643, 642, 602, 603, 644, 643, 603, 604, 645, 644, 604, 605, 646, 645, 605, 606, 647, 646, 606, 607, 648, 647, 607, 608, 649, 648, 608, 609, 650, 649, 609, 610, 651, 650, 610, 611, 652, 651, 611, 612, 653, 652, 612, 613, 654, 653, 613, 614, 655, 654, 615, 616, 657, 656, 616, 617, 658, 657, 617, 618, 659, 658, 618, 619, 660, 659, 619, 620, 661, 660, 620, 621, 662, 661, 621, 622, 663, 662, 622, 623, 664, 663, 623, 624, 665, 664, 624, 625, 666, 665, 625, 626, 667, 666, 626, 627, 668, 667, 627, 628, 669, 668, 628, 629, 670, 669, 629, 630, 671, 670, 630, 631, 672, 671, 631, 632, 673, 672, 632, 633, 674, 673, 633, 634, 675, 674, 634, 635, 676, 675, 635, 636, 677, 676, 636, 637, 678, 677, 637, 638, 679, 678, 638, 639, 680, 679, 639, 640, 681, 680, 640, 641, 682, 681, 641, 642, 683, 682, 642, 643, 684, 683, 643, 644, 685, 684, 644, 645, 686, 685, 645, 646, 687, 686, 646, 647, 688, 687, 647, 648, 689, 688, 648, 649, 690, 689, 649, 650, 691, 690, 650, 651, 692, 691, 651, 652, 693, 692, 652, 653, 694, 693, 653, 654, 695, 694, 654, 655, 696, 695, 656, 657, 698, 697, 657, 658, 699, 698, 658, 659, 700, 699, 659, 660, 701, 700, 660, 661, 702, 701, 661, 662, 703, 702, 662, 663, 704, 703, 663, 664, 705, 704, 664, 665, 706, 705, 665, 666, 707, 706, 666, 667, 708, 707, 667, 668, 709, 708, 668, 669, 710, 709, 669, 670, 711, 710, 670, 671, 712, 711, 671, 672, 713, 712, 672, 673, 714, 713, 673, 674, 715, 714, 674, 675, 716, 715, 675, 676, 717, 716, 676, 677, 718, 717, 677, 678, 719, 718, 678, 679, 720, 719, 679, 680, 721, 720, 680, 681, 722, 721, 681, 682, 723, 722, 682, 683, 724, 723, 683, 684, 725, 724, 684, 685, 726, 725, 685, 686, 727, 726, 686, 687, 728, 727, 687, 688, 729, 728, 688, 689, 730, 729, 689, 690, 731, 730, 690, 691, 732, 731, 691, 692, 733, 732, 692, 693, 734, 733, 693, 694, 735, 734, 694, 695, 736, 735, 695, 696, 737, 736, 697, 698, 739, 738, 698, 699, 740, 739, 699, 700, 741, 740, 700, 701, 742, 741, 701, 702, 743, 742, 702, 703, 744, 743, 703, 704, 745, 744, 704, 705, 746, 745, 705, 706, 747, 746, 706, 707, 748, 747, 707, 708, 749, 748, 708, 709, 750, 749, 709, 710, 751, 750, 710, 711, 752, 751, 711, 712, 753, 752, 712, 713, 754, 753, 713, 714, 755, 754, 714, 715, 756, 755, 715, 716, 757, 756, 716, 717, 758, 757, 717, 718, 759, 758, 718, 719, 760, 759, 719, 720, 761, 760, 720, 721, 762, 761, 721, 722, 763, 762, 722, 723, 764, 763, 723, 724, 765, 764, 724, 725, 766, 765, 725, 726, 767, 766, 726, 727, 768, 767, 727, 728, 769, 768, 728, 729, 770, 769, 729, 730, 771, 770, 730, 731, 772, 771, 731, 732, 773, 772, 732, 733, 774, 773, 733, 734, 775, 774, 734, 735, 776, 775, 735, 736, 777, 776, 736, 737, 778, 777, 738, 739, 780, 779, 739, 740, 781, 780, 740, 741, 782, 781, 741, 742, 783, 782, 742, 743, 784, 783, 743, 744, 785, 784, 744, 745, 786, 785, 745, 746, 787, 786, 746, 747, 788, 787, 747, 748, 789, 788, 748, 749, 790, 789, 749, 750, 791, 790, 750, 751, 792, 791, 751, 752, 793, 792, 752, 753, 794, 793, 753, 754, 795, 794, 754, 755, 796, 795, 755, 756, 797, 796, 756, 757, 798, 797, 757, 758, 799, 798, 758, 759, 800, 799, 759, 760, 801, 800, 760, 761, 802, 801, 761, 762, 803, 802, 762, 763, 804, 803, 763, 764, 805, 804, 764, 765, 806, 805, 765, 766, 807, 806, 766, 767, 808, 807, 767, 768, 809, 808, 768, 769, 810, 809, 769, 770, 811, 810, 770, 771, 812, 811, 771, 772, 813, 812, 772, 773, 814, 813, 773, 774, 815, 814, 774, 775, 816, 815, 775, 776, 817, 816, 776, 777, 818, 817, 777, 778, 819, 818, 779, 780, 821, 820, 780, 781, 822, 821, 781, 782, 823, 822, 782, 783, 824, 823, 783, 784, 825, 824, 784, 785, 826, 825, 785, 786, 827, 826, 786, 787, 828, 827, 787, 788, 829, 828, 788, 789, 830, 829, 789, 790, 831, 830, 790, 791, 832, 831, 791, 792, 833, 832, 792, 793, 834, 833, 793, 794, 835, 834, 794, 795, 836, 835, 795, 796, 837, 836, 796, 797, 838, 837, 797, 798, 839, 838, 798, 799, 840, 839, 799, 800, 841, 840, 800, 801, 842, 841, 801, 802, 843, 842, 802, 803, 844, 843, 803, 804, 845, 844, 804, 805, 846, 845, 805, 806, 847, 846, 806, 807, 848, 847, 807, 808, 849, 848, 808, 809, 850, 849, 809, 810, 851, 850, 810, 811, 852, 851, 811, 812, 853, 852, 812, 813, 854, 853, 813, 814, 855, 854, 814, 815, 856, 855, 815, 816, 857, 856, 816, 817, 858, 857, 817, 818, 859, 858, 818, 819, 860, 859, 820, 821, 862, 861, 821, 822, 863, 862, 822, 823, 864, 863, 823, 824, 865, 864, 824, 825, 866, 865, 825, 826, 867, 866, 826, 827, 868, 867, 827, 828, 869, 868, 828, 829, 870, 869, 829, 830, 871, 870, 830, 831, 872, 871, 831, 832, 873, 872, 832, 833, 874, 873, 833, 834, 875, 874, 834, 835, 876, 875, 835, 836, 877, 876, 836, 837, 878, 877, 837, 838, 879, 878, 838, 839, 880, 879, 839, 840, 881, 880, 840, 841, 882, 881, 841, 842, 883, 882, 842, 843, 884, 883, 843, 844, 885, 884, 844, 845, 886, 885, 845, 846, 887, 886, 846, 847, 888, 887, 847, 848, 889, 888, 848, 849, 890, 889, 849, 850, 891, 890, 850, 851, 892, 891, 851, 852, 893, 892, 852, 853, 894, 893, 853, 854, 895, 894, 854, 855, 896, 895, 855, 856, 897, 896, 856, 857, 898, 897, 857, 858, 899, 898, 858, 859, 900, 899, 859, 860, 901, 900, 861, 862, 903, 902, 862, 863, 904, 903, 863, 864, 905, 904, 864, 865, 906, 905, 865, 866, 907, 906, 866, 867, 908, 907, 867, 868, 909, 908, 868, 869, 910, 909, 869, 870, 911, 910, 870, 871, 912, 911, 871, 872, 913, 912, 872, 873, 914, 913, 873, 874, 915, 914, 874, 875, 916, 915, 875, 876, 917, 916, 876, 877, 918, 917, 877, 878, 919, 918, 878, 879, 920, 919, 879, 880, 921, 920, 880, 881, 922, 921, 881, 882, 923, 922, 882, 883, 924, 923, 883, 884, 925, 924, 884, 885, 926, 925, 885, 886, 927, 926, 886, 887, 928, 927, 887, 888, 929, 928, 888, 889, 930, 929, 889, 890, 931, 930, 890, 891, 932, 931, 891, 892, 933, 932, 892, 893, 934, 933, 893, 894, 935, 934, 894, 895, 936, 935, 895, 896, 937, 936, 896, 897, 938, 937, 897, 898, 939, 938, 898, 899, 940, 939, 899, 900, 941, 940, 900, 901, 942, 941, 902, 903, 944, 943, 903, 904, 945, 944, 904, 905, 946, 945, 905, 906, 947, 946, 906, 907, 948, 947, 907, 908, 949, 948, 908, 909, 950, 949, 909, 910, 951, 950, 910, 911, 952, 951, 911, 912, 953, 952, 912, 913, 954, 953, 913, 914, 955, 954, 914, 915, 956, 955, 915, 916, 957, 956, 916, 917, 958, 957, 917, 918, 959, 958, 918, 919, 960, 959, 919, 920, 961, 960, 920, 921, 962, 961, 921, 922, 963, 962, 922, 923, 964, 963, 923, 924, 965, 964, 924, 925, 966, 965, 925, 926, 967, 966, 926, 927, 968, 967, 927, 928, 969, 968, 928, 929, 970, 969, 929, 930, 971, 970, 930, 931, 972, 971, 931, 932, 973, 972, 932, 933, 974, 973, 933, 934, 975, 974, 934, 935, 976, 975, 935, 936, 977, 976, 936, 937, 978, 977, 937, 938, 979, 978, 938, 939, 980, 979, 939, 940, 981, 980, 940, 941, 982, 981, 941, 942, 983, 982, 943, 944, 985, 984, 944, 945, 986, 985, 945, 946, 987, 986, 946, 947, 988, 987, 947, 948, 989, 988, 948, 949, 990, 989, 949, 950, 991, 990, 950, 951, 992, 991, 951, 952, 993, 992, 952, 953, 994, 993, 953, 954, 995, 994, 954, 955, 996, 995, 955, 956, 997, 996, 956, 957, 998, 997, 957, 958, 999, 998, 958, 959, 1000, 999, 959, 960, 1001, 1000, 960, 961, 1002, 1001, 961, 962, 1003, 1002, 962, 963, 1004, 1003, 963, 964, 1005, 1004, 964, 965, 1006, 1005, 965, 966, 1007, 1006, 966, 967, 1008, 1007, 967, 968, 1009, 1008, 968, 969, 1010, 1009, 969, 970, 1011, 1010, 970, 971, 1012, 1011, 971, 972, 1013, 1012, 972, 973, 1014, 1013, 973, 974, 1015, 1014, 974, 975, 1016, 1015, 975, 976, 1017, 1016, 976, 977, 1018, 1017, 977, 978, 1019, 1018, 978, 979, 1020, 1019, 979, 980, 1021, 1020, 980, 981, 1022, 1021, 981, 982, 1023, 1022, 982, 983, 1024, 1023, 984, 985, 1026, 1025, 985, 986, 1027, 1026, 986, 987, 1028, 1027, 987, 988, 1029, 1028, 988, 989, 1030, 1029, 989, 990, 1031, 1030, 990, 991, 1032, 1031, 991, 992, 1033, 1032, 992, 993, 1034, 1033, 993, 994, 1035, 1034, 994, 995, 1036, 1035, 995, 996, 1037, 1036, 996, 997, 1038, 1037, 997, 998, 1039, 1038, 998, 999, 1040, 1039, 999, 1000, 1041, 1040, 1000, 1001, 1042, 1041, 1001, 1002, 1043, 1042, 1002, 1003, 1044, 1043, 1003, 1004, 1045, 1044, 1004, 1005, 1046, 1045, 1005, 1006, 1047, 1046, 1006, 1007, 1048, 1047, 1007, 1008, 1049, 1048, 1008, 1009, 1050, 1049, 1009, 1010, 1051, 1050, 1010, 1011, 1052, 1051, 1011, 1012, 1053, 1052, 1012, 1013, 1054, 1053, 1013, 1014, 1055, 1054, 1014, 1015, 1056, 1055, 1015, 1016, 1057, 1056, 1016, 1017, 1058, 1057, 1017, 1018, 1059, 1058, 1018, 1019, 1060, 1059, 1019, 1020, 1061, 1060, 1020, 1021, 1062, 1061, 1021, 1022, 1063, 1062, 1022, 1023, 1064, 1063, 1023, 1024, 1065, 1064, 1025, 1026, 1067, 1066, 1026, 1027, 1068, 1067, 1027, 1028, 1069, 1068, 1028, 1029, 1070, 1069, 1029, 1030, 1071, 1070, 1030, 1031, 1072, 1071, 1031, 1032, 1073, 1072, 1032, 1033, 1074, 1073, 1033, 1034, 1075, 1074, 1034, 1035, 1076, 1075, 1035, 1036, 1077, 1076, 1036, 1037, 1078, 1077, 1037, 1038, 1079, 1078, 1038, 1039, 1080, 1079, 1039, 1040, 1081, 1080, 1040, 1041, 1082, 1081, 1041, 1042, 1083, 1082, 1042, 1043, 1084, 1083, 1043, 1044, 1085, 1084, 1044, 1045, 1086, 1085, 1045, 1046, 1087, 1086, 1046, 1047, 1088, 1087, 1047, 1048, 1089, 1088, 1048, 1049, 1090, 1089, 1049, 1050, 1091, 1090, 1050, 1051, 1092, 1091, 1051, 1052, 1093, 1092, 1052, 1053, 1094, 1093, 1053, 1054, 1095, 1094, 1054, 1055, 1096, 1095, 1055, 1056, 1097, 1096, 1056, 1057, 1098, 1097, 1057, 1058, 1099, 1098, 1058, 1059, 1100, 1099, 1059, 1060, 1101, 1100, 1060, 1061, 1102, 1101, 1061, 1062, 1103, 1102, 1062, 1063, 1104, 1103, 1063, 1064, 1105, 1104, 1064, 1065, 1106, 1105, 1066, 1067, 1108, 1107, 1067, 1068, 1109, 1108, 1068, 1069, 1110, 1109, 1069, 1070, 1111, 1110, 1070, 1071, 1112, 1111, 1071, 1072, 1113, 1112, 1072, 1073, 1114, 1113, 1073, 1074, 1115, 1114, 1074, 1075, 1116, 1115, 1075, 1076, 1117, 1116, 1076, 1077, 1118, 1117, 1077, 1078, 1119, 1118, 1078, 1079, 1120, 1119, 1079, 1080, 1121, 1120, 1080, 1081, 1122, 1121, 1081, 1082, 1123, 1122, 1082, 1083, 1124, 1123, 1083, 1084, 1125, 1124, 1084, 1085, 1126, 1125, 1085, 1086, 1127, 1126, 1086, 1087, 1128, 1127, 1087, 1088, 1129, 1128, 1088, 1089, 1130, 1129, 1089, 1090, 1131, 1130, 1090, 1091, 1132, 1131, 1091, 1092, 1133, 1132, 1092, 1093, 1134, 1133, 1093, 1094, 1135, 1134, 1094, 1095, 1136, 1135, 1095, 1096, 1137, 1136, 1096, 1097, 1138, 1137, 1097, 1098, 1139, 1138, 1098, 1099, 1140, 1139, 1099, 1100, 1141, 1140, 1100, 1101, 1142, 1141, 1101, 1102, 1143, 1142, 1102, 1103, 1144, 1143, 1103, 1104, 1145, 1144, 1104, 1105, 1146, 1145, 1105, 1106, 1147, 1146, 1107, 1108, 1149, 1148, 1108, 1109, 1150, 1149, 1109, 1110, 1151, 1150, 1110, 1111, 1152, 1151, 1111, 1112, 1153, 1152, 1112, 1113, 1154, 1153, 1113, 1114, 1155, 1154, 1114, 1115, 1156, 1155, 1115, 1116, 1157, 1156, 1116, 1117, 1158, 1157, 1117, 1118, 1159, 1158, 1118, 1119, 1160, 1159, 1119, 1120, 1161, 1160, 1120, 1121, 1162, 1161, 1121, 1122, 1163, 1162, 1122, 1123, 1164, 1163, 1123, 1124, 1165, 1164, 1124, 1125, 1166, 1165, 1125, 1126, 1167, 1166, 1126, 1127, 1168, 1167, 1127, 1128, 1169, 1168, 1128, 1129, 1170, 1169, 1129, 1130, 1171, 1170, 1130, 1131, 1172, 1171, 1131, 1132, 1173, 1172, 1132, 1133, 1174, 1173, 1133, 1134, 1175, 1174, 1134, 1135, 1176, 1175, 1135, 1136, 1177, 1176, 1136, 1137, 1178, 1177, 1137, 1138, 1179, 1178, 1138, 1139, 1180, 1179, 1139, 1140, 1181, 1180, 1140, 1141, 1182, 1181, 1141, 1142, 1183, 1182, 1142, 1143, 1184, 1183, 1143, 1144, 1185, 1184, 1144, 1145, 1186, 1185, 1145, 1146, 1187, 1186, 1146, 1147, 1188, 1187, 1148, 1149, 1190, 1189, 1149, 1150, 1191, 1190, 1150, 1151, 1192, 1191, 1151, 1152, 1193, 1192, 1152, 1153, 1194, 1193, 1153, 1154, 1195, 1194, 1154, 1155, 1196, 1195, 1155, 1156, 1197, 1196, 1156, 1157, 1198, 1197, 1157, 1158, 1199, 1198, 1158, 1159, 1200, 1199, 1159, 1160, 1201, 1200, 1160, 1161, 1202, 1201, 1161, 1162, 1203, 1202, 1162, 1163, 1204, 1203, 1163, 1164, 1205, 1204, 1164, 1165, 1206, 1205, 1165, 1166, 1207, 1206, 1166, 1167, 1208, 1207, 1167, 1168, 1209, 1208, 1168, 1169, 1210, 1209, 1169, 1170, 1211, 1210, 1170, 1171, 1212, 1211, 1171, 1172, 1213, 1212, 1172, 1173, 1214, 1213, 1173, 1174, 1215, 1214, 1174, 1175, 1216, 1215, 1175, 1176, 1217, 1216, 1176, 1177, 1218, 1217, 1177, 1178, 1219, 1218, 1178, 1179, 1220, 1219, 1179, 1180, 1221, 1220, 1180, 1181, 1222, 1221, 1181, 1182, 1223, 1222, 1182, 1183, 1224, 1223, 1183, 1184, 1225, 1224, 1184, 1185, 1226, 1225, 1185, 1186, 1227, 1226, 1186, 1187, 1228, 1227, 1187, 1188, 1229, 1228, 1189, 1190, 1231, 1230, 1190, 1191, 1232, 1231, 1191, 1192, 1233, 1232, 1192, 1193, 1234, 1233, 1193, 1194, 1235, 1234, 1194, 1195, 1236, 1235, 1195, 1196, 1237, 1236, 1196, 1197, 1238, 1237, 1197, 1198, 1239, 1238, 1198, 1199, 1240, 1239, 1199, 1200, 1241, 1240, 1200, 1201, 1242, 1241, 1201, 1202, 1243, 1242, 1202, 1203, 1244, 1243, 1203, 1204, 1245, 1244, 1204, 1205, 1246, 1245, 1205, 1206, 1247, 1246, 1206, 1207, 1248, 1247, 1207, 1208, 1249, 1248, 1208, 1209, 1250, 1249, 1209, 1210, 1251, 1250, 1210, 1211, 1252, 1251, 1211, 1212, 1253, 1252, 1212, 1213, 1254, 1253, 1213, 1214, 1255, 1254, 1214, 1215, 1256, 1255, 1215, 1216, 1257, 1256, 1216, 1217, 1258, 1257, 1217, 1218, 1259, 1258, 1218, 1219, 1260, 1259, 1219, 1220, 1261, 1260, 1220, 1221, 1262, 1261, 1221, 1222, 1263, 1262, 1222, 1223, 1264, 1263, 1223, 1224, 1265, 1264, 1224, 1225, 1266, 1265, 1225, 1226, 1267, 1266, 1226, 1227, 1268, 1267, 1227, 1228, 1269, 1268, 1228, 1229, 1270, 1269, 1312, 1313, 1272, 1271, 1313, 1314, 1273, 1272, 1314, 1315, 1274, 1273, 1315, 1316, 1275, 1274, 1316, 1317, 1276, 1275, 1317, 1318, 1277, 1276, 1318, 1319, 1278, 1277, 1319, 1320, 1279, 1278, 1320, 1321, 1280, 1279, 1321, 1322, 1281, 1280, 1322, 1323, 1282, 1281, 1323, 1324, 1283, 1282, 1324, 1325, 1284, 1283, 1325, 1326, 1285, 1284, 1326, 1327, 1286, 1285, 1327, 1328, 1287, 1286, 1328, 1329, 1288, 1287, 1329, 1330, 1289, 1288, 1330, 1331, 1290, 1289, 1331, 1332, 1291, 1290, 1332, 1333, 1292, 1291, 1333, 1334, 1293, 1292, 1334, 1335, 1294, 1293, 1335, 1336, 1295, 1294, 1336, 1337, 1296, 1295, 1337, 1338, 1297, 1296, 1338, 1339, 1298, 1297, 1339, 1340, 1299, 1298, 1340, 1341, 1300, 1299, 1341, 1342, 1301, 1300, 1342, 1343, 1302, 1301, 1343, 1344, 1303, 1302, 1344, 1345, 1304, 1303, 1345, 1346, 1305, 1304, 1346, 1347, 1306, 1305, 1347, 1348, 1307, 1306, 1348, 1349, 1308, 1307, 1349, 1350, 1309, 1308, 1350, 1351, 1310, 1309, 1351, 1352, 1311, 1310, 1353, 1354, 1313, 1312, 1354, 1355, 1314, 1313, 1355, 1356, 1315, 1314, 1356, 1357, 1316, 1315, 1357, 1358, 1317, 1316, 1358, 1359, 1318, 1317, 1359, 1360, 1319, 1318, 1360, 1361, 1320, 1319, 1361, 1362, 1321, 1320, 1362, 1363, 1322, 1321, 1363, 1364, 1323, 1322, 1364, 1365, 1324, 1323, 1365, 1366, 1325, 1324, 1366, 1367, 1326, 1325, 1367, 1368, 1327, 1326, 1368, 1369, 1328, 1327, 1369, 1370, 1329, 1328, 1370, 1371, 1330, 1329, 1371, 1372, 1331, 1330, 1372, 1373, 1332, 1331, 1373, 1374, 1333, 1332, 1374, 1375, 1334, 1333, 1375, 1376, 1335, 1334, 1376, 1377, 1336, 1335, 1377, 1378, 1337, 1336, 1378, 1379, 1338, 1337, 1379, 1380, 1339, 1338, 1380, 1381, 1340, 1339, 1381, 1382, 1341, 1340, 1382, 1383, 1342, 1341, 1383, 1384, 1343, 1342, 1384, 1385, 1344, 1343, 1385, 1386, 1345, 1344, 1386, 1387, 1346, 1345, 1387, 1388, 1347, 1346, 1388, 1389, 1348, 1347, 1389, 1390, 1349, 1348, 1390, 1391, 1350, 1349, 1391, 1392, 1351, 1350, 1392, 1393, 1352, 1351, 1394, 1395, 1354, 1353, 1395, 1396, 1355, 1354, 1396, 1397, 1356, 1355, 1397, 1398, 1357, 1356, 1398, 1399, 1358, 1357, 1399, 1400, 1359, 1358, 1400, 1401, 1360, 1359, 1401, 1402, 1361, 1360, 1402, 1403, 1362, 1361, 1403, 1404, 1363, 1362, 1404, 1405, 1364, 1363, 1405, 1406, 1365, 1364, 1406, 1407, 1366, 1365, 1407, 1408, 1367, 1366, 1408, 1409, 1368, 1367, 1409, 1410, 1369, 1368, 1410, 1411, 1370, 1369, 1411, 1412, 1371, 1370, 1412, 1413, 1372, 1371, 1413, 1414, 1373, 1372, 1414, 1415, 1374, 1373, 1415, 1416, 1375, 1374, 1416, 1417, 1376, 1375, 1417, 1418, 1377, 1376, 1418, 1419, 1378, 1377, 1419, 1420, 1379, 1378, 1420, 1421, 1380, 1379, 1421, 1422, 1381, 1380, 1422, 1423, 1382, 1381, 1423, 1424, 1383, 1382, 1424, 1425, 1384, 1383, 1425, 1426, 1385, 1384, 1426, 1427, 1386, 1385, 1427, 1428, 1387, 1386, 1428, 1429, 1388, 1387, 1429, 1430, 1389, 1388, 1430, 1431, 1390, 1389, 1431, 1432, 1391, 1390, 1432, 1433, 1392, 1391, 1433, 1434, 1393, 1392, 1435, 1436, 1395, 1394, 1436, 1437, 1396, 1395, 1437, 1438, 1397, 1396, 1438, 1439, 1398, 1397, 1439, 1440, 1399, 1398, 1440, 1441, 1400, 1399, 1441, 1442, 1401, 1400, 1442, 1443, 1402, 1401, 1443, 1444, 1403, 1402, 1444, 1445, 1404, 1403, 1445, 1446, 1405, 1404, 1446, 1447, 1406, 1405, 1447, 1448, 1407, 1406, 1448, 1449, 1408, 1407, 1449, 1450, 1409, 1408, 1450, 1451, 1410, 1409, 1451, 1452, 1411, 1410, 1452, 1453, 1412, 1411, 1453, 1454, 1413, 1412, 1454, 1455, 1414, 1413, 1455, 1456, 1415, 1414, 1456, 1457, 1416, 1415, 1457, 1458, 1417, 1416, 1458, 1459, 1418, 1417, 1459, 1460, 1419, 1418, 1460, 1461, 1420, 1419, 1461, 1462, 1421, 1420, 1462, 1463, 1422, 1421, 1463, 1464, 1423, 1422, 1464, 1465, 1424, 1423, 1465, 1466, 1425, 1424, 1466, 1467, 1426, 1425, 1467, 1468, 1427, 1426, 1468, 1469, 1428, 1427, 1469, 1470, 1429, 1428, 1470, 1471, 1430, 1429, 1471, 1472, 1431, 1430, 1472, 1473, 1432, 1431, 1473, 1474, 1433, 1432, 1474, 1475, 1434, 1433, 1476, 1477, 1436, 1435, 1477, 1478, 1437, 1436, 1478, 1479, 1438, 1437, 1479, 1480, 1439, 1438, 1480, 1481, 1440, 1439, 1481, 1482, 1441, 1440, 1482, 1483, 1442, 1441, 1483, 1484, 1443, 1442, 1484, 1485, 1444, 1443, 1485, 1486, 1445, 1444, 1486, 1487, 1446, 1445, 1487, 1488, 1447, 1446, 1488, 1489, 1448, 1447, 1489, 1490, 1449, 1448, 1490, 1491, 1450, 1449, 1491, 1492, 1451, 1450, 1492, 1493, 1452, 1451, 1493, 1494, 1453, 1452, 1494, 1495, 1454, 1453, 1495, 1496, 1455, 1454, 1496, 1497, 1456, 1455, 1497, 1498, 1457, 1456, 1498, 1499, 1458, 1457, 1499, 1500, 1459, 1458, 1500, 1501, 1460, 1459, 1501, 1502, 1461, 1460, 1502, 1503, 1462, 1461, 1503, 1504, 1463, 1462, 1504, 1505, 1464, 1463, 1505, 1506, 1465, 1464, 1506, 1507, 1466, 1465, 1507, 1508, 1467, 1466, 1508, 1509, 1468, 1467, 1509, 1510, 1469, 1468, 1510, 1511, 1470, 1469, 1511, 1512, 1471, 1470, 1512, 1513, 1472, 1471, 1513, 1514, 1473, 1472, 1514, 1515, 1474, 1473, 1515, 1516, 1475, 1474, 1517, 1518, 1477, 1476, 1518, 1519, 1478, 1477, 1519, 1520, 1479, 1478, 1520, 1521, 1480, 1479, 1521, 1522, 1481, 1480, 1522, 1523, 1482, 1481, 1523, 1524, 1483, 1482, 1524, 1525, 1484, 1483, 1525, 1526, 1485, 1484, 1526, 1527, 1486, 1485, 1527, 1528, 1487, 1486, 1528, 1529, 1488, 1487, 1529, 1530, 1489, 1488, 1530, 1531, 1490, 1489, 1531, 1532, 1491, 1490, 1532, 1533, 1492, 1491, 1533, 1534, 1493, 1492, 1534, 1535, 1494, 1493, 1535, 1536, 1495, 1494, 1536, 1537, 1496, 1495, 1537, 1538, 1497, 1496, 1538, 1539, 1498, 1497, 1539, 1540, 1499, 1498, 1540, 1541, 1500, 1499, 1541, 1542, 1501, 1500, 1542, 1543, 1502, 1501, 1543, 1544, 1503, 1502, 1544, 1545, 1504, 1503, 1545, 1546, 1505, 1504, 1546, 1547, 1506, 1505, 1547, 1548, 1507, 1506, 1548, 1549, 1508, 1507, 1549, 1550, 1509, 1508, 1550, 1551, 1510, 1509, 1551, 1552, 1511, 1510, 1552, 1553, 1512, 1511, 1553, 1554, 1513, 1512, 1554, 1555, 1514, 1513, 1555, 1556, 1515, 1514, 1556, 1557, 1516, 1515, 1558, 1559, 1518, 1517, 1559, 1560, 1519, 1518, 1560, 1561, 1520, 1519, 1561, 1562, 1521, 1520, 1562, 1563, 1522, 1521, 1563, 1564, 1523, 1522, 1564, 1565, 1524, 1523, 1565, 1566, 1525, 1524, 1566, 1567, 1526, 1525, 1567, 1568, 1527, 1526, 1568, 1569, 1528, 1527, 1569, 1570, 1529, 1528, 1570, 1571, 1530, 1529, 1571, 1572, 1531, 1530, 1572, 1573, 1532, 1531, 1573, 1574, 1533, 1532, 1574, 1575, 1534, 1533, 1575, 1576, 1535, 1534, 1576, 1577, 1536, 1535, 1577, 1578, 1537, 1536, 1578, 1579, 1538, 1537, 1579, 1580, 1539, 1538, 1580, 1581, 1540, 1539, 1581, 1582, 1541, 1540, 1582, 1583, 1542, 1541, 1583, 1584, 1543, 1542, 1584, 1585, 1544, 1543, 1585, 1586, 1545, 1544, 1586, 1587, 1546, 1545, 1587, 1588, 1547, 1546, 1588, 1589, 1548, 1547, 1589, 1590, 1549, 1548, 1590, 1591, 1550, 1549, 1591, 1592, 1551, 1550, 1592, 1593, 1552, 1551, 1593, 1594, 1553, 1552, 1594, 1595, 1554, 1553, 1595, 1596, 1555, 1554, 1596, 1597, 1556, 1555, 1597, 1598, 1557, 1556, 1599, 1600, 1559, 1558, 1600, 1601, 1560, 1559, 1601, 1602, 1561, 1560, 1602, 1603, 1562, 1561, 1603, 1604, 1563, 1562, 1604, 1605, 1564, 1563, 1605, 1606, 1565, 1564, 1606, 1607, 1566, 1565, 1607, 1608, 1567, 1566, 1608, 1609, 1568, 1567, 1609, 1610, 1569, 1568, 1610, 1611, 1570, 1569, 1611, 1612, 1571, 1570, 1612, 1613, 1572, 1571, 1613, 1614, 1573, 1572, 1614, 1615, 1574, 1573, 1615, 1616, 1575, 1574, 1616, 1617, 1576, 1575, 1617, 1618, 1577, 1576, 1618, 1619, 1578, 1577, 1619, 1620, 1579, 1578, 1620, 1621, 1580, 1579, 1621, 1622, 1581, 1580, 1622, 1623, 1582, 1581, 1623, 1624, 1583, 1582, 1624, 1625, 1584, 1583, 1625, 1626, 1585, 1584, 1626, 1627, 1586, 1585, 1627, 1628, 1587, 1586, 1628, 1629, 1588, 1587, 1629, 1630, 1589, 1588, 1630, 1631, 1590, 1589, 1631, 1632, 1591, 1590, 1632, 1633, 1592, 1591, 1633, 1634, 1593, 1592, 1634, 1635, 1594, 1593, 1635, 1636, 1595, 1594, 1636, 1637, 1596, 1595, 1637, 1638, 1597, 1596, 1638, 1639, 1598, 1597, 1640, 1641, 1600, 1599, 1641, 1642, 1601, 1600, 1642, 1643, 1602, 1601, 1643, 1644, 1603, 1602, 1644, 1645, 1604, 1603, 1645, 1646, 1605, 1604, 1646, 1647, 1606, 1605, 1647, 1648, 1607, 1606, 1648, 1649, 1608, 1607, 1649, 1650, 1609, 1608, 1650, 1651, 1610, 1609, 1651, 1652, 1611, 1610, 1652, 1653, 1612, 1611, 1653, 1654, 1613, 1612, 1654, 1655, 1614, 1613, 1655, 1656, 1615, 1614, 1656, 1657, 1616, 1615, 1657, 1658, 1617, 1616, 1658, 1659, 1618, 1617, 1659, 1660, 1619, 1618, 1660, 1661, 1620, 1619, 1661, 1662, 1621, 1620, 1662, 1663, 1622, 1621, 1663, 1664, 1623, 1622, 1664, 1665, 1624, 1623, 1665, 1666, 1625, 1624, 1666, 1667, 1626, 1625, 1667, 1668, 1627, 1626, 1668, 1669, 1628, 1627, 1669, 1670, 1629, 1628, 1670, 1671, 1630, 1629, 1671, 1672, 1631, 1630, 1672, 1673, 1632, 1631, 1673, 1674, 1633, 1632, 1674, 1675, 1634, 1633, 1675, 1676, 1635, 1634, 1676, 1677, 1636, 1635, 1677, 1678, 1637, 1636, 1678, 1679, 1638, 1637, 1679, 1680, 1639, 1638, 1681, 1682, 1641, 1640, 1682, 1683, 1642, 1641, 1683, 1684, 1643, 1642, 1684, 1685, 1644, 1643, 1685, 1686, 1645, 1644, 1686, 1687, 1646, 1645, 1687, 1688, 1647, 1646, 1688, 1689, 1648, 1647, 1689, 1690, 1649, 1648, 1690, 1691, 1650, 1649, 1691, 1692, 1651, 1650, 1692, 1693, 1652, 1651, 1693, 1694, 1653, 1652, 1694, 1695, 1654, 1653, 1695, 1696, 1655, 1654, 1696, 1697, 1656, 1655, 1697, 1698, 1657, 1656, 1698, 1699, 1658, 1657, 1699, 1700, 1659, 1658, 1700, 1701, 1660, 1659, 1701, 1702, 1661, 1660, 1702, 1703, 1662, 1661, 1703, 1704, 1663, 1662, 1704, 1705, 1664, 1663, 1705, 1706, 1665, 1664, 1706, 1707, 1666, 1665, 1707, 1708, 1667, 1666, 1708, 1709, 1668, 1667, 1709, 1710, 1669, 1668, 1710, 1711, 1670, 1669, 1711, 1712, 1671, 1670, 1712, 1713, 1672, 1671, 1713, 1714, 1673, 1672, 1714, 1715, 1674, 1673, 1715, 1716, 1675, 1674, 1716, 1717, 1676, 1675, 1717, 1718, 1677, 1676, 1718, 1719, 1678, 1677, 1719, 1720, 1679, 1678, 1720, 1721, 1680, 1679, 1722, 1723, 1682, 1681, 1723, 1724, 1683, 1682, 1724, 1725, 1684, 1683, 1725, 1726, 1685, 1684, 1726, 1727, 1686, 1685, 1727, 1728, 1687, 1686, 1728, 1729, 1688, 1687, 1729, 1730, 1689, 1688, 1730, 1731, 1690, 1689, 1731, 1732, 1691, 1690, 1732, 1733, 1692, 1691, 1733, 1734, 1693, 1692, 1734, 1735, 1694, 1693, 1735, 1736, 1695, 1694, 1736, 1737, 1696, 1695, 1737, 1738, 1697, 1696, 1738, 1739, 1698, 1697, 1739, 1740, 1699, 1698, 1740, 1741, 1700, 1699, 1741, 1742, 1701, 1700, 1742, 1743, 1702, 1701, 1743, 1744, 1703, 1702, 1744, 1745, 1704, 1703, 1745, 1746, 1705, 1704, 1746, 1747, 1706, 1705, 1747, 1748, 1707, 1706, 1748, 1749, 1708, 1707, 1749, 1750, 1709, 1708, 1750, 1751, 1710, 1709, 1751, 1752, 1711, 1710, 1752, 1753, 1712, 1711, 1753, 1754, 1713, 1712, 1754, 1755, 1714, 1713, 1755, 1756, 1715, 1714, 1756, 1757, 1716, 1715, 1757, 1758, 1717, 1716, 1758, 1759, 1718, 1717, 1759, 1760, 1719, 1718, 1760, 1761, 1720, 1719, 1761, 1762, 1721, 1720, 1763, 1764, 1723, 1722, 1764, 1765, 1724, 1723, 1765, 1766, 1725, 1724, 1766, 1767, 1726, 1725, 1767, 1768, 1727, 1726, 1768, 1769, 1728, 1727, 1769, 1770, 1729, 1728, 1770, 1771, 1730, 1729, 1771, 1772, 1731, 1730, 1772, 1773, 1732, 1731, 1773, 1774, 1733, 1732, 1774, 1775, 1734, 1733, 1775, 1776, 1735, 1734, 1776, 1777, 1736, 1735, 1777, 1778, 1737, 1736, 1778, 1779, 1738, 1737, 1779, 1780, 1739, 1738, 1780, 1781, 1740, 1739, 1781, 1782, 1741, 1740, 1782, 1783, 1742, 1741, 1783, 1784, 1743, 1742, 1784, 1785, 1744, 1743, 1785, 1786, 1745, 1744, 1786, 1787, 1746, 1745, 1787, 1788, 1747, 1746, 1788, 1789, 1748, 1747, 1789, 1790, 1749, 1748, 1790, 1791, 1750, 1749, 1791, 1792, 1751, 1750, 1792, 1793, 1752, 1751, 1793, 1794, 1753, 1752, 1794, 1795, 1754, 1753, 1795, 1796, 1755, 1754, 1796, 1797, 1756, 1755, 1797, 1798, 1757, 1756, 1798, 1799, 1758, 1757, 1799, 1800, 1759, 1758, 1800, 1801, 1760, 1759, 1801, 1802, 1761, 1760, 1802, 1803, 1762, 1761, 1804, 1805, 1764, 1763, 1805, 1806, 1765, 1764, 1806, 1807, 1766, 1765, 1807, 1808, 1767, 1766, 1808, 1809, 1768, 1767, 1809, 1810, 1769, 1768, 1810, 1811, 1770, 1769, 1811, 1812, 1771, 1770, 1812, 1813, 1772, 1771, 1813, 1814, 1773, 1772, 1814, 1815, 1774, 1773, 1815, 1816, 1775, 1774, 1816, 1817, 1776, 1775, 1817, 1818, 1777, 1776, 1818, 1819, 1778, 1777, 1819, 1820, 1779, 1778, 1820, 1821, 1780, 1779, 1821, 1822, 1781, 1780, 1822, 1823, 1782, 1781, 1823, 1824, 1783, 1782, 1824, 1825, 1784, 1783, 1825, 1826, 1785, 1784, 1826, 1827, 1786, 1785, 1827, 1828, 1787, 1786, 1828, 1829, 1788, 1787, 1829, 1830, 1789, 1788, 1830, 1831, 1790, 1789, 1831, 1832, 1791, 1790, 1832, 1833, 1792, 1791, 1833, 1834, 1793, 1792, 1834, 1835, 1794, 1793, 1835, 1836, 1795, 1794, 1836, 1837, 1796, 1795, 1837, 1838, 1797, 1796, 1838, 1839, 1798, 1797, 1839, 1840, 1799, 1798, 1840, 1841, 1800, 1799, 1841, 1842, 1801, 1800, 1842, 1843, 1802, 1801, 1843, 1844, 1803, 1802, 1845, 1846, 1805, 1804, 1846, 1847, 1806, 1805, 1847, 1848, 1807, 1806, 1848, 1849, 1808, 1807, 1849, 1850, 1809, 1808, 1850, 1851, 1810, 1809, 1851, 1852, 1811, 1810, 1852, 1853, 1812, 1811, 1853, 1854, 1813, 1812, 1854, 1855, 1814, 1813, 1855, 1856, 1815, 1814, 1856, 1857, 1816, 1815, 1857, 1858, 1817, 1816, 1858, 1859, 1818, 1817, 1859, 1860, 1819, 1818, 1860, 1861, 1820, 1819, 1861, 1862, 1821, 1820, 1862, 1863, 1822, 1821, 1863, 1864, 1823, 1822, 1864, 1865, 1824, 1823, 1865, 1866, 1825, 1824, 1866, 1867, 1826, 1825, 1867, 1868, 1827, 1826, 1868, 1869, 1828, 1827, 1869, 1870, 1829, 1828, 1870, 1871, 1830, 1829, 1871, 1872, 1831, 1830, 1872, 1873, 1832, 1831, 1873, 1874, 1833, 1832, 1874, 1875, 1834, 1833, 1875, 1876, 1835, 1834, 1876, 1877, 1836, 1835, 1877, 1878, 1837, 1836, 1878, 1879, 1838, 1837, 1879, 1880, 1839, 1838, 1880, 1881, 1840, 1839, 1881, 1882, 1841, 1840, 1882, 1883, 1842, 1841, 1883, 1884, 1843, 1842, 1884, 1885, 1844, 1843, 1886, 1887, 1846, 1845, 1887, 1888, 1847, 1846, 1888, 1889, 1848, 1847, 1889, 1890, 1849, 1848, 1890, 1891, 1850, 1849, 1891, 1892, 1851, 1850, 1892, 1893, 1852, 1851, 1893, 1894, 1853, 1852, 1894, 1895, 1854, 1853, 1895, 1896, 1855, 1854, 1896, 1897, 1856, 1855, 1897, 1898, 1857, 1856, 1898, 1899, 1858, 1857, 1899, 1900, 1859, 1858, 1900, 1901, 1860, 1859, 1901, 1902, 1861, 1860, 1902, 1903, 1862, 1861, 1903, 1904, 1863, 1862, 1904, 1905, 1864, 1863, 1905, 1906, 1865, 1864, 1906, 1907, 1866, 1865, 1907, 1908, 1867, 1866, 1908, 1909, 1868, 1867, 1909, 1910, 1869, 1868, 1910, 1911, 1870, 1869, 1911, 1912, 1871, 1870, 1912, 1913, 1872, 1871, 1913, 1914, 1873, 1872, 1914, 1915, 1874, 1873, 1915, 1916, 1875, 1874, 1916, 1917, 1876, 1875, 1917, 1918, 1877, 1876, 1918, 1919, 1878, 1877, 1919, 1920, 1879, 1878, 1920, 1921, 1880, 1879, 1921, 1922, 1881, 1880, 1922, 1923, 1882, 1881, 1923, 1924, 1883, 1882, 1924, 1925, 1884, 1883, 1925, 1926, 1885, 1884, 1927, 1928, 1887, 1886, 1928, 1929, 1888, 1887, 1929, 1930, 1889, 1888, 1930, 1931, 1890, 1889, 1931, 1932, 1891, 1890, 1932, 1933, 1892, 1891, 1933, 1934, 1893, 1892, 1934, 1935, 1894, 1893, 1935, 1936, 1895, 1894, 1936, 1937, 1896, 1895, 1937, 1938, 1897, 1896, 1938, 1939, 1898, 1897, 1939, 1940, 1899, 1898, 1940, 1941, 1900, 1899, 1941, 1942, 1901, 1900, 1942, 1943, 1902, 1901, 1943, 1944, 1903, 1902, 1944, 1945, 1904, 1903, 1945, 1946, 1905, 1904, 1946, 1947, 1906, 1905, 1947, 1948, 1907, 1906, 1948, 1949, 1908, 1907, 1949, 1950, 1909, 1908, 1950, 1951, 1910, 1909, 1951, 1952, 1911, 1910, 1952, 1953, 1912, 1911, 1953, 1954, 1913, 1912, 1954, 1955, 1914, 1913, 1955, 1956, 1915, 1914, 1956, 1957, 1916, 1915, 1957, 1958, 1917, 1916, 1958, 1959, 1918, 1917, 1959, 1960, 1919, 1918, 1960, 1961, 1920, 1919, 1961, 1962, 1921, 1920, 1962, 1963, 1922, 1921, 1963, 1964, 1923, 1922, 1964, 1965, 1924, 1923, 1965, 1966, 1925, 1924, 1966, 1967, 1926, 1925, 1968, 1969, 1928, 1927, 1969, 1970, 1929, 1928, 1970, 1971, 1930, 1929, 1971, 1972, 1931, 1930, 1972, 1973, 1932, 1931, 1973, 1974, 1933, 1932, 1974, 1975, 1934, 1933, 1975, 1976, 1935, 1934, 1976, 1977, 1936, 1935, 1977, 1978, 1937, 1936, 1978, 1979, 1938, 1937, 1979, 1980, 1939, 1938, 1980, 1981, 1940, 1939, 1981, 1982, 1941, 1940, 1982, 1983, 1942, 1941, 1983, 1984, 1943, 1942, 1984, 1985, 1944, 1943, 1985, 1986, 1945, 1944, 1986, 1987, 1946, 1945, 1987, 1988, 1947, 1946, 1988, 1989, 1948, 1947, 1989, 1990, 1949, 1948, 1990, 1991, 1950, 1949, 1991, 1992, 1951, 1950, 1992, 1993, 1952, 1951, 1993, 1994, 1953, 1952, 1994, 1995, 1954, 1953, 1995, 1996, 1955, 1954, 1996, 1997, 1956, 1955, 1997, 1998, 1957, 1956, 1998, 1999, 1958, 1957, 1999, 2000, 1959, 1958, 2000, 2001, 1960, 1959, 2001, 2002, 1961, 1960, 2002, 2003, 1962, 1961, 2003, 2004, 1963, 1962, 2004, 2005, 1964, 1963, 2005, 2006, 1965, 1964, 2006, 2007, 1966, 1965, 2007, 2008, 1967, 1966, 2009, 2010, 1969, 1968, 2010, 2011, 1970, 1969, 2011, 2012, 1971, 1970, 2012, 2013, 1972, 1971, 2013, 2014, 1973, 1972, 2014, 2015, 1974, 1973, 2015, 2016, 1975, 1974, 2016, 2017, 1976, 1975, 2017, 2018, 1977, 1976, 2018, 2019, 1978, 1977, 2019, 2020, 1979, 1978, 2020, 2021, 1980, 1979, 2021, 2022, 1981, 1980, 2022, 2023, 1982, 1981, 2023, 2024, 1983, 1982, 2024, 2025, 1984, 1983, 2025, 2026, 1985, 1984, 2026, 2027, 1986, 1985, 2027, 2028, 1987, 1986, 2028, 2029, 1988, 1987, 2029, 2030, 1989, 1988, 2030, 2031, 1990, 1989, 2031, 2032, 1991, 1990, 2032, 2033, 1992, 1991, 2033, 2034, 1993, 1992, 2034, 2035, 1994, 1993, 2035, 2036, 1995, 1994, 2036, 2037, 1996, 1995, 2037, 2038, 1997, 1996, 2038, 2039, 1998, 1997, 2039, 2040, 1999, 1998, 2040, 2041, 2000, 1999, 2041, 2042, 2001, 2000, 2042, 2043, 2002, 2001, 2043, 2044, 2003, 2002, 2044, 2045, 2004, 2003, 2045, 2046, 2005, 2004, 2046, 2047, 2006, 2005, 2047, 2048, 2007, 2006, 2048, 2049, 2008, 2007, 2050, 2051, 2010, 2009, 2051, 2052, 2011, 2010, 2052, 2053, 2012, 2011, 2053, 2054, 2013, 2012, 2054, 2055, 2014, 2013, 2055, 2056, 2015, 2014, 2056, 2057, 2016, 2015, 2057, 2058, 2017, 2016, 2058, 2059, 2018, 2017, 2059, 2060, 2019, 2018, 2060, 2061, 2020, 2019, 2061, 2062, 2021, 2020, 2062, 2063, 2022, 2021, 2063, 2064, 2023, 2022, 2064, 2065, 2024, 2023, 2065, 2066, 2025, 2024, 2066, 2067, 2026, 2025, 2067, 2068, 2027, 2026, 2068, 2069, 2028, 2027, 2069, 2070, 2029, 2028, 2070, 2071, 2030, 2029, 2071, 2072, 2031, 2030, 2072, 2073, 2032, 2031, 2073, 2074, 2033, 2032, 2074, 2075, 2034, 2033, 2075, 2076, 2035, 2034, 2076, 2077, 2036, 2035, 2077, 2078, 2037, 2036, 2078, 2079, 2038, 2037, 2079, 2080, 2039, 2038, 2080, 2081, 2040, 2039, 2081, 2082, 2041, 2040, 2082, 2083, 2042, 2041, 2083, 2084, 2043, 2042, 2084, 2085, 2044, 2043, 2085, 2086, 2045, 2044, 2086, 2087, 2046, 2045, 2087, 2088, 2047, 2046, 2088, 2089, 2048, 2047, 2089, 2090, 2049, 2048, 2091, 2092, 2051, 2050, 2092, 2093, 2052, 2051, 2093, 2094, 2053, 2052, 2094, 2095, 2054, 2053, 2095, 2096, 2055, 2054, 2096, 2097, 2056, 2055, 2097, 2098, 2057, 2056, 2098, 2099, 2058, 2057, 2099, 2100, 2059, 2058, 2100, 2101, 2060, 2059, 2101, 2102, 2061, 2060, 2102, 2103, 2062, 2061, 2103, 2104, 2063, 2062, 2104, 2105, 2064, 2063, 2105, 2106, 2065, 2064, 2106, 2107, 2066, 2065, 2107, 2108, 2067, 2066, 2108, 2109, 2068, 2067, 2109, 2110, 2069, 2068, 2110, 2111, 2070, 2069, 2111, 2112, 2071, 2070, 2112, 2113, 2072, 2071, 2113, 2114, 2073, 2072, 2114, 2115, 2074, 2073, 2115, 2116, 2075, 2074, 2116, 2117, 2076, 2075, 2117, 2118, 2077, 2076, 2118, 2119, 2078, 2077, 2119, 2120, 2079, 2078, 2120, 2121, 2080, 2079, 2121, 2122, 2081, 2080, 2122, 2123, 2082, 2081, 2123, 2124, 2083, 2082, 2124, 2125, 2084, 2083, 2125, 2126, 2085, 2084, 2126, 2127, 2086, 2085, 2127, 2128, 2087, 2086, 2128, 2129, 2088, 2087, 2129, 2130, 2089, 2088, 2130, 2131, 2090, 2089, 2132, 2133, 2092, 2091, 2133, 2134, 2093, 2092, 2134, 2135, 2094, 2093, 2135, 2136, 2095, 2094, 2136, 2137, 2096, 2095, 2137, 2138, 2097, 2096, 2138, 2139, 2098, 2097, 2139, 2140, 2099, 2098, 2140, 2141, 2100, 2099, 2141, 2142, 2101, 2100, 2142, 2143, 2102, 2101, 2143, 2144, 2103, 2102, 2144, 2145, 2104, 2103, 2145, 2146, 2105, 2104, 2146, 2147, 2106, 2105, 2147, 2148, 2107, 2106, 2148, 2149, 2108, 2107, 2149, 2150, 2109, 2108, 2150, 2151, 2110, 2109, 2151, 2152, 2111, 2110, 2152, 2153, 2112, 2111, 2153, 2154, 2113, 2112, 2154, 2155, 2114, 2113, 2155, 2156, 2115, 2114, 2156, 2157, 2116, 2115, 2157, 2158, 2117, 2116, 2158, 2159, 2118, 2117, 2159, 2160, 2119, 2118, 2160, 2161, 2120, 2119, 2161, 2162, 2121, 2120, 2162, 2163, 2122, 2121, 2163, 2164, 2123, 2122, 2164, 2165, 2124, 2123, 2165, 2166, 2125, 2124, 2166, 2167, 2126, 2125, 2167, 2168, 2127, 2126, 2168, 2169, 2128, 2127, 2169, 2170, 2129, 2128, 2170, 2171, 2130, 2129, 2171, 2172, 2131, 2130, 2173, 2174, 2133, 2132, 2174, 2175, 2134, 2133, 2175, 2176, 2135, 2134, 2176, 2177, 2136, 2135, 2177, 2178, 2137, 2136, 2178, 2179, 2138, 2137, 2179, 2180, 2139, 2138, 2180, 2181, 2140, 2139, 2181, 2182, 2141, 2140, 2182, 2183, 2142, 2141, 2183, 2184, 2143, 2142, 2184, 2185, 2144, 2143, 2185, 2186, 2145, 2144, 2186, 2187, 2146, 2145, 2187, 2188, 2147, 2146, 2188, 2189, 2148, 2147, 2189, 2190, 2149, 2148, 2190, 2191, 2150, 2149, 2191, 2192, 2151, 2150, 2192, 2193, 2152, 2151, 2193, 2194, 2153, 2152, 2194, 2195, 2154, 2153, 2195, 2196, 2155, 2154, 2196, 2197, 2156, 2155, 2197, 2198, 2157, 2156, 2198, 2199, 2158, 2157, 2199, 2200, 2159, 2158, 2200, 2201, 2160, 2159, 2201, 2202, 2161, 2160, 2202, 2203, 2162, 2161, 2203, 2204, 2163, 2162, 2204, 2205, 2164, 2163, 2205, 2206, 2165, 2164, 2206, 2207, 2166, 2165, 2207, 2208, 2167, 2166, 2208, 2209, 2168, 2167, 2209, 2210, 2169, 2168, 2210, 2211, 2170, 2169, 2211, 2212, 2171, 2170, 2212, 2213, 2172, 2171, 2214, 2215, 2174, 2173, 2215, 2216, 2175, 2174, 2216, 2217, 2176, 2175, 2217, 2218, 2177, 2176, 2218, 2219, 2178, 2177, 2219, 2220, 2179, 2178, 2220, 2221, 2180, 2179, 2221, 2222, 2181, 2180, 2222, 2223, 2182, 2181, 2223, 2224, 2183, 2182, 2224, 2225, 2184, 2183, 2225, 2226, 2185, 2184, 2226, 2227, 2186, 2185, 2227, 2228, 2187, 2186, 2228, 2229, 2188, 2187, 2229, 2230, 2189, 2188, 2230, 2231, 2190, 2189, 2231, 2232, 2191, 2190, 2232, 2233, 2192, 2191, 2233, 2234, 2193, 2192, 2234, 2235, 2194, 2193, 2235, 2236, 2195, 2194, 2236, 2237, 2196, 2195, 2237, 2238, 2197, 2196, 2238, 2239, 2198, 2197, 2239, 2240, 2199, 2198, 2240, 2241, 2200, 2199, 2241, 2242, 2201, 2200, 2242, 2243, 2202, 2201, 2243, 2244, 2203, 2202, 2244, 2245, 2204, 2203, 2245, 2246, 2205, 2204, 2246, 2247, 2206, 2205, 2247, 2248, 2207, 2206, 2248, 2249, 2208, 2207, 2249, 2250, 2209, 2208, 2250, 2251, 2210, 2209, 2251, 2252, 2211, 2210, 2252, 2253, 2212, 2211, 2253, 2254, 2213, 2212, 2255, 2256, 2215, 2214, 2256, 2257, 2216, 2215, 2257, 2258, 2217, 2216, 2258, 2259, 2218, 2217, 2259, 2260, 2219, 2218, 2260, 2261, 2220, 2219, 2261, 2262, 2221, 2220, 2262, 2263, 2222, 2221, 2263, 2264, 2223, 2222, 2264, 2265, 2224, 2223, 2265, 2266, 2225, 2224, 2266, 2267, 2226, 2225, 2267, 2268, 2227, 2226, 2268, 2269, 2228, 2227, 2269, 2270, 2229, 2228, 2270, 2271, 2230, 2229, 2271, 2272, 2231, 2230, 2272, 2273, 2232, 2231, 2273, 2274, 2233, 2232, 2274, 2275, 2234, 2233, 2275, 2276, 2235, 2234, 2276, 2277, 2236, 2235, 2277, 2278, 2237, 2236, 2278, 2279, 2238, 2237, 2279, 2280, 2239, 2238, 2280, 2281, 2240, 2239, 2281, 2282, 2241, 2240, 2282, 2283, 2242, 2241, 2283, 2284, 2243, 2242, 2284, 2285, 2244, 2243, 2285, 2286, 2245, 2244, 2286, 2287, 2246, 2245, 2287, 2288, 2247, 2246, 2288, 2289, 2248, 2247, 2289, 2290, 2249, 2248, 2290, 2291, 2250, 2249, 2291, 2292, 2251, 2250, 2292, 2293, 2252, 2251, 2293, 2294, 2253, 2252, 2294, 2295, 2254, 2253, 2296, 2297, 2256, 2255, 2297, 2298, 2257, 2256, 2298, 2299, 2258, 2257, 2299, 2300, 2259, 2258, 2300, 2301, 2260, 2259, 2301, 2302, 2261, 2260, 2302, 2303, 2262, 2261, 2303, 2304, 2263, 2262, 2304, 2305, 2264, 2263, 2305, 2306, 2265, 2264, 2306, 2307, 2266, 2265, 2307, 2308, 2267, 2266, 2308, 2309, 2268, 2267, 2309, 2310, 2269, 2268, 2310, 2311, 2270, 2269, 2311, 2312, 2271, 2270, 2312, 2313, 2272, 2271, 2313, 2314, 2273, 2272, 2314, 2315, 2274, 2273, 2315, 2316, 2275, 2274, 2316, 2317, 2276, 2275, 2317, 2318, 2277, 2276, 2318, 2319, 2278, 2277, 2319, 2320, 2279, 2278, 2320, 2321, 2280, 2279, 2321, 2322, 2281, 2280, 2322, 2323, 2282, 2281, 2323, 2324, 2283, 2282, 2324, 2325, 2284, 2283, 2325, 2326, 2285, 2284, 2326, 2327, 2286, 2285, 2327, 2328, 2287, 2286, 2328, 2329, 2288, 2287, 2329, 2330, 2289, 2288, 2330, 2331, 2290, 2289, 2331, 2332, 2291, 2290, 2332, 2333, 2292, 2291, 2333, 2334, 2293, 2292, 2334, 2335, 2294, 2293, 2335, 2336, 2295, 2294, 2337, 2338, 2297, 2296, 2338, 2339, 2298, 2297, 2339, 2340, 2299, 2298, 2340, 2341, 2300, 2299, 2341, 2342, 2301, 2300, 2342, 2343, 2302, 2301, 2343, 2344, 2303, 2302, 2344, 2345, 2304, 2303, 2345, 2346, 2305, 2304, 2346, 2347, 2306, 2305, 2347, 2348, 2307, 2306, 2348, 2349, 2308, 2307, 2349, 2350, 2309, 2308, 2350, 2351, 2310, 2309, 2351, 2352, 2311, 2310, 2352, 2353, 2312, 2311, 2353, 2354, 2313, 2312, 2354, 2355, 2314, 2313, 2355, 2356, 2315, 2314, 2356, 2357, 2316, 2315, 2357, 2358, 2317, 2316, 2358, 2359, 2318, 2317, 2359, 2360, 2319, 2318, 2360, 2361, 2320, 2319, 2361, 2362, 2321, 2320, 2362, 2363, 2322, 2321, 2363, 2364, 2323, 2322, 2364, 2365, 2324, 2323, 2365, 2366, 2325, 2324, 2366, 2367, 2326, 2325, 2367, 2368, 2327, 2326, 2368, 2369, 2328, 2327, 2369, 2370, 2329, 2328, 2370, 2371, 2330, 2329, 2371, 2372, 2331, 2330, 2372, 2373, 2332, 2331, 2373, 2374, 2333, 2332, 2374, 2375, 2334, 2333, 2375, 2376, 2335, 2334, 2376, 2377, 2336, 2335, 2378, 2379, 2338, 2337, 2379, 2380, 2339, 2338, 2380, 2381, 2340, 2339, 2381, 2382, 2341, 2340, 2382, 2383, 2342, 2341, 2383, 2384, 2343, 2342, 2384, 2385, 2344, 2343, 2385, 2386, 2345, 2344, 2386, 2387, 2346, 2345, 2387, 2388, 2347, 2346, 2388, 2389, 2348, 2347, 2389, 2390, 2349, 2348, 2390, 2391, 2350, 2349, 2391, 2392, 2351, 2350, 2392, 2393, 2352, 2351, 2393, 2394, 2353, 2352, 2394, 2395, 2354, 2353, 2395, 2396, 2355, 2354, 2396, 2397, 2356, 2355, 2397, 2398, 2357, 2356, 2398, 2399, 2358, 2357, 2399, 2400, 2359, 2358, 2400, 2401, 2360, 2359, 2401, 2402, 2361, 2360, 2402, 2403, 2362, 2361, 2403, 2404, 2363, 2362, 2404, 2405, 2364, 2363, 2405, 2406, 2365, 2364, 2406, 2407, 2366, 2365, 2407, 2408, 2367, 2366, 2408, 2409, 2368, 2367, 2409, 2410, 2369, 2368, 2410, 2411, 2370, 2369, 2411, 2412, 2371, 2370, 2412, 2413, 2372, 2371, 2413, 2414, 2373, 2372, 2414, 2415, 2374, 2373, 2415, 2416, 2375, 2374, 2416, 2417, 2376, 2375, 2417, 2418, 2377, 2376, 2419, 2420, 2379, 2378, 2420, 2421, 2380, 2379, 2421, 2422, 2381, 2380, 2422, 2423, 2382, 2381, 2423, 2424, 2383, 2382, 2424, 2425, 2384, 2383, 2425, 2426, 2385, 2384, 2426, 2427, 2386, 2385, 2427, 2428, 2387, 2386, 2428, 2429, 2388, 2387, 2429, 2430, 2389, 2388, 2430, 2431, 2390, 2389, 2431, 2432, 2391, 2390, 2432, 2433, 2392, 2391, 2433, 2434, 2393, 2392, 2434, 2435, 2394, 2393, 2435, 2436, 2395, 2394, 2436, 2437, 2396, 2395, 2437, 2438, 2397, 2396, 2438, 2439, 2398, 2397, 2439, 2440, 2399, 2398, 2440, 2441, 2400, 2399, 2441, 2442, 2401, 2400, 2442, 2443, 2402, 2401, 2443, 2444, 2403, 2402, 2444, 2445, 2404, 2403, 2445, 2446, 2405, 2404, 2446, 2447, 2406, 2405, 2447, 2448, 2407, 2406, 2448, 2449, 2408, 2407, 2449, 2450, 2409, 2408, 2450, 2451, 2410, 2409, 2451, 2452, 2411, 2410, 2452, 2453, 2412, 2411, 2453, 2454, 2413, 2412, 2454, 2455, 2414, 2413, 2455, 2456, 2415, 2414, 2456, 2457, 2416, 2415, 2457, 2458, 2417, 2416, 2458, 2459, 2418, 2417, 2460, 2461, 2420, 2419, 2461, 2462, 2421, 2420, 2462, 2463, 2422, 2421, 2463, 2464, 2423, 2422, 2464, 2465, 2424, 2423, 2465, 2466, 2425, 2424, 2466, 2467, 2426, 2425, 2467, 2468, 2427, 2426, 2468, 2469, 2428, 2427, 2469, 2470, 2429, 2428, 2470, 2471, 2430, 2429, 2471, 2472, 2431, 2430, 2472, 2473, 2432, 2431, 2473, 2474, 2433, 2432, 2474, 2475, 2434, 2433, 2475, 2476, 2435, 2434, 2476, 2477, 2436, 2435, 2477, 2478, 2437, 2436, 2478, 2479, 2438, 2437, 2479, 2480, 2439, 2438, 2480, 2481, 2440, 2439, 2481, 2482, 2441, 2440, 2482, 2483, 2442, 2441, 2483, 2484, 2443, 2442, 2484, 2485, 2444, 2443, 2485, 2486, 2445, 2444, 2486, 2487, 2446, 2445, 2487, 2488, 2447, 2446, 2488, 2489, 2448, 2447, 2489, 2490, 2449, 2448, 2490, 2491, 2450, 2449, 2491, 2492, 2451, 2450, 2492, 2493, 2452, 2451, 2493, 2494, 2453, 2452, 2494, 2495, 2454, 2453, 2495, 2496, 2455, 2454, 2496, 2497, 2456, 2455, 2497, 2498, 2457, 2456, 2498, 2499, 2458, 2457, 2499, 2500, 2459, 2458, 2501, 2502, 2461, 2460, 2502, 2503, 2462, 2461, 2503, 2504, 2463, 2462, 2504, 2505, 2464, 2463, 2505, 2506, 2465, 2464, 2506, 2507, 2466, 2465, 2507, 2508, 2467, 2466, 2508, 2509, 2468, 2467, 2509, 2510, 2469, 2468, 2510, 2511, 2470, 2469, 2511, 2512, 2471, 2470, 2512, 2513, 2472, 2471, 2513, 2514, 2473, 2472, 2514, 2515, 2474, 2473, 2515, 2516, 2475, 2474, 2516, 2517, 2476, 2475, 2517, 2518, 2477, 2476, 2518, 2519, 2478, 2477, 2519, 2520, 2479, 2478, 2520, 2521, 2480, 2479, 2521, 2522, 2481, 2480, 2522, 2523, 2482, 2481, 2523, 2524, 2483, 2482, 2524, 2525, 2484, 2483, 2525, 2526, 2485, 2484, 2526, 2527, 2486, 2485, 2527, 2528, 2487, 2486, 2528, 2529, 2488, 2487, 2529, 2530, 2489, 2488, 2530, 2531, 2490, 2489, 2531, 2532, 2491, 2490, 2532, 2533, 2492, 2491, 2533, 2534, 2493, 2492, 2534, 2535, 2494, 2493, 2535, 2536, 2495, 2494, 2536, 2537, 2496, 2495, 2537, 2538, 2497, 2496, 2538, 2539, 2498, 2497, 2539, 2540, 2499, 2498, 2540, 2541, 2500, 2499, 1, 0, 1271, 1272, 2, 1, 1272, 1273, 3, 2, 1273, 1274, 4, 3, 1274, 1275, 5, 4, 1275, 1276, 6, 5, 1276, 1277, 7, 6, 1277, 1278, 8, 7, 1278, 1279, 9, 8, 1279, 1280, 10, 9, 1280, 1281, 11, 10, 1281, 1282, 12, 11, 1282, 1283, 13, 12, 1283, 1284, 14, 13, 1284, 1285, 15, 14, 1285, 1286, 16, 15, 1286, 1287, 17, 16, 1287, 1288, 18, 17, 1288, 1289, 19, 18, 1289, 1290, 20, 19, 1290, 1291, 21, 20, 1291, 1292, 22, 21, 1292, 1293, 23, 22, 1293, 1294, 24, 23, 1294, 1295, 25, 24, 1295, 1296, 26, 25, 1296, 1297, 27, 26, 1297, 1298, 28, 27, 1298, 1299, 29, 28, 1299, 1300, 30, 29, 1300, 1301, 31, 30, 1301, 1302, 32, 31, 1302, 1303, 33, 32, 1303, 1304, 34, 33, 1304, 1305, 35, 34, 1305, 1306, 36, 35, 1306, 1307, 37, 36, 1307, 1308, 38, 37, 1308, 1309, 39, 38, 1309, 1310, 40, 39, 1310, 1311, 81, 40, 1311, 1352, 122, 81, 1352, 1393, 163, 122, 1393, 1434, 204, 163, 1434, 1475, 245, 204, 1475, 1516, 286, 245, 1516, 1557, 327, 286, 1557, 1598, 368, 327, 1598, 1639, 409, 368, 1639, 1680, 450, 409, 1680, 1721, 491, 450, 1721, 1762, 532, 491, 1762, 1803, 573, 532, 1803, 1844, 614, 573, 1844, 1885, 655, 614, 1885, 1926, 696, 655, 1926, 1967, 737, 696, 1967, 2008, 778, 737, 2008, 2049, 819, 778, 2049, 2090, 860, 819, 2090, 2131, 901, 860, 2131, 2172, 942, 901, 2172, 2213, 983, 942, 2213, 2254, 1024, 983, 2254, 2295, 1065, 1024, 2295, 2336, 1106, 1065, 2336, 2377, 1147, 1106, 2377, 2418, 1188, 1147, 2418, 2459, 1229, 1188, 2459, 2500, 1270, 1229, 2500, 2541, 1269, 1270, 2541, 2540, 1268, 1269, 2540, 2539, 1267, 1268, 2539, 2538, 1266, 1267, 2538, 2537, 1265, 1266, 2537, 2536, 1264, 1265, 2536, 2535, 1263, 1264, 2535, 2534, 1262, 1263, 2534, 2533, 1261, 1262, 2533, 2532, 1260, 1261, 2532, 2531, 1259, 1260, 2531, 2530, 1258, 1259, 2530, 2529, 1257, 1258, 2529, 2528, 1256, 1257, 2528, 2527, 1255, 1256, 2527, 2526, 1254, 1255, 2526, 2525, 1253, 1254, 2525, 2524, 1252, 1253, 2524, 2523, 1251, 1252, 2523, 2522, 1250, 1251, 2522, 2521, 1249, 1250, 2521, 2520, 1248, 1249, 2520, 2519, 1247, 1248, 2519, 2518, 1246, 1247, 2518, 2517, 1245, 1246, 2517, 2516, 1244, 1245, 2516, 2515, 1243, 1244, 2515, 2514, 1242, 1243, 2514, 2513, 1241, 1242, 2513, 2512, 1240, 1241, 2512, 2511, 1239, 1240, 2511, 2510, 1238, 1239, 2510, 2509, 1237, 1238, 2509, 2508, 1236, 1237, 2508, 2507, 1235, 1236, 2507, 2506, 1234, 1235, 2506, 2505, 1233, 1234, 2505, 2504, 1232, 1233, 2504, 2503, 1231, 1232, 2503, 2502, 1230, 1231, 2502, 2501, 1189, 1230, 2501, 2460, 1148, 1189, 2460, 2419, 1107, 1148, 2419, 2378, 1066, 1107, 2378, 2337, 1025, 1066, 2337, 2296, 984, 1025, 2296, 2255, 943, 984, 2255, 2214, 902, 943, 2214, 2173, 861, 902, 2173, 2132, 820, 861, 2132, 2091, 779, 820, 2091, 2050, 738, 779, 2050, 2009, 697, 738, 2009, 1968, 656, 697, 1968, 1927, 615, 656, 1927, 1886, 574, 615, 1886, 1845, 533, 574, 1845, 1804, 492, 533, 1804, 1763, 451, 492, 1763, 1722, 410, 451, 1722, 1681, 369, 410, 1681, 1640, 328, 369, 1640, 1599, 287, 328, 1599, 1558, 246, 287, 1558, 1517, 205, 246, 1517, 1476, 164, 205, 1476, 1435, 123, 164, 1435, 1394, 82, 123, 1394, 1353, 41, 82, 1353, 1312, 0, 41, 1312, 1271]
                rel material:binding = </Asset/_materials/TealMailer_coated_film>
                normal3f[] normals = [(-0.65016, -0.64796823, 0.3967733), (-0.12931721, -0.8852898, 0.44669792), (-0.35941806, -0.3708896, 0.8563058), (-0.88705266, -0.1313944, 0.44257548), (-0.12931721, -0.8852898, 0.44669792), (-0.038936388, -0.9315566, 0.36150554), (-0.13399164, -0.49382743, 0.85917443), (-0.35941806, -0.3708896, 0.8563058), (-0.038936388, -0.9315566, 0.36150554), (-0.025124403, -0.9451522, 0.32566264), (-0.10216995, -0.5031666, 0.8581286), (-0.13399164, -0.49382743, 0.85917443), (-0.025124403, -0.9451522, 0.32566264), (0.0025495228, -0.94960445, 0.31344038), (-0.015421534, -0.53775865, 0.8429578), (-0.10216995, -0.5031666, 0.8581286), (0.0025495228, -0.94960445, 0.31344038), (-0.001300609, -0.9493542, 0.3142053), (-0.010265356, -0.5752403, 0.81792), (-0.015421534, -0.53775865, 0.8429578), (-0.001300609, -0.9493542, 0.3142053), (-0.022596687, -0.95294183, 0.3023099), (-0.079383224, -0.5678231, 0.8193139), (-0.010265356, -0.5752403, 0.81792), (-0.022596687, -0.95294183, 0.3023099), (-0.013749647, -0.9588423, 0.2836059), (-0.06897941, -0.5551467, 0.8288872), (-0.079383224, -0.5678231, 0.8193139), (-0.013749647, -0.9588423, 0.2836059), (0.00902294, -0.959815, 0.2804882), (0.017737018, -0.58851635, 0.80829066), (-0.06897941, -0.5551467, 0.8288872), (0.00902294, -0.959815, 0.2804882), (0.0014782787, -0.95822203, 0.28602162), (0.011864942, -0.6121418, 0.790659), (0.017737018, -0.58851635, 0.80829066), (0.0014782787, -0.95822203, 0.28602162), (-0.018319912, -0.96017104, 0.278812), (-0.06751101, -0.5901573, 0.8044605), (0.011864942, -0.6121418, 0.790659), (-0.018319912, -0.96017104, 0.278812), (-0.008592347, -0.96410483, 0.26538295), (-0.056951676, -0.5813558, 0.81165385), (-0.06751101, -0.5901573, 0.8044605), (-0.008592347, -0.96410483, 0.26538295), (0.010506794, -0.96411663, 0.26527092), (0.032385994, -0.6173088, 0.786054), (-0.056951676, -0.5813558, 0.81165385), (0.010506794, -0.96411663, 0.26527092), (0.001541867, -0.96242493, 0.27154326), (0.022103054, -0.62704945, 0.7786659), (0.032385994, -0.6173088, 0.786054), (0.001541867, -0.96242493, 0.27154326), (-0.0148424385, -0.9637527, 0.26638415), (-0.059697405, -0.5979412, 0.7993138), (0.022103054, -0.62704945, 0.7786659), (-0.0148424385, -0.9637527, 0.26638415), (-0.004737171, -0.9665042, 0.25660703), (-0.04760094, -0.5994866, 0.7989681), (-0.059697405, -0.5979412, 0.7993138), (-0.004737171, -0.9665042, 0.25660703), (0.010173459, -0.9660548, 0.25813657), (0.040547527, -0.63441235, 0.77193063), (-0.04760094, -0.5994866, 0.7989681), (0.010173459, -0.9660548, 0.25813657), (0.0010973179, -0.964515, 0.2640259), (0.028489895, -0.6294587, 0.77651143), (0.040547527, -0.63441235, 0.77193063), (0.0010973179, -0.964515, 0.2640259), (-0.0110357795, -0.9654501, 0.2603543), (-0.05128312, -0.5989728, 0.7991255), (0.028489895, -0.6294587, 0.77651143), (-0.0110357795, -0.9654501, 0.2603543), (-0.0016073668, -0.9672383, 0.25386506), (-0.03804793, -0.61286366, 0.7892721), (-0.05128312, -0.5989728, 0.7991255), (-0.0016073668, -0.9672383, 0.25386506), (0.008801426, -0.96652865, 0.25640768), (0.044971976, -0.64197624, 0.7654045), (-0.03804793, -0.61286366, 0.7892721), (0.008801426, -0.96652865, 0.25640768), (0.0009135751, -0.96520555, 0.26149055), (0.033544216, -0.6227131, 0.78173095), (0.044971976, -0.64197624, 0.7654045), (0.0009135751, -0.96520555, 0.26149055), (-0.006673503, -0.9657391, 0.25942948), (-0.040648926, -0.5961991, 0.80180687), (0.033544216, -0.6227131, 0.78173095), (-0.006673503, -0.9657391, 0.25942948), (0.00087727146, -0.9666206, 0.25621054), (-0.027622635, -0.6213147, 0.78307414), (-0.040648926, -0.5961991, 0.80180687), (0.00087727146, -0.9666206, 0.25621054), (0.0068734367, -0.9657598, 0.25934654), (0.047081828, -0.6401916, 0.76677114), (-0.027622635, -0.6213147, 0.78307414), (0.0068734367, -0.9657598, 0.25934654), (0.001487297, -0.9646221, 0.2636323), (0.038729966, -0.6083559, 0.79271877), (0.047081828, -0.6401916, 0.76677114), (0.001487297, -0.9646221, 0.2636323), (-0.0017373232, -0.96458703, 0.26375908), (-0.026830781, -0.5902008, 0.80681044), (0.038729966, -0.6083559, 0.79271877), (-0.0017373232, -0.96458703, 0.26375908), (0.0027946862, -0.9645331, 0.2639471), (-0.016010508, -0.62280643, 0.78221214), (-0.026830781, -0.5902008, 0.80681044), (0.0027946862, -0.9645331, 0.2639471), (0.004943322, -0.9635596, 0.26744795), (0.04841641, -0.6281251, 0.7766046), (-0.016010508, -0.62280643, 0.78221214), (0.004943322, -0.9635596, 0.26744795), (0.003308606, -0.9624364, 0.27148727), (0.045641214, -0.58665395, 0.8085506), (0.04841641, -0.6281251, 0.7766046), (0.003308606, -0.9624364, 0.27148727), (0.0038659135, -0.96146256, 0.2749088), (-0.008570034, -0.5790293, 0.81526166), (0.045641214, -0.58665395, 0.8085506), (0.0038659135, -0.96146256, 0.2749088), (0.004541162, -0.9602929, 0.27895668), (-0.0018872907, -0.6131693, 0.7899493), (-0.008570034, -0.5790293, 0.81526166), (0.004541162, -0.9602929, 0.27895668), (0.003988309, -0.9590573, 0.28318402), (0.0519944, -0.60281676, 0.7961837), (-0.0018872907, -0.6131693, 0.7899493), (0.003988309, -0.9590573, 0.28318402), (0.0073096035, -0.95740926, 0.2886419), (0.057815358, -0.55506086, 0.829798), (0.0519944, -0.60281676, 0.7961837), (0.0073096035, -0.95740926, 0.2886419), (0.011033276, -0.95457464, 0.29776746), (0.018423554, -0.5555137, 0.8313032), (0.057815358, -0.55506086, 0.829798), (0.011033276, -0.95457464, 0.29776746), (0.0080286935, -0.9514196, 0.30779272), (0.02183791, -0.581935, 0.8129421), (0.018423554, -0.5555137, 0.8313032), (0.0080286935, -0.9514196, 0.30779272), (0.007455475, -0.94871753, 0.31603712), (0.06972686, -0.5529892, 0.83026564), (0.02183791, -0.581935, 0.8129421), (0.007455475, -0.94871753, 0.31603712), (0.01877574, -0.9438697, 0.32978374), (0.094626926, -0.49728835, 0.8624094), (0.06972686, -0.5529892, 0.83026564), (0.01877574, -0.9438697, 0.32978374), (0.03093966, -0.93350154, 0.3572362), (0.09588068, -0.4828831, 0.8704199), (0.094626926, -0.49728835, 0.8624094), (0.03093966, -0.93350154, 0.3572362), (0.13131043, -0.89019084, 0.4362542), (0.36416882, -0.38166615, 0.84953636), (0.09588068, -0.4828831, 0.8704199), (0.13131043, -0.89019084, 0.4362542), (0.6528387, -0.6506151, 0.38794538), (0.8935321, -0.13828114, 0.42717528), (0.36416882, -0.38166615, 0.84953636), (-0.88705266, -0.1313944, 0.44257548), (-0.35941806, -0.3708896, 0.8563058), (-0.48168096, -0.10230532, 0.8703546), (-0.93051827, -0.022973513, 0.36552414), (-0.35941806, -0.3708896, 0.8563058), (-0.13399164, -0.49382743, 0.85917443), (-0.200517, -0.16634357, 0.965465), (-0.48168096, -0.10230532, 0.8703546), (-0.13399164, -0.49382743, 0.85917443), (-0.10216995, -0.5031666, 0.8581286), (-0.13473402, -0.17874336, 0.9746269), (-0.200517, -0.16634357, 0.965465), (-0.10216995, -0.5031666, 0.8581286), (-0.015421534, -0.53775865, 0.8429578), (-0.02915295, -0.16913137, 0.9851623), (-0.13473402, -0.17874336, 0.9746269), (-0.015421534, -0.53775865, 0.8429578), (-0.010265356, -0.5752403, 0.81792), (-0.037926745, -0.18608265, 0.9818018), (-0.02915295, -0.16913137, 0.9851623), (-0.010265356, -0.5752403, 0.81792), (-0.079383224, -0.5678231, 0.8193139), (-0.118349224, -0.21504584, 0.96940637), (-0.037926745, -0.18608265, 0.9818018), (-0.079383224, -0.5678231, 0.8193139), (-0.06897941, -0.5551467, 0.8288872), (-0.08533719, -0.21269944, 0.9733841), (-0.118349224, -0.21504584, 0.96940637), (-0.06897941, -0.5551467, 0.8288872), (0.017737018, -0.58851635, 0.80829066), (0.021185035, -0.19498433, 0.9805775), (-0.08533719, -0.21269944, 0.9733841), (0.017737018, -0.58851635, 0.80829066), (0.011864942, -0.6121418, 0.790659), (0.0013628152, -0.21291828, 0.977069), (0.021185035, -0.19498433, 0.9805775), (0.011864942, -0.6121418, 0.790659), (-0.06751101, -0.5901573, 0.8044605), (-0.09934821, -0.23638491, 0.9665671), (0.0013628152, -0.21291828, 0.977069), (-0.06751101, -0.5901573, 0.8044605), (-0.056951676, -0.5813558, 0.81165385), (-0.0698569, -0.22778569, 0.97120225), (-0.09934821, -0.23638491, 0.9665671), (-0.056951676, -0.5813558, 0.81165385), (0.032385994, -0.6173088, 0.786054), (0.044599626, -0.2096694, 0.97675467), (-0.0698569, -0.22778569, 0.97120225), (0.032385994, -0.6173088, 0.786054), (0.022103054, -0.62704945, 0.7786659), (0.023478294, -0.22959526, 0.973003), (0.044599626, -0.2096694, 0.97675467), (0.022103054, -0.62704945, 0.7786659), (-0.059697405, -0.5979412, 0.7993138), (-0.08753569, -0.24625571, 0.9652438), (0.023478294, -0.22959526, 0.973003), (-0.059697405, -0.5979412, 0.7993138), (-0.04760094, -0.5994866, 0.7989681), (-0.06013898, -0.2344266, 0.9702718), (-0.08753569, -0.24625571, 0.9652438), (-0.04760094, -0.5994866, 0.7989681), (0.040547527, -0.63441235, 0.77193063), (0.059305858, -0.21921702, 0.973872), (-0.06013898, -0.2344266, 0.9702718), (0.040547527, -0.63441235, 0.77193063), (0.028489895, -0.6294587, 0.77651143), (0.03961526, -0.23905541, 0.97019744), (0.059305858, -0.21921702, 0.973872), (0.028489895, -0.6294587, 0.77651143), (-0.05128312, -0.5989728, 0.7991255), (-0.076032296, -0.24829687, 0.9656955), (0.03961526, -0.23905541, 0.97019744), (-0.05128312, -0.5989728, 0.7991255), (-0.03804793, -0.61286366, 0.7892721), (-0.05138604, -0.23554233, 0.97050464), (-0.076032296, -0.24829687, 0.9656955), (-0.03804793, -0.61286366, 0.7892721), (0.044971976, -0.64197624, 0.7654045), (0.06938046, -0.22518785, 0.971842), (-0.05138604, -0.23554233, 0.97050464), (0.044971976, -0.64197624, 0.7654045), (0.033544216, -0.6227131, 0.78173095), (0.053036388, -0.24178779, 0.9688786), (0.06938046, -0.22518785, 0.971842), (0.033544216, -0.6227131, 0.78173095), (-0.040648926, -0.5961991, 0.80180687), (-0.062332593, -0.2440844, 0.9677487), (0.053036388, -0.24178779, 0.9688786), (-0.040648926, -0.5961991, 0.80180687), (-0.027622635, -0.6213147, 0.78307414), (-0.041786443, -0.23228006, 0.9717509), (-0.062332593, -0.2440844, 0.9677487), (-0.027622635, -0.6213147, 0.78307414), (0.047081828, -0.6401916, 0.76677114), (0.07670831, -0.22748941, 0.9707545), (-0.041786443, -0.23228006, 0.9717509), (0.047081828, -0.6401916, 0.76677114), (0.038729966, -0.6083559, 0.79271877), (0.065630525, -0.23773439, 0.96911037), (0.07670831, -0.22748941, 0.9707545), (0.038729966, -0.6083559, 0.79271877), (-0.026830781, -0.5902008, 0.80681044), (-0.044743173, -0.23420253, 0.9711576), (0.065630525, -0.23773439, 0.96911037), (-0.026830781, -0.5902008, 0.80681044), (-0.016010508, -0.62280643, 0.78221214), (-0.029693019, -0.2248141, 0.97394913), (-0.044743173, -0.23420253, 0.9711576), (-0.016010508, -0.62280643, 0.78221214), (0.04841641, -0.6281251, 0.7766046), (0.083226144, -0.22486061, 0.9708301), (-0.029693019, -0.2248141, 0.97394913), (0.04841641, -0.6281251, 0.7766046), (0.045641214, -0.58665395, 0.8085506), (0.079531394, -0.22647627, 0.9707642), (0.083226144, -0.22486061, 0.9708301), (0.045641214, -0.58665395, 0.8085506), (-0.008570034, -0.5790293, 0.81526166), (-0.0208667, -0.21823229, 0.97567374), (0.079531394, -0.22647627, 0.9707642), (-0.008570034, -0.5790293, 0.81526166), (-0.0018872907, -0.6131693, 0.7899493), (-0.011725182, -0.21206605, 0.97718495), (-0.0208667, -0.21823229, 0.97567374), (-0.0018872907, -0.6131693, 0.7899493), (0.0519944, -0.60281676, 0.7961837), (0.09301346, -0.21457729, 0.97226804), (-0.011725182, -0.21206605, 0.97718495), (0.0519944, -0.60281676, 0.7961837), (0.057815358, -0.55506086, 0.829798), (0.09964308, -0.20632316, 0.97339714), (0.09301346, -0.21457729, 0.97226804), (0.057815358, -0.55506086, 0.829798), (0.018423554, -0.5555137, 0.8313032), (0.01669933, -0.19367944, 0.9809227), (0.09964308, -0.20632316, 0.97339714), (0.018423554, -0.5555137, 0.8313032), (0.02183791, -0.581935, 0.8129421), (0.024310952, -0.18974428, 0.9815325), (0.01669933, -0.19367944, 0.9809227), (0.02183791, -0.581935, 0.8129421), (0.06972686, -0.5529892, 0.83026564), (0.123117335, -0.18953167, 0.97412515), (0.024310952, -0.18974428, 0.9815325), (0.06972686, -0.5529892, 0.83026564), (0.094626926, -0.49728835, 0.8624094), (0.15377879, -0.16905202, 0.9735366), (0.123117335, -0.18953167, 0.97412515), (0.094626926, -0.49728835, 0.8624094), (0.09588068, -0.4828831, 0.8704199), (0.13251428, -0.14619683, 0.98033994), (0.15377879, -0.16905202, 0.9735366), (0.09588068, -0.4828831, 0.8704199), (0.36416882, -0.38166615, 0.84953636), (0.4669662, -0.0990353, 0.8787118), (0.13251428, -0.14619683, 0.98033994), (0.36416882, -0.38166615, 0.84953636), (0.8935321, -0.13828114, 0.42717528), (0.9382402, -0.02466802, 0.3451042), (0.4669662, -0.0990353, 0.8787118), (-0.93051827, -0.022973513, 0.36552414), (-0.48168096, -0.10230532, 0.8703546), (-0.53718656, -0.07582487, 0.8400483), (-0.9398695, -0.01984107, 0.34095696), (-0.48168096, -0.10230532, 0.8703546), (-0.200517, -0.16634357, 0.965465), (-0.2183793, -0.10749924, 0.9699249), (-0.53718656, -0.07582487, 0.8400483), (-0.200517, -0.16634357, 0.965465), (-0.13473402, -0.17874336, 0.9746269), (-0.13441475, -0.11214401, 0.984559), (-0.2183793, -0.10749924, 0.9699249), (-0.13473402, -0.17874336, 0.9746269), (-0.02915295, -0.16913137, 0.9851623), (-0.04243653, -0.13437933, 0.9900208), (-0.13441475, -0.11214401, 0.984559), (-0.02915295, -0.16913137, 0.9851623), (-0.037926745, -0.18608265, 0.9818018), (-0.058726214, -0.1491516, 0.9870689), (-0.04243653, -0.13437933, 0.9900208), (-0.037926745, -0.18608265, 0.9818018), (-0.118349224, -0.21504584, 0.96940637), (-0.118110426, -0.1398693, 0.9831005), (-0.058726214, -0.1491516, 0.9870689), (-0.118349224, -0.21504584, 0.96940637), (-0.08533719, -0.21269944, 0.9733841), (-0.07841043, -0.13272916, 0.98804593), (-0.118110426, -0.1398693, 0.9831005), (-0.08533719, -0.21269944, 0.9733841), (0.021185035, -0.19498433, 0.9805775), (0.0035027112, -0.15575431, 0.98778963), (-0.07841043, -0.13272916, 0.98804593), (0.021185035, -0.19498433, 0.9805775), (0.0013628152, -0.21291828, 0.977069), (-0.01445488, -0.1691273, 0.9854882), (0.0035027112, -0.15575431, 0.98778963), (0.0013628152, -0.21291828, 0.977069), (-0.09934821, -0.23638491, 0.9665671), (-0.08664979, -0.15215535, 0.98455095), (-0.01445488, -0.1691273, 0.9854882), (-0.09934821, -0.23638491, 0.9665671), (-0.0698569, -0.22778569, 0.97120225), (-0.06414878, -0.14302213, 0.9876384), (-0.08664979, -0.15215535, 0.98455095), (-0.0698569, -0.22778569, 0.97120225), (0.044599626, -0.2096694, 0.97675467), (0.020146713, -0.16769317, 0.9856334), (-0.06414878, -0.14302213, 0.9876384), (0.044599626, -0.2096694, 0.97675467), (0.023478294, -0.22959526, 0.973003), (0.014560906, -0.17900436, 0.98374057), (0.020146713, -0.16769317, 0.9856334), (0.023478294, -0.22959526, 0.973003), (-0.08753569, -0.24625571, 0.9652438), (-0.06436154, -0.156629, 0.98555815), (0.014560906, -0.17900436, 0.98374057), (-0.08753569, -0.24625571, 0.9652438), (-0.06013898, -0.2344266, 0.9702718), (-0.059356518, -0.14884132, 0.9870781), (-0.06436154, -0.156629, 0.98555815), (-0.06013898, -0.2344266, 0.9702718), (0.059305858, -0.21921702, 0.973872), (0.029237501, -0.17417634, 0.98428035), (-0.059356518, -0.14884132, 0.9870781), (0.059305858, -0.21921702, 0.973872), (0.03961526, -0.23905541, 0.97019744), (0.039602384, -0.18242915, 0.98242104), (0.029237501, -0.17417634, 0.98428035), (0.03961526, -0.23905541, 0.97019744), (-0.076032296, -0.24829687, 0.9656955), (-0.045038972, -0.15658976, 0.9866363), (0.039602384, -0.18242915, 0.98242104), (-0.076032296, -0.24829687, 0.9656955), (-0.05138604, -0.23554233, 0.97050464), (-0.05733218, -0.15087192, 0.9868894), (-0.045038972, -0.15658976, 0.9866363), (-0.05138604, -0.23554233, 0.97050464), (0.06938046, -0.22518785, 0.971842), (0.03623668, -0.17635465, 0.9836595), (-0.05733218, -0.15087192, 0.9868894), (0.06938046, -0.22518785, 0.971842), (0.053036388, -0.24178779, 0.9688786), (0.06289553, -0.18125547, 0.9814227), (0.03623668, -0.17635465, 0.9836595), (0.053036388, -0.24178779, 0.9688786), (-0.062332593, -0.2440844, 0.9677487), (-0.02680882, -0.1533871, 0.98780245), (0.06289553, -0.18125547, 0.9814227), (-0.062332593, -0.2440844, 0.9677487), (-0.041786443, -0.23228006, 0.9717509), (-0.054578725, -0.14881475, 0.9873578), (-0.02680882, -0.1533871, 0.98780245), (-0.041786443, -0.23228006, 0.9717509), (0.07670831, -0.22748941, 0.9707545), (0.04367315, -0.17466296, 0.98365927), (-0.054578725, -0.14881475, 0.9873578), (0.07670831, -0.22748941, 0.9707545), (0.065630525, -0.23773439, 0.96911037), (0.08496662, -0.17659466, 0.98060954), (0.04367315, -0.17466296, 0.98365927), (0.065630525, -0.23773439, 0.96911037), (-0.044743173, -0.23420253, 0.9711576), (-0.00814555, -0.14721876, 0.9890704), (0.08496662, -0.17659466, 0.98060954), (-0.044743173, -0.23420253, 0.9711576), (-0.029693019, -0.2248141, 0.97394913), (-0.047931653, -0.14238352, 0.9886504), (-0.00814555, -0.14721876, 0.9890704), (-0.029693019, -0.2248141, 0.97394913), (0.083226144, -0.22486061, 0.9708301), (0.053703215, -0.16892366, 0.984165), (-0.047931653, -0.14238352, 0.9886504), (0.083226144, -0.22486061, 0.9708301), (0.079531394, -0.22647627, 0.9707642), (0.10665825, -0.16856657, 0.97990274), (0.053703215, -0.16892366, 0.984165), (0.079531394, -0.22647627, 0.9707642), (-0.0208667, -0.21823229, 0.97567374), (0.013727792, -0.13745232, 0.9904133), (0.10665825, -0.16856657, 0.97990274), (-0.0208667, -0.21823229, 0.97567374), (-0.011725182, -0.21206605, 0.97718495), (-0.03257279, -0.13130754, 0.99080646), (0.013727792, -0.13745232, 0.9904133), (-0.011725182, -0.21206605, 0.97718495), (0.09301346, -0.21457729, 0.97226804), (0.07051213, -0.15778154, 0.98495334), (-0.03257279, -0.13130754, 0.99080646), (0.09301346, -0.21457729, 0.97226804), (0.09964308, -0.20632316, 0.97339714), (0.13202159, -0.15546122, 0.9789801), (0.07051213, -0.15778154, 0.98495334), (0.09964308, -0.20632316, 0.97339714), (0.01669933, -0.19367944, 0.9809227), (0.047373164, -0.12233776, 0.99135727), (0.13202159, -0.15546122, 0.9789801), (0.01669933, -0.19367944, 0.9809227), (0.024310952, -0.18974428, 0.9815325), (0.0060160416, -0.11389498, 0.9934746), (0.047373164, -0.12233776, 0.99135727), (0.024310952, -0.18974428, 0.9815325), (0.123117335, -0.18953167, 0.97412515), (0.11244901, -0.13622102, 0.9842759), (0.0060160416, -0.11389498, 0.9934746), (0.123117335, -0.18953167, 0.97412515), (0.15377879, -0.16905202, 0.9735366), (0.18939394, -0.12997966, 0.97326005), (0.11244901, -0.13622102, 0.9842759), (0.15377879, -0.16905202, 0.9735366), (0.13251428, -0.14619683, 0.98033994), (0.1631228, -0.09337479, 0.98217726), (0.18939394, -0.12997966, 0.97326005), (0.13251428, -0.14619683, 0.98033994), (0.4669662, -0.0990353, 0.8787118), (0.506131, -0.04756051, 0.8611443), (0.1631228, -0.09337479, 0.98217726), (0.4669662, -0.0990353, 0.8787118), (0.9382402, -0.02466802, 0.3451042), (0.94514996, -0.008817962, 0.32651773), (0.506131, -0.04756051, 0.8611443), (-0.9398695, -0.01984107, 0.34095696), (-0.53718656, -0.07582487, 0.8400483), (-0.52757835, -0.09053919, 0.8446678), (-0.9492183, -0.02959001, 0.3132237), (-0.53718656, -0.07582487, 0.8400483), (-0.2183793, -0.10749924, 0.9699249), (-0.17396297, -0.067111544, 0.98246276), (-0.52757835, -0.09053919, 0.8446678), (-0.2183793, -0.10749924, 0.9699249), (-0.13441475, -0.11214401, 0.984559), (-0.16630961, -0.04318847, 0.98512733), (-0.17396297, -0.067111544, 0.98246276), (-0.13441475, -0.11214401, 0.984559), (-0.04243653, -0.13437933, 0.9900208), (-0.11961207, -0.123833455, 0.98506767), (-0.16630961, -0.04318847, 0.98512733), (-0.04243653, -0.13437933, 0.9900208), (-0.058726214, -0.1491516, 0.9870689), (-0.038475502, -0.16183987, 0.9860667), (-0.11961207, -0.123833455, 0.98506767), (-0.058726214, -0.1491516, 0.9870689), (-0.118110426, -0.1398693, 0.9831005), (-0.050936773, -0.0901877, 0.99462134), (-0.038475502, -0.16183987, 0.9860667), (-0.118110426, -0.1398693, 0.9831005), (-0.07841043, -0.13272916, 0.98804593), (-0.114319615, -0.06336341, 0.9914213), (-0.050936773, -0.0901877, 0.99462134), (-0.07841043, -0.13272916, 0.98804593), (0.0035027112, -0.15575431, 0.98778963), (-0.074947625, -0.14291887, 0.9868926), (-0.114319615, -0.06336341, 0.9914213), (0.0035027112, -0.15575431, 0.98778963), (-0.01445488, -0.1691273, 0.9854882), (0.016634716, -0.16900368, 0.98547506), (-0.074947625, -0.14291887, 0.9868926), (-0.01445488, -0.1691273, 0.9854882), (-0.08664979, -0.15215535, 0.98455095), (-0.017488334, -0.09915003, 0.99491876), (0.016634716, -0.16900368, 0.98547506), (-0.08664979, -0.15215535, 0.98455095), (-0.06414878, -0.14302213, 0.9876384), (-0.10298184, -0.0812333, 0.99136066), (-0.017488334, -0.09915003, 0.99491876), (-0.06414878, -0.14302213, 0.9876384), (0.020146713, -0.16769317, 0.9856334), (-0.053139467, -0.15048887, 0.9871825), (-0.10298184, -0.0812333, 0.99136066), (0.020146713, -0.16769317, 0.9856334), (0.014560906, -0.17900436, 0.98374057), (0.049942352, -0.164587, 0.98509735), (-0.053139467, -0.15048887, 0.9871825), (0.014560906, -0.17900436, 0.98374057), (-0.06436154, -0.156629, 0.98555815), (0.00013028925, -0.10548806, 0.9944206), (0.049942352, -0.164587, 0.98509735), (-0.06436154, -0.156629, 0.98555815), (-0.059356518, -0.14884132, 0.9870781), (-0.09688499, -0.09716785, 0.99054116), (0.00013028925, -0.10548806, 0.9944206), (-0.059356518, -0.14884132, 0.9870781), (0.029237501, -0.17417634, 0.98428035), (-0.034917258, -0.14937386, 0.98816407), (-0.09688499, -0.09716785, 0.99054116), (0.029237501, -0.17417634, 0.98428035), (0.039602384, -0.18242915, 0.98242104), (0.073462896, -0.1545019, 0.9852575), (-0.034917258, -0.14937386, 0.98816407), (0.039602384, -0.18242915, 0.98242104), (-0.045038972, -0.15658976, 0.9866363), (0.011606801, -0.11136127, 0.99371225), (0.073462896, -0.1545019, 0.9852575), (-0.045038972, -0.15658976, 0.9866363), (-0.05733218, -0.15087192, 0.9868894), (-0.089065775, -0.11005135, 0.98992723), (0.011606801, -0.11136127, 0.99371225), (-0.05733218, -0.15087192, 0.9868894), (0.03623668, -0.17635465, 0.9836595), (-0.016782176, -0.14119872, 0.98983896), (-0.089065775, -0.11005135, 0.98992723), (0.03623668, -0.17635465, 0.9836595), (0.06289553, -0.18125547, 0.9814227), (0.090359755, -0.14172302, 0.9857737), (-0.016782176, -0.14119872, 0.98983896), (0.06289553, -0.18125547, 0.9814227), (-0.02680882, -0.1533871, 0.98780245), (0.020713337, -0.11735639, 0.99287385), (0.090359755, -0.14172302, 0.9857737), (-0.02680882, -0.1533871, 0.98780245), (-0.054578725, -0.14881475, 0.9873578), (-0.0766421, -0.11859864, 0.98998), (0.020713337, -0.11735639, 0.99287385), (-0.054578725, -0.14881475, 0.9873578), (0.04367315, -0.17466296, 0.98365927), (0.0022920843, -0.12746736, 0.9918401), (-0.0766421, -0.11859864, 0.98998), (0.04367315, -0.17466296, 0.98365927), (0.08496662, -0.17659466, 0.98060954), (0.10263834, -0.127983, 0.9864511), (0.0022920843, -0.12746736, 0.9918401), (0.08496662, -0.17659466, 0.98060954), (-0.00814555, -0.14721876, 0.9890704), (0.030076688, -0.1232374, 0.9919213), (0.10263834, -0.127983, 0.9864511), (-0.00814555, -0.14721876, 0.9890704), (-0.047931653, -0.14238352, 0.9886504), (-0.057519615, -0.1216241, 0.9909082), (0.030076688, -0.1232374, 0.9919213), (-0.047931653, -0.14238352, 0.9886504), (0.053703215, -0.16892366, 0.984165), (0.023558395, -0.109491505, 0.9937085), (-0.057519615, -0.1216241, 0.9909082), (0.053703215, -0.16892366, 0.984165), (0.10665825, -0.16856657, 0.97990274), (0.11294377, -0.114138804, 0.9870238), (0.023558395, -0.109491505, 0.9937085), (0.10665825, -0.16856657, 0.97990274), (0.013727792, -0.13745232, 0.9904133), (0.043215945, -0.12766635, 0.99087524), (0.11294377, -0.114138804, 0.9870238), (0.013727792, -0.13745232, 0.9904133), (-0.03257279, -0.13130754, 0.99080646), (-0.028249979, -0.11801148, 0.9926104), (0.043215945, -0.12766635, 0.99087524), (-0.03257279, -0.13130754, 0.99080646), (0.07051213, -0.15778154, 0.98495334), (0.050930206, -0.08822963, 0.99479735), (-0.028249979, -0.11801148, 0.9926104), (0.07051213, -0.15778154, 0.98495334), (0.13202159, -0.15546122, 0.9789801), (0.1275032, -0.09976367, 0.9868081), (0.050930206, -0.08822963, 0.99479735), (0.13202159, -0.15546122, 0.9789801), (0.047373164, -0.12233776, 0.99135727), (0.069584064, -0.12704639, 0.98945296), (0.1275032, -0.09976367, 0.9868081), (0.047373164, -0.12233776, 0.99135727), (0.0060160416, -0.11389498, 0.9934746), (0.024086388, -0.1059183, 0.99408305), (0.069584064, -0.12704639, 0.98945296), (0.0060160416, -0.11389498, 0.9934746), (0.11244901, -0.13622102, 0.9842759), (0.103644595, -0.06359568, 0.9925791), (0.024086388, -0.1059183, 0.99408305), (0.11244901, -0.13622102, 0.9842759), (0.18939394, -0.12997966, 0.97326005), (0.17956981, -0.079645604, 0.98051584), (0.103644595, -0.06359568, 0.9925791), (0.18939394, -0.12997966, 0.97326005), (0.1631228, -0.09337479, 0.98217726), (0.18290564, -0.10769486, 0.9772141), (0.17956981, -0.079645604, 0.98051584), (0.1631228, -0.09337479, 0.98217726), (0.506131, -0.04756051, 0.8611443), (0.5207377, -0.07086465, 0.8507705), (0.18290564, -0.10769486, 0.9772141), (0.506131, -0.04756051, 0.8611443), (0.94514996, -0.008817962, 0.32651773), (0.9487968, -0.010728997, 0.3157049), (0.5207377, -0.07086465, 0.8507705), (-0.9492183, -0.02959001, 0.3132237), (-0.52757835, -0.09053919, 0.8446678), (-0.52182955, -0.031567406, 0.85246557), (-0.95553434, -0.005374509, 0.29483083), (-0.52757835, -0.09053919, 0.8446678), (-0.17396297, -0.067111544, 0.98246276), (-0.15369138, -0.07167624, 0.98551583), (-0.52182955, -0.031567406, 0.85246557), (-0.17396297, -0.067111544, 0.98246276), (-0.16630961, -0.04318847, 0.98512733), (-0.18922836, -0.100146614, 0.97681284), (-0.15369138, -0.07167624, 0.98551583), (-0.16630961, -0.04318847, 0.98512733), (-0.11961207, -0.123833455, 0.98506767), (-0.15447845, -0.077408955, 0.984959), (-0.18922836, -0.100146614, 0.97681284), (-0.11961207, -0.123833455, 0.98506767), (-0.038475502, -0.16183987, 0.9860667), (-0.02698706, -0.052345652, 0.9982643), (-0.15447845, -0.077408955, 0.984959), (-0.038475502, -0.16183987, 0.9860667), (-0.050936773, -0.0901877, 0.99462134), (-0.030493964, -0.095110826, 0.9949995), (-0.02698706, -0.052345652, 0.9982643), (-0.050936773, -0.0901877, 0.99462134), (-0.114319615, -0.06336341, 0.9914213), (-0.1327198, -0.1321195, 0.98230845), (-0.030493964, -0.095110826, 0.9949995), (-0.114319615, -0.06336341, 0.9914213), (-0.074947625, -0.14291887, 0.9868926), (-0.09230761, -0.08588827, 0.9920194), (-0.1327198, -0.1321195, 0.98230845), (-0.074947625, -0.14291887, 0.9868926), (0.016634716, -0.16900368, 0.98547506), (0.025793996, -0.048005752, 0.99851394), (-0.09230761, -0.08588827, 0.9920194), (0.016634716, -0.16900368, 0.98547506), (-0.017488334, -0.09915003, 0.99491876), (-0.011488336, -0.11036482, 0.9938247), (0.025793996, -0.048005752, 0.99851394), (-0.017488334, -0.09915003, 0.99491876), (-0.10298184, -0.0812333, 0.99136066), (-0.113055244, -0.15341046, 0.9816739), (-0.011488336, -0.11036482, 0.9938247), (-0.10298184, -0.0812333, 0.99136066), (-0.053139467, -0.15048887, 0.9871825), (-0.05102024, -0.08491457, 0.9950811), (-0.113055244, -0.15341046, 0.9816739), (-0.053139467, -0.15048887, 0.9871825), (0.049942352, -0.164587, 0.98509735), (0.050487403, -0.041518625, 0.99786127), (-0.05102024, -0.08491457, 0.9950811), (0.049942352, -0.164587, 0.98509735), (0.00013028925, -0.10548806, 0.9944206), (-0.010934197, -0.123564914, 0.9922762), (0.050487403, -0.041518625, 0.99786127), (0.00013028925, -0.10548806, 0.9944206), (-0.09688499, -0.09716785, 0.99054116), (-0.09403805, -0.16662374, 0.98152596), (-0.010934197, -0.123564914, 0.9922762), (-0.09688499, -0.09716785, 0.99054116), (-0.034917258, -0.14937386, 0.98816407), (-0.014460742, -0.078172594, 0.99683493), (-0.09403805, -0.16662374, 0.98152596), (-0.034917258, -0.14937386, 0.98816407), (0.073462896, -0.1545019, 0.9852575), (0.06097608, -0.036577363, 0.9974689), (-0.014460742, -0.078172594, 0.99683493), (0.073462896, -0.1545019, 0.9852575), (0.011606801, -0.11136127, 0.99371225), (-0.015703216, -0.13502763, 0.9907175), (0.06097608, -0.036577363, 0.9974689), (0.011606801, -0.11136127, 0.99371225), (-0.089065775, -0.11005135, 0.98992723), (-0.069559634, -0.17142914, 0.9827378), (-0.015703216, -0.13502763, 0.9907175), (-0.089065775, -0.11005135, 0.98992723), (-0.016782176, -0.14119872, 0.98983896), (0.01876637, -0.06797583, 0.99751043), (-0.069559634, -0.17142914, 0.9827378), (-0.016782176, -0.14119872, 0.98983896), (0.090359755, -0.14172302, 0.9857737), (0.061902463, -0.035115045, 0.9974643), (0.01876637, -0.06797583, 0.99751043), (0.090359755, -0.14172302, 0.9857737), (0.020713337, -0.11735639, 0.99287385), (-0.019333662, -0.14348307, 0.98946387), (0.061902463, -0.035115045, 0.9974643), (0.020713337, -0.11735639, 0.99287385), (-0.0766421, -0.11859864, 0.98998), (-0.038453378, -0.16765425, 0.9850956), (-0.019333662, -0.14348307, 0.98946387), (-0.0766421, -0.11859864, 0.98998), (0.0022920843, -0.12746736, 0.9918401), (0.047971673, -0.056719046, 0.9972371), (-0.038453378, -0.16765425, 0.9850956), (0.0022920843, -0.12746736, 0.9918401), (0.10263834, -0.127983, 0.9864511), (0.05715767, -0.037563715, 0.9976582), (0.047971673, -0.056719046, 0.9972371), (0.10263834, -0.127983, 0.9864511), (0.030076688, -0.1232374, 0.9919213), (-0.016743198, -0.14692438, 0.989006), (0.05715767, -0.037563715, 0.9976582), (0.030076688, -0.1232374, 0.9919213), (-0.057519615, -0.1216241, 0.9909082), (-0.0010606549, -0.15585646, 0.9877792), (-0.016743198, -0.14692438, 0.989006), (-0.057519615, -0.1216241, 0.9909082), (0.023558395, -0.109491505, 0.9937085), (0.07298504, -0.04669926, 0.99623907), (-0.0010606549, -0.15585646, 0.9877792), (0.023558395, -0.109491505, 0.9937085), (0.11294377, -0.114138804, 0.9870238), (0.052049343, -0.042725444, 0.99773014), (0.07298504, -0.04669926, 0.99623907), (0.11294377, -0.114138804, 0.9870238), (0.043215945, -0.12766635, 0.99087524), (-0.002627804, -0.14316721, 0.9896951), (0.052049343, -0.042725444, 0.99773014), (0.043215945, -0.12766635, 0.99087524), (-0.028249979, -0.11801148, 0.9926104), (0.04302579, -0.13716976, 0.9896127), (-0.002627804, -0.14316721, 0.9896951), (-0.028249979, -0.11801148, 0.9926104), (0.050930206, -0.08822963, 0.99479735), (0.09699294, -0.039312776, 0.9945083), (0.04302579, -0.13716976, 0.9896127), (0.050930206, -0.08822963, 0.99479735), (0.1275032, -0.09976367, 0.9868081), (0.056775786, -0.04763188, 0.9972501), (0.09699294, -0.039312776, 0.9945083), (0.1275032, -0.09976367, 0.9868081), (0.069584064, -0.12704639, 0.98945296), (0.033155818, -0.1296719, 0.9910025), (0.056775786, -0.04763188, 0.9972501), (0.069584064, -0.12704639, 0.98945296), (0.024086388, -0.1059183, 0.99408305), (0.10260713, -0.11222297, 0.9883713), (0.033155818, -0.1296719, 0.9910025), (0.024086388, -0.1059183, 0.99408305), (0.103644595, -0.06359568, 0.9925791), (0.14010899, -0.03368463, 0.989563), (0.10260713, -0.11222297, 0.9883713), (0.103644595, -0.06359568, 0.9925791), (0.17956981, -0.079645604, 0.98051584), (0.11351785, -0.045549892, 0.9924913), (0.14010899, -0.03368463, 0.989563), (0.17956981, -0.079645604, 0.98051584), (0.18290564, -0.10769486, 0.9772141), (0.16546567, -0.09716237, 0.98141766), (0.11351785, -0.045549892, 0.9924913), (0.18290564, -0.10769486, 0.9772141), (0.5207377, -0.07086465, 0.8507705), (0.56442803, -0.069929175, 0.822515), (0.16546567, -0.09716237, 0.98141766), (0.5207377, -0.07086465, 0.8507705), (0.9487968, -0.010728997, 0.3157049), (0.9526643, -0.011413933, 0.3038101), (0.56442803, -0.069929175, 0.822515), (-0.95553434, -0.005374509, 0.29483083), (-0.52182955, -0.031567406, 0.85246557), (-0.5629595, -0.028361797, 0.8259977), (-0.9572334, -0.0051985616, 0.2892698), (-0.52182955, -0.031567406, 0.85246557), (-0.15369138, -0.07167624, 0.98551583), (-0.18546332, -0.05008409, 0.981374), (-0.5629595, -0.028361797, 0.8259977), (-0.15369138, -0.07167624, 0.98551583), (-0.18922836, -0.100146614, 0.97681284), (-0.20068981, -0.06091118, 0.9777594), (-0.18546332, -0.05008409, 0.981374), (-0.18922836, -0.100146614, 0.97681284), (-0.15447845, -0.077408955, 0.984959), (-0.12646067, -0.065982975, 0.9897747), (-0.20068981, -0.06091118, 0.9777594), (-0.15447845, -0.077408955, 0.984959), (-0.02698706, -0.052345652, 0.9982643), (-0.027946003, -0.06374684, 0.99757475), (-0.12646067, -0.065982975, 0.9897747), (-0.02698706, -0.052345652, 0.9982643), (-0.030493964, -0.095110826, 0.9949995), (-0.076612785, -0.0677275, 0.994758), (-0.027946003, -0.06374684, 0.99757475), (-0.030493964, -0.095110826, 0.9949995), (-0.1327198, -0.1321195, 0.98230845), (-0.13566402, -0.07319601, 0.9880474), (-0.076612785, -0.0677275, 0.994758), (-0.1327198, -0.1321195, 0.98230845), (-0.09230761, -0.08588827, 0.9920194), (-0.045961782, -0.0755379, 0.9960831), (-0.13566402, -0.07319601, 0.9880474), (-0.09230761, -0.08588827, 0.9920194), (0.025793996, -0.048005752, 0.99851394), (0.01917506, -0.072583646, 0.99717796), (-0.045961782, -0.0755379, 0.9960831), (0.025793996, -0.048005752, 0.99851394), (-0.011488336, -0.11036482, 0.9938247), (-0.070615456, -0.077300884, 0.99450386), (0.01917506, -0.072583646, 0.99717796), (-0.011488336, -0.11036482, 0.9938247), (-0.113055244, -0.15341046, 0.9816739), (-0.10467091, -0.07943591, 0.9913294), (-0.070615456, -0.077300884, 0.99450386), (-0.113055244, -0.15341046, 0.9816739), (-0.05102024, -0.08491457, 0.9950811), (0.008557323, -0.08043677, 0.99672294), (-0.10467091, -0.07943591, 0.9913294), (-0.05102024, -0.08491457, 0.9950811), (0.050487403, -0.041518625, 0.99786127), (0.033747602, -0.077903576, 0.99638957), (0.008557323, -0.08043677, 0.99672294), (0.050487403, -0.041518625, 0.99786127), (-0.010934197, -0.123564914, 0.9922762), (-0.07884394, -0.08346662, 0.9933866), (0.033747602, -0.077903576, 0.99638957), (-0.010934197, -0.123564914, 0.9922762), (-0.09403805, -0.16662374, 0.98152596), (-0.07255949, -0.083250806, 0.9938835), (-0.07884394, -0.08346662, 0.9933866), (-0.09403805, -0.16662374, 0.98152596), (-0.014460742, -0.078172594, 0.99683493), (0.052972294, -0.08299149, 0.9951414), (-0.07255949, -0.083250806, 0.9938835), (-0.014460742, -0.078172594, 0.99683493), (0.06097608, -0.036577363, 0.9974689), (0.032212365, -0.081029326, 0.996191), (0.052972294, -0.08299149, 0.9951414), (0.06097608, -0.036577363, 0.9974689), (-0.015703216, -0.13502763, 0.9907175), (-0.08656101, -0.087202065, 0.99242276), (0.032212365, -0.081029326, 0.996191), (-0.015703216, -0.13502763, 0.9907175), (-0.069559634, -0.17142914, 0.9827378), (-0.03499772, -0.08542384, 0.9957298), (-0.08656101, -0.087202065, 0.99242276), (-0.069559634, -0.17142914, 0.9827378), (0.01876637, -0.06797583, 0.99751043), (0.08773126, -0.08359217, 0.99263066), (-0.03499772, -0.08542384, 0.9957298), (0.01876637, -0.06797583, 0.99751043), (0.061902463, -0.035115045, 0.9974643), (0.021467766, -0.08240247, 0.99636793), (0.08773126, -0.08359217, 0.99263066), (0.061902463, -0.035115045, 0.9974643), (-0.019333662, -0.14348307, 0.98946387), (-0.08662213, -0.0889263, 0.9922645), (0.021467766, -0.08240247, 0.99636793), (-0.019333662, -0.14348307, 0.98946387), (-0.038453378, -0.16765425, 0.9850956), (0.007356602, -0.085770465, 0.99628776), (-0.08662213, -0.0889263, 0.9922645), (-0.038453378, -0.16765425, 0.9850956), (0.047971673, -0.056719046, 0.9972371), (0.111888416, -0.08218606, 0.99031633), (0.007356602, -0.085770465, 0.99628776), (0.047971673, -0.056719046, 0.9972371), (0.05715767, -0.037563715, 0.9976582), (0.007541219, -0.08223175, 0.9965848), (0.111888416, -0.08218606, 0.99031633), (0.05715767, -0.037563715, 0.9976582), (-0.016743198, -0.14692438, 0.989006), (-0.07437745, -0.0886168, 0.993285), (0.007541219, -0.08223175, 0.9965848), (-0.016743198, -0.14692438, 0.989006), (-0.0010606549, -0.15585646, 0.9877792), (0.052497342, -0.08357229, 0.99511796), (-0.07437745, -0.0886168, 0.993285), (-0.0010606549, -0.15585646, 0.9877792), (0.07298504, -0.04669926, 0.99623907), (0.12621118, -0.07864586, 0.98888093), (0.052497342, -0.08357229, 0.99511796), (0.07298504, -0.04669926, 0.99623907), (0.052049343, -0.042725444, 0.99773014), (-0.0022798397, -0.08045447, 0.99675566), (0.12621118, -0.07864586, 0.98888093), (0.052049343, -0.042725444, 0.99773014), (-0.002627804, -0.14316721, 0.9896951), (-0.045944553, -0.08561406, 0.99526846), (-0.0022798397, -0.08045447, 0.99675566), (-0.002627804, -0.14316721, 0.9896951), (0.04302579, -0.13716976, 0.9896127), (0.09929115, -0.07783966, 0.9920092), (-0.045944553, -0.08561406, 0.99526846), (0.04302579, -0.13716976, 0.9896127), (0.09699294, -0.039312776, 0.9945083), (0.13599807, -0.0726216, 0.9880438), (0.09929115, -0.07783966, 0.9920092), (0.09699294, -0.039312776, 0.9945083), (0.056775786, -0.04763188, 0.9972501), (0.004211645, -0.076240145, 0.99708056), (0.13599807, -0.0726216, 0.9880438), (0.056775786, -0.04763188, 0.9972501), (0.033155818, -0.1296719, 0.9910025), (0.006989162, -0.07821284, 0.9969122), (0.004211645, -0.076240145, 0.99708056), (0.033155818, -0.1296719, 0.9910025), (0.10260713, -0.11222297, 0.9883713), (0.15498991, -0.06706353, 0.9856371), (0.006989162, -0.07821284, 0.9969122), (0.10260713, -0.11222297, 0.9883713), (0.14010899, -0.03368463, 0.989563), (0.16454369, -0.062230464, 0.98440474), (0.15498991, -0.06706353, 0.9856371), (0.14010899, -0.03368463, 0.989563), (0.11351785, -0.045549892, 0.9924913), (0.07350428, -0.06565457, 0.99513143), (0.16454369, -0.062230464, 0.98440474), (0.11351785, -0.045549892, 0.9924913), (0.16546567, -0.09716237, 0.98141766), (0.16000432, -0.06014449, 0.9852823), (0.07350428, -0.06565457, 0.99513143), (0.16546567, -0.09716237, 0.98141766), (0.56442803, -0.069929175, 0.822515), (0.5746871, -0.034807708, 0.8176326), (0.16000432, -0.06014449, 0.9852823), (0.56442803, -0.069929175, 0.822515), (0.9526643, -0.011413933, 0.3038101), (0.95566046, -0.0067507657, 0.29439345), (0.5746871, -0.034807708, 0.8176326), (-0.9572334, -0.0051985616, 0.2892698), (-0.5629595, -0.028361797, 0.8259977), (-0.533671, -0.02889495, 0.8451984), (-0.95904064, -0.0065991585, 0.28319153), (-0.5629595, -0.028361797, 0.8259977), (-0.18546332, -0.05008409, 0.981374), (-0.17966096, -0.026338436, 0.98337597), (-0.533671, -0.02889495, 0.8451984), (-0.18546332, -0.05008409, 0.981374), (-0.20068981, -0.06091118, 0.9777594), (-0.21990086, -0.027517674, 0.97513396), (-0.17966096, -0.026338436, 0.98337597), (-0.20068981, -0.06091118, 0.9777594), (-0.12646067, -0.065982975, 0.9897747), (-0.1419944, -0.06763315, 0.98755425), (-0.21990086, -0.027517674, 0.97513396), (-0.12646067, -0.065982975, 0.9897747), (-0.027946003, -0.06374684, 0.99757475), (-0.0088625895, -0.07460334, 0.9971739), (-0.1419944, -0.06763315, 0.98755425), (-0.027946003, -0.06374684, 0.99757475), (-0.076612785, -0.0677275, 0.994758), (-0.06130048, -0.03112885, 0.9976338), (-0.0088625895, -0.07460334, 0.9971739), (-0.076612785, -0.0677275, 0.994758), (-0.13566402, -0.07319601, 0.9880474), (-0.16007876, -0.026412189, 0.98675084), (-0.06130048, -0.03112885, 0.9976338), (-0.13566402, -0.07319601, 0.9880474), (-0.045961782, -0.0755379, 0.9960831), (-0.06670301, -0.08621091, 0.99404144), (-0.16007876, -0.026412189, 0.98675084), (-0.045961782, -0.0755379, 0.9960831), (0.01917506, -0.072583646, 0.99717796), (0.044238493, -0.0926357, 0.9947168), (-0.06670301, -0.08621091, 0.99404144), (0.01917506, -0.072583646, 0.99717796), (-0.070615456, -0.077300884, 0.99450386), (-0.04993832, -0.02767635, 0.9983688), (0.044238493, -0.0926357, 0.9947168), (-0.070615456, -0.077300884, 0.99450386), (-0.10467091, -0.07943591, 0.9913294), (-0.1339996, -0.024346985, 0.9906823), (-0.04993832, -0.02767635, 0.9983688), (-0.10467091, -0.07943591, 0.9913294), (0.008557323, -0.08043677, 0.99672294), (-0.016204566, -0.102934256, 0.99455607), (-0.1339996, -0.024346985, 0.9906823), (0.008557323, -0.08043677, 0.99672294), (0.033747602, -0.077903576, 0.99638957), (0.06363492, -0.104479834, 0.99248904), (-0.016204566, -0.102934256, 0.99455607), (0.033747602, -0.077903576, 0.99638957), (-0.07884394, -0.08346662, 0.9933866), (-0.054537095, -0.02154192, 0.9982794), (0.06363492, -0.104479834, 0.99248904), (-0.07884394, -0.08346662, 0.9933866), (-0.07255949, -0.083250806, 0.9938835), (-0.10564913, -0.025258994, 0.9940826), (-0.054537095, -0.02154192, 0.9982794), (-0.07255949, -0.083250806, 0.9938835), (0.052972294, -0.08299149, 0.9951414), (0.02617997, -0.1175219, 0.99272513), (-0.10564913, -0.025258994, 0.9940826), (0.052972294, -0.08299149, 0.9951414), (0.032212365, -0.081029326, 0.996191), (0.06576431, -0.10975988, 0.99178016), (0.02617997, -0.1175219, 0.99272513), (0.032212365, -0.081029326, 0.996191), (-0.08656101, -0.087202065, 0.99242276), (-0.060521584, -0.015576823, 0.9980453), (0.06576431, -0.10975988, 0.99178016), (-0.08656101, -0.087202065, 0.99242276), (-0.03499772, -0.08542384, 0.9957298), (-0.07020218, -0.030266346, 0.9970735), (-0.060521584, -0.015576823, 0.9980453), (-0.03499772, -0.08542384, 0.9957298), (0.08773126, -0.08359217, 0.99263066), (0.061339185, -0.12778442, 0.9899034), (-0.07020218, -0.030266346, 0.9970735), (0.08773126, -0.08359217, 0.99263066), (0.021467766, -0.08240247, 0.99636793), (0.05732071, -0.10845027, 0.99244785), (0.061339185, -0.12778442, 0.9899034), (0.021467766, -0.08240247, 0.99636793), (-0.08662213, -0.0889263, 0.9922645), (-0.06090223, -0.012206183, 0.9980691), (0.05732071, -0.10845027, 0.99244785), (-0.08662213, -0.0889263, 0.9922645), (0.007356602, -0.085770465, 0.99628776), (-0.028031548, -0.038474314, 0.9988663), (-0.06090223, -0.012206183, 0.9980691), (0.007356602, -0.085770465, 0.99628776), (0.111888416, -0.08218606, 0.99031633), (0.08822612, -0.13137497, 0.98739904), (-0.028031548, -0.038474314, 0.9988663), (0.111888416, -0.08218606, 0.99031633), (0.007541219, -0.08223175, 0.9965848), (0.044194315, -0.10161629, 0.9938415), (0.08822612, -0.13137497, 0.98739904), (0.007541219, -0.08223175, 0.9965848), (-0.07437745, -0.0886168, 0.993285), (-0.050837763, -0.01286356, 0.9986241), (0.044194315, -0.10161629, 0.9938415), (-0.07437745, -0.0886168, 0.993285), (0.052497342, -0.08357229, 0.99511796), (0.019026598, -0.04741302, 0.99869406), (-0.050837763, -0.01286356, 0.9986241), (0.052497342, -0.08357229, 0.99511796), (0.12621118, -0.07864586, 0.98888093), (0.10708099, -0.1268354, 0.986127), (0.019026598, -0.04741302, 0.99869406), (0.12621118, -0.07864586, 0.98888093), (-0.0022798397, -0.08045447, 0.99675566), (0.0335364, -0.091060646, 0.9952805), (0.10708099, -0.1268354, 0.986127), (-0.0022798397, -0.08045447, 0.99675566), (-0.045944553, -0.08561406, 0.99526846), (-0.025882835, -0.017279118, 0.9995157), (0.0335364, -0.091060646, 0.9952805), (-0.045944553, -0.08561406, 0.99526846), (0.09929115, -0.07783966, 0.9920092), (0.070100725, -0.05370877, 0.9960929), (-0.025882835, -0.017279118, 0.9995157), (0.09929115, -0.07783966, 0.9920092), (0.13599807, -0.0726216, 0.9880438), (0.12260746, -0.11386702, 0.9859015), (0.070100725, -0.05370877, 0.9960929), (0.13599807, -0.0726216, 0.9880438), (0.004211645, -0.076240145, 0.99708056), (0.037414122, -0.07834134, 0.9962242), (0.12260746, -0.11386702, 0.9859015), (0.004211645, -0.076240145, 0.99708056), (0.006989162, -0.07821284, 0.9969122), (0.023218555, -0.023101762, 0.9994635), (0.037414122, -0.07834134, 0.9962242), (0.006989162, -0.07821284, 0.9969122), (0.15498991, -0.06706353, 0.9856371), (0.13337648, -0.053381804, 0.98962677), (0.023218555, -0.023101762, 0.9994635), (0.15498991, -0.06706353, 0.9856371), (0.16454369, -0.062230464, 0.98440474), (0.15825765, -0.09174676, 0.98312616), (0.13337648, -0.053381804, 0.98962677), (0.16454369, -0.062230464, 0.98440474), (0.07350428, -0.06565457, 0.99513143), (0.102442496, -0.062512286, 0.99277276), (0.15825765, -0.09174676, 0.98312616), (0.07350428, -0.06565457, 0.99513143), (0.16000432, -0.06014449, 0.9852823), (0.17442863, -0.024305603, 0.9843698), (0.102442496, -0.062512286, 0.99277276), (0.16000432, -0.06014449, 0.9852823), (0.5746871, -0.034807708, 0.8176326), (0.5981445, -0.018452514, 0.80117583), (0.17442863, -0.024305603, 0.9843698), (0.5746871, -0.034807708, 0.8176326), (0.95566046, -0.0067507657, 0.29439345), (0.9578768, -0.007524353, 0.28708082), (0.5981445, -0.018452514, 0.80117583), (-0.95904064, -0.0065991585, 0.28319153), (-0.533671, -0.02889495, 0.8451984), (-0.5674826, -0.035098292, 0.822637), (-0.9599661, 0.00029096758, 0.28011605), (-0.533671, -0.02889495, 0.8451984), (-0.17966096, -0.026338436, 0.98337597), (-0.17728776, -0.07717433, 0.9811285), (-0.5674826, -0.035098292, 0.822637), (-0.17966096, -0.026338436, 0.98337597), (-0.21990086, -0.027517674, 0.97513396), (-0.19180658, -0.04056614, 0.980594), (-0.17728776, -0.07717433, 0.9811285), (-0.21990086, -0.027517674, 0.97513396), (-0.1419944, -0.06763315, 0.98755425), (-0.15287456, 0.009370562, 0.9882012), (-0.19180658, -0.04056614, 0.980594), (-0.1419944, -0.06763315, 0.98755425), (-0.0088625895, -0.07460334, 0.9971739), (-0.03861986, -0.038651865, 0.9985062), (-0.15287456, 0.009370562, 0.9882012), (-0.0088625895, -0.07460334, 0.9971739), (-0.06130048, -0.03112885, 0.9976338), (-0.04839777, -0.092586935, 0.9945277), (-0.03861986, -0.038651865, 0.9985062), (-0.06130048, -0.03112885, 0.9976338), (-0.16007876, -0.026412189, 0.98675084), (-0.13943723, -0.045442857, 0.98918766), (-0.04839777, -0.092586935, 0.9945277), (-0.16007876, -0.026412189, 0.98675084), (-0.06670301, -0.08621091, 0.99404144), (-0.084082305, 0.00029114354, 0.9964588), (-0.13943723, -0.045442857, 0.98918766), (-0.06670301, -0.08621091, 0.99404144), (0.044238493, -0.0926357, 0.9947168), (0.02894998, -0.05066855, 0.9982959), (-0.084082305, 0.00029114354, 0.9964588), (0.044238493, -0.0926357, 0.9947168), (-0.04993832, -0.02767635, 0.9983688), (-0.03058219, -0.092109844, 0.9952791), (0.02894998, -0.05066855, 0.9982959), (-0.04993832, -0.02767635, 0.9983688), (-0.1339996, -0.024346985, 0.9906823), (-0.12903243, -0.04621887, 0.9905627), (-0.03058219, -0.092109844, 0.9952791), (-0.1339996, -0.024346985, 0.9906823), (-0.016204566, -0.102934256, 0.99455607), (-0.03729634, -0.014710218, 0.99919593), (-0.12903243, -0.04621887, 0.9905627), (-0.016204566, -0.102934256, 0.99455607), (0.06363492, -0.104479834, 0.99248904), (0.067134604, -0.059136983, 0.9959898), (-0.03729634, -0.014710218, 0.99919593), (0.06363492, -0.104479834, 0.99248904), (-0.054537095, -0.02154192, 0.9982794), (-0.032928213, -0.083641306, 0.9959517), (0.067134604, -0.059136983, 0.9959898), (-0.054537095, -0.02154192, 0.9982794), (-0.10564913, -0.025258994, 0.9940826), (-0.11945537, -0.04896273, 0.99163157), (-0.032928213, -0.083641306, 0.9959517), (-0.10564913, -0.025258994, 0.9940826), (0.02617997, -0.1175219, 0.99272513), (0.0050932495, -0.03345738, 0.99942714), (-0.11945537, -0.04896273, 0.99163157), (0.02617997, -0.1175219, 0.99272513), (0.06576431, -0.10975988, 0.99178016), (0.0891241, -0.062185798, 0.9940773), (0.0050932495, -0.03345738, 0.99942714), (0.06576431, -0.10975988, 0.99178016), (-0.060521584, -0.015576823, 0.9980453), (-0.04106185, -0.07082052, 0.99664354), (0.0891241, -0.062185798, 0.9940773), (-0.060521584, -0.015576823, 0.9980453), (-0.07020218, -0.030266346, 0.9970735), (-0.10286143, -0.055419456, 0.99315065), (-0.04106185, -0.07082052, 0.99664354), (-0.07020218, -0.030266346, 0.9970735), (0.061339185, -0.12778442, 0.9899034), (0.044637486, -0.05287464, 0.99760294), (-0.10286143, -0.055419456, 0.99315065), (0.061339185, -0.12778442, 0.9899034), (0.05732071, -0.10845027, 0.99244785), (0.098924614, -0.059129737, 0.99333656), (0.044637486, -0.05287464, 0.99760294), (0.05732071, -0.10845027, 0.99244785), (-0.06090223, -0.012206183, 0.9980691), (-0.04803218, -0.05678372, 0.9972304), (0.098924614, -0.059129737, 0.99333656), (-0.06090223, -0.012206183, 0.9980691), (-0.028031548, -0.038474314, 0.9988663), (-0.07700972, -0.065075986, 0.99490434), (-0.04803218, -0.05678372, 0.9972304), (-0.028031548, -0.038474314, 0.9988663), (0.08822612, -0.13137497, 0.98739904), (0.080588095, -0.069681875, 0.9943088), (-0.07700972, -0.065075986, 0.99490434), (0.08822612, -0.13137497, 0.98739904), (0.044194315, -0.10161629, 0.9938415), (0.10012716, -0.05074282, 0.9936799), (0.080588095, -0.069681875, 0.9943088), (0.044194315, -0.10161629, 0.9938415), (-0.050837763, -0.01286356, 0.9986241), (-0.048447832, -0.044058938, 0.9978535), (0.10012716, -0.05074282, 0.9936799), (-0.050837763, -0.01286356, 0.9986241), (0.019026598, -0.04741302, 0.99869406), (-0.04130077, -0.07571585, 0.99627376), (-0.048447832, -0.044058938, 0.9978535), (0.019026598, -0.04741302, 0.99869406), (0.10708099, -0.1268354, 0.986127), (0.11240458, -0.08089529, 0.99036413), (-0.04130077, -0.07571585, 0.99627376), (0.10708099, -0.1268354, 0.986127), (0.0335364, -0.091060646, 0.9952805), (0.097956404, -0.038911607, 0.9944297), (0.11240458, -0.08089529, 0.99036413), (0.0335364, -0.091060646, 0.9952805), (-0.025882835, -0.017279118, 0.9995157), (-0.036123183, -0.03413265, 0.9987643), (0.097956404, -0.038911607, 0.9944297), (-0.025882835, -0.017279118, 0.9995157), (0.070100725, -0.05370877, 0.9960929), (0.0058252895, -0.083905436, 0.9964566), (-0.036123183, -0.03413265, 0.9987643), (0.070100725, -0.05370877, 0.9960929), (0.12260746, -0.11386702, 0.9859015), (0.14251357, -0.08414678, 0.9862095), (0.0058252895, -0.083905436, 0.9964566), (0.12260746, -0.11386702, 0.9859015), (0.037414122, -0.07834134, 0.9962242), (0.1028262, -0.02596042, 0.99436057), (0.14251357, -0.08414678, 0.9862095), (0.037414122, -0.07834134, 0.9962242), (0.023218555, -0.023101762, 0.9994635), (0.0017785795, -0.026841328, 0.9996381), (0.1028262, -0.02596042, 0.99436057), (0.023218555, -0.023101762, 0.9994635), (0.13337648, -0.053381804, 0.98962677), (0.07552431, -0.08460046, 0.9935486), (0.0017785795, -0.026841328, 0.9996381), (0.13337648, -0.053381804, 0.98962677), (0.15825765, -0.09174676, 0.98312616), (0.19039515, -0.07716204, 0.9786703), (0.07552431, -0.08460046, 0.9935486), (0.15825765, -0.09174676, 0.98312616), (0.102442496, -0.062512286, 0.99277276), (0.1596297, -0.014008145, 0.98707753), (0.19039515, -0.07716204, 0.9786703), (0.102442496, -0.062512286, 0.99277276), (0.17442863, -0.024305603, 0.9843698), (0.15560581, -0.017148528, 0.98767036), (0.1596297, -0.014008145, 0.98707753), (0.17442863, -0.024305603, 0.9843698), (0.5981445, -0.018452514, 0.80117583), (0.5690878, -0.041364558, 0.8212357), (0.15560581, -0.017148528, 0.98767036), (0.5981445, -0.018452514, 0.80117583), (0.9578768, -0.007524353, 0.28708082), (0.9612021, -0.015728649, 0.2753964), (0.5690878, -0.041364558, 0.8212357), (-0.9599661, 0.00029096758, 0.28011605), (-0.5674826, -0.035098292, 0.822637), (-0.58843476, -0.046391867, 0.80721265), (-0.9609749, -0.0076248036, 0.27653039), (-0.5674826, -0.035098292, 0.822637), (-0.17728776, -0.07717433, 0.9811285), (-0.16351251, -0.050990585, 0.98522264), (-0.58843476, -0.046391867, 0.80721265), (-0.17728776, -0.07717433, 0.9811285), (-0.19180658, -0.04056614, 0.980594), (-0.118857004, -0.0027901875, 0.99290746), (-0.16351251, -0.050990585, 0.98522264), (-0.19180658, -0.04056614, 0.980594), (-0.15287456, 0.009370562, 0.9882012), (-0.17874682, -0.004013126, 0.9838869), (-0.118857004, -0.0027901875, 0.99290746), (-0.15287456, 0.009370562, 0.9882012), (-0.03861986, -0.038651865, 0.9985062), (-0.12225286, -0.074599035, 0.9896915), (-0.17874682, -0.004013126, 0.9838869), (-0.03861986, -0.038651865, 0.9985062), (-0.04839777, -0.092586935, 0.9945277), (-0.014046666, -0.07220999, 0.99729055), (-0.12225286, -0.074599035, 0.9896915), (-0.04839777, -0.092586935, 0.9945277), (-0.13943723, -0.045442857, 0.98918766), (-0.055328067, 0.0056166044, 0.99845237), (-0.014046666, -0.07220999, 0.99729055), (-0.13943723, -0.045442857, 0.98918766), (-0.084082305, 0.00029114354, 0.9964588), (-0.1302215, -0.0028023892, 0.99148095), (-0.055328067, 0.0056166044, 0.99845237), (-0.084082305, 0.00029114354, 0.9964588), (0.02894998, -0.05066855, 0.9982959), (-0.05621125, -0.095427826, 0.993848), (-0.1302215, -0.0028023892, 0.99148095), (0.02894998, -0.05066855, 0.9982959), (-0.03058219, -0.092109844, 0.9952791), (0.02300768, -0.08109876, 0.9964405), (-0.05621125, -0.095427826, 0.993848), (-0.03058219, -0.092109844, 0.9952791), (-0.12903243, -0.04621887, 0.9905627), (-0.049694292, 0.016784921, 0.99862343), (0.02300768, -0.08109876, 0.9964405), (-0.12903243, -0.04621887, 0.9905627), (-0.03729634, -0.014710218, 0.99919593), (-0.09936403, -0.005454592, 0.9950362), (-0.049694292, 0.016784921, 0.99862343), (-0.03729634, -0.014710218, 0.99919593), (0.067134604, -0.059136983, 0.9959898), (-0.007957189, -0.1126012, 0.9936085), (-0.09936403, -0.005454592, 0.9950362), (0.067134604, -0.059136983, 0.9959898), (-0.032928213, -0.083641306, 0.9959517), (0.033744387, -0.08285942, 0.9959898), (-0.007957189, -0.1126012, 0.9936085), (-0.032928213, -0.083641306, 0.9959517), (-0.11945537, -0.04896273, 0.99163157), (-0.053914685, 0.026560046, 0.99819225), (0.033744387, -0.08285942, 0.9959898), (-0.11945537, -0.04896273, 0.99163157), (0.0050932495, -0.03345738, 0.99942714), (-0.06538636, -0.0119478665, 0.9977884), (-0.053914685, 0.026560046, 0.99819225), (0.0050932495, -0.03345738, 0.99942714), (0.0891241, -0.062185798, 0.9940773), (0.03169029, -0.12461113, 0.99169946), (-0.06538636, -0.0119478665, 0.9977884), (0.0891241, -0.062185798, 0.9940773), (-0.04106185, -0.07082052, 0.99664354), (0.03062029, -0.07924309, 0.996385), (0.03169029, -0.12461113, 0.99169946), (-0.04106185, -0.07082052, 0.99664354), (-0.10286143, -0.055419456, 0.99315065), (-0.05637945, 0.032400146, 0.99788356), (0.03062029, -0.07924309, 0.996385), (-0.10286143, -0.055419456, 0.99315065), (0.044637486, -0.05287464, 0.99760294), (-0.025868611, -0.020764701, 0.9994496), (-0.05637945, 0.032400146, 0.99788356), (0.044637486, -0.05287464, 0.99760294), (0.098924614, -0.059129737, 0.99333656), (0.063129075, -0.12987706, 0.98951834), (-0.025868611, -0.020764701, 0.9994496), (0.098924614, -0.059129737, 0.99333656), (-0.04803218, -0.05678372, 0.9972304), (0.020444259, -0.07219173, 0.9971812), (0.063129075, -0.12987706, 0.98951834), (-0.04803218, -0.05678372, 0.9972304), (-0.07700972, -0.065075986, 0.99490434), (-0.05133056, 0.032965828, 0.99813753), (0.020444259, -0.07219173, 0.9971812), (-0.07700972, -0.065075986, 0.99490434), (0.080588095, -0.069681875, 0.9943088), (0.017859904, -0.02966823, 0.99940026), (-0.05133056, 0.032965828, 0.99813753), (0.080588095, -0.069681875, 0.9943088), (0.10012716, -0.05074282, 0.9936799), (0.086355686, -0.12756892, 0.9880632), (0.017859904, -0.02966823, 0.99940026), (0.10012716, -0.05074282, 0.9936799), (-0.048447832, -0.044058938, 0.9978535), (0.009673049, -0.06365881, 0.9979248), (0.086355686, -0.12756892, 0.9880632), (-0.048447832, -0.044058938, 0.9978535), (-0.04130077, -0.07571585, 0.99627376), (-0.03505216, 0.028276106, 0.99898535), (0.009673049, -0.06365881, 0.9979248), (-0.04130077, -0.07571585, 0.99627376), (0.11240458, -0.08089529, 0.99036413), (0.06397988, -0.03643359, 0.99728584), (-0.03505216, 0.028276106, 0.99898535), (0.11240458, -0.08089529, 0.99036413), (0.097956404, -0.038911607, 0.9944297), (0.103488974, -0.11775555, 0.98763543), (0.06397988, -0.03643359, 0.99728584), (0.097956404, -0.038911607, 0.9944297), (-0.036123183, -0.03413265, 0.9987643), (0.006240238, -0.0550718, 0.9984629), (0.103488974, -0.11775555, 0.98763543), (-0.036123183, -0.03413265, 0.9987643), (0.0058252895, -0.083905436, 0.9964566), (-0.0034858002, 0.019588737, 0.99980205), (0.006240238, -0.0550718, 0.9984629), (0.0058252895, -0.083905436, 0.9964566), (0.14251357, -0.08414678, 0.9862095), (0.113229096, -0.039176237, 0.99279624), (-0.0034858002, 0.019588737, 0.99980205), (0.14251357, -0.08414678, 0.9862095), (0.1028262, -0.02596042, 0.99436057), (0.12260808, -0.10092371, 0.98731035), (0.113229096, -0.039176237, 0.99279624), (0.1028262, -0.02596042, 0.99436057), (0.0017785795, -0.026841328, 0.9996381), (0.025500111, -0.046832424, 0.99857724), (0.12260808, -0.10092371, 0.98731035), (0.0017785795, -0.026841328, 0.9996381), (0.07552431, -0.08460046, 0.9935486), (0.057091065, 0.0090832, 0.9983276), (0.025500111, -0.046832424, 0.99857724), (0.07552431, -0.08460046, 0.9935486), (0.19039515, -0.07716204, 0.9786703), (0.18292388, -0.035564978, 0.98248357), (0.057091065, 0.0090832, 0.9983276), (0.19039515, -0.07716204, 0.9786703), (0.1596297, -0.014008145, 0.98707753), (0.18654546, -0.07563201, 0.9795308), (0.18292388, -0.035564978, 0.98248357), (0.1596297, -0.014008145, 0.98707753), (0.15560581, -0.017148528, 0.98767036), (0.16372816, -0.037219387, 0.9858031), (0.18654546, -0.07563201, 0.9795308), (0.15560581, -0.017148528, 0.98767036), (0.5690878, -0.041364558, 0.8212357), (0.5593275, 0.0028782347, 0.82894176), (0.16372816, -0.037219387, 0.9858031), (0.5690878, -0.041364558, 0.8212357), (0.9612021, -0.015728649, 0.2753964), (0.9630685, 0.003264493, 0.2692366), (0.5593275, 0.0028782347, 0.82894176), (-0.9609749, -0.0076248036, 0.27653039), (-0.58843476, -0.046391867, 0.80721265), (-0.5967838, 0.0060437033, 0.80237937), (-0.9616043, 0.0033887832, 0.2744186), (-0.58843476, -0.046391867, 0.80721265), (-0.16351251, -0.050990585, 0.98522264), (-0.17559677, -0.025528142, 0.9841311), (-0.5967838, 0.0060437033, 0.80237937), (-0.16351251, -0.050990585, 0.98522264), (-0.118857004, -0.0027901875, 0.99290746), (-0.094369635, -0.060187384, 0.9937162), (-0.17559677, -0.025528142, 0.9841311), (-0.118857004, -0.0027901875, 0.99290746), (-0.17874682, -0.004013126, 0.9838869), (-0.17992821, -0.03529453, 0.98304635), (-0.094369635, -0.060187384, 0.9937162), (-0.17874682, -0.004013126, 0.9838869), (-0.12225286, -0.074599035, 0.9896915), (-0.15590626, -0.005137553, 0.9877586), (-0.17992821, -0.03529453, 0.98304635), (-0.12225286, -0.074599035, 0.9896915), (-0.014046666, -0.07220999, 0.99729055), (-0.007738086, -0.032824155, 0.9994312), (-0.15590626, -0.005137553, 0.9877586), (-0.014046666, -0.07220999, 0.99729055), (-0.055328067, 0.0056166044, 0.99845237), (-0.017809646, -0.06261848, 0.9978786), (-0.007738086, -0.032824155, 0.9994312), (-0.055328067, 0.0056166044, 0.99845237), (-0.1302215, -0.0028023892, 0.99148095), (-0.14962819, -0.040186457, 0.9879253), (-0.017809646, -0.06261848, 0.9978786), (-0.1302215, -0.0028023892, 0.99148095), (-0.05621125, -0.095427826, 0.993848), (-0.09645176, -0.01457724, 0.995231), (-0.14962819, -0.040186457, 0.9879253), (-0.05621125, -0.095427826, 0.993848), (0.02300768, -0.08109876, 0.9964405), (0.05170964, -0.035559915, 0.9980288), (-0.09645176, -0.01457724, 0.995231), (0.02300768, -0.08109876, 0.9964405), (-0.049694292, 0.016784921, 0.99862343), (-0.008382549, -0.058212463, 0.998269), (0.05170964, -0.035559915, 0.9980288), (-0.049694292, 0.016784921, 0.99862343), (-0.09936403, -0.005454592, 0.9950362), (-0.14055394, -0.043689694, 0.98910856), (-0.008382549, -0.058212463, 0.998269), (-0.09936403, -0.005454592, 0.9950362), (-0.007957189, -0.1126012, 0.9936085), (-0.047524285, -0.02329537, 0.99859846), (-0.14055394, -0.043689694, 0.98910856), (-0.007957189, -0.1126012, 0.9936085), (0.033744387, -0.08285942, 0.9959898), (0.0850562, -0.034400433, 0.99578214), (-0.047524285, -0.02329537, 0.99859846), (0.033744387, -0.08285942, 0.9959898), (-0.053914685, 0.026560046, 0.99819225), (-0.016597863, -0.05144079, 0.99853814), (0.0850562, -0.034400433, 0.99578214), (-0.053914685, 0.026560046, 0.99819225), (-0.06538636, -0.0119478665, 0.9977884), (-0.1272532, -0.047350008, 0.9907394), (-0.016597863, -0.05144079, 0.99853814), (-0.06538636, -0.0119478665, 0.9977884), (0.03169029, -0.12461113, 0.99169946), (-0.00048464697, -0.030591067, 0.99953187), (-0.1272532, -0.047350008, 0.9907394), (0.03169029, -0.12461113, 0.99169946), (0.03062029, -0.07924309, 0.996385), (0.10119378, -0.030339042, 0.994404), (-0.00048464697, -0.030591067, 0.99953187), (0.03062029, -0.07924309, 0.996385), (-0.05637945, 0.032400146, 0.99788356), (-0.029571014, -0.04379686, 0.99860275), (0.10119378, -0.030339042, 0.994404), (-0.05637945, 0.032400146, 0.99788356), (-0.025868611, -0.020764701, 0.9994496), (-0.10374821, -0.051097747, 0.9932902), (-0.029571014, -0.04379686, 0.99860275), (-0.025868611, -0.020764701, 0.9994496), (0.063129075, -0.12987706, 0.98951834), (0.04375615, -0.03640477, 0.9983788), (-0.10374821, -0.051097747, 0.9932902), (0.063129075, -0.12987706, 0.98951834), (0.020444259, -0.07219173, 0.9971812), (0.104123935, -0.02430242, 0.99426734), (0.04375615, -0.03640477, 0.9983788), (0.020444259, -0.07219173, 0.9971812), (-0.05133056, 0.032965828, 0.99813753), (-0.039533775, -0.035860494, 0.9985745), (0.104123935, -0.02430242, 0.99426734), (-0.05133056, 0.032965828, 0.99813753), (0.017859904, -0.02966823, 0.99940026), (-0.06891243, -0.054583002, 0.99612844), (-0.039533775, -0.035860494, 0.9985745), (0.017859904, -0.02966823, 0.99940026), (0.086355686, -0.12756892, 0.9880632), (0.083146796, -0.04089117, 0.995698), (-0.06891243, -0.054583002, 0.99612844), (0.086355686, -0.12756892, 0.9880632), (0.009673049, -0.06365881, 0.9979248), (0.09864197, -0.016992567, 0.9949779), (0.083146796, -0.04089117, 0.995698), (0.009673049, -0.06365881, 0.9979248), (-0.03505216, 0.028276106, 0.99898535), (-0.03994983, -0.027926834, 0.9988113), (0.09864197, -0.016992567, 0.9949779), (-0.03505216, 0.028276106, 0.99898535), (0.06397988, -0.03643359, 0.99728584), (-0.023376321, -0.05738446, 0.9980784), (-0.03994983, -0.027926834, 0.9988113), (0.06397988, -0.03643359, 0.99728584), (0.103488974, -0.11775555, 0.98763543), (0.11699073, -0.04396829, 0.99215925), (-0.023376321, -0.05738446, 0.9980784), (0.103488974, -0.11775555, 0.98763543), (0.006240238, -0.0550718, 0.9984629), (0.092176035, -0.008987447, 0.99570215), (0.11699073, -0.04396829, 0.99215925), (0.006240238, -0.0550718, 0.9984629), (-0.0034858002, 0.019588737, 0.99980205), (-0.023224067, -0.020279005, 0.99952453), (0.092176035, -0.008987447, 0.99570215), (-0.0034858002, 0.019588737, 0.99980205), (0.113229096, -0.039176237, 0.99279624), (0.033919953, -0.058657534, 0.9977017), (-0.023224067, -0.020279005, 0.99952453), (0.113229096, -0.039176237, 0.99279624), (0.12260808, -0.10092371, 0.98731035), (0.1499182, -0.044941265, 0.98767644), (0.033919953, -0.058657534, 0.9977017), (0.12260808, -0.10092371, 0.98731035), (0.025500111, -0.046832424, 0.99857724), (0.10017897, -0.0010684014, 0.9949689), (0.1499182, -0.044941265, 0.98767644), (0.025500111, -0.046832424, 0.99857724), (0.057091065, 0.0090832, 0.9983276), (0.028771164, -0.013011589, 0.99950135), (0.10017897, -0.0010684014, 0.9949689), (0.057091065, 0.0090832, 0.9983276), (0.18292388, -0.035564978, 0.98248357), (0.12130935, -0.055631664, 0.9910546), (0.028771164, -0.013011589, 0.99950135), (0.18292388, -0.035564978, 0.98248357), (0.18654546, -0.07563201, 0.9795308), (0.21965025, -0.041769814, 0.97468406), (0.12130935, -0.055631664, 0.9910546), (0.18654546, -0.07563201, 0.9795308), (0.16372816, -0.037219387, 0.9858031), (0.21659574, 0.0046317372, 0.97625047), (0.21965025, -0.041769814, 0.97468406), (0.16372816, -0.037219387, 0.9858031), (0.5593275, 0.0028782347, 0.82894176), (0.5896127, 0.013454985, 0.80757403), (0.21659574, 0.0046317372, 0.97625047), (0.5593275, 0.0028782347, 0.82894176), (0.9630685, 0.003264493, 0.2692366), (0.9623143, 0.0021507763, 0.2719314), (0.5896127, 0.013454985, 0.80757403), (-0.9616043, 0.0033887832, 0.2744186), (-0.5967838, 0.0060437033, 0.80237937), (-0.6327223, -0.020326762, 0.7741119), (-0.9619804, -0.005724577, 0.27305835), (-0.5967838, 0.0060437033, 0.80237937), (-0.17559677, -0.025528142, 0.9841311), (-0.20389643, -0.02371648, 0.9787052), (-0.6327223, -0.020326762, 0.7741119), (-0.17559677, -0.025528142, 0.9841311), (-0.094369635, -0.060187384, 0.9937162), (-0.1000145, -0.02217543, 0.9947388), (-0.20389643, -0.02371648, 0.9787052), (-0.094369635, -0.060187384, 0.9937162), (-0.17992821, -0.03529453, 0.98304635), (-0.15493454, -0.032056563, 0.9874045), (-0.1000145, -0.02217543, 0.9947388), (-0.17992821, -0.03529453, 0.98304635), (-0.15590626, -0.005137553, 0.9877586), (-0.15989783, -0.03582617, 0.9864832), (-0.15493454, -0.032056563, 0.9874045), (-0.15590626, -0.005137553, 0.9877586), (-0.007738086, -0.032824155, 0.9994312), (-0.03659363, -0.02435992, 0.9990333), (-0.15989783, -0.03582617, 0.9864832), (-0.007738086, -0.032824155, 0.9994312), (-0.017809646, -0.06261848, 0.9978786), (-0.019173808, -0.025948415, 0.9994794), (-0.03659363, -0.02435992, 0.9990333), (-0.017809646, -0.06261848, 0.9978786), (-0.14962819, -0.040186457, 0.9879253), (-0.12612319, -0.043413986, 0.99106413), (-0.019173808, -0.025948415, 0.9994794), (-0.14962819, -0.040186457, 0.9879253), (-0.09645176, -0.01457724, 0.995231), (-0.10150138, -0.038696326, 0.9940825), (-0.12612319, -0.043413986, 0.99106413), (-0.09645176, -0.01457724, 0.995231), (0.05170964, -0.035559915, 0.9980288), (0.029112613, -0.018094284, 0.9994123), (-0.10150138, -0.038696326, 0.9940825), (0.05170964, -0.035559915, 0.9980288), (-0.008382549, -0.058212463, 0.998269), (-0.007461708, -0.028937822, 0.9995533), (0.029112613, -0.018094284, 0.9994123), (-0.008382549, -0.058212463, 0.998269), (-0.14055394, -0.043689694, 0.98910856), (-0.12385622, -0.05223983, 0.99092424), (-0.007461708, -0.028937822, 0.9995533), (-0.14055394, -0.043689694, 0.98910856), (-0.047524285, -0.02329537, 0.99859846), (-0.05178625, -0.036138758, 0.9980041), (-0.12385622, -0.05223983, 0.99092424), (-0.047524285, -0.02329537, 0.99859846), (0.0850562, -0.034400433, 0.99578214), (0.071722865, -0.010746844, 0.99736667), (-0.05178625, -0.036138758, 0.9980041), (0.0850562, -0.034400433, 0.99578214), (-0.016597863, -0.05144079, 0.99853814), (-0.01612537, -0.032620016, 0.99933773), (0.071722865, -0.010746844, 0.99736667), (-0.016597863, -0.05144079, 0.99853814), (-0.1272532, -0.047350008, 0.9907394), (-0.11972485, -0.056871857, 0.99117684), (-0.01612537, -0.032620016, 0.99933773), (-0.1272532, -0.047350008, 0.9907394), (-0.00048464697, -0.030591067, 0.99953187), (-0.0012466477, -0.029801577, 0.99955505), (-0.11972485, -0.056871857, 0.99117684), (-0.00048464697, -0.030591067, 0.99953187), (0.10119378, -0.030339042, 0.994404), (0.09821492, -0.005686575, 0.99514896), (-0.0012466477, -0.029801577, 0.99955505), (0.10119378, -0.030339042, 0.994404), (-0.029571014, -0.04379686, 0.99860275), (-0.032333847, -0.03623851, 0.99881995), (0.09821492, -0.005686575, 0.99514896), (-0.029571014, -0.04379686, 0.99860275), (-0.10374821, -0.051097747, 0.9932902), (-0.10579797, -0.055911988, 0.99281454), (-0.032333847, -0.03623851, 0.99881995), (-0.10374821, -0.051097747, 0.9932902), (0.04375615, -0.03640477, 0.9983788), (0.048801977, -0.02209309, 0.9985641), (-0.10579797, -0.055911988, 0.99281454), (0.04375615, -0.03640477, 0.9983788), (0.104123935, -0.02430242, 0.99426734), (0.1107491, -0.0046548145, 0.99383754), (0.048801977, -0.02209309, 0.9985641), (0.104123935, -0.02430242, 0.99426734), (-0.039533775, -0.035860494, 0.9985745), (-0.04779027, -0.03822079, 0.99812585), (0.1107491, -0.0046548145, 0.99383754), (-0.039533775, -0.035860494, 0.9985745), (-0.06891243, -0.054583002, 0.99612844), (-0.07928342, -0.049476508, 0.9956235), (-0.04779027, -0.03822079, 0.99812585), (-0.06891243, -0.054583002, 0.99612844), (0.083146796, -0.04089117, 0.995698), (0.09530704, -0.015550128, 0.99532646), (-0.07928342, -0.049476508, 0.9956235), (0.083146796, -0.04089117, 0.995698), (0.09864197, -0.016992567, 0.9949779), (0.11258529, -0.0074189827, 0.9936144), (0.09530704, -0.015550128, 0.99532646), (0.09864197, -0.016992567, 0.9949779), (-0.03994983, -0.027926834, 0.9988113), (-0.055012118, -0.03722095, 0.9977917), (0.11258529, -0.0074189827, 0.9936144), (-0.03994983, -0.027926834, 0.9988113), (-0.023376321, -0.05738446, 0.9980784), (-0.03959536, -0.0393572, 0.9984404), (-0.055012118, -0.03722095, 0.9977917), (-0.023376321, -0.05738446, 0.9980784), (0.11699073, -0.04396829, 0.99215925), (0.13630024, -0.011817873, 0.9905971), (-0.03959536, -0.0393572, 0.9984404), (0.11699073, -0.04396829, 0.99215925), (0.092176035, -0.008987447, 0.99570215), (0.110123344, -0.012077815, 0.99384457), (0.13630024, -0.011817873, 0.9905971), (0.092176035, -0.008987447, 0.99570215), (-0.023224067, -0.020279005, 0.99952453), (-0.045084823, -0.03285531, 0.99844277), (0.110123344, -0.012077815, 0.99384457), (-0.023224067, -0.020279005, 0.99952453), (0.033919953, -0.058657534, 0.9977017), (0.015056048, -0.028241692, 0.99948776), (-0.045084823, -0.03285531, 0.99844277), (0.033919953, -0.058657534, 0.9977017), (0.1499182, -0.044941265, 0.98767644), (0.17485893, -0.010919449, 0.9845329), (0.015056048, -0.028241692, 0.99948776), (0.1499182, -0.044941265, 0.98767644), (0.10017897, -0.0010684014, 0.9949689), (0.1182293, -0.015879676, 0.99285936), (0.17485893, -0.010919449, 0.9845329), (0.10017897, -0.0010684014, 0.9949689), (0.028771164, -0.013011589, 0.99950135), (0.0021510737, -0.02573576, 0.99966645), (0.1182293, -0.015879676, 0.99285936), (0.028771164, -0.013011589, 0.99950135), (0.12130935, -0.055631664, 0.9910546), (0.10355683, -0.018300565, 0.9944552), (0.0021510737, -0.02573576, 0.99966645), (0.12130935, -0.055631664, 0.9910546), (0.21965025, -0.041769814, 0.97468406), (0.2458626, -0.0107067665, 0.96924555), (0.10355683, -0.018300565, 0.9944552), (0.21965025, -0.041769814, 0.97468406), (0.21659574, 0.0046317372, 0.97625047), (0.2299999, -0.014873467, 0.973077), (0.2458626, -0.0107067665, 0.96924555), (0.21659574, 0.0046317372, 0.97625047), (0.5896127, 0.013454985, 0.80757403), (0.5576547, -0.011053258, 0.82999945), (0.2299999, -0.014873467, 0.973077), (0.5896127, 0.013454985, 0.80757403), (0.9623143, 0.0021507763, 0.2719314), (0.96202475, -0.0002302869, 0.27296218), (0.5576547, -0.011053258, 0.82999945), (-0.9619804, -0.005724577, 0.27305835), (-0.6327223, -0.020326762, 0.7741119), (-0.6029235, -0.035724822, 0.79699874), (-0.9644154, -0.012788125, 0.26408213), (-0.6327223, -0.020326762, 0.7741119), (-0.20389643, -0.02371648, 0.9787052), (-0.17414981, -0.010032879, 0.9846681), (-0.6029235, -0.035724822, 0.79699874), (-0.20389643, -0.02371648, 0.9787052), (-0.1000145, -0.02217543, 0.9947388), (-0.10903895, 0.01450991, 0.9939316), (-0.17414981, -0.010032879, 0.9846681), (-0.1000145, -0.02217543, 0.9947388), (-0.15493454, -0.032056563, 0.9874045), (-0.19432147, -0.031115973, 0.9804443), (-0.10903895, 0.01450991, 0.9939316), (-0.15493454, -0.032056563, 0.9874045), (-0.15989783, -0.03582617, 0.9864832), (-0.15072334, -0.05679535, 0.9869432), (-0.19432147, -0.031115973, 0.9804443), (-0.15989783, -0.03582617, 0.9864832), (-0.03659363, -0.02435992, 0.9990333), (-0.0041224775, -0.013674027, 0.999898), (-0.15072334, -0.05679535, 0.9869432), (-0.03659363, -0.02435992, 0.9990333), (-0.019173808, -0.025948415, 0.9994794), (-0.029748777, 0.0074649067, 0.99952954), (-0.0041224775, -0.013674027, 0.999898), (-0.019173808, -0.025948415, 0.9994794), (-0.12612319, -0.043413986, 0.99106413), (-0.15584771, -0.03633242, 0.9871127), (-0.029748777, 0.0074649067, 0.99952954), (-0.12612319, -0.043413986, 0.99106413), (-0.10150138, -0.038696326, 0.9940825), (-0.09025364, -0.050973378, 0.9946134), (-0.15584771, -0.03633242, 0.9871127), (-0.10150138, -0.038696326, 0.9940825), (0.029112613, -0.018094284, 0.9994123), (0.050400794, -0.013935936, 0.99863183), (-0.09025364, -0.050973378, 0.9946134), (0.029112613, -0.018094284, 0.9994123), (-0.007461708, -0.028937822, 0.9995533), (-0.016117442, -0.004392626, 0.9998605), (0.050400794, -0.013935936, 0.99863183), (-0.007461708, -0.028937822, 0.9995533), (-0.12385622, -0.05223983, 0.99092424), (-0.13940752, -0.036330517, 0.9895684), (-0.016117442, -0.004392626, 0.9998605), (-0.12385622, -0.05223983, 0.99092424), (-0.05178625, -0.036138758, 0.9980041), (-0.044740044, -0.03789619, 0.99827963), (-0.13940752, -0.036330517, 0.9895684), (-0.05178625, -0.036138758, 0.9980041), (0.071722865, -0.010746844, 0.99736667), (0.078851536, -0.016232658, 0.99675417), (-0.044740044, -0.03789619, 0.99827963), (0.071722865, -0.010746844, 0.99736667), (-0.01612537, -0.032620016, 0.99933773), (-0.01808784, -0.018399892, 0.99966705), (0.078851536, -0.016232658, 0.99675417), (-0.01612537, -0.032620016, 0.99933773), (-0.11972485, -0.056871857, 0.99117684), (-0.1205485, -0.030417373, 0.9922413), (-0.01808784, -0.018399892, 0.99966705), (-0.11972485, -0.056871857, 0.99117684), (-0.0012466477, -0.029801577, 0.99955505), (-0.0034774533, -0.021509584, 0.9997626), (-0.1205485, -0.030417373, 0.9922413), (-0.0012466477, -0.029801577, 0.99955505), (0.09821492, -0.005686575, 0.99514896), (0.091788135, -0.022041313, 0.9955346), (-0.0034774533, -0.021509584, 0.9997626), (0.09821492, -0.005686575, 0.99514896), (-0.032333847, -0.03623851, 0.99881995), (-0.024032034, -0.032042284, 0.99919754), (0.091788135, -0.022041313, 0.9955346), (-0.032333847, -0.03623851, 0.99881995), (-0.10579797, -0.055911988, 0.99281454), (-0.09381672, -0.018966654, 0.99540883), (-0.024032034, -0.032042284, 0.99919754), (-0.10579797, -0.055911988, 0.99281454), (0.048801977, -0.02209309, 0.9985641), (0.034475066, -0.0051368317, 0.9993924), (-0.09381672, -0.018966654, 0.99540883), (0.048801977, -0.02209309, 0.9985641), (0.1107491, -0.0046548145, 0.99383754), (0.09349605, -0.03125539, 0.9951289), (0.034475066, -0.0051368317, 0.9993924), (0.1107491, -0.0046548145, 0.99383754), (-0.04779027, -0.03822079, 0.99812585), (-0.027495943, -0.042770512, 0.9987065), (0.09349605, -0.03125539, 0.9951289), (-0.04779027, -0.03822079, 0.99812585), (-0.07928342, -0.049476508, 0.9956235), (-0.057910915, -0.0037251161, 0.99831474), (-0.027495943, -0.042770512, 0.9987065), (-0.07928342, -0.049476508, 0.9956235), (0.09530704, -0.015550128, 0.99532646), (0.068429, 0.008196228, 0.9976224), (-0.057910915, -0.0037251161, 0.99831474), (0.09530704, -0.015550128, 0.99532646), (0.11258529, -0.0074189827, 0.9936144), (0.08827285, -0.042274565, 0.9951988), (0.068429, 0.008196228, 0.9976224), (0.11258529, -0.0074189827, 0.9936144), (-0.055012118, -0.03722095, 0.9977917), (-0.022821637, -0.04838248, 0.9985682), (0.08827285, -0.042274565, 0.9951988), (-0.055012118, -0.03722095, 0.9977917), (-0.03959536, -0.0393572, 0.9984404), (-0.012767825, 0.012356462, 0.99984217), (-0.022821637, -0.04838248, 0.9985682), (-0.03959536, -0.0393572, 0.9984404), (0.13630024, -0.011817873, 0.9905971), (0.09839825, 0.01615572, 0.995016), (-0.012767825, 0.012356462, 0.99984217), (0.13630024, -0.011817873, 0.9905971), (0.110123344, -0.012077815, 0.99384457), (0.08277752, -0.05227256, 0.99519616), (0.09839825, 0.01615572, 0.995016), (0.110123344, -0.012077815, 0.99384457), (-0.045084823, -0.03285531, 0.99844277), (-0.00288199, -0.047613338, 0.99886173), (0.08277752, -0.05227256, 0.99519616), (-0.045084823, -0.03285531, 0.99844277), (0.015056048, -0.028241692, 0.99948776), (0.04341345, 0.025610806, 0.9987289), (-0.00288199, -0.047613338, 0.99886173), (0.015056048, -0.028241692, 0.99948776), (0.17485893, -0.010919449, 0.9845329), (0.12939937, 0.017867627, 0.9914316), (0.04341345, 0.025610806, 0.9987289), (0.17485893, -0.010919449, 0.9845329), (0.1182293, -0.015879676, 0.99285936), (0.09200215, -0.057440784, 0.99410063), (0.12939937, 0.017867627, 0.9914316), (0.1182293, -0.015879676, 0.99285936), (0.0021510737, -0.02573576, 0.99966645), (0.049849015, -0.040606603, 0.99793094), (0.09200215, -0.057440784, 0.99410063), (0.0021510737, -0.02573576, 0.99966645), (0.10355683, -0.018300565, 0.9944552), (0.12911853, 0.031762373, 0.99112034), (0.049849015, -0.040606603, 0.99793094), (0.10355683, -0.018300565, 0.9944552), (0.2458626, -0.0107067665, 0.96924555), (0.20055126, 0.015219731, 0.97956496), (0.12911853, 0.031762373, 0.99112034), (0.2458626, -0.0107067665, 0.96924555), (0.2299999, -0.014873467, 0.973077), (0.21034883, -0.049740076, 0.9763602), (0.20055126, 0.015219731, 0.97956496), (0.2299999, -0.014873467, 0.973077), (0.5576547, -0.011053258, 0.82999945), (0.5934042, -0.039248582, 0.8039472), (0.21034883, -0.049740076, 0.9763602), (0.5576547, -0.011053258, 0.82999945), (0.96202475, -0.0002302869, 0.27296218), (0.96258724, -0.0037157314, 0.27094638), (0.5934042, -0.039248582, 0.8039472), (-0.9644154, -0.012788125, 0.26408213), (-0.6029235, -0.035724822, 0.79699874), (-0.6063428, 0.036826864, 0.79435015), (-0.9646052, 0.011340936, 0.26345447), (-0.6029235, -0.035724822, 0.79699874), (-0.17414981, -0.010032879, 0.9846681), (-0.1992371, -0.009042543, 0.97990966), (-0.6063428, 0.036826864, 0.79435015), (-0.17414981, -0.010032879, 0.9846681), (-0.10903895, 0.01450991, 0.9939316), (-0.12750824, -0.07479533, 0.98901325), (-0.1992371, -0.009042543, 0.97990966), (-0.10903895, 0.01450991, 0.9939316), (-0.19432147, -0.031115973, 0.9804443), (-0.15953252, -0.017937, 0.9870297), (-0.12750824, -0.07479533, 0.98901325), (-0.19432147, -0.031115973, 0.9804443), (-0.15072334, -0.05679535, 0.9869432), (-0.13889644, 0.06153921, 0.98839307), (-0.15953252, -0.017937, 0.9870297), (-0.15072334, -0.05679535, 0.9869432), (-0.0041224775, -0.013674027, 0.999898), (-0.05662766, -0.008939431, 0.9983553), (-0.13889644, 0.06153921, 0.98839307), (-0.0041224775, -0.013674027, 0.999898), (-0.029748777, 0.0074649067, 0.99952954), (-0.04359904, -0.09728551, 0.994301), (-0.05662766, -0.008939431, 0.9983553), (-0.029748777, 0.0074649067, 0.99952954), (-0.15584771, -0.03633242, 0.9871127), (-0.092675366, -0.017279236, 0.99554646), (-0.04359904, -0.09728551, 0.994301), (-0.15584771, -0.03633242, 0.9871127), (-0.09025364, -0.050973378, 0.9946134), (-0.08522734, 0.07614017, 0.993448), (-0.092675366, -0.017279236, 0.99554646), (-0.09025364, -0.050973378, 0.9946134), (0.050400794, -0.013935936, 0.99863183), (-0.027372342, -0.014370005, 0.999522), (-0.08522734, 0.07614017, 0.993448), (0.050400794, -0.013935936, 0.99863183), (-0.016117442, -0.004392626, 0.9998605), (-0.018819978, -0.11086875, 0.9936568), (-0.027372342, -0.014370005, 0.999522), (-0.016117442, -0.004392626, 0.9998605), (-0.13940752, -0.036330517, 0.9895684), (-0.052018594, -0.011567185, 0.9985792), (-0.018819978, -0.11086875, 0.9936568), (-0.13940752, -0.036330517, 0.9895684), (-0.044740044, -0.03789619, 0.99827963), (-0.052015457, 0.08489919, 0.99503094), (-0.052018594, -0.011567185, 0.9985792), (-0.044740044, -0.03789619, 0.99827963), (0.078851536, -0.016232658, 0.99675417), (-0.01918628, -0.022356955, 0.9995659), (-0.052015457, 0.08489919, 0.99503094), (0.078851536, -0.016232658, 0.99675417), (-0.01808784, -0.018399892, 0.99966705), (-0.0051009483, -0.116869, 0.9931342), (-0.01918628, -0.022356955, 0.9995659), (-0.01808784, -0.018399892, 0.99966705), (-0.1205485, -0.030417373, 0.9922413), (-0.015599505, -0.0030480837, 0.99987364), (-0.0051009483, -0.116869, 0.9931342), (-0.1205485, -0.030417373, 0.9922413), (-0.0034774533, -0.021509584, 0.9997626), (-0.026578085, 0.08714442, 0.99584115), (-0.015599505, -0.0030480837, 0.99987364), (-0.0034774533, -0.021509584, 0.9997626), (0.091788135, -0.022041313, 0.9955346), (-0.019027306, -0.031534996, 0.9993216), (-0.026578085, 0.08714442, 0.99584115), (0.091788135, -0.022041313, 0.9955346), (-0.024032034, -0.032042284, 0.99919754), (0.0073673455, -0.11513476, 0.9933226), (-0.019027306, -0.031534996, 0.9993216), (-0.024032034, -0.032042284, 0.99919754), (-0.09381672, -0.018966654, 0.99540883), (0.019950481, 0.0064800642, 0.99977994), (0.0073673455, -0.11513476, 0.9933226), (-0.09381672, -0.018966654, 0.99540883), (0.034475066, -0.0051368317, 0.9993924), (-0.006283865, 0.08237293, 0.9965818), (0.019950481, 0.0064800642, 0.99977994), (0.034475066, -0.0051368317, 0.9993924), (0.09349605, -0.03125539, 0.9951289), (-0.020963116, -0.040077593, 0.9989767), (-0.006283865, 0.08237293, 0.9965818), (0.09349605, -0.03125539, 0.9951289), (-0.027495943, -0.042770512, 0.9987065), (0.022677442, -0.10596977, 0.99411076), (-0.020963116, -0.040077593, 0.9989767), (-0.027495943, -0.042770512, 0.9987065), (-0.057910915, -0.0037251161, 0.99831474), (0.05481893, 0.014948164, 0.9983844), (0.022677442, -0.10596977, 0.99411076), (-0.057910915, -0.0037251161, 0.99831474), (0.068429, 0.008196228, 0.9976224), (0.010505121, 0.07102708, 0.99741906), (0.05481893, 0.014948164, 0.9983844), (0.068429, 0.008196228, 0.9976224), (0.08827285, -0.042274565, 0.9951988), (-0.020058636, -0.045783512, 0.99875), (0.010505121, 0.07102708, 0.99741906), (0.08827285, -0.042274565, 0.9951988), (-0.022821637, -0.04838248, 0.9985682), (0.043346204, -0.090608075, 0.9949429), (-0.020058636, -0.045783512, 0.99875), (-0.022821637, -0.04838248, 0.9985682), (-0.012767825, 0.012356462, 0.99984217), (0.089013666, 0.02015933, 0.99582636), (0.043346204, -0.090608075, 0.9949429), (-0.012767825, 0.012356462, 0.99984217), (0.09839825, 0.01615572, 0.995016), (0.027065301, 0.054760125, 0.99813265), (0.089013666, 0.02015933, 0.99582636), (0.09839825, 0.01615572, 0.995016), (0.08277752, -0.05227256, 0.99519616), (-0.0101157585, -0.046504114, 0.99886686), (0.027065301, 0.054760125, 0.99813265), (0.08277752, -0.05227256, 0.99519616), (-0.00288199, -0.047613338, 0.99886173), (0.07275402, -0.071137495, 0.9948097), (-0.0101157585, -0.046504114, 0.99886686), (-0.00288199, -0.047613338, 0.99886173), (0.04341345, 0.025610806, 0.9987289), (0.12534143, 0.020294055, 0.99190605), (0.07275402, -0.071137495, 0.9948097), (0.04341345, 0.025610806, 0.9987289), (0.12939937, 0.017867627, 0.9914316), (0.052438922, 0.0362291, 0.99796677), (0.12534143, 0.020294055, 0.99190605), (0.12939937, 0.017867627, 0.9914316), (0.09200215, -0.057440784, 0.99410063), (0.022331296, -0.040607505, 0.9989256), (0.052438922, 0.0362291, 0.99796677), (0.09200215, -0.057440784, 0.99410063), (0.049849015, -0.040606603, 0.99793094), (0.123827495, -0.049977258, 0.9910444), (0.022331296, -0.040607505, 0.9989256), (0.049849015, -0.040606603, 0.99793094), (0.12911853, 0.031762373, 0.99112034), (0.18404348, 0.014473333, 0.98281157), (0.123827495, -0.049977258, 0.9910444), (0.12911853, 0.031762373, 0.99112034), (0.20055126, 0.015219731, 0.97956496), (0.132808, 0.018745614, 0.9909645), (0.18404348, 0.014473333, 0.98281157), (0.20055126, 0.015219731, 0.97956496), (0.21034883, -0.049740076, 0.9763602), (0.17036921, -0.025600435, 0.9850477), (0.132808, 0.018745614, 0.9909645), (0.21034883, -0.049740076, 0.9763602), (0.5934042, -0.039248582, 0.8039472), (0.5822617, -0.030351428, 0.8124347), (0.17036921, -0.025600435, 0.9850477), (0.5934042, -0.039248582, 0.8039472), (0.96258724, -0.0037157314, 0.27094638), (0.96373683, -0.0048695584, 0.2668101), (0.5822617, -0.030351428, 0.8124347), (-0.9646052, 0.011340936, 0.26345447), (-0.6063428, 0.036826864, 0.79435015), (-0.6438357, 0.014484731, 0.7650266), (-0.9622175, 0.0064811795, 0.27220497), (-0.6063428, 0.036826864, 0.79435015), (-0.1992371, -0.009042543, 0.97990966), (-0.27401766, -0.0065972162, 0.96170205), (-0.6438357, 0.014484731, 0.7650266), (-0.1992371, -0.009042543, 0.97990966), (-0.12750824, -0.07479533, 0.98901325), (-0.13174078, -0.02379958, 0.99099845), (-0.27401766, -0.0065972162, 0.96170205), (-0.12750824, -0.07479533, 0.98901325), (-0.15953252, -0.017937, 0.9870297), (-0.067962795, 0.002450057, 0.99768484), (-0.13174078, -0.02379958, 0.99099845), (-0.15953252, -0.017937, 0.9870297), (-0.13889644, 0.06153921, 0.98839307), (-0.13414593, 0.020032408, 0.9907591), (-0.067962795, 0.002450057, 0.99768484), (-0.13889644, 0.06153921, 0.98839307), (-0.05662766, -0.008939431, 0.9983553), (-0.15819742, -0.004495085, 0.98739725), (-0.13414593, 0.020032408, 0.9907591), (-0.05662766, -0.008939431, 0.9983553), (-0.04359904, -0.09728551, 0.994301), (-0.045236714, -0.021866014, 0.998737), (-0.15819742, -0.004495085, 0.98739725), (-0.04359904, -0.09728551, 0.994301), (-0.092675366, -0.017279236, 0.99554646), (0.0144613935, -0.002329756, 0.9998927), (-0.045236714, -0.021866014, 0.998737), (-0.092675366, -0.017279236, 0.99554646), (-0.08522734, 0.07614017, 0.993448), (-0.08477281, 0.01317865, 0.9963132), (0.0144613935, -0.002329756, 0.9998927), (-0.08522734, 0.07614017, 0.993448), (-0.027372342, -0.014370005, 0.999522), (-0.13722152, -0.0008806351, 0.99053997), (-0.08477281, 0.01317865, 0.9963132), (-0.027372342, -0.014370005, 0.999522), (-0.018819978, -0.11086875, 0.9936568), (-0.015105201, -0.015604468, 0.9997642), (-0.13722152, -0.0008806351, 0.99053997), (-0.018819978, -0.11086875, 0.9936568), (-0.052018594, -0.011567185, 0.9985792), (0.058475703, -0.009883498, 0.9982399), (-0.015105201, -0.015604468, 0.9997642), (-0.052018594, -0.011567185, 0.9985792), (-0.052015457, 0.08489919, 0.99503094), (-0.057445828, 0.0030641695, 0.9983439), (0.058475703, -0.009883498, 0.9982399), (-0.052015457, 0.08489919, 0.99503094), (-0.01918628, -0.022356955, 0.9995659), (-0.12768361, 0.005024255, 0.9918023), (-0.057445828, 0.0030641695, 0.9983439), (-0.01918628, -0.022356955, 0.9995659), (-0.0051009483, -0.116869, 0.9931342), (0.003965484, -0.008056387, 0.9999597), (-0.12768361, 0.005024255, 0.9918023), (-0.0051009483, -0.116869, 0.9931342), (-0.015599505, -0.0030480837, 0.99987364), (0.08946919, -0.020025237, 0.9957883), (0.003965484, -0.008056387, 0.9999597), (-0.015599505, -0.0030480837, 0.99987364), (-0.026578085, 0.08714442, 0.99584115), (-0.03738302, -0.007650034, 0.99927175), (0.08946919, -0.020025237, 0.9957883), (-0.026578085, 0.08714442, 0.99584115), (-0.019027306, -0.031534996, 0.9993216), (-0.1185794, 0.012687516, 0.9928635), (-0.03738302, -0.007650034, 0.99927175), (-0.019027306, -0.031534996, 0.9993216), (0.0073673455, -0.11513476, 0.9933226), (0.020075101, -0.0012827389, 0.99979764), (-0.1185794, 0.012687516, 0.9928635), (0.0073673455, -0.11513476, 0.9933226), (0.019950481, 0.0064800642, 0.99977994), (0.112777755, -0.03150716, 0.99312055), (0.020075101, -0.0012827389, 0.99979764), (0.019950481, 0.0064800642, 0.99977994), (-0.006283865, 0.08237293, 0.9965818), (-0.020030491, -0.016684746, 0.99966013), (0.112777755, -0.03150716, 0.99312055), (-0.006283865, 0.08237293, 0.9965818), (-0.020963116, -0.040077593, 0.9989767), (-0.105923966, 0.020951396, 0.9941535), (-0.020030491, -0.016684746, 0.99966013), (-0.020963116, -0.040077593, 0.9989767), (0.022677442, -0.10596977, 0.99411076), (0.035994425, 0.0031376926, 0.99934703), (-0.105923966, 0.020951396, 0.9941535), (0.022677442, -0.10596977, 0.99411076), (0.05481893, 0.014948164, 0.9983844), (0.13082546, -0.042450882, 0.99049616), (0.035994425, 0.0031376926, 0.99934703), (0.05481893, 0.014948164, 0.9983844), (0.010505121, 0.07102708, 0.99741906), (-0.0022814404, -0.02233321, 0.99974793), (0.13082546, -0.042450882, 0.99049616), (0.010505121, 0.07102708, 0.99741906), (-0.020058636, -0.045783512, 0.99875), (-0.087105535, 0.028297795, 0.99579716), (-0.0022814404, -0.02233321, 0.99974793), (-0.020058636, -0.045783512, 0.99875), (0.043346204, -0.090608075, 0.9949429), (0.05356355, 0.004376438, 0.9985549), (-0.087105535, 0.028297795, 0.99579716), (0.043346204, -0.090608075, 0.9949429), (0.089013666, 0.02015933, 0.99582636), (0.14620847, -0.050711863, 0.9879531), (0.05356355, 0.004376438, 0.9985549), (0.089013666, 0.02015933, 0.99582636), (0.027065301, 0.054760125, 0.99813265), (0.019735964, -0.023791136, 0.9995221), (0.14620847, -0.050711863, 0.9879531), (0.027065301, 0.054760125, 0.99813265), (-0.0101157585, -0.046504114, 0.99886686), (-0.058402456, 0.03313748, 0.997743), (0.019735964, -0.023791136, 0.9995221), (-0.0101157585, -0.046504114, 0.99886686), (0.07275402, -0.071137495, 0.9948097), (0.07636392, 0.002661113, 0.99707645), (-0.058402456, 0.03313748, 0.997743), (0.07275402, -0.071137495, 0.9948097), (0.12534143, 0.020294055, 0.99190605), (0.16432193, -0.05413853, 0.98492), (0.07636392, 0.002661113, 0.99707645), (0.12534143, 0.020294055, 0.99190605), (0.052438922, 0.0362291, 0.99796677), (0.054450687, -0.021364182, 0.99828786), (0.16432193, -0.05413853, 0.98492), (0.052438922, 0.0362291, 0.99796677), (0.022331296, -0.040607505, 0.9989256), (-0.008433123, 0.033966158, 0.9993874), (0.054450687, -0.021364182, 0.99828786), (0.022331296, -0.040607505, 0.9989256), (0.123827495, -0.049977258, 0.9910444), (0.11898891, -0.00044259094, 0.9928955), (-0.008433123, 0.033966158, 0.9993874), (0.123827495, -0.049977258, 0.9910444), (0.18404348, 0.014473333, 0.98281157), (0.20731443, -0.050143976, 0.9769883), (0.11898891, -0.00044259094, 0.9928955), (0.18404348, 0.014473333, 0.98281157), (0.132808, 0.018745614, 0.9909645), (0.14522012, -0.016708609, 0.9892582), (0.20731443, -0.050143976, 0.9769883), (0.132808, 0.018745614, 0.9909645), (0.17036921, -0.025600435, 0.9850477), (0.15641084, 0.02805706, 0.98729354), (0.14522012, -0.016708609, 0.9892582), (0.17036921, -0.025600435, 0.9850477), (0.5822617, -0.030351428, 0.8124347), (0.5996779, 0.014611569, 0.80010796), (0.15641084, 0.02805706, 0.98729354), (0.5822617, -0.030351428, 0.8124347), (0.96373683, -0.0048695584, 0.2668101), (0.9645779, -0.0016465886, 0.26379308), (0.5996779, 0.014611569, 0.80010796), (-0.9622175, 0.0064811795, 0.27220497), (-0.6438357, 0.014484731, 0.7650266), (-0.6293575, -0.000108684035, 0.7771158), (-0.9608475, 0.0030623716, 0.27706063), (-0.6438357, 0.014484731, 0.7650266), (-0.27401766, -0.0065972162, 0.96170205), (-0.28809935, -0.004756212, 0.9575887), (-0.6293575, -0.000108684035, 0.7771158), (-0.27401766, -0.0065972162, 0.96170205), (-0.13174078, -0.02379958, 0.99099845), (-0.111507714, 0.0059114695, 0.99374604), (-0.28809935, -0.004756212, 0.9575887), (-0.13174078, -0.02379958, 0.99099845), (-0.067962795, 0.002450057, 0.99768484), (-0.047428813, 0.015806064, 0.99874955), (-0.111507714, 0.0059114695, 0.99374604), (-0.067962795, 0.002450057, 0.99768484), (-0.13414593, 0.020032408, 0.9907591), (-0.15749538, 0.0064256485, 0.9874988), (-0.047428813, 0.015806064, 0.99874955), (-0.13414593, 0.020032408, 0.9907591), (-0.15819742, -0.004495085, 0.98739725), (-0.17138067, -0.000838149, 0.9852045), (-0.15749538, 0.0064256485, 0.9874988), (-0.15819742, -0.004495085, 0.98739725), (-0.045236714, -0.021866014, 0.998737), (-0.020714354, 0.005753587, 0.99976885), (-0.17138067, -0.000838149, 0.9852045), (-0.045236714, -0.021866014, 0.998737), (0.0144613935, -0.002329756, 0.9998927), (0.024993459, 0.010684195, 0.99963045), (-0.020714354, 0.005753587, 0.99976885), (0.0144613935, -0.002329756, 0.9998927), (-0.08477281, 0.01317865, 0.9963132), (-0.110153444, 0.00652413, 0.99389315), (0.024993459, 0.010684195, 0.99963045), (-0.08477281, 0.01317865, 0.9963132), (-0.13722152, -0.0008806351, 0.99053997), (-0.14107428, 0.0040063905, 0.9899909), (-0.110153444, 0.00652413, 0.99389315), (-0.13722152, -0.0008806351, 0.99053997), (-0.015105201, -0.015604468, 0.9997642), (0.007920098, 0.0041189636, 0.9999602), (-0.14107428, 0.0040063905, 0.9899909), (-0.015105201, -0.015604468, 0.9997642), (0.058475703, -0.009883498, 0.9982399), (0.057508472, 0.003642915, 0.99833834), (0.007920098, 0.0041189636, 0.9999602), (0.058475703, -0.009883498, 0.9982399), (-0.057445828, 0.0030641695, 0.9983439), (-0.07881781, 0.0055656545, 0.99687356), (0.057508472, 0.003642915, 0.99833834), (-0.057445828, 0.0030641695, 0.9983439), (-0.12768361, 0.005024255, 0.9918023), (-0.12122647, 0.0072434265, 0.9925984), (-0.07881781, 0.0055656545, 0.99687356), (-0.12768361, 0.005024255, 0.9918023), (0.003965484, -0.008056387, 0.9999597), (0.020680387, 0.001775044, 0.9997845), (-0.12122647, 0.0072434265, 0.9925984), (0.003965484, -0.008056387, 0.9999597), (0.08946919, -0.020025237, 0.9957883), (0.07817262, -0.0026604088, 0.9969362), (0.020680387, 0.001775044, 0.9997845), (0.08946919, -0.020025237, 0.9957883), (-0.03738302, -0.007650034, 0.99927175), (-0.04975583, 0.0032456259, 0.9987562), (0.07817262, -0.0026604088, 0.9969362), (-0.03738302, -0.007650034, 0.99927175), (-0.1185794, 0.012687516, 0.9928635), (-0.103139296, 0.0077270893, 0.9946369), (-0.04975583, 0.0032456259, 0.9987562), (-0.1185794, 0.012687516, 0.9928635), (0.020075101, -0.0012827389, 0.99979764), (0.0265091, -0.00013892828, 0.9996486), (-0.103139296, 0.0077270893, 0.9946369), (0.020075101, -0.0012827389, 0.99979764), (0.112777755, -0.03150716, 0.99312055), (0.09388843, -0.006890219, 0.995559), (0.0265091, -0.00013892828, 0.9996486), (0.112777755, -0.03150716, 0.99312055), (-0.020030491, -0.016684746, 0.99966013), (-0.019826032, -0.0006912445, 0.9998032), (0.09388843, -0.006890219, 0.995559), (-0.020030491, -0.016684746, 0.99966013), (-0.105923966, 0.020951396, 0.9941535), (-0.08429542, 0.005640011, 0.99642485), (-0.019826032, -0.0006912445, 0.9998032), (-0.105923966, 0.020951396, 0.9941535), (0.035994425, 0.0031376926, 0.99934703), (0.029584307, -0.00084010814, 0.99956197), (-0.08429542, 0.005640011, 0.99642485), (0.035994425, 0.0031376926, 0.99934703), (0.13082546, -0.042450882, 0.99049616), (0.10802492, -0.008946949, 0.99410796), (0.029584307, -0.00084010814, 0.99956197), (0.13082546, -0.042450882, 0.99049616), (-0.0022814404, -0.02233321, 0.99974793), (0.012081688, -0.005766796, 0.9999104), (0.10802492, -0.008946949, 0.99410796), (-0.0022814404, -0.02233321, 0.99974793), (-0.087105535, 0.028297795, 0.99579716), (-0.06296455, 0.0021850378, 0.99801344), (0.012081688, -0.005766796, 0.9999104), (-0.087105535, 0.028297795, 0.99579716), (0.05356355, 0.004376438, 0.9985549), (0.0337081, -0.00034381534, 0.99943167), (-0.06296455, 0.0021850378, 0.99801344), (0.05356355, 0.004376438, 0.9985549), (0.14620847, -0.050711863, 0.9879531), (0.12354784, -0.009509947, 0.99229306), (0.0337081, -0.00034381534, 0.99943167), (0.14620847, -0.050711863, 0.9879531), (0.019735964, -0.023791136, 0.9995221), (0.04739359, -0.010605086, 0.99881995), (0.12354784, -0.009509947, 0.99229306), (0.019735964, -0.023791136, 0.9995221), (-0.058402456, 0.03313748, 0.997743), (-0.03568617, -0.0011213674, 0.9993624), (0.04739359, -0.010605086, 0.99881995), (-0.058402456, 0.03313748, 0.997743), (0.07636392, 0.002661113, 0.99707645), (0.044921037, 0.0005508582, 0.9989904), (-0.03568617, -0.0011213674, 0.9993624), (0.07636392, 0.002661113, 0.99707645), (0.16432193, -0.05413853, 0.98492), (0.14566724, -0.009288453, 0.98929006), (0.044921037, 0.0005508582, 0.9989904), (0.16432193, -0.05413853, 0.98492), (0.054450687, -0.021364182, 0.99828786), (0.09176491, -0.013314423, 0.9956917), (0.14566724, -0.009288453, 0.98929006), (0.054450687, -0.021364182, 0.99828786), (-0.008433123, 0.033966158, 0.9993874), (0.009394394, -0.0031466368, 0.9999509), (0.09176491, -0.013314423, 0.9956917), (-0.008433123, 0.033966158, 0.9993874), (0.11898891, -0.00044259094, 0.9928955), (0.081116065, 0.00075430004, 0.9967044), (0.009394394, -0.0031466368, 0.9999509), (0.11898891, -0.00044259094, 0.9928955), (0.20731443, -0.050143976, 0.9769883), (0.19584875, -0.008281552, 0.98059916), (0.081116065, 0.00075430004, 0.9967044), (0.20731443, -0.050143976, 0.9769883), (0.14522012, -0.016708609, 0.9892582), (0.1844456, -0.012055077, 0.98276883), (0.19584875, -0.008281552, 0.98059916), (0.14522012, -0.016708609, 0.9892582), (0.15641084, 0.02805706, 0.98729354), (0.16893604, -0.003515708, 0.98562074), (0.1844456, -0.012055077, 0.98276883), (0.15641084, 0.02805706, 0.98729354), (0.5996779, 0.014611569, 0.80010796), (0.56973624, -0.00019958422, 0.8218276), (0.16893604, -0.003515708, 0.98562074), (0.5996779, 0.014611569, 0.80010796), (0.9645779, -0.0016465886, 0.26379308), (0.9650019, -0.0016998939, 0.2622372), (0.56973624, -0.00019958422, 0.8218276), (-0.9608475, 0.0030623716, 0.27706063), (-0.6293575, -0.000108684035, 0.7771158), (-0.642952, 0.00078639353, 0.76590604), (-0.9607455, -0.002151053, 0.27742273), (-0.6293575, -0.000108684035, 0.7771158), (-0.28809935, -0.004756212, 0.9575887), (-0.27016976, 0.022734636, 0.96254426), (-0.642952, 0.00078639353, 0.76590604), (-0.28809935, -0.004756212, 0.9575887), (-0.111507714, 0.0059114695, 0.99374604), (-0.10750014, 0.022973677, 0.99393964), (-0.27016976, 0.022734636, 0.96254426), (-0.111507714, 0.0059114695, 0.99374604), (-0.047428813, 0.015806064, 0.99874955), (-0.063912906, -0.003381331, 0.9979498), (-0.10750014, 0.022973677, 0.99393964), (-0.047428813, 0.015806064, 0.99874955), (-0.15749538, 0.0064256485, 0.9874988), (-0.15781859, -0.0005109054, 0.987468), (-0.063912906, -0.003381331, 0.9979498), (-0.15749538, 0.0064256485, 0.9874988), (-0.17138067, -0.000838149, 0.9852045), (-0.1541911, 0.022649422, 0.98778147), (-0.15781859, -0.0005109054, 0.987468), (-0.17138067, -0.000838149, 0.9852045), (-0.020714354, 0.005753587, 0.99976885), (-0.012148574, 0.016160382, 0.9997956), (-0.1541911, 0.022649422, 0.98778147), (-0.020714354, 0.005753587, 0.99976885), (0.024993459, 0.010684195, 0.99963045), (0.011484955, 0.0014527456, 0.999933), (-0.012148574, 0.016160382, 0.9997956), (0.024993459, 0.010684195, 0.99963045), (-0.110153444, 0.00652413, 0.99389315), (-0.119015366, 0.009562203, 0.9928463), (0.011484955, 0.0014527456, 0.999933), (-0.110153444, 0.00652413, 0.99389315), (-0.14107428, 0.0040063905, 0.9899909), (-0.12844023, 0.016782973, 0.9915752), (-0.119015366, 0.009562203, 0.9928463), (-0.14107428, 0.0040063905, 0.9899909), (0.007920098, 0.0041189636, 0.9999602), (0.024415951, 0.0070477477, 0.9996771), (-0.12844023, 0.016782973, 0.9915752), (0.007920098, 0.0041189636, 0.9999602), (0.057508472, 0.003642915, 0.99833834), (0.048777282, 0.008336283, 0.9987749), (0.024415951, 0.0070477477, 0.9996771), (0.057508472, 0.003642915, 0.99833834), (-0.07881781, 0.0055656545, 0.99687356), (-0.098027065, 0.017237693, 0.9950344), (0.048777282, 0.008336283, 0.9987749), (-0.07881781, 0.0055656545, 0.99687356), (-0.12122647, 0.0072434265, 0.9925984), (-0.113857165, 0.007143606, 0.9934714), (-0.098027065, 0.017237693, 0.9950344), (-0.12122647, 0.0072434265, 0.9925984), (0.020680387, 0.001775044, 0.9997845), (0.04674083, -0.00071881816, 0.99890673), (-0.113857165, 0.007143606, 0.9934714), (0.020680387, 0.001775044, 0.9997845), (0.07817262, -0.0026604088, 0.9969362), (0.07421458, 0.016563483, 0.9971047), (0.04674083, -0.00071881816, 0.99890673), (0.07817262, -0.0026604088, 0.9969362), (-0.04975583, 0.0032456259, 0.9987562), (-0.0802182, 0.02117596, 0.9965524), (0.07421458, 0.016563483, 0.9971047), (-0.04975583, 0.0032456259, 0.9987562), (-0.103139296, 0.0077270893, 0.9946369), (-0.10067508, -0.0045842538, 0.9949088), (-0.0802182, 0.02117596, 0.9965524), (-0.103139296, 0.0077270893, 0.9946369), (0.0265091, -0.00013892828, 0.9996486), (0.06282185, -0.005956887, 0.99800694), (-0.10067508, -0.0045842538, 0.9949088), (0.0265091, -0.00013892828, 0.9996486), (0.09388843, -0.006890219, 0.995559), (0.09377572, 0.02532562, 0.9952712), (0.06282185, -0.005956887, 0.99800694), (0.09388843, -0.006890219, 0.995559), (-0.019826032, -0.0006912445, 0.9998032), (-0.06122447, 0.021289878, 0.99789697), (0.09377572, 0.02532562, 0.9952712), (-0.019826032, -0.0006912445, 0.9998032), (-0.08429542, 0.005640011, 0.99642485), (-0.08537879, -0.017058471, 0.9962025), (-0.06122447, 0.021289878, 0.99789697), (-0.08429542, 0.005640011, 0.99642485), (0.029584307, -0.00084010814, 0.99956197), (0.075646564, -0.008333906, 0.9970998), (-0.08537879, -0.017058471, 0.9962025), (0.029584307, -0.00084010814, 0.99956197), (0.10802492, -0.008946949, 0.99410796), (0.11010648, 0.03394789, 0.99333984), (0.075646564, -0.008333906, 0.9970998), (0.10802492, -0.008946949, 0.99410796), (0.012081688, -0.005766796, 0.9999104), (-0.03840536, 0.01826143, 0.9990953), (0.11010648, 0.03394789, 0.99333984), (0.012081688, -0.005766796, 0.9999104), (-0.06296455, 0.0021850378, 0.99801344), (-0.06534105, -0.029164415, 0.9974367), (-0.03840536, 0.01826143, 0.9990953), (-0.06296455, 0.0021850378, 0.99801344), (0.0337081, -0.00034381534, 0.99943167), (0.08750498, -0.007995254, 0.996132), (-0.06534105, -0.029164415, 0.9974367), (0.0337081, -0.00034381534, 0.99943167), (0.12354784, -0.009509947, 0.99229306), (0.1257264, 0.041716225, 0.9911875), (0.08750498, -0.007995254, 0.996132), (0.12354784, -0.009509947, 0.99229306), (0.04739359, -0.010605086, 0.99881995), (-0.008594755, 0.013230984, 0.99987555), (0.1257264, 0.041716225, 0.9911875), (0.04739359, -0.010605086, 0.99881995), (-0.03568617, -0.0011213674, 0.9993624), (-0.03661937, -0.039632387, 0.998543), (-0.008594755, 0.013230984, 0.99987555), (-0.03568617, -0.0011213674, 0.9993624), (0.044921037, 0.0005508582, 0.9989904), (0.10271219, -0.00549252, 0.994696), (-0.03661937, -0.039632387, 0.998543), (0.044921037, 0.0005508582, 0.9989904), (0.14566724, -0.009288453, 0.98929006), (0.14598753, 0.047431428, 0.98814875), (0.10271219, -0.00549252, 0.994696), (0.14566724, -0.009288453, 0.98929006), (0.09176491, -0.013314423, 0.9956917), (0.03584873, 0.007595048, 0.9993283), (0.14598753, 0.047431428, 0.98814875), (0.09176491, -0.013314423, 0.9956917), (0.009394394, -0.0031466368, 0.9999509), (0.012307742, -0.046390124, 0.99884754), (0.03584873, 0.007595048, 0.9993283), (0.009394394, -0.0031466368, 0.9999509), (0.081116065, 0.00075430004, 0.9967044), (0.13705704, -0.0020404381, 0.990561), (0.012307742, -0.046390124, 0.99884754), (0.081116065, 0.00075430004, 0.9967044), (0.19584875, -0.008281552, 0.98059916), (0.19389287, 0.04832162, 0.97983193), (0.13705704, -0.0020404381, 0.990561), (0.19584875, -0.008281552, 0.98059916), (0.1844456, -0.012055077, 0.98276883), (0.13821189, 0.003826403, 0.9903953), (0.19389287, 0.04832162, 0.97983193), (0.1844456, -0.012055077, 0.98276883), (0.16893604, -0.003515708, 0.98562074), (0.17522071, -0.0440314, 0.98354405), (0.13821189, 0.003826403, 0.9903953), (0.16893604, -0.003515708, 0.98562074), (0.56973624, -0.00019958422, 0.8218276), (0.6143566, -0.023478363, 0.7886791), (0.17522071, -0.0440314, 0.98354405), (0.56973624, -0.00019958422, 0.8218276), (0.9650019, -0.0016998939, 0.2622372), (0.96534103, -0.00087207, 0.26099026), (0.6143566, -0.023478363, 0.7886791), (-0.9607455, -0.002151053, 0.27742273), (-0.642952, 0.00078639353, 0.76590604), (-0.6046237, -0.037884578, 0.7956098), (-0.9625212, -0.011325413, 0.27096996), (-0.642952, 0.00078639353, 0.76590604), (-0.27016976, 0.022734636, 0.96254426), (-0.20545359, 0.0023646173, 0.978664), (-0.6046237, -0.037884578, 0.7956098), (-0.27016976, 0.022734636, 0.96254426), (-0.10750014, 0.022973677, 0.99393964), (-0.10882983, 0.06896138, 0.9916655), (-0.20545359, 0.0023646173, 0.978664), (-0.10750014, 0.022973677, 0.99393964), (-0.063912906, -0.003381331, 0.9979498), (-0.14001495, 0.017969701, 0.9899863), (-0.10882983, 0.06896138, 0.9916655), (-0.063912906, -0.003381331, 0.9979498), (-0.15781859, -0.0005109054, 0.987468), (-0.15512152, -0.05525148, 0.9863491), (-0.14001495, 0.017969701, 0.9899863), (-0.15781859, -0.0005109054, 0.987468), (-0.1541911, 0.022649422, 0.98778147), (-0.073337816, 0.007689998, 0.9972775), (-0.15512152, -0.05525148, 0.9863491), (-0.1541911, 0.022649422, 0.98778147), (-0.012148574, 0.016160382, 0.9997956), (-0.016676648, 0.08632583, 0.99612737), (-0.073337816, 0.007689998, 0.9972775), (-0.012148574, 0.016160382, 0.9997956), (0.011484955, 0.0014527456, 0.999933), (-0.07049371, 0.012132948, 0.99743843), (-0.016676648, 0.08632583, 0.99612737), (0.011484955, 0.0014527456, 0.999933), (-0.119015366, 0.009562203, 0.9928463), (-0.11424393, -0.06421976, 0.9913749), (-0.07049371, 0.012132948, 0.99743843), (-0.119015366, 0.009562203, 0.9928463), (-0.12844023, 0.016782973, 0.9915752), (-0.04811868, 0.018867096, 0.9986635), (-0.11424393, -0.06421976, 0.9913749), (-0.12844023, 0.016782973, 0.9915752), (0.024415951, 0.0070477477, 0.9996771), (0.018772801, 0.09384784, 0.99540955), (-0.04811868, 0.018867096, 0.9986635), (0.024415951, 0.0070477477, 0.9996771), (0.048777282, 0.008336283, 0.9987749), (-0.02935627, 0.0026500109, 0.9995655), (0.018772801, 0.09384784, 0.99540955), (0.048777282, 0.008336283, 0.9987749), (-0.098027065, 0.017237693, 0.9950344), (-0.09345397, -0.06613637, 0.99342453), (-0.02935627, 0.0026500109, 0.9995655), (-0.098027065, 0.017237693, 0.9950344), (-0.113857165, 0.007143606, 0.9934714), (-0.040298916, 0.030377526, 0.9987258), (-0.09345397, -0.06613637, 0.99342453), (-0.113857165, 0.007143606, 0.9934714), (0.04674083, -0.00071881816, 0.99890673), (0.043267403, 0.093441635, 0.9946841), (-0.040298916, 0.030377526, 0.9987258), (0.04674083, -0.00071881816, 0.99890673), (0.07421458, 0.016563483, 0.9971047), (0.0049249153, -0.0064564166, 0.999967), (0.043267403, 0.093441635, 0.9946841), (0.07421458, 0.016563483, 0.9971047), (-0.0802182, 0.02117596, 0.9965524), (-0.078997105, -0.061637297, 0.9949675), (0.0049249153, -0.0064564166, 0.999967), (-0.0802182, 0.02117596, 0.9965524), (-0.10067508, -0.0045842538, 0.9949088), (-0.037293244, 0.039461587, 0.9985249), (-0.078997105, -0.061637297, 0.9949675), (-0.10067508, -0.0045842538, 0.9949088), (0.06282185, -0.005956887, 0.99800694), (0.06466243, 0.08653053, 0.99414843), (-0.037293244, 0.039461587, 0.9985249), (0.06282185, -0.005956887, 0.99800694), (0.09377572, 0.02532562, 0.9952712), (0.03601882, -0.012867961, 0.99926823), (0.06466243, 0.08653053, 0.99414843), (0.09377572, 0.02532562, 0.9952712), (-0.06122447, 0.021289878, 0.99789697), (-0.06647539, -0.052029602, 0.9964306), (0.03601882, -0.012867961, 0.99926823), (-0.06122447, 0.021289878, 0.99789697), (-0.08537879, -0.017058471, 0.9962025), (-0.03383916, 0.044271927, 0.99844617), (-0.06647539, -0.052029602, 0.9964306), (-0.08537879, -0.017058471, 0.9962025), (0.075646564, -0.008333906, 0.9970998), (0.08528941, 0.07494616, 0.99353355), (-0.03383916, 0.044271927, 0.99844617), (0.075646564, -0.008333906, 0.9970998), (0.11010648, 0.03394789, 0.99333984), (0.064920664, -0.015312594, 0.99777293), (0.08528941, 0.07494616, 0.99353355), (0.11010648, 0.03394789, 0.99333984), (-0.03840536, 0.01826143, 0.9990953), (-0.052656166, -0.039123934, 0.997846), (0.064920664, -0.015312594, 0.99777293), (-0.03840536, 0.01826143, 0.9990953), (-0.06534105, -0.029164415, 0.9974367), (-0.026099803, 0.0439477, 0.99869287), (-0.052656166, -0.039123934, 0.997846), (-0.06534105, -0.029164415, 0.9974367), (0.08750498, -0.007995254, 0.996132), (0.10650507, 0.060574688, 0.9924653), (-0.026099803, 0.0439477, 0.99869287), (0.08750498, -0.007995254, 0.996132), (0.1257264, 0.041716225, 0.9911875), (0.09290507, -0.013495042, 0.9955835), (0.10650507, 0.060574688, 0.9924653), (0.1257264, 0.041716225, 0.9911875), (-0.008594755, 0.013230984, 0.99987555), (-0.03327375, -0.024860714, 0.99913704), (0.09290507, -0.013495042, 0.9955835), (-0.008594755, 0.013230984, 0.99987555), (-0.03661937, -0.039632387, 0.998543), (-0.00929031, 0.03860237, 0.99921143), (-0.03327375, -0.024860714, 0.99913704), (-0.03661937, -0.039632387, 0.998543), (0.10271219, -0.00549252, 0.994696), (0.1312887, 0.045026034, 0.9903211), (-0.00929031, 0.03860237, 0.99921143), (0.10271219, -0.00549252, 0.994696), (0.14598753, 0.047431428, 0.98814875), (0.12440941, -0.008047357, 0.99219835), (0.1312887, 0.045026034, 0.9903211), (0.14598753, 0.047431428, 0.98814875), (0.03584873, 0.007595048, 0.9993283), (0.0012278302, -0.011132464, 0.9999373), (0.12440941, -0.008047357, 0.99219835), (0.03584873, 0.007595048, 0.9993283), (0.012307742, -0.046390124, 0.99884754), (0.028711613, 0.029073782, 0.9991649), (0.0012278302, -0.011132464, 0.9999373), (0.012307742, -0.046390124, 0.99884754), (0.13705704, -0.0020404381, 0.990561), (0.17274687, 0.029480731, 0.98452497), (0.028711613, 0.029073782, 0.9991649), (0.13705704, -0.0020404381, 0.990561), (0.19389287, 0.04832162, 0.97983193), (0.18195659, -0.0005629196, 0.9833064), (0.17274687, 0.029480731, 0.98452497), (0.19389287, 0.04832162, 0.97983193), (0.13821189, 0.003826403, 0.9903953), (0.09925025, -0.00014309367, 0.9950625), (0.18195659, -0.0005629196, 0.9833064), (0.13821189, 0.003826403, 0.9903953), (0.17522071, -0.0440314, 0.98354405), (0.18068199, 0.015893118, 0.98341316), (0.09925025, -0.00014309367, 0.9950625), (0.17522071, -0.0440314, 0.98354405), (0.6143566, -0.023478363, 0.7886791), (0.6090969, 0.013438336, 0.7929819), (0.18068199, 0.015893118, 0.98341316), (0.6143566, -0.023478363, 0.7886791), (0.96534103, -0.00087207, 0.26099026), (0.9652152, 0.0019629213, 0.26144925), (0.6090969, 0.013438336, 0.7929819), (-0.9625212, -0.011325413, 0.27096996), (-0.6046237, -0.037884578, 0.7956098), (-0.5996991, 0.021434492, 0.79993844), (-0.9637338, 0.0024996167, 0.26685366), (-0.6046237, -0.037884578, 0.7956098), (-0.20545359, 0.0023646173, 0.978664), (-0.16525865, 0.024233157, 0.98595244), (-0.5996991, 0.021434492, 0.79993844), (-0.20545359, 0.0023646173, 0.978664), (-0.10882983, 0.06896138, 0.9916655), (-0.10577958, 0.001609093, 0.99438834), (-0.16525865, 0.024233157, 0.98595244), (-0.10882983, 0.06896138, 0.9916655), (-0.14001495, 0.017969701, 0.9899863), (-0.18963373, -0.0006996451, 0.9818547), (-0.10577958, 0.001609093, 0.99438834), (-0.14001495, 0.017969701, 0.9899863), (-0.15512152, -0.05525148, 0.9863491), (-0.15849692, 0.020835139, 0.9871396), (-0.18963373, -0.0006996451, 0.9818547), (-0.15512152, -0.05525148, 0.9863491), (-0.073337816, 0.007689998, 0.9972775), (-0.010667544, 0.023044793, 0.99967754), (-0.15849692, 0.020835139, 0.9871396), (-0.073337816, 0.007689998, 0.9972775), (-0.016676648, 0.08632583, 0.99612737), (-0.009940361, 0.011211977, 0.9998877), (-0.010667544, 0.023044793, 0.99967754), (-0.016676648, 0.08632583, 0.99612737), (-0.07049371, 0.012132948, 0.99743843), (-0.1408922, 0.010597527, 0.98996824), (-0.009940361, 0.011211977, 0.9998877), (-0.07049371, 0.012132948, 0.99743843), (-0.11424393, -0.06421976, 0.9913749), (-0.11971629, 0.014063757, 0.9927085), (-0.1408922, 0.010597527, 0.98996824), (-0.11424393, -0.06421976, 0.9913749), (-0.04811868, 0.018867096, 0.9986635), (0.03298523, 0.016572295, 0.9993184), (-0.11971629, 0.014063757, 0.9927085), (-0.04811868, 0.018867096, 0.9986635), (0.018772801, 0.09384784, 0.99540955), (0.02541497, 0.025362378, 0.99935526), (0.03298523, 0.016572295, 0.9993184), (0.018772801, 0.09384784, 0.99540955), (-0.02935627, 0.0026500109, 0.9995655), (-0.11764554, 0.022472277, 0.9928013), (0.02541497, 0.025362378, 0.99935526), (-0.02935627, 0.0026500109, 0.9995655), (-0.09345397, -0.06613637, 0.99342453), (-0.09746791, 0.0026960436, 0.995235), (-0.11764554, 0.022472277, 0.9928013), (-0.09345397, -0.06613637, 0.99342453), (-0.040298916, 0.030377526, 0.9987258), (0.056115318, 0.010582716, 0.9983682), (-0.09746791, 0.0026960436, 0.995235), (-0.040298916, 0.030377526, 0.9987258), (0.043267403, 0.093441635, 0.9946841), (0.04619459, 0.042955756, 0.99800843), (0.056115318, 0.010582716, 0.9983682), (0.043267403, 0.093441635, 0.9946841), (0.0049249153, -0.0064564166, 0.999967), (-0.09721433, 0.03234645, 0.9947377), (0.04619459, 0.042955756, 0.99800843), (0.0049249153, -0.0064564166, 0.999967), (-0.078997105, -0.061637297, 0.9949675), (-0.07858889, -0.0110284975, 0.9968461), (-0.09721433, 0.03234645, 0.9947377), (-0.078997105, -0.061637297, 0.9949675), (-0.037293244, 0.039461587, 0.9985249), (0.069654495, 0.007119466, 0.99754584), (-0.07858889, -0.0110284975, 0.9968461), (-0.037293244, 0.039461587, 0.9985249), (0.06466243, 0.08653053, 0.99414843), (0.061559536, 0.061501287, 0.99620676), (0.069654495, 0.007119466, 0.99754584), (0.06466243, 0.08653053, 0.99414843), (0.03601882, -0.012867961, 0.99926823), (-0.07415221, 0.038641132, 0.99649805), (0.061559536, 0.061501287, 0.99620676), (0.03601882, -0.012867961, 0.99926823), (-0.06647539, -0.052029602, 0.9964306), (-0.060106132, -0.024703123, 0.9978862), (-0.07415221, 0.038641132, 0.99649805), (-0.06647539, -0.052029602, 0.9964306), (-0.03383916, 0.044271927, 0.99844617), (0.07735593, 0.0069066416, 0.9969796), (-0.060106132, -0.024703123, 0.9978862), (-0.03383916, 0.044271927, 0.99844617), (0.08528941, 0.07494616, 0.99353355), (0.07576399, 0.077986114, 0.9940714), (0.07735593, 0.0069066416, 0.9969796), (0.08528941, 0.07494616, 0.99353355), (0.064920664, -0.015312594, 0.99777293), (-0.046253487, 0.040720556, 0.99809945), (0.07576399, 0.077986114, 0.9940714), (0.064920664, -0.015312594, 0.99777293), (-0.052656166, -0.039123934, 0.997846), (-0.040618274, -0.035976302, 0.9985268), (-0.046253487, 0.040720556, 0.99809945), (-0.052656166, -0.039123934, 0.997846), (-0.026099803, 0.0439477, 0.99869287), (0.0823105, 0.009567966, 0.9965608), (-0.040618274, -0.035976302, 0.9985268), (-0.026099803, 0.0439477, 0.99869287), (0.10650507, 0.060574688, 0.9924653), (0.09209687, 0.08939632, 0.9917291), (0.0823105, 0.009567966, 0.9965608), (0.10650507, 0.060574688, 0.9924653), (0.09290507, -0.013495042, 0.9955835), (-0.011976462, 0.038812317, 0.9991748), (0.09209687, 0.08939632, 0.9917291), (0.09290507, -0.013495042, 0.9955835), (-0.03327375, -0.024860714, 0.99913704), (-0.017622553, -0.042861726, 0.9989255), (-0.011976462, 0.038812317, 0.9991748), (-0.03327375, -0.024860714, 0.99913704), (-0.00929031, 0.03860237, 0.99921143), (0.089418165, 0.013802267, 0.9958986), (-0.017622553, -0.042861726, 0.9989255), (-0.00929031, 0.03860237, 0.99921143), (0.1312887, 0.045026034, 0.9903211), (0.114989184, 0.09307217, 0.988997), (0.089418165, 0.013802267, 0.9958986), (0.1312887, 0.045026034, 0.9903211), (0.12440941, -0.008047357, 0.99219835), (0.032607332, 0.033763297, 0.9988978), (0.114989184, 0.09307217, 0.988997), (0.12440941, -0.008047357, 0.99219835), (0.0012278302, -0.011132464, 0.9999373), (0.017060157, -0.04394725, 0.9988882), (0.032607332, 0.033763297, 0.9988978), (0.0012278302, -0.011132464, 0.9999373), (0.028711613, 0.029073782, 0.9991649), (0.11112246, 0.017396964, 0.99365443), (0.017060157, -0.04394725, 0.9988882), (0.028711613, 0.029073782, 0.9991649), (0.17274687, 0.029480731, 0.98452497), (0.15832688, 0.086368494, 0.9836021), (0.11112246, 0.017396964, 0.99365443), (0.17274687, 0.029480731, 0.98452497), (0.18195659, -0.0005629196, 0.9833064), (0.11008857, 0.026904114, 0.9935576), (0.15832688, 0.086368494, 0.9836021), (0.18195659, -0.0005629196, 0.9833064), (0.09925025, -0.00014309367, 0.9950625), (0.11006234, -0.037867885, 0.9932031), (0.11008857, 0.026904114, 0.9935576), (0.09925025, -0.00014309367, 0.9950625), (0.18068199, 0.015893118, 0.98341316), (0.23563172, 0.0138688935, 0.97174346), (0.11006234, -0.037867885, 0.9932031), (0.18068199, 0.015893118, 0.98341316), (0.6090969, 0.013438336, 0.7929819), (0.62572557, 0.05015945, 0.77842885), (0.23563172, 0.0138688935, 0.97174346), (0.6090969, 0.013438336, 0.7929819), (0.9652152, 0.0019629213, 0.26144925), (0.9625642, 0.016602999, 0.27054483), (0.62572557, 0.05015945, 0.77842885), (-0.9637338, 0.0024996167, 0.26685366), (-0.5996991, 0.021434492, 0.79993844), (-0.600975, 0.0074295066, 0.7992333), (-0.96392155, -0.0037574668, 0.26615983), (-0.5996991, 0.021434492, 0.79993844), (-0.16525865, 0.024233157, 0.98595244), (-0.16681202, 0.039231762, 0.9852079), (-0.600975, 0.0074295066, 0.7992333), (-0.16525865, 0.024233157, 0.98595244), (-0.10577958, 0.001609093, 0.99438834), (-0.14318503, 0.028442385, 0.9892872), (-0.16681202, 0.039231762, 0.9852079), (-0.10577958, 0.001609093, 0.99438834), (-0.18963373, -0.0006996451, 0.9818547), (-0.1933268, -0.015511023, 0.98101187), (-0.14318503, 0.028442385, 0.9892872), (-0.18963373, -0.0006996451, 0.9818547), (-0.15849692, 0.020835139, 0.9871396), (-0.12433067, 0.0032811302, 0.9922354), (-0.1933268, -0.015511023, 0.98101187), (-0.15849692, 0.020835139, 0.9871396), (-0.010667544, 0.023044793, 0.99967754), (-0.008206532, 0.05871223, 0.99824125), (-0.12433067, 0.0032811302, 0.9922354), (-0.010667544, 0.023044793, 0.99967754), (-0.009940361, 0.011211977, 0.9998877), (-0.04463088, 0.03498593, 0.99839073), (-0.008206532, 0.05871223, 0.99824125), (-0.009940361, 0.011211977, 0.9998877), (-0.1408922, 0.010597527, 0.98996824), (-0.14554302, -0.024220956, 0.98905534), (-0.04463088, 0.03498593, 0.99839073), (-0.1408922, 0.010597527, 0.98996824), (-0.11971629, 0.014063757, 0.9927085), (-0.09137051, 0.0071386457, 0.9957914), (-0.14554302, -0.024220956, 0.98905534), (-0.11971629, 0.014063757, 0.9927085), (0.03298523, 0.016572295, 0.9993184), (0.038078196, 0.07297486, 0.99660665), (-0.09137051, 0.0071386457, 0.9957914), (0.03298523, 0.016572295, 0.9993184), (0.02541497, 0.025362378, 0.99935526), (0.000055073644, 0.03660291, 0.9993299), (0.038078196, 0.07297486, 0.99660665), (0.02541497, 0.025362378, 0.99935526), (-0.11764554, 0.022472277, 0.9928013), (-0.12497552, -0.029310416, 0.99172676), (0.000055073644, 0.03660291, 0.9993299), (-0.11764554, 0.022472277, 0.9928013), (-0.09746791, 0.0026960436, 0.995235), (-0.0787883, 0.013894263, 0.9967946), (-0.12497552, -0.029310416, 0.99172676), (-0.09746791, 0.0026960436, 0.995235), (0.056115318, 0.010582716, 0.9983682), (0.065825835, 0.081679896, 0.99448246), (-0.0787883, 0.013894263, 0.9967946), (0.056115318, 0.010582716, 0.9983682), (0.04619459, 0.042955756, 0.99800843), (0.03194697, 0.0356245, 0.9988545), (0.065825835, 0.081679896, 0.99448246), (0.04619459, 0.042955756, 0.99800843), (-0.09721433, 0.03234645, 0.9947377), (-0.110103495, -0.02868557, 0.99350613), (0.03194697, 0.0356245, 0.9988545), (-0.09721433, 0.03234645, 0.9947377), (-0.07858889, -0.0110284975, 0.9968461), (-0.07025845, 0.02235407, 0.9972783), (-0.110103495, -0.02868557, 0.99350613), (-0.07858889, -0.0110284975, 0.9968461), (0.069654495, 0.007119466, 0.99754584), (0.086517274, 0.083727226, 0.99272585), (-0.07025845, 0.02235407, 0.9972783), (0.069654495, 0.007119466, 0.99754584), (0.061559536, 0.061501287, 0.99620676), (0.057506934, 0.033293135, 0.99778986), (0.086517274, 0.083727226, 0.99272585), (0.061559536, 0.061501287, 0.99620676), (-0.07415221, 0.038641132, 0.99649805), (-0.09569918, -0.021929074, 0.99516875), (0.057506934, 0.033293135, 0.99778986), (-0.07415221, 0.038641132, 0.99649805), (-0.060106132, -0.024703123, 0.9978862), (-0.06062111, 0.030684615, 0.99768907), (-0.09569918, -0.021929074, 0.99516875), (-0.060106132, -0.024703123, 0.9978862), (0.07735593, 0.0069066416, 0.9969796), (0.10357098, 0.07915433, 0.99146736), (-0.06062111, 0.030684615, 0.99768907), (0.07735593, 0.0069066416, 0.9969796), (0.07576399, 0.077986114, 0.9940714), (0.0789762, 0.030756323, 0.9964019), (0.10357098, 0.07915433, 0.99146736), (0.07576399, 0.077986114, 0.9940714), (-0.046253487, 0.040720556, 0.99809945), (-0.078743234, -0.010265307, 0.996842), (0.0789762, 0.030756323, 0.9964019), (-0.046253487, 0.040720556, 0.99809945), (-0.040618274, -0.035976302, 0.9985268), (-0.04696479, 0.03690326, 0.9982146), (-0.078743234, -0.010265307, 0.996842), (-0.040618274, -0.035976302, 0.9985268), (0.0823105, 0.009567966, 0.9965608), (0.11877128, 0.06920371, 0.99050707), (-0.04696479, 0.03690326, 0.9982146), (0.0823105, 0.009567966, 0.9965608), (0.09209687, 0.08939632, 0.9917291), (0.098493, 0.028854838, 0.9947193), (0.11877128, 0.06920371, 0.99050707), (0.09209687, 0.08939632, 0.9917291), (-0.011976462, 0.038812317, 0.9991748), (-0.055838868, 0.003763646, 0.9984327), (0.098493, 0.028854838, 0.9947193), (-0.011976462, 0.038812317, 0.9991748), (-0.017622553, -0.042861726, 0.9989255), (-0.026193, 0.039444137, 0.9988784), (-0.055838868, 0.003763646, 0.9984327), (-0.017622553, -0.042861726, 0.9989255), (0.089418165, 0.013802267, 0.9958986), (0.13475575, 0.05587984, 0.9893019), (-0.026193, 0.039444137, 0.9988784), (0.089418165, 0.013802267, 0.9958986), (0.114989184, 0.09307217, 0.988997), (0.12037659, 0.027716631, 0.9923413), (0.13475575, 0.05587984, 0.9893019), (0.114989184, 0.09307217, 0.988997), (0.032607332, 0.033763297, 0.9988978), (-0.02033442, 0.016778842, 0.9996524), (0.12037659, 0.027716631, 0.9923413), (0.032607332, 0.033763297, 0.9988978), (0.017060157, -0.04394725, 0.9988882), (0.009301326, 0.03750545, 0.99925315), (-0.02033442, 0.016778842, 0.9996524), (0.017060157, -0.04394725, 0.9988882), (0.11112246, 0.017396964, 0.99365443), (0.16051759, 0.041201726, 0.9861726), (0.009301326, 0.03750545, 0.99925315), (0.11112246, 0.017396964, 0.99365443), (0.15832688, 0.086368494, 0.9836021), (0.15933587, 0.02621722, 0.98687625), (0.16051759, 0.041201726, 0.9861726), (0.15832688, 0.086368494, 0.9836021), (0.11008857, 0.026904114, 0.9935576), (0.054399297, 0.024666466, 0.9982146), (0.15933587, 0.02621722, 0.98687625), (0.11008857, 0.026904114, 0.9935576), (0.11006234, -0.037867885, 0.9932031), (0.103390835, 0.030360185, 0.99417734), (0.054399297, 0.024666466, 0.9982146), (0.11006234, -0.037867885, 0.9932031), (0.23563172, 0.0138688935, 0.97174346), (0.2727158, 0.025279755, 0.9617625), (0.103390835, 0.030360185, 0.99417734), (0.23563172, 0.0138688935, 0.97174346), (0.62572557, 0.05015945, 0.77842885), (0.6391315, 0.014666432, 0.76895773), (0.2727158, 0.025279755, 0.9617625), (0.62572557, 0.05015945, 0.77842885), (0.9625642, 0.016602999, 0.27054483), (0.95972025, 0.0041809636, 0.28092617), (0.6391315, 0.014666432, 0.76895773), (-0.96392155, -0.0037574668, 0.26615983), (-0.600975, 0.0074295066, 0.7992333), (-0.56776947, 0.0077944184, 0.82315075), (-0.96435845, 0.0006612587, 0.2645984), (-0.600975, 0.0074295066, 0.7992333), (-0.16681202, 0.039231762, 0.9852079), (-0.15022764, 0.015484151, 0.98853016), (-0.56776947, 0.0077944184, 0.82315075), (-0.16681202, 0.039231762, 0.9852079), (-0.14318503, 0.028442385, 0.9892872), (-0.1583698, 0.024201153, 0.98708326), (-0.15022764, 0.015484151, 0.98853016), (-0.14318503, 0.028442385, 0.9892872), (-0.1933268, -0.015511023, 0.98101187), (-0.20822215, 0.03193261, 0.9775601), (-0.1583698, 0.024201153, 0.98708326), (-0.1933268, -0.015511023, 0.98101187), (-0.12433067, 0.0032811302, 0.9922354), (-0.10072429, 0.02900113, 0.99449164), (-0.20822215, 0.03193261, 0.9775601), (-0.12433067, 0.0032811302, 0.9922354), (-0.008206532, 0.05871223, 0.99824125), (0.005653594, 0.024320781, 0.99968827), (-0.10072429, 0.02900113, 0.99449164), (-0.008206532, 0.05871223, 0.99824125), (-0.04463088, 0.03498593, 0.99839073), (-0.0683277, 0.026250103, 0.9973175), (0.005653594, 0.024320781, 0.99968827), (-0.04463088, 0.03498593, 0.99839073), (-0.14554302, -0.024220956, 0.98905534), (-0.15498626, 0.034952696, 0.98729813), (-0.0683277, 0.026250103, 0.9973175), (-0.14554302, -0.024220956, 0.98905534), (-0.09137051, 0.0071386457, 0.9957914), (-0.06232898, 0.03671153, 0.9973803), (-0.15498626, 0.034952696, 0.98729813), (-0.09137051, 0.0071386457, 0.9957914), (0.038078196, 0.07297486, 0.99660665), (0.04366545, 0.030393614, 0.9985838), (-0.06232898, 0.03671153, 0.9973803), (0.038078196, 0.07297486, 0.99660665), (0.000055073644, 0.03660291, 0.9993299), (-0.028812591, 0.026779998, 0.9992261), (0.04366545, 0.030393614, 0.9985838), (0.000055073644, 0.03660291, 0.9993299), (-0.12497552, -0.029310416, 0.99172676), (-0.12511338, 0.036607526, 0.9914668), (-0.028812591, 0.026779998, 0.9992261), (-0.12497552, -0.029310416, 0.99172676), (-0.0787883, 0.013894263, 0.9967946), (-0.04757147, 0.042486336, 0.9979638), (-0.12511338, 0.036607526, 0.9914668), (-0.0787883, 0.013894263, 0.9967946), (0.065825835, 0.081679896, 0.99448246), (0.06068578, 0.034758322, 0.99755156), (-0.04757147, 0.042486336, 0.9979638), (0.065825835, 0.081679896, 0.99448246), (0.03194697, 0.0356245, 0.9988545), (0.0017128334, 0.027122524, 0.9996307), (0.06068578, 0.034758322, 0.99755156), (0.03194697, 0.0356245, 0.9988545), (-0.110103495, -0.02868557, 0.99350613), (-0.099225625, 0.038067393, 0.99433655), (0.0017128334, 0.027122524, 0.9996307), (-0.110103495, -0.02868557, 0.99350613), (-0.07025845, 0.02235407, 0.9972783), (-0.04054661, 0.047199372, 0.9980622), (-0.099225625, 0.038067393, 0.99433655), (-0.07025845, 0.02235407, 0.9972783), (0.086517274, 0.083727226, 0.99272585), (0.07009062, 0.03752554, 0.9968345), (-0.04054661, 0.047199372, 0.9980622), (0.086517274, 0.083727226, 0.99272585), (0.057506934, 0.033293135, 0.99778986), (0.0299813, 0.027024295, 0.999185), (0.07009062, 0.03752554, 0.9968345), (0.057506934, 0.033293135, 0.99778986), (-0.09569918, -0.021929074, 0.99516875), (-0.07393508, 0.039512087, 0.99648005), (0.0299813, 0.027024295, 0.999185), (-0.09569918, -0.021929074, 0.99516875), (-0.06062111, 0.030684615, 0.99768907), (-0.03609156, 0.051384237, 0.99802655), (-0.07393508, 0.039512087, 0.99648005), (-0.06062111, 0.030684615, 0.99768907), (0.10357098, 0.07915433, 0.99146736), (0.07709911, 0.038606405, 0.9962757), (-0.03609156, 0.051384237, 0.99802655), (0.10357098, 0.07915433, 0.99146736), (0.0789762, 0.030756323, 0.9964019), (0.05788907, 0.02586242, 0.99798805), (0.07709911, 0.038606405, 0.9962757), (0.0789762, 0.030756323, 0.9964019), (-0.078743234, -0.010265307, 0.996842), (-0.04806473, 0.040954407, 0.99800426), (0.05788907, 0.02586242, 0.99798805), (-0.078743234, -0.010265307, 0.996842), (-0.04696479, 0.03690326, 0.9982146), (-0.030711222, 0.0551178, 0.9980075), (-0.04806473, 0.040954407, 0.99800426), (-0.04696479, 0.03690326, 0.9982146), (0.11877128, 0.06920371, 0.99050707), (0.085159875, 0.037756298, 0.99565166), (-0.030711222, 0.0551178, 0.9980075), (0.11877128, 0.06920371, 0.99050707), (0.098493, 0.028854838, 0.9947193), (0.086458094, 0.023188947, 0.99598557), (0.085159875, 0.037756298, 0.99565166), (0.098493, 0.028854838, 0.9947193), (-0.055838868, 0.003763646, 0.9984327), (-0.019938713, 0.042264022, 0.99890745), (0.086458094, 0.023188947, 0.99598557), (-0.055838868, 0.003763646, 0.9984327), (-0.026193, 0.039444137, 0.9988784), (-0.020090304, 0.057782084, 0.99812704), (-0.019938713, 0.042264022, 0.99890745), (-0.026193, 0.039444137, 0.9988784), (0.13475575, 0.05587984, 0.9893019), (0.09824664, 0.03466915, 0.994558), (-0.020090304, 0.057782084, 0.99812704), (0.13475575, 0.05587984, 0.9893019), (0.12037659, 0.027716631, 0.9923413), (0.11815255, 0.019005552, 0.9928136), (0.09824664, 0.03466915, 0.994558), (0.12037659, 0.027716631, 0.9923413), (-0.02033442, 0.016778842, 0.9996524), (0.015616364, 0.042799745, 0.9989616), (0.11815255, 0.019005552, 0.9928136), (-0.02033442, 0.016778842, 0.9996524), (0.009301326, 0.03750545, 0.99925315), (0.0051519005, 0.05788645, 0.99830985), (0.015616364, 0.042799745, 0.9989616), (0.009301326, 0.03750545, 0.99925315), (0.16051759, 0.041201726, 0.9861726), (0.12622175, 0.02910352, 0.99157506), (0.0051519005, 0.05788645, 0.99830985), (0.16051759, 0.041201726, 0.9861726), (0.15933587, 0.02621722, 0.98687625), (0.16492368, 0.013578617, 0.98621285), (0.12622175, 0.02910352, 0.99157506), (0.15933587, 0.02621722, 0.98687625), (0.054399297, 0.024666466, 0.9982146), (0.08335907, 0.04022098, 0.9957075), (0.16492368, 0.013578617, 0.98621285), (0.054399297, 0.024666466, 0.9982146), (0.103390835, 0.030360185, 0.99417734), (0.09138589, 0.051977925, 0.9944581), (0.08335907, 0.04022098, 0.9957075), (0.103390835, 0.030360185, 0.99417734), (0.2727158, 0.025279755, 0.9617625), (0.247691, 0.020619784, 0.96861964), (0.09138589, 0.051977925, 0.9944581), (0.2727158, 0.025279755, 0.9617625), (0.6391315, 0.014666432, 0.76895773), (0.61545306, -0.00039493854, 0.7881735), (0.247691, 0.020619784, 0.96861964), (0.6391315, 0.014666432, 0.76895773), (0.95972025, 0.0041809636, 0.28092617), (0.9591357, -0.00037203715, 0.2829463), (0.61545306, -0.00039493854, 0.7881735), (-0.96435845, 0.0006612587, 0.2645984), (-0.56776947, 0.0077944184, 0.82315075), (-0.598716, 0.05736816, 0.7989043), (-0.9613276, 0.01978197, 0.27469608), (-0.56776947, 0.0077944184, 0.82315075), (-0.15022764, 0.015484151, 0.98853016), (-0.20640235, 0.011372063, 0.9784011), (-0.598716, 0.05736816, 0.7989043), (-0.15022764, 0.015484151, 0.98853016), (-0.1583698, 0.024201153, 0.98708326), (-0.13427094, -0.031160062, 0.9904546), (-0.20640235, 0.011372063, 0.9784011), (-0.1583698, 0.024201153, 0.98708326), (-0.20822215, 0.03193261, 0.9775601), (-0.13447718, 0.0607123, 0.98905504), (-0.13427094, -0.031160062, 0.9904546), (-0.20822215, 0.03193261, 0.9775601), (-0.10072429, 0.02900113, 0.99449164), (-0.12961076, 0.11367749, 0.98502713), (-0.13447718, 0.0607123, 0.98905504), (-0.10072429, 0.02900113, 0.99449164), (0.005653594, 0.024320781, 0.99968827), (-0.074617684, 0.01631662, 0.9970787), (-0.12961076, 0.11367749, 0.98502713), (0.005653594, 0.024320781, 0.99968827), (-0.0683277, 0.026250103, 0.9973175), (-0.035230685, -0.03584533, 0.99873614), (-0.074617684, 0.01631662, 0.9970787), (-0.0683277, 0.026250103, 0.9973175), (-0.15498626, 0.034952696, 0.98729813), (-0.06824052, 0.07276949, 0.99501145), (-0.035230685, -0.03584533, 0.99873614), (-0.15498626, 0.034952696, 0.98729813), (-0.06232898, 0.03671153, 0.9973803), (-0.09937795, 0.12506188, 0.9871593), (-0.06824052, 0.07276949, 0.99501145), (-0.06232898, 0.03671153, 0.9973803), (0.04366545, 0.030393614, 0.9985838), (-0.044710997, 0.014076167, 0.99890083), (-0.09937795, 0.12506188, 0.9871593), (0.04366545, 0.030393614, 0.9985838), (-0.028812591, 0.026779998, 0.9992261), (0.011625132, -0.034042757, 0.99935275), (-0.044710997, 0.014076167, 0.99890083), (-0.028812591, 0.026779998, 0.9992261), (-0.12511338, 0.036607526, 0.9914668), (-0.03418567, 0.08137032, 0.9960975), (0.011625132, -0.034042757, 0.99935275), (-0.12511338, 0.036607526, 0.9914668), (-0.04757147, 0.042486336, 0.9979638), (-0.09054695, 0.12574601, 0.98792166), (-0.03418567, 0.08137032, 0.9960975), (-0.04757147, 0.042486336, 0.9979638), (0.06068578, 0.034758322, 0.99755156), (-0.028090043, 0.011365202, 0.9995408), (-0.09054695, 0.12574601, 0.98792166), (0.06068578, 0.034758322, 0.99755156), (0.0017128334, 0.027122524, 0.9996307), (0.046956975, -0.027054666, 0.99853045), (-0.028090043, 0.011365202, 0.9995408), (0.0017128334, 0.027122524, 0.9996307), (-0.099225625, 0.038067393, 0.99433655), (-0.01089026, 0.08611394, 0.9962258), (0.046956975, -0.027054666, 0.99853045), (-0.099225625, 0.038067393, 0.99433655), (-0.04054661, 0.047199372, 0.9980622), (-0.08672042, 0.118612, 0.9891464), (-0.01089026, 0.08611394, 0.9962258), (-0.04054661, 0.047199372, 0.9980622), (0.07009062, 0.03752554, 0.9968345), (-0.013221309, 0.010170465, 0.99986094), (-0.08672042, 0.118612, 0.9891464), (0.07009062, 0.03752554, 0.9968345), (0.0299813, 0.027024295, 0.999185), (0.07660635, -0.015901856, 0.99693465), (-0.013221309, 0.010170465, 0.99986094), (0.0299813, 0.027024295, 0.999185), (-0.07393508, 0.039512087, 0.99648005), (0.0061713783, 0.08616294, 0.9962619), (0.07660635, -0.015901856, 0.99693465), (-0.07393508, 0.039512087, 0.99648005), (-0.03609156, 0.051384237, 0.99802655), (-0.082032554, 0.10565755, 0.9910132), (0.0061713783, 0.08616294, 0.9962619), (-0.03609156, 0.051384237, 0.99802655), (0.07709911, 0.038606405, 0.9962757), (0.0035212883, 0.011698917, 0.99992543), (-0.082032554, 0.10565755, 0.9910132), (0.07709911, 0.038606405, 0.9962757), (0.05788907, 0.02586242, 0.99798805), (0.10183535, -0.002186668, 0.9947989), (0.0035212883, 0.011698917, 0.99992543), (0.05788907, 0.02586242, 0.99798805), (-0.04806473, 0.040954407, 0.99800426), (0.019665968, 0.08086317, 0.9965312), (0.10183535, -0.002186668, 0.9947989), (-0.04806473, 0.040954407, 0.99800426), (-0.030711222, 0.0551178, 0.9980075), (-0.07250905, 0.08907568, 0.99338204), (0.019665968, 0.08086317, 0.9965312), (-0.030711222, 0.0551178, 0.9980075), (0.085159875, 0.037756298, 0.99565166), (0.023816975, 0.016455572, 0.99958086), (-0.07250905, 0.08907568, 0.99338204), (0.085159875, 0.037756298, 0.99565166), (0.086458094, 0.023188947, 0.99598557), (0.12347039, 0.0117969485, 0.99227816), (0.023816975, 0.016455572, 0.99958086), (0.086458094, 0.023188947, 0.99598557), (-0.019938713, 0.042264022, 0.99890745), (0.033160113, 0.07011164, 0.9969879), (0.12347039, 0.0117969485, 0.99227816), (-0.019938713, 0.042264022, 0.99890745), (-0.020090304, 0.057782084, 0.99812704), (-0.053854827, 0.071270935, 0.9960021), (0.033160113, 0.07011164, 0.9969879), (-0.020090304, 0.057782084, 0.99812704), (0.09824664, 0.03466915, 0.994558), (0.049817577, 0.02400103, 0.99846995), (-0.053854827, 0.071270935, 0.9960021), (0.09824664, 0.03466915, 0.994558), (0.11815255, 0.019005552, 0.9928136), (0.14434767, 0.02322835, 0.98925436), (0.049817577, 0.02400103, 0.99846995), (0.11815255, 0.019005552, 0.9928136), (0.015616364, 0.042799745, 0.9989616), (0.053735584, 0.054509215, 0.99706626), (0.14434767, 0.02322835, 0.98925436), (0.015616364, 0.042799745, 0.9989616), (0.0051519005, 0.05788645, 0.99830985), (-0.017505175, 0.054297145, 0.99837136), (0.053735584, 0.054509215, 0.99706626), (0.0051519005, 0.05788645, 0.99830985), (0.12622175, 0.02910352, 0.99157506), (0.089776576, 0.032415424, 0.9954343), (-0.017505175, 0.054297145, 0.99837136), (0.12622175, 0.02910352, 0.99157506), (0.16492368, 0.013578617, 0.98621285), (0.17741276, 0.029009372, 0.98370886), (0.089776576, 0.032415424, 0.9954343), (0.16492368, 0.013578617, 0.98621285), (0.08335907, 0.04022098, 0.9957075), (0.107068345, 0.03511629, 0.9936313), (0.17741276, 0.029009372, 0.98370886), (0.08335907, 0.04022098, 0.9957075), (0.09138589, 0.051977925, 0.9944581), (0.080448635, 0.03788, 0.9960387), (0.107068345, 0.03511629, 0.9936313), (0.09138589, 0.051977925, 0.9944581), (0.247691, 0.020619784, 0.96861964), (0.22055784, 0.03516042, 0.9747399), (0.080448635, 0.03788, 0.9960387), (0.247691, 0.020619784, 0.96861964), (0.61545306, -0.00039493854, 0.7881735), (0.61732554, 0.020469356, 0.7864415), (0.22055784, 0.03516042, 0.9747399), (0.61545306, -0.00039493854, 0.7881735), (0.9591357, -0.00037203715, 0.2829463), (0.95869327, 0.0033640056, 0.28442186), (0.61732554, 0.020469356, 0.7864415), (-0.9613276, 0.01978197, 0.27469608), (-0.598716, 0.05736816, 0.7989043), (-0.6251108, 0.031823393, 0.7798871), (-0.95712566, 0.009123091, 0.2895292), (-0.598716, 0.05736816, 0.7989043), (-0.20640235, 0.011372063, 0.9784011), (-0.26278812, 0.04084167, 0.9639888), (-0.6251108, 0.031823393, 0.7798871), (-0.20640235, 0.011372063, 0.9784011), (-0.13427094, -0.031160062, 0.9904546), (-0.10771888, 0.04274826, 0.99326193), (-0.26278812, 0.04084167, 0.9639888), (-0.13427094, -0.031160062, 0.9904546), (-0.13447718, 0.0607123, 0.98905504), (-0.059092063, 0.048324395, 0.9970822), (-0.10771888, 0.04274826, 0.99326193), (-0.13447718, 0.0607123, 0.98905504), (-0.12961076, 0.11367749, 0.98502713), (-0.1518647, 0.049999375, 0.9871359), (-0.059092063, 0.048324395, 0.9970822), (-0.12961076, 0.11367749, 0.98502713), (-0.074617684, 0.01631662, 0.9970787), (-0.14093694, 0.057952132, 0.9883209), (-0.1518647, 0.049999375, 0.9871359), (-0.074617684, 0.01631662, 0.9970787), (-0.035230685, -0.03584533, 0.99873614), (-0.0027299782, 0.063415036, 0.9979835), (-0.14093694, 0.057952132, 0.9883209), (-0.035230685, -0.03584533, 0.99873614), (-0.06824052, 0.07276949, 0.99501145), (-0.0033512337, 0.050349724, 0.998726), (-0.0027299782, 0.063415036, 0.9979835), (-0.06824052, 0.07276949, 0.99501145), (-0.09937795, 0.12506188, 0.9871593), (-0.12942016, 0.04377133, 0.9906233), (-0.0033512337, 0.050349724, 0.998726), (-0.09937795, 0.12506188, 0.9871593), (-0.044710997, 0.014076167, 0.99890083), (-0.09740731, 0.06923285, 0.9928336), (-0.12942016, 0.04377133, 0.9906233), (-0.044710997, 0.014076167, 0.99890083), (0.011625132, -0.034042757, 0.99935275), (0.046177715, 0.07880358, 0.9958201), (-0.09740731, 0.06923285, 0.9928336), (0.011625132, -0.034042757, 0.99935275), (-0.03418567, 0.08137032, 0.9960975), (0.009844846, 0.04589729, 0.9988977), (0.046177715, 0.07880358, 0.9958201), (-0.03418567, 0.08137032, 0.9960975), (-0.09054695, 0.12574601, 0.98792166), (-0.12138626, 0.035022065, 0.99198735), (0.009844846, 0.04589729, 0.9988977), (-0.09054695, 0.12574601, 0.98792166), (-0.028090043, 0.011365202, 0.9995408), (-0.059847064, 0.0790355, 0.9950737), (-0.12138626, 0.035022065, 0.99198735), (-0.028090043, 0.011365202, 0.9995408), (0.046956975, -0.027054666, 0.99853045), (0.07701196, 0.08961055, 0.992995), (-0.059847064, 0.0790355, 0.9950737), (0.046956975, -0.027054666, 0.99853045), (-0.01089026, 0.08611394, 0.9962258), (0.008563987, 0.037406117, 0.99926347), (0.07701196, 0.08961055, 0.992995), (-0.01089026, 0.08611394, 0.9962258), (-0.08672042, 0.118612, 0.9891464), (-0.110690385, 0.02623829, 0.9935086), (0.008563987, 0.037406117, 0.99926347), (-0.08672042, 0.118612, 0.9891464), (-0.013221309, 0.010170465, 0.99986094), (-0.022036677, 0.08782101, 0.9958925), (-0.110690385, 0.02623829, 0.9935086), (-0.013221309, 0.010170465, 0.99986094), (0.07660635, -0.015901856, 0.99693465), (0.09486152, 0.09594925, 0.9908557), (-0.022036677, 0.08782101, 0.9958925), (0.07660635, -0.015901856, 0.99693465), (0.0061713783, 0.08616294, 0.9962619), (0.0021407907, 0.02616294, 0.9996554), (0.09486152, 0.09594925, 0.9908557), (0.0061713783, 0.08616294, 0.9962619), (-0.082032554, 0.10565755, 0.9910132), (-0.09170421, 0.01861201, 0.9956123), (0.0021407907, 0.02616294, 0.9996554), (-0.082032554, 0.10565755, 0.9910132), (0.0035212883, 0.011698917, 0.99992543), (0.015493666, 0.09555924, 0.99530315), (-0.09170421, 0.01861201, 0.9956123), (0.0035212883, 0.011698917, 0.99992543), (0.10183535, -0.002186668, 0.9947989), (0.10185546, 0.0978309, 0.9899771), (0.015493666, 0.09555924, 0.99530315), (0.10183535, -0.002186668, 0.9947989), (0.019665968, 0.08086317, 0.9965312), (-0.0028183816, 0.013260663, 0.99990803), (0.10185546, 0.0978309, 0.9899771), (0.019665968, 0.08086317, 0.9965312), (-0.07250905, 0.08907568, 0.99338204), (-0.062226657, 0.013055081, 0.9979766), (-0.0028183816, 0.013260663, 0.99990803), (-0.07250905, 0.08907568, 0.99338204), (0.023816975, 0.016455572, 0.99958086), (0.05094968, 0.1017933, 0.99349993), (-0.062226657, 0.013055081, 0.9979766), (0.023816975, 0.016455572, 0.99958086), (0.12347039, 0.0117969485, 0.99227816), (0.101387925, 0.09502063, 0.99029875), (0.05094968, 0.1017933, 0.99349993), (0.12347039, 0.0117969485, 0.99227816), (0.033160113, 0.07011164, 0.9969879), (0.000024851546, 0.00012677615, 1), (0.101387925, 0.09502063, 0.99029875), (0.033160113, 0.07011164, 0.9969879), (-0.053854827, 0.071270935, 0.9960021), (-0.02136541, 0.010296317, 0.99971867), (0.000024851546, 0.00012677615, 1), (-0.053854827, 0.071270935, 0.9960021), (0.049817577, 0.02400103, 0.99846995), (0.084009886, 0.105140865, 0.9909025), (-0.02136541, 0.010296317, 0.99971867), (0.049817577, 0.02400103, 0.99846995), (0.14434767, 0.02322835, 0.98925436), (0.100405194, 0.08709181, 0.9911276), (0.084009886, 0.105140865, 0.9909025), (0.14434767, 0.02322835, 0.98925436), (0.053735584, 0.054509215, 0.99706626), (0.018991949, -0.011149803, 0.99975747), (0.100405194, 0.08709181, 0.9911276), (0.053735584, 0.054509215, 0.99706626), (-0.017505175, 0.054297145, 0.99837136), (0.0343677, 0.010312288, 0.9993561), (0.018991949, -0.011149803, 0.99975747), (-0.017505175, 0.054297145, 0.99837136), (0.089776576, 0.032415424, 0.9954343), (0.12184767, 0.10238702, 0.9872537), (0.0343677, 0.010312288, 0.9993561), (0.089776576, 0.032415424, 0.9954343), (0.17741276, 0.029009372, 0.98370886), (0.11779904, 0.07355836, 0.9903093), (0.12184767, 0.10238702, 0.9872537), (0.17741276, 0.029009372, 0.98370886), (0.107068345, 0.03511629, 0.9936313), (0.079222456, -0.017657492, 0.9967006), (0.11779904, 0.07355836, 0.9903093), (0.107068345, 0.03511629, 0.9936313), (0.080448635, 0.03788, 0.9960387), (0.13942118, 0.010027164, 0.9901824), (0.079222456, -0.017657492, 0.9967006), (0.080448635, 0.03788, 0.9960387), (0.22055784, 0.03516042, 0.9747399), (0.24183986, 0.08254062, 0.96679914), (0.13942118, 0.010027164, 0.9901824), (0.22055784, 0.03516042, 0.9747399), (0.61732554, 0.020469356, 0.7864415), (0.5855447, 0.06128708, 0.80832005), (0.24183986, 0.08254062, 0.96679914), (0.61732554, 0.020469356, 0.7864415), (0.95869327, 0.0033640056, 0.28442186), (0.95708644, 0.007125613, 0.28971517), (0.5855447, 0.06128708, 0.80832005), (-0.95712566, 0.009123091, 0.2895292), (-0.6251108, 0.031823393, 0.7798871), (-0.6002606, 0.022251582, 0.7994949), (-0.954713, 0.0059490195, 0.29746875), (-0.6251108, 0.031823393, 0.7798871), (-0.26278812, 0.04084167, 0.9639888), (-0.25161928, 0.04401097, 0.966825), (-0.6002606, 0.022251582, 0.7994949), (-0.26278812, 0.04084167, 0.9639888), (-0.10771888, 0.04274826, 0.99326193), (-0.09222598, 0.06465294, 0.99363697), (-0.25161928, 0.04401097, 0.966825), (-0.10771888, 0.04274826, 0.99326193), (-0.059092063, 0.048324395, 0.9970822), (-0.07035559, 0.06327354, 0.9955132), (-0.09222598, 0.06465294, 0.99363697), (-0.059092063, 0.048324395, 0.9970822), (-0.1518647, 0.049999375, 0.9871359), (-0.15951215, 0.05397944, 0.9857191), (-0.07035559, 0.06327354, 0.9955132), (-0.1518647, 0.049999375, 0.9871359), (-0.14093694, 0.057952132, 0.9883209), (-0.11488186, 0.0623905, 0.99141794), (-0.15951215, 0.05397944, 0.9857191), (-0.14093694, 0.057952132, 0.9883209), (-0.0027299782, 0.063415036, 0.9979835), (0.0060844086, 0.07230953, 0.9973637), (-0.11488186, 0.0623905, 0.99141794), (-0.0027299782, 0.063415036, 0.9979835), (-0.0033512337, 0.050349724, 0.998726), (-0.035577424, 0.068127126, 0.99704206), (0.0060844086, 0.07230953, 0.9973637), (-0.0033512337, 0.050349724, 0.998726), (-0.12942016, 0.04377133, 0.9906233), (-0.1295331, 0.06467174, 0.98946387), (-0.035577424, 0.068127126, 0.99704206), (-0.12942016, 0.04377133, 0.9906233), (-0.09740731, 0.06923285, 0.9928336), (-0.054205734, 0.07174119, 0.99594927), (-0.1295331, 0.06467174, 0.98946387), (-0.09740731, 0.06923285, 0.9928336), (0.046177715, 0.07880358, 0.9958201), (0.041670345, 0.072503254, 0.9964973), (-0.054205734, 0.07174119, 0.99594927), (0.046177715, 0.07880358, 0.9958201), (0.009844846, 0.04589729, 0.9988977), (-0.039371893, 0.06939183, 0.9968123), (0.041670345, 0.072503254, 0.9964973), (0.009844846, 0.04589729, 0.9988977), (-0.12138626, 0.035022065, 0.99198735), (-0.10658631, 0.07091828, 0.99177116), (-0.039371893, 0.06939183, 0.9968123), (-0.12138626, 0.035022065, 0.99198735), (-0.059847064, 0.0790355, 0.9950737), (-0.00295718, 0.07525418, 0.99715996), (-0.10658631, 0.07091828, 0.99177116), (-0.059847064, 0.0790355, 0.9950737), (0.07701196, 0.08961055, 0.992995), (0.05432715, 0.07063397, 0.9960218), (-0.00295718, 0.07525418, 0.99715996), (0.07701196, 0.08961055, 0.992995), (0.008563987, 0.037406117, 0.99926347), (-0.05172572, 0.06965025, 0.9962295), (0.05432715, 0.07063397, 0.9960218), (0.008563987, 0.037406117, 0.99926347), (-0.110690385, 0.02623829, 0.9935086), (-0.077243134, 0.07281169, 0.9943501), (-0.05172572, 0.06965025, 0.9962295), (-0.110690385, 0.02623829, 0.9935086), (-0.022036677, 0.08782101, 0.9958925), (0.042234708, 0.07450339, 0.99632597), (-0.077243134, 0.07281169, 0.9943501), (-0.022036677, 0.08782101, 0.9958925), (0.09486152, 0.09594925, 0.9908557), (0.05241218, 0.06879882, 0.99625283), (0.042234708, 0.07450339, 0.99632597), (0.09486152, 0.09594925, 0.9908557), (0.0021407907, 0.02616294, 0.9996554), (-0.062014766, 0.06886731, 0.9956965), (0.05241218, 0.06879882, 0.99625283), (0.0021407907, 0.02616294, 0.9996554), (-0.09170421, 0.01861201, 0.9956123), (-0.03977776, 0.07075509, 0.9967003), (-0.062014766, 0.06886731, 0.9956965), (-0.09170421, 0.01861201, 0.9956123), (0.015493666, 0.09555924, 0.99530315), (0.07960645, 0.07132626, 0.9942712), (-0.03977776, 0.07075509, 0.9967003), (0.015493666, 0.09555924, 0.99530315), (0.10185546, 0.0978309, 0.9899771), (0.04169162, 0.06721909, 0.9968668), (0.07960645, 0.07132626, 0.9942712), (0.10185546, 0.0978309, 0.9899771), (-0.0028183816, 0.013260663, 0.99990803), (-0.06365366, 0.06640292, 0.99576044), (0.04169162, 0.06721909, 0.9968668), (-0.0028183816, 0.013260663, 0.99990803), (-0.062226657, 0.013055081, 0.9979766), (0.004339564, 0.066021584, 0.9978087), (-0.06365366, 0.06640292, 0.99576044), (-0.062226657, 0.013055081, 0.9979766), (0.05094968, 0.1017933, 0.99349993), (0.10777536, 0.06718054, 0.99190277), (0.004339564, 0.066021584, 0.9978087), (0.05094968, 0.1017933, 0.99349993), (0.101387925, 0.09502063, 0.99029875), (0.028664768, 0.064822175, 0.99748504), (0.10777536, 0.06718054, 0.99190277), (0.101387925, 0.09502063, 0.99029875), (0.000024851546, 0.00012677615, 1), (-0.0516497, 0.061906412, 0.9967447), (0.028664768, 0.064822175, 0.99748504), (0.000024851546, 0.00012677615, 1), (-0.02136541, 0.010296317, 0.99971867), (0.0531856, 0.060245316, 0.9967656), (-0.0516497, 0.061906412, 0.9967447), (-0.02136541, 0.010296317, 0.99971867), (0.084009886, 0.105140865, 0.9909025), (0.12825403, 0.06240559, 0.98977596), (0.0531856, 0.060245316, 0.9967656), (0.084009886, 0.105140865, 0.9909025), (0.100405194, 0.08709181, 0.9911276), (0.022494283, 0.05994829, 0.997948), (0.12825403, 0.06240559, 0.98977596), (0.100405194, 0.08709181, 0.9911276), (0.018991949, -0.011149803, 0.99975747), (-0.019985195, 0.05546033, 0.99826086), (0.022494283, 0.05994829, 0.997948), (0.018991949, -0.011149803, 0.99975747), (0.0343677, 0.010312288, 0.9993561), (0.10818048, 0.05437377, 0.9926432), (-0.019985195, 0.05546033, 0.99826086), (0.0343677, 0.010312288, 0.9993561), (0.12184767, 0.10238702, 0.9872537), (0.15074556, 0.05576184, 0.9869987), (0.10818048, 0.05437377, 0.9926432), (0.12184767, 0.10238702, 0.9872537), (0.11779904, 0.07355836, 0.9903093), (0.044077046, 0.050728116, 0.9977394), (0.15074556, 0.05576184, 0.9869987), (0.11779904, 0.07355836, 0.9903093), (0.079222456, -0.017657492, 0.9967006), (0.053772263, 0.04640046, 0.9974746), (0.044077046, 0.050728116, 0.9977394), (0.079222456, -0.017657492, 0.9967006), (0.13942118, 0.010027164, 0.9901824), (0.19914505, 0.04620204, 0.9788803), (0.053772263, 0.04640046, 0.9974746), (0.13942118, 0.010027164, 0.9901824), (0.24183986, 0.08254062, 0.96679914), (0.25428635, 0.04205446, 0.96621424), (0.19914505, 0.04620204, 0.9788803), (0.24183986, 0.08254062, 0.96679914), (0.5855447, 0.06128708, 0.80832005), (0.5799545, 0.02102893, 0.81437737), (0.25428635, 0.04205446, 0.96621424), (0.5855447, 0.06128708, 0.80832005), (0.95708644, 0.007125613, 0.28971517), (0.9556704, 0.0021059518, 0.29443112), (0.5799545, 0.02102893, 0.81437737), (-0.954713, 0.0059490195, 0.29746875), (-0.6002606, 0.022251582, 0.7994949), (-0.6027484, 0.031874783, 0.7972945), (-0.9524692, 0.007551052, 0.30454102), (-0.6002606, 0.022251582, 0.7994949), (-0.25161928, 0.04401097, 0.966825), (-0.2288398, 0.052086327, 0.97206956), (-0.6027484, 0.031874783, 0.7972945), (-0.25161928, 0.04401097, 0.966825), (-0.09222598, 0.06465294, 0.99363697), (-0.073759295, 0.06480785, 0.9951681), (-0.2288398, 0.052086327, 0.97206956), (-0.09222598, 0.06465294, 0.99363697), (-0.07035559, 0.06327354, 0.9955132), (-0.07929127, 0.07408521, 0.99409467), (-0.073759295, 0.06480785, 0.9951681), (-0.07035559, 0.06327354, 0.9955132), (-0.15951215, 0.05397944, 0.9857191), (-0.16957164, 0.07120899, 0.9829418), (-0.07929127, 0.07408521, 0.99409467), (-0.15951215, 0.05397944, 0.9857191), (-0.11488186, 0.0623905, 0.99141794), (-0.09621858, 0.062503114, 0.9933959), (-0.16957164, 0.07120899, 0.9829418), (-0.11488186, 0.0623905, 0.99141794), (0.0060844086, 0.07230953, 0.9973637), (0.025093803, 0.07295069, 0.99701977), (-0.09621858, 0.062503114, 0.9933959), (0.0060844086, 0.07230953, 0.9973637), (-0.035577424, 0.068127126, 0.99704206), (-0.045967307, 0.09198815, 0.9946986), (0.025093803, 0.07295069, 0.99701977), (-0.035577424, 0.068127126, 0.99704206), (-0.1295331, 0.06467174, 0.98946387), (-0.14534144, 0.084787644, 0.98574185), (-0.045967307, 0.09198815, 0.9946986), (-0.1295331, 0.06467174, 0.98946387), (-0.054205734, 0.07174119, 0.99594927), (-0.038990717, 0.061414372, 0.99735045), (-0.14534144, 0.084787644, 0.98574185), (-0.054205734, 0.07174119, 0.99594927), (0.041670345, 0.072503254, 0.9964973), (0.06276337, 0.075071126, 0.99520105), (-0.038990717, 0.061414372, 0.99735045), (0.041670345, 0.072503254, 0.9964973), (-0.039371893, 0.06939183, 0.9968123), (-0.048251364, 0.106374316, 0.9931547), (0.06276337, 0.075071126, 0.99520105), (-0.039371893, 0.06939183, 0.9968123), (-0.10658631, 0.07091828, 0.99177116), (-0.12717786, 0.09231938, 0.9875743), (-0.048251364, 0.106374316, 0.9931547), (-0.10658631, 0.07091828, 0.99177116), (-0.00295718, 0.07525418, 0.99715996), (0.0079953605, 0.055477012, 0.9984279), (-0.12717786, 0.09231938, 0.9875743), (-0.00295718, 0.07525418, 0.99715996), (0.05432715, 0.07063397, 0.9960218), (0.078088135, 0.07609005, 0.99403846), (0.0079953605, 0.055477012, 0.9984279), (0.05432715, 0.07063397, 0.9960218), (-0.05172572, 0.06965025, 0.9962295), (-0.058173727, 0.11807803, 0.9912988), (0.078088135, 0.07609005, 0.99403846), (-0.05172572, 0.06965025, 0.9962295), (-0.077243134, 0.07281169, 0.9943501), (-0.102131516, 0.09461593, 0.99026114), (-0.058173727, 0.11807803, 0.9912988), (-0.077243134, 0.07281169, 0.9943501), (0.042234708, 0.07450339, 0.99632597), (0.04881702, 0.04761031, 0.9976724), (-0.102131516, 0.09461593, 0.99026114), (0.042234708, 0.07450339, 0.99632597), (0.05241218, 0.06879882, 0.99625283), (0.079093955, 0.07731213, 0.9938647), (0.04881702, 0.04761031, 0.9976724), (0.05241218, 0.06879882, 0.99625283), (-0.062014766, 0.06886731, 0.9956965), (-0.06614373, 0.12607127, 0.9898136), (0.079093955, 0.07731213, 0.9938647), (-0.062014766, 0.06886731, 0.9956965), (-0.03977776, 0.07075509, 0.9967003), (-0.068279825, 0.09237492, 0.9933805), (-0.06614373, 0.12607127, 0.9898136), (-0.03977776, 0.07075509, 0.9967003), (0.07960645, 0.07132626, 0.9942712), (0.082566515, 0.04004842, 0.9957806), (-0.068279825, 0.09237492, 0.9933805), (0.07960645, 0.07132626, 0.9942712), (0.04169162, 0.06721909, 0.9968668), (0.07109459, 0.07852024, 0.9943742), (0.082566515, 0.04004842, 0.9957806), (0.04169162, 0.06721909, 0.9968668), (-0.06365366, 0.06640292, 0.99576044), (-0.066160485, 0.12911877, 0.9894196), (0.07109459, 0.07852024, 0.9943742), (-0.06365366, 0.06640292, 0.99576044), (0.004339564, 0.066021584, 0.9978087), (-0.026764102, 0.08668244, 0.99587643), (-0.066160485, 0.12911877, 0.9894196), (0.004339564, 0.066021584, 0.9978087), (0.10777536, 0.06718054, 0.99190277), (0.10838458, 0.034269735, 0.99351823), (-0.026764102, 0.08668244, 0.99587643), (0.10777536, 0.06718054, 0.99190277), (0.028664768, 0.064822175, 0.99748504), (0.060008418, 0.078608625, 0.9950978), (0.10838458, 0.034269735, 0.99351823), (0.028664768, 0.064822175, 0.99748504), (-0.0516497, 0.061906412, 0.9967447), (-0.05337462, 0.12629394, 0.9905559), (0.060008418, 0.078608625, 0.9950978), (-0.0516497, 0.061906412, 0.9967447), (0.0531856, 0.060245316, 0.9967656), (0.020842887, 0.078689285, 0.9966813), (-0.05337462, 0.12629394, 0.9905559), (0.0531856, 0.060245316, 0.9967656), (0.12825403, 0.06240559, 0.98977596), (0.12774587, 0.030679327, 0.9913323), (0.020842887, 0.078689285, 0.9966813), (0.12825403, 0.06240559, 0.98977596), (0.022494283, 0.05994829, 0.997948), (0.054241452, 0.07596948, 0.9956337), (0.12774587, 0.030679327, 0.9913323), (0.022494283, 0.05994829, 0.997948), (-0.019985195, 0.05546033, 0.99826086), (-0.021638948, 0.11690317, 0.9929076), (0.054241452, 0.07596948, 0.9956337), (-0.019985195, 0.05546033, 0.99826086), (0.10818048, 0.05437377, 0.9926432), (0.07645998, 0.068951964, 0.99468565), (-0.021638948, 0.11690317, 0.9929076), (0.10818048, 0.05437377, 0.9926432), (0.15074556, 0.05576184, 0.9869987), (0.14973131, 0.028262816, 0.9883227), (0.07645998, 0.068951964, 0.99468565), (0.15074556, 0.05576184, 0.9869987), (0.044077046, 0.050728116, 0.9977394), (0.07327736, 0.0680488, 0.99498737), (0.14973131, 0.028262816, 0.9883227), (0.044077046, 0.050728116, 0.9977394), (0.053772263, 0.04640046, 0.9974746), (0.05147402, 0.09892715, 0.99376243), (0.07327736, 0.0680488, 0.99498737), (0.053772263, 0.04640046, 0.9974746), (0.19914505, 0.04620204, 0.9788803), (0.17157306, 0.055768885, 0.9835916), (0.05147402, 0.09892715, 0.99376243), (0.19914505, 0.04620204, 0.9788803), (0.25428635, 0.04205446, 0.96621424), (0.25074536, 0.022288213, 0.96779644), (0.17157306, 0.055768885, 0.9835916), (0.25428635, 0.04205446, 0.96621424), (0.5799545, 0.02102893, 0.81437737), (0.56231546, 0.020069301, 0.8266793), (0.25074536, 0.022288213, 0.96779644), (0.5799545, 0.02102893, 0.81437737), (0.9556704, 0.0021059518, 0.29443112), (0.95412064, 0.0074342974, 0.29933026), (0.56231546, 0.020069301, 0.8266793), (-0.9524692, 0.007551052, 0.30454102), (-0.6027484, 0.031874783, 0.7972945), (-0.5615982, 0.06885671, 0.82454014), (-0.9495259, 0.009526683, 0.31354406), (-0.6027484, 0.031874783, 0.7972945), (-0.2288398, 0.052086327, 0.97206956), (-0.2288634, 0.10796487, 0.96745294), (-0.5615982, 0.06885671, 0.82454014), (-0.2288398, 0.052086327, 0.97206956), (-0.073759295, 0.06480785, 0.9951681), (-0.11502223, 0.060836248, 0.99149823), (-0.2288634, 0.10796487, 0.96745294), (-0.073759295, 0.06480785, 0.9951681), (-0.07929127, 0.07408521, 0.99409467), (-0.065062575, 0.026680715, 0.99752444), (-0.11502223, 0.060836248, 0.99149823), (-0.07929127, 0.07408521, 0.99409467), (-0.16957164, 0.07120899, 0.9829418), (-0.11983087, 0.09470284, 0.9882671), (-0.065062575, 0.026680715, 0.99752444), (-0.16957164, 0.07120899, 0.9829418), (-0.09621858, 0.062503114, 0.9933959), (-0.11163163, 0.13535854, 0.9844879), (-0.11983087, 0.09470284, 0.9882671), (-0.09621858, 0.062503114, 0.9933959), (0.025093803, 0.07295069, 0.99701977), (-0.01790676, 0.07133079, 0.997292), (-0.11163163, 0.13535854, 0.9844879), (0.025093803, 0.07295069, 0.99701977), (-0.045967307, 0.09198815, 0.9946986), (-0.021495633, 0.038656026, 0.99902135), (-0.01790676, 0.07133079, 0.997292), (-0.045967307, 0.09198815, 0.9946986), (-0.14534144, 0.084787644, 0.98574185), (-0.10357103, 0.11023886, 0.988494), (-0.021495633, 0.038656026, 0.99902135), (-0.14534144, 0.084787644, 0.98574185), (-0.038990717, 0.061414372, 0.99735045), (-0.06556382, 0.14291252, 0.98756135), (-0.10357103, 0.11023886, 0.988494), (-0.038990717, 0.061414372, 0.99735045), (0.06276337, 0.075071126, 0.99520105), (0.029526921, 0.075619936, 0.99669945), (-0.06556382, 0.14291252, 0.98756135), (0.06276337, 0.075071126, 0.99520105), (-0.048251364, 0.106374316, 0.9931547), (-0.016422004, 0.050851576, 0.9985712), (0.029526921, 0.075619936, 0.99669945), (-0.048251364, 0.106374316, 0.9931547), (-0.12717786, 0.09231938, 0.9875743), (-0.09971608, 0.118912034, 0.9878849), (-0.016422004, 0.050851576, 0.9985712), (-0.12717786, 0.09231938, 0.9875743), (0.0079953605, 0.055477012, 0.9984279), (-0.02435301, 0.1427463, 0.98945963), (-0.09971608, 0.118912034, 0.9878849), (0.0079953605, 0.055477012, 0.9984279), (0.078088135, 0.07609005, 0.99403846), (0.059722677, 0.0794839, 0.9950455), (-0.02435301, 0.1427463, 0.98945963), (0.078088135, 0.07609005, 0.99403846), (-0.058173727, 0.11807803, 0.9912988), (-0.024258673, 0.062776014, 0.99773276), (0.059722677, 0.0794839, 0.9950455), (-0.058173727, 0.11807803, 0.9912988), (-0.102131516, 0.09461593, 0.99026114), (-0.09210676, 0.12170804, 0.9882831), (-0.024258673, 0.062776014, 0.99773276), (-0.102131516, 0.09461593, 0.99026114), (0.04881702, 0.04761031, 0.9976724), (0.016518211, 0.13804373, 0.9902884), (-0.09210676, 0.12170804, 0.9882831), (0.04881702, 0.04761031, 0.9976724), (0.079093955, 0.07731213, 0.9938647), (0.07724917, 0.08414089, 0.99345505), (0.016518211, 0.13804373, 0.9902884), (0.079093955, 0.07731213, 0.9938647), (-0.06614373, 0.12607127, 0.9898136), (-0.035926763, 0.073425435, 0.99665344), (0.07724917, 0.08414089, 0.99345505), (-0.06614373, 0.12607127, 0.9898136), (-0.068279825, 0.09237492, 0.9933805), (-0.07595866, 0.11917266, 0.9899637), (-0.035926763, 0.073425435, 0.99665344), (-0.068279825, 0.09237492, 0.9933805), (0.082566515, 0.04004842, 0.9957806), (0.055734523, 0.13025132, 0.9899132), (-0.07595866, 0.11917266, 0.9899637), (0.082566515, 0.04004842, 0.9957806), (0.07109459, 0.07852024, 0.9943742), (0.08466024, 0.089471355, 0.99238473), (0.055734523, 0.13025132, 0.9899132), (0.07109459, 0.07852024, 0.9943742), (-0.066160485, 0.12911877, 0.9894196), (-0.04494683, 0.08187593, 0.99562854), (0.08466024, 0.089471355, 0.99238473), (-0.066160485, 0.12911877, 0.9894196), (-0.026764102, 0.08668244, 0.99587643), (-0.049986225, 0.11178377, 0.99247456), (-0.04494683, 0.08187593, 0.99562854), (-0.026764102, 0.08668244, 0.99587643), (0.10838458, 0.034269735, 0.99351823), (0.091346465, 0.120013796, 0.9885608), (-0.049986225, 0.11178377, 0.99247456), (0.10838458, 0.034269735, 0.99351823), (0.060008418, 0.078608625, 0.9950978), (0.08569523, 0.09462233, 0.991818), (0.091346465, 0.120013796, 0.9885608), (0.060008418, 0.078608625, 0.9950978), (-0.05337462, 0.12629394, 0.9905559), (-0.04516015, 0.0871895, 0.99516755), (0.08569523, 0.09462233, 0.991818), (-0.05337462, 0.12629394, 0.9905559), (0.020842887, 0.078689285, 0.9966813), (-0.013952227, 0.09990672, 0.994899), (-0.04516015, 0.0871895, 0.99516755), (0.020842887, 0.078689285, 0.9966813), (0.12774587, 0.030679327, 0.9913323), (0.12300163, 0.107395545, 0.9865784), (-0.013952227, 0.09990672, 0.994899), (0.12774587, 0.030679327, 0.9913323), (0.054241452, 0.07596948, 0.9956337), (0.08697678, 0.097984515, 0.99137986), (0.12300163, 0.107395545, 0.9865784), (0.054241452, 0.07596948, 0.9956337), (-0.021638948, 0.11690317, 0.9929076), (-0.02828654, 0.0879858, 0.99571997), (0.08697678, 0.097984515, 0.99137986), (-0.021638948, 0.11690317, 0.9929076), (0.07645998, 0.068951964, 0.99468565), (0.03531473, 0.08355784, 0.995877), (-0.02828654, 0.0879858, 0.99571997), (0.07645998, 0.068951964, 0.99468565), (0.14973131, 0.028262816, 0.9883227), (0.15678439, 0.09144333, 0.98339045), (0.03531473, 0.08355784, 0.995877), (0.14973131, 0.028262816, 0.9883227), (0.07327736, 0.0680488, 0.99498737), (0.10576293, 0.09606983, 0.9897397), (0.15678439, 0.09144333, 0.98339045), (0.07327736, 0.0680488, 0.99498737), (0.05147402, 0.09892715, 0.99376243), (0.031047635, 0.08105884, 0.9962256), (0.10576293, 0.09606983, 0.9897397), (0.05147402, 0.09892715, 0.99376243), (0.17157306, 0.055768885, 0.9835916), (0.13014024, 0.060873363, 0.9896251), (0.031047635, 0.08105884, 0.9962256), (0.17157306, 0.055768885, 0.9835916), (0.25074536, 0.022288213, 0.96779644), (0.25998303, 0.064811334, 0.96343565), (0.13014024, 0.060873363, 0.9896251), (0.25074536, 0.022288213, 0.96779644), (0.56231546, 0.020069301, 0.8266793), (0.58824795, 0.053261545, 0.80692476), (0.25998303, 0.064811334, 0.96343565), (0.56231546, 0.020069301, 0.8266793), (0.95412064, 0.0074342974, 0.29933026), (0.95017964, 0.014620023, 0.31135964), (0.58824795, 0.053261545, 0.80692476), (-0.9495259, 0.009526683, 0.31354406), (-0.5615982, 0.06885671, 0.82454014), (-0.5463907, 0.051965747, 0.8359167), (-0.94581497, 0.010629808, 0.32453212), (-0.5615982, 0.06885671, 0.82454014), (-0.2288634, 0.10796487, 0.96745294), (-0.23502007, 0.07709933, 0.96892786), (-0.5463907, 0.051965747, 0.8359167), (-0.2288634, 0.10796487, 0.96745294), (-0.11502223, 0.060836248, 0.99149823), (-0.16338766, 0.07533527, 0.9836814), (-0.23502007, 0.07709933, 0.96892786), (-0.11502223, 0.060836248, 0.99149823), (-0.065062575, 0.026680715, 0.99752444), (-0.037689783, 0.09243669, 0.99500495), (-0.16338766, 0.07533527, 0.9836814), (-0.065062575, 0.026680715, 0.99752444), (-0.11983087, 0.09470284, 0.9882671), (-0.05304971, 0.11511226, 0.9919349), (-0.037689783, 0.09243669, 0.99500495), (-0.11983087, 0.09470284, 0.9882671), (-0.11163163, 0.13535854, 0.9844879), (-0.14166927, 0.10497151, 0.9843327), (-0.05304971, 0.11511226, 0.9919349), (-0.11163163, 0.13535854, 0.9844879), (-0.01790676, 0.07133079, 0.997292), (-0.08112991, 0.08377096, 0.99317694), (-0.14166927, 0.10497151, 0.9843327), (-0.01790676, 0.07133079, 0.997292), (-0.021495633, 0.038656026, 0.99902135), (0.023913639, 0.10596114, 0.9940827), (-0.08112991, 0.08377096, 0.99317694), (-0.021495633, 0.038656026, 0.99902135), (-0.10357103, 0.11023886, 0.988494), (-0.0338283, 0.13911964, 0.9896976), (0.023913639, 0.10596114, 0.9940827), (-0.10357103, 0.11023886, 0.988494), (-0.06556382, 0.14291252, 0.98756135), (-0.11791246, 0.11824244, 0.9859592), (-0.0338283, 0.13911964, 0.9896976), (-0.06556382, 0.14291252, 0.98756135), (0.029526921, 0.075619936, 0.99669945), (-0.03398875, 0.08488293, 0.99581105), (-0.11791246, 0.11824244, 0.9859592), (0.029526921, 0.075619936, 0.99669945), (-0.016422004, 0.050851576, 0.9985712), (0.04738256, 0.11515595, 0.9922167), (-0.03398875, 0.08488293, 0.99581105), (-0.016422004, 0.050851576, 0.9985712), (-0.09971608, 0.118912034, 0.9878849), (-0.036628224, 0.15653789, 0.98699254), (0.04738256, 0.11515595, 0.9922167), (-0.09971608, 0.118912034, 0.9878849), (-0.02435301, 0.1427463, 0.98945963), (-0.09549718, 0.1254467, 0.9874935), (-0.036628224, 0.15653789, 0.98699254), (-0.02435301, 0.1427463, 0.98945963), (0.059722677, 0.0794839, 0.9950455), (0.005457768, 0.08381409, 0.99646646), (-0.09549718, 0.1254467, 0.9874935), (0.059722677, 0.0794839, 0.9950455), (-0.024258673, 0.062776014, 0.99773276), (0.053894207, 0.12239799, 0.99101675), (0.005457768, 0.08381409, 0.99646646), (-0.024258673, 0.062776014, 0.99773276), (-0.09210676, 0.12170804, 0.9882831), (-0.04332, 0.16913818, 0.9846399), (0.053894207, 0.12239799, 0.99101675), (-0.09210676, 0.12170804, 0.9882831), (0.016518211, 0.13804373, 0.9902884), (-0.06693564, 0.12864707, 0.98942894), (-0.04332, 0.16913818, 0.9846399), (0.016518211, 0.13804373, 0.9902884), (0.07724917, 0.08414089, 0.99345505), (0.038753893, 0.08148721, 0.9959206), (-0.06693564, 0.12864707, 0.98942894), (0.07724917, 0.08414089, 0.99345505), (-0.035926763, 0.073425435, 0.99665344), (0.04966862, 0.1277603, 0.99056065), (0.038753893, 0.08148721, 0.9959206), (-0.035926763, 0.073425435, 0.99665344), (-0.07595866, 0.11917266, 0.9899637), (-0.046177167, 0.17748883, 0.9830388), (0.04966862, 0.1277603, 0.99056065), (-0.07595866, 0.11917266, 0.9899637), (0.055734523, 0.13025132, 0.9899132), (-0.031752344, 0.12837026, 0.9912178), (-0.046177167, 0.17748883, 0.9830388), (0.055734523, 0.13025132, 0.9899132), (0.08466024, 0.089471355, 0.99238473), (0.06481185, 0.07784618, 0.9948565), (-0.031752344, 0.12837026, 0.9912178), (0.08466024, 0.089471355, 0.99238473), (-0.04494683, 0.08187593, 0.99562854), (0.039709043, 0.13092014, 0.99059737), (0.06481185, 0.07784618, 0.9948565), (-0.04494683, 0.08187593, 0.99562854), (-0.049986225, 0.11178377, 0.99247456), (-0.040266253, 0.18137695, 0.98258895), (0.039709043, 0.13092014, 0.99059737), (-0.049986225, 0.11178377, 0.99247456), (0.091346465, 0.120013796, 0.9885608), (0.008323515, 0.12426652, 0.992214), (-0.040266253, 0.18137695, 0.98258895), (0.091346465, 0.120013796, 0.9885608), (0.08569523, 0.09462233, 0.991818), (0.08347189, 0.07277266, 0.9938494), (0.008323515, 0.12426652, 0.992214), (0.08569523, 0.09462233, 0.991818), (-0.04516015, 0.0871895, 0.99516755), (0.030044949, 0.13127393, 0.99089074), (0.08347189, 0.07277266, 0.9938494), (-0.04516015, 0.0871895, 0.99516755), (-0.013952227, 0.09990672, 0.994899), (-0.021806648, 0.17950064, 0.98351616), (0.030044949, 0.13127393, 0.99089074), (-0.013952227, 0.09990672, 0.994899), (0.12300163, 0.107395545, 0.9865784), (0.05176433, 0.11559321, 0.99194694), (-0.021806648, 0.17950064, 0.98351616), (0.12300163, 0.107395545, 0.9865784), (0.08697678, 0.097984515, 0.99137986), (0.09785045, 0.066236764, 0.9929944), (0.05176433, 0.11559321, 0.99194694), (0.08697678, 0.097984515, 0.99137986), (-0.02828654, 0.0879858, 0.99571997), (0.029842135, 0.12722147, 0.99142534), (0.09785045, 0.066236764, 0.9929944), (-0.02828654, 0.0879858, 0.99571997), (0.03531473, 0.08355784, 0.995877), (0.014933129, 0.16898373, 0.9855057), (0.029842135, 0.12722147, 0.99142534), (0.03531473, 0.08355784, 0.995877), (0.15678439, 0.09144333, 0.98339045), (0.102399416, 0.10125994, 0.9895761), (0.014933129, 0.16898373, 0.9855057), (0.15678439, 0.09144333, 0.98339045), (0.10576293, 0.09606983, 0.9897397), (0.121956445, 0.05730731, 0.99087965), (0.102399416, 0.10125994, 0.9895761), (0.10576293, 0.09606983, 0.9897397), (0.031047635, 0.08105884, 0.9962256), (0.064997666, 0.11349845, 0.99140984), (0.121956445, 0.05730731, 0.99087965), (0.031047635, 0.08105884, 0.9962256), (0.13014024, 0.060873363, 0.9896251), (0.10308405, 0.14222111, 0.98445255), (0.064997666, 0.11349845, 0.99140984), (0.13014024, 0.060873363, 0.9896251), (0.25998303, 0.064811334, 0.96343565), (0.2234628, 0.07656453, 0.9717007), (0.10308405, 0.14222111, 0.98445255), (0.25998303, 0.064811334, 0.96343565), (0.58824795, 0.053261545, 0.80692476), (0.56585586, 0.018168328, 0.8243039), (0.2234628, 0.07656453, 0.9717007), (0.58824795, 0.053261545, 0.80692476), (0.95017964, 0.014620023, 0.31135964), (0.9470715, 0.002352768, 0.3210141), (0.56585586, 0.018168328, 0.8243039), (-0.94581497, 0.010629808, 0.32453212), (-0.5463907, 0.051965747, 0.8359167), (-0.5137647, 0.0412528, 0.8569388), (-0.9431576, 0.0030704122, 0.33233175), (-0.5463907, 0.051965747, 0.8359167), (-0.23502007, 0.07709933, 0.96892786), (-0.19985044, 0.10908414, 0.9737353), (-0.5137647, 0.0412528, 0.8569388), (-0.23502007, 0.07709933, 0.96892786), (-0.16338766, 0.07533527, 0.9836814), (-0.16854383, 0.14680044, 0.9747012), (-0.19985044, 0.10908414, 0.9737353), (-0.16338766, 0.07533527, 0.9836814), (-0.037689783, 0.09243669, 0.99500495), (-0.058279224, 0.1191086, 0.9911694), (-0.16854383, 0.14680044, 0.9747012), (-0.037689783, 0.09243669, 0.99500495), (-0.05304971, 0.11511226, 0.9919349), (-0.030746456, 0.09622182, 0.9948849), (-0.058279224, 0.1191086, 0.9911694), (-0.05304971, 0.11511226, 0.9919349), (-0.14166927, 0.10497151, 0.9843327), (-0.11675705, 0.13891418, 0.9833975), (-0.030746456, 0.09622182, 0.9948849), (-0.14166927, 0.10497151, 0.9843327), (-0.08112991, 0.08377096, 0.99317694), (-0.10222997, 0.17162517, 0.9798438), (-0.11675705, 0.13891418, 0.9833975), (-0.08112991, 0.08377096, 0.99317694), (0.023913639, 0.10596114, 0.9940827), (0.012607006, 0.14042282, 0.9900114), (-0.10222997, 0.17162517, 0.9798438), (0.023913639, 0.10596114, 0.9940827), (-0.0338283, 0.13911964, 0.9896976), (-0.0017903188, 0.1165384, 0.99318457), (0.012607006, 0.14042282, 0.9900114), (-0.0338283, 0.13911964, 0.9896976), (-0.11791246, 0.11824244, 0.9859592), (-0.10937636, 0.15281947, 0.9821828), (-0.0017903188, 0.1165384, 0.99318457), (-0.11791246, 0.11824244, 0.9859592), (-0.03398875, 0.08488293, 0.99581105), (-0.06530935, 0.18145256, 0.98122865), (-0.10937636, 0.15281947, 0.9821828), (-0.03398875, 0.08488293, 0.99581105), (0.04738256, 0.11515595, 0.9922167), (0.052434914, 0.15364009, 0.9867346), (-0.06530935, 0.18145256, 0.98122865), (0.04738256, 0.11515595, 0.9922167), (-0.036628224, 0.15653789, 0.98699254), (0.00078177295, 0.13168772, 0.9912909), (0.052434914, 0.15364009, 0.9867346), (-0.036628224, 0.15653789, 0.98699254), (-0.09549718, 0.1254467, 0.9874935), (-0.10711377, 0.16023266, 0.98125035), (0.00078177295, 0.13168772, 0.9912909), (-0.09549718, 0.1254467, 0.9874935), (0.005457768, 0.08381409, 0.99646646), (-0.029807504, 0.1851769, 0.982253), (-0.10711377, 0.16023266, 0.98125035), (0.005457768, 0.08381409, 0.99646646), (0.053894207, 0.12239799, 0.99101675), (0.0776127, 0.16255127, 0.9836429), (-0.029807504, 0.1851769, 0.982253), (0.053894207, 0.12239799, 0.99101675), (-0.04332, 0.16913818, 0.9846399), (-0.007141917, 0.14275834, 0.98973185), (0.0776127, 0.16255127, 0.9836429), (-0.04332, 0.16913818, 0.9846399), (-0.06693564, 0.12864707, 0.98942894), (-0.0994329, 0.16357817, 0.98150665), (-0.007141917, 0.14275834, 0.98973185), (-0.06693564, 0.12864707, 0.98942894), (0.038753893, 0.08148721, 0.9959206), (0.006377592, 0.18487218, 0.9827419), (-0.0994329, 0.16357817, 0.98150665), (0.038753893, 0.08148721, 0.9959206), (0.04966862, 0.1277603, 0.99056065), (0.09099832, 0.16779281, 0.9816134), (0.006377592, 0.18487218, 0.9827419), (0.04966862, 0.1277603, 0.99056065), (-0.046177167, 0.17748883, 0.9830388), (-0.018320072, 0.15005945, 0.9885073), (0.09099832, 0.16779281, 0.9816134), (-0.046177167, 0.17748883, 0.9830388), (-0.031752344, 0.12837026, 0.9912178), (-0.08267952, 0.1634918, 0.983074), (-0.018320072, 0.15005945, 0.9885073), (-0.031752344, 0.12837026, 0.9912178), (0.06481185, 0.07784618, 0.9948565), (0.041690845, 0.1807306, 0.98264855), (-0.08267952, 0.1634918, 0.983074), (0.06481185, 0.07784618, 0.9948565), (0.039709043, 0.13092014, 0.99059737), (0.09465698, 0.16949327, 0.9809751), (0.041690845, 0.1807306, 0.98264855), (0.039709043, 0.13092014, 0.99059737), (-0.040266253, 0.18137695, 0.98258895), (-0.026850577, 0.15368919, 0.98775434), (0.09465698, 0.16949327, 0.9809751), (-0.040266253, 0.18137695, 0.98258895), (0.008323515, 0.12426652, 0.992214), (-0.05576995, 0.15935287, 0.9856452), (-0.026850577, 0.15368919, 0.98775434), (0.008323515, 0.12426652, 0.992214), (0.08347189, 0.07277266, 0.9938494), (0.074203536, 0.17222744, 0.9822584), (-0.05576995, 0.15935287, 0.9856452), (0.08347189, 0.07277266, 0.9938494), (0.030044949, 0.13127393, 0.99089074), (0.092172824, 0.16758767, 0.9815389), (0.074203536, 0.17222744, 0.9822584), (0.030044949, 0.13127393, 0.99089074), (-0.021806648, 0.17950064, 0.98351616), (-0.026614893, 0.15307735, 0.9878557), (0.092172824, 0.16758767, 0.9815389), (-0.021806648, 0.17950064, 0.98351616), (0.05176433, 0.11559321, 0.99194694), (-0.018301412, 0.14955738, 0.9885836), (-0.026614893, 0.15307735, 0.9878557), (0.05176433, 0.11559321, 0.99194694), (0.09785045, 0.066236764, 0.9929944), (0.10380972, 0.1584522, 0.98189425), (-0.018301412, 0.14955738, 0.9885836), (0.09785045, 0.066236764, 0.9929944), (0.029842135, 0.12722147, 0.99142534), (0.0907097, 0.16109437, 0.98276156), (0.10380972, 0.1584522, 0.98189425), (0.029842135, 0.12722147, 0.99142534), (0.014933129, 0.16898373, 0.9855057), (-0.008451482, 0.14602762, 0.9892444), (0.0907097, 0.16109437, 0.98276156), (0.014933129, 0.16898373, 0.9855057), (0.102399416, 0.10125994, 0.9895761), (0.034242816, 0.1314455, 0.99073184), (-0.008451482, 0.14602762, 0.9892444), (0.102399416, 0.10125994, 0.9895761), (0.121956445, 0.05730731, 0.99087965), (0.1391581, 0.13688421, 0.98076385), (0.034242816, 0.1314455, 0.99073184), (0.121956445, 0.05730731, 0.99087965), (0.064997666, 0.11349845, 0.99140984), (0.11298804, 0.14503945, 0.98295337), (0.1391581, 0.13688421, 0.98076385), (0.064997666, 0.11349845, 0.99140984), (0.10308405, 0.14222111, 0.98445255), (0.06460854, 0.12513386, 0.990034), (0.11298804, 0.14503945, 0.98295337), (0.10308405, 0.14222111, 0.98445255), (0.2234628, 0.07656453, 0.9717007), (0.16338204, 0.0959704, 0.98188394), (0.06460854, 0.12513386, 0.990034), (0.2234628, 0.07656453, 0.9717007), (0.56585586, 0.018168328, 0.8243039), (0.53629273, 0.062500335, 0.8417148), (0.16338204, 0.0959704, 0.98188394), (0.56585586, 0.018168328, 0.8243039), (0.9470715, 0.002352768, 0.3210141), (0.9432849, 0.017333785, 0.3315313), (0.53629273, 0.062500335, 0.8417148), (-0.9431576, 0.0030704122, 0.33233175), (-0.5137647, 0.0412528, 0.8569388), (-0.46968696, 0.10390902, 0.8766967), (-0.93730503, 0.02431903, 0.34766042), (-0.5137647, 0.0412528, 0.8569388), (-0.19985044, 0.10908414, 0.9737353), (-0.15174003, 0.15485169, 0.9762151), (-0.46968696, 0.10390902, 0.8766967), (-0.19985044, 0.10908414, 0.9737353), (-0.16854383, 0.14680044, 0.9747012), (-0.163625, 0.16845465, 0.9720339), (-0.15174003, 0.15485169, 0.9762151), (-0.16854383, 0.14680044, 0.9747012), (-0.058279224, 0.1191086, 0.9911694), (-0.08734718, 0.17797962, 0.98014987), (-0.163625, 0.16845465, 0.9720339), (-0.058279224, 0.1191086, 0.9911694), (-0.030746456, 0.09622182, 0.9948849), (-0.0151302805, 0.19142015, 0.9813916), (-0.08734718, 0.17797962, 0.98014987), (-0.030746456, 0.09622182, 0.9948849), (-0.11675705, 0.13891418, 0.9833975), (-0.06906177, 0.20117599, 0.9771176), (-0.0151302805, 0.19142015, 0.9813916), (-0.11675705, 0.13891418, 0.9833975), (-0.10222997, 0.17162517, 0.9798438), (-0.10772737, 0.2050482, 0.97280526), (-0.06906177, 0.20117599, 0.9771176), (-0.10222997, 0.17162517, 0.9798438), (0.012607006, 0.14042282, 0.9900114), (-0.02458888, 0.20521411, 0.97840816), (-0.10772737, 0.2050482, 0.97280526), (0.012607006, 0.14042282, 0.9900114), (-0.0017903188, 0.1165384, 0.99318457), (0.015016822, 0.2140194, 0.976714), (-0.02458888, 0.20521411, 0.97840816), (-0.0017903188, 0.1165384, 0.99318457), (-0.10937636, 0.15281947, 0.9821828), (-0.063786894, 0.22247134, 0.9728503), (0.015016822, 0.2140194, 0.976714), (-0.10937636, 0.15281947, 0.9821828), (-0.06530935, 0.18145256, 0.98122865), (-0.07754417, 0.22483714, 0.9713059), (-0.063786894, 0.22247134, 0.9728503), (-0.06530935, 0.18145256, 0.98122865), (0.052434914, 0.15364009, 0.9867346), (0.015186827, 0.22004838, 0.97537076), (-0.07754417, 0.22483714, 0.9713059), (0.052434914, 0.15364009, 0.9867346), (0.00078177295, 0.13168772, 0.9912909), (0.019757897, 0.2260044, 0.9739259), (0.015186827, 0.22004838, 0.97537076), (0.00078177295, 0.13168772, 0.9912909), (-0.10711377, 0.16023266, 0.98125035), (-0.06709009, 0.23457997, 0.9697789), (0.019757897, 0.2260044, 0.9739259), (-0.10711377, 0.16023266, 0.98125035), (-0.029807504, 0.1851769, 0.982253), (-0.046676558, 0.23664704, 0.9704739), (-0.06709009, 0.23457997, 0.9697789), (-0.029807504, 0.1851769, 0.982253), (0.0776127, 0.16255127, 0.9836429), (0.04506045, 0.22802937, 0.97261095), (-0.046676558, 0.23664704, 0.9704739), (0.0776127, 0.16255127, 0.9836429), (-0.007141917, 0.14275834, 0.98973185), (0.012828411, 0.23158598, 0.9727298), (0.04506045, 0.22802937, 0.97261095), (-0.007141917, 0.14275834, 0.98973185), (-0.0994329, 0.16357817, 0.98150665), (-0.06809039, 0.24088892, 0.96816134), (0.012828411, 0.23158598, 0.9727298), (-0.0994329, 0.16357817, 0.98150665), (0.006377592, 0.18487218, 0.9827419), (-0.012640438, 0.2423389, 0.97010934), (-0.06809039, 0.24088892, 0.96816134), (0.006377592, 0.18487218, 0.9827419), (0.09099832, 0.16779281, 0.9816134), (0.06605201, 0.23050097, 0.9708277), (-0.012640438, 0.2423389, 0.97010934), (0.09099832, 0.16779281, 0.9816134), (-0.018320072, 0.15005945, 0.9885073), (0.0002937941, 0.23217268, 0.9726746), (0.06605201, 0.23050097, 0.9708277), (-0.018320072, 0.15005945, 0.9885073), (-0.08267952, 0.1634918, 0.983074), (-0.062001966, 0.24251534, 0.96816427), (0.0002937941, 0.23217268, 0.9726746), (-0.08267952, 0.1634918, 0.983074), (0.041690845, 0.1807306, 0.98264855), (0.02328614, 0.24209999, 0.96997184), (-0.062001966, 0.24251534, 0.96816427), (0.041690845, 0.1807306, 0.98264855), (0.09465698, 0.16949327, 0.9809751), (0.07825234, 0.22769395, 0.9705833), (0.02328614, 0.24209999, 0.96997184), (0.09465698, 0.16949327, 0.9809751), (-0.026850577, 0.15368919, 0.98775434), (-0.012556217, 0.2282182, 0.973529), (0.07825234, 0.22769395, 0.9705833), (-0.026850577, 0.15368919, 0.98775434), (-0.05576995, 0.15935287, 0.9856452), (-0.046186708, 0.23932253, 0.969841), (-0.012556217, 0.2282182, 0.973529), (-0.05576995, 0.15935287, 0.9856452), (0.074203536, 0.17222744, 0.9822584), (0.058957916, 0.23538077, 0.97011334), (-0.046186708, 0.23932253, 0.969841), (0.074203536, 0.17222744, 0.9822584), (0.092172824, 0.16758767, 0.9815389), (0.08321652, 0.2192294, 0.972118), (0.058957916, 0.23538077, 0.97011334), (0.092172824, 0.16758767, 0.9815389), (-0.026614893, 0.15307735, 0.9878557), (-0.019668449, 0.21930918, 0.9754571), (0.08321652, 0.2192294, 0.972118), (-0.026614893, 0.15307735, 0.9878557), (-0.018301412, 0.14955738, 0.9885836), (-0.01876858, 0.22984658, 0.9730459), (-0.019668449, 0.21930918, 0.9754571), (-0.018301412, 0.14955738, 0.9885836), (0.10380972, 0.1584522, 0.98189425), (0.093317576, 0.22086309, 0.97083026), (-0.01876858, 0.22984658, 0.9730459), (0.10380972, 0.1584522, 0.98189425), (0.0907097, 0.16109437, 0.98276156), (0.08617512, 0.20363782, 0.97524637), (0.093317576, 0.22086309, 0.97083026), (0.0907097, 0.16109437, 0.98276156), (-0.008451482, 0.14602762, 0.9892444), (-0.011618172, 0.20322151, 0.97906387), (0.08617512, 0.20363782, 0.97524637), (-0.008451482, 0.14602762, 0.9892444), (0.034242816, 0.1314455, 0.99073184), (0.02536131, 0.21020658, 0.97732794), (-0.011618172, 0.20322151, 0.97906387), (0.034242816, 0.1314455, 0.99073184), (0.1391581, 0.13688421, 0.98076385), (0.13253225, 0.19465265, 0.97187734), (0.02536131, 0.21020658, 0.97732794), (0.1391581, 0.13688421, 0.98076385), (0.11298804, 0.14503945, 0.98295337), (0.10698389, 0.1752906, 0.97868663), (0.13253225, 0.19465265, 0.97187734), (0.11298804, 0.14503945, 0.98295337), (0.06460854, 0.12513386, 0.990034), (0.0470461, 0.17055055, 0.98422515), (0.10698389, 0.1752906, 0.97868663), (0.06460854, 0.12513386, 0.990034), (0.16338204, 0.0959704, 0.98188394), (0.14267631, 0.16400246, 0.97608745), (0.0470461, 0.17055055, 0.98422515), (0.16338204, 0.0959704, 0.98188394), (0.53629273, 0.062500335, 0.8417148), (0.5184132, 0.10346384, 0.848848), (0.14267631, 0.16400246, 0.97608745), (0.53629273, 0.062500335, 0.8417148), (0.9432849, 0.017333785, 0.3315313), (0.9344029, 0.02469407, 0.35536087), (0.5184132, 0.10346384, 0.848848), (-0.93730503, 0.02431903, 0.34766042), (-0.46968696, 0.10390902, 0.8766967), (-0.3619715, 0.36830744, 0.85634476), (-0.8937524, 0.13487816, 0.42780206), (-0.46968696, 0.10390902, 0.8766967), (-0.15174003, 0.15485169, 0.9762151), (-0.10747142, 0.47159472, 0.8752418), (-0.3619715, 0.36830744, 0.85634476), (-0.15174003, 0.15485169, 0.9762151), (-0.163625, 0.16845465, 0.9720339), (-0.103667624, 0.50499815, 0.85687214), (-0.10747142, 0.47159472, 0.8752418), (-0.163625, 0.16845465, 0.9720339), (-0.08734718, 0.17797962, 0.98014987), (-0.04692704, 0.56197464, 0.8258222), (-0.103667624, 0.50499815, 0.85687214), (-0.08734718, 0.17797962, 0.98014987), (-0.0151302805, 0.19142015, 0.9813916), (-0.012894249, 0.5767287, 0.816834), (-0.04692704, 0.56197464, 0.8258222), (-0.0151302805, 0.19142015, 0.9813916), (-0.06906177, 0.20117599, 0.9771176), (-0.05420524, 0.5484155, 0.83444726), (-0.012894249, 0.5767287, 0.816834), (-0.06906177, 0.20117599, 0.9771176), (-0.10772737, 0.2050482, 0.97280526), (-0.066994645, 0.5550412, 0.82912064), (-0.05420524, 0.5484155, 0.83444726), (-0.10772737, 0.2050482, 0.97280526), (-0.02458888, 0.20521411, 0.97840816), (-0.0051517775, 0.6067442, 0.79488045), (-0.066994645, 0.5550412, 0.82912064), (-0.02458888, 0.20521411, 0.97840816), (0.015016822, 0.2140194, 0.976714), (0.005439193, 0.6166501, 0.7872186), (-0.0051517775, 0.6067442, 0.79488045), (0.015016822, 0.2140194, 0.976714), (-0.063786894, 0.22247134, 0.9728503), (-0.05151519, 0.5774301, 0.8148132), (0.005439193, 0.6166501, 0.7872186), (-0.063786894, 0.22247134, 0.9728503), (-0.07754417, 0.22483714, 0.9713059), (-0.047727376, 0.575539, 0.8163803), (-0.05151519, 0.5774301, 0.8148132), (-0.07754417, 0.22483714, 0.9713059), (0.015186827, 0.22004838, 0.97537076), (0.020269651, 0.62773985, 0.7781593), (-0.047727376, 0.575539, 0.8163803), (0.015186827, 0.22004838, 0.97537076), (0.019757897, 0.2260044, 0.9739259), (0.007810526, 0.63739157, 0.7705004), (0.020269651, 0.62773985, 0.7781593), (0.019757897, 0.2260044, 0.9739259), (-0.06709009, 0.23457997, 0.9697789), (-0.05361063, 0.59217703, 0.8040225), (0.007810526, 0.63739157, 0.7705004), (-0.06709009, 0.23457997, 0.9697789), (-0.046676558, 0.23664704, 0.9704739), (-0.02792322, 0.5851017, 0.810479), (-0.05361063, 0.59217703, 0.8040225), (-0.046676558, 0.23664704, 0.9704739), (0.04506045, 0.22802937, 0.97261095), (0.03838325, 0.6376725, 0.76935065), (-0.02792322, 0.5851017, 0.810479), (0.04506045, 0.22802937, 0.97261095), (0.012828411, 0.23158598, 0.9727298), (0.0035568872, 0.6476896, 0.7618961), (0.03838325, 0.6376725, 0.76935065), (0.012828411, 0.23158598, 0.9727298), (-0.06809039, 0.24088892, 0.96816134), (-0.05359877, 0.5988664, 0.79905325), (0.0035568872, 0.6476896, 0.7618961), (-0.06809039, 0.24088892, 0.96816134), (-0.012640438, 0.2423389, 0.97010934), (-0.0061034886, 0.5882269, 0.80867285), (-0.05359877, 0.5988664, 0.79905325), (-0.012640438, 0.2423389, 0.97010934), (0.06605201, 0.23050097, 0.9708277), (0.05035727, 0.63989985, 0.76680654), (-0.0061034886, 0.5882269, 0.80867285), (0.06605201, 0.23050097, 0.9708277), (0.0002937941, 0.23217268, 0.9726746), (-0.0033773687, 0.6499206, 0.7599946), (0.05035727, 0.63989985, 0.76680654), (0.0002937941, 0.23217268, 0.9726746), (-0.062001966, 0.24251534, 0.96816427), (-0.048743315, 0.5995613, 0.7988432), (-0.0033773687, 0.6499206, 0.7599946), (-0.062001966, 0.24251534, 0.96816427), (0.02328614, 0.24209999, 0.96997184), (0.016710546, 0.5862494, 0.8099583), (-0.048743315, 0.5995613, 0.7988432), (0.02328614, 0.24209999, 0.96997184), (0.07825234, 0.22769395, 0.9705833), (0.056872293, 0.63510925, 0.7703257), (0.016710546, 0.5862494, 0.8099583), (0.07825234, 0.22769395, 0.9705833), (-0.012556217, 0.2282182, 0.973529), (-0.009982468, 0.6443961, 0.76462674), (0.056872293, 0.63510925, 0.7703257), (-0.012556217, 0.2282182, 0.973529), (-0.046186708, 0.23932253, 0.969841), (-0.03772912, 0.59459144, 0.8031423), (-0.009982468, 0.6443961, 0.76462674), (-0.046186708, 0.23932253, 0.969841), (0.058957916, 0.23538077, 0.97011334), (0.039099365, 0.5788423, 0.8145016), (-0.03772912, 0.59459144, 0.8031423), (0.058957916, 0.23538077, 0.97011334), (0.08321652, 0.2192294, 0.972118), (0.059407562, 0.6222484, 0.78056234), (0.039099365, 0.5788423, 0.8145016), (0.08321652, 0.2192294, 0.972118), (-0.019668449, 0.21930918, 0.9754571), (-0.013031684, 0.6298597, 0.7765996), (0.059407562, 0.6222484, 0.78056234), (-0.019668449, 0.21930918, 0.9754571), (-0.01876858, 0.22984658, 0.9730459), (-0.019590108, 0.58249587, 0.8125976), (-0.013031684, 0.6298597, 0.7765996), (-0.01876858, 0.22984658, 0.9730459), (0.093317576, 0.22086309, 0.97083026), (0.06061849, 0.5636032, 0.8238184), (-0.019590108, 0.58249587, 0.8125976), (0.093317576, 0.22086309, 0.97083026), (0.08617512, 0.20363782, 0.97524637), (0.06143069, 0.59759307, 0.79944277), (0.06061849, 0.5636032, 0.8238184), (0.08617512, 0.20363782, 0.97524637), (-0.011618172, 0.20322151, 0.97906387), (-0.0071324683, 0.60182065, 0.79859936), (0.06143069, 0.59759307, 0.79944277), (-0.011618172, 0.20322151, 0.97906387), (0.02536131, 0.21020658, 0.97732794), (0.009097694, 0.5575531, 0.8300915), (-0.0071324683, 0.60182065, 0.79859936), (0.02536131, 0.21020658, 0.97732794), (0.13253225, 0.19465265, 0.97187734), (0.08592351, 0.5322889, 0.84219104), (0.009097694, 0.5575531, 0.8300915), (0.13253225, 0.19465265, 0.97187734), (0.10698389, 0.1752906, 0.97868663), (0.07551216, 0.5479321, 0.8331076), (0.08592351, 0.5322889, 0.84219104), (0.10698389, 0.1752906, 0.97868663), (0.0470461, 0.17055055, 0.98422515), (0.030418996, 0.54023224, 0.84096605), (0.07551216, 0.5479321, 0.8331076), (0.0470461, 0.17055055, 0.98422515), (0.14267631, 0.16400246, 0.97608745), (0.08759141, 0.48773405, 0.8685869), (0.030418996, 0.54023224, 0.84096605), (0.14267631, 0.16400246, 0.97608745), (0.5184132, 0.10346384, 0.848848), (0.3809545, 0.35828137, 0.8523545), (0.08759141, 0.48773405, 0.8685869), (0.5184132, 0.10346384, 0.848848), (0.9344029, 0.02469407, 0.35536087), (0.8950678, 0.12557124, 0.427885), (0.3809545, 0.35828137, 0.8523545), (-0.8937524, 0.13487816, 0.42780206), (-0.3619715, 0.36830744, 0.85634476), (-0.13242054, 0.8908879, 0.43449214), (-0.6535359, 0.6508098, 0.38644195), (-0.3619715, 0.36830744, 0.85634476), (-0.10747142, 0.47159472, 0.8752418), (-0.030883439, 0.9341785, 0.35546684), (-0.13242054, 0.8908879, 0.43449214), (-0.10747142, 0.47159472, 0.8752418), (-0.103667624, 0.50499815, 0.85687214), (-0.017407225, 0.94415617, 0.3290382), (-0.030883439, 0.9341785, 0.35546684), (-0.103667624, 0.50499815, 0.85687214), (-0.04692704, 0.56197464, 0.8258222), (-0.0045252033, 0.9481936, 0.317661), (-0.017407225, 0.94415617, 0.3290382), (-0.04692704, 0.56197464, 0.8258222), (-0.012894249, 0.5767287, 0.816834), (-0.008816465, 0.95059067, 0.3103218), (-0.0045252033, 0.9481936, 0.317661), (-0.012894249, 0.5767287, 0.816834), (-0.05420524, 0.5484155, 0.83444726), (-0.017121643, 0.95487213, 0.29652292), (-0.008816465, 0.95059067, 0.3103218), (-0.05420524, 0.5484155, 0.83444726), (-0.066994645, 0.5550412, 0.82912064), (-0.006827172, 0.9585133, 0.28496584), (-0.017121643, 0.95487213, 0.29652292), (-0.066994645, 0.5550412, 0.82912064), (-0.0051517775, 0.6067442, 0.79488045), (0.005402511, 0.9585644, 0.28482473), (-0.006827172, 0.9585133, 0.28496584), (-0.0051517775, 0.6067442, 0.79488045), (0.005439193, 0.6166501, 0.7872186), (-0.005165199, 0.95872587, 0.284285), (0.005402511, 0.9585644, 0.28482473), (0.005439193, 0.6166501, 0.7872186), (-0.05151519, 0.5774301, 0.8148132), (-0.016303927, 0.9618128, 0.27322194), (-0.005165199, 0.95872587, 0.284285), (-0.05151519, 0.5774301, 0.8148132), (-0.047727376, 0.575539, 0.8163803), (-0.0021858644, 0.9641822, 0.26523206), (-0.016303927, 0.9618128, 0.27322194), (-0.047727376, 0.575539, 0.8163803), (0.020269651, 0.62773985, 0.7781593), (0.010647976, 0.96280813, 0.26997617), (-0.0021858644, 0.9641822, 0.26523206), (0.020269651, 0.62773985, 0.7781593), (0.007810526, 0.63739157, 0.7705004), (-0.004780703, 0.9623788, 0.2716695), (0.010647976, 0.96280813, 0.26997617), (0.007810526, 0.63739157, 0.7705004), (-0.05361063, 0.59217703, 0.8040225), (-0.016511012, 0.9652245, 0.26090056), (-0.004780703, 0.9623788, 0.2716695), (-0.05361063, 0.59217703, 0.8040225), (-0.02792322, 0.5851017, 0.810479), (0.0016883351, 0.96687895, 0.2552295), (-0.016511012, 0.9652245, 0.26090056), (-0.02792322, 0.5851017, 0.810479), (0.03838325, 0.6376725, 0.76935065), (0.0140719265, 0.9646056, 0.26332074), (0.0016883351, 0.96687895, 0.2552295), (0.03838325, 0.6376725, 0.76935065), (0.0035568872, 0.6476896, 0.7618961), (-0.005483119, 0.96400386, 0.26583177), (0.0140719265, 0.9646056, 0.26332074), (0.0035568872, 0.6476896, 0.7618961), (-0.05359877, 0.5988664, 0.79905325), (-0.016349867, 0.96680975, 0.2549738), (-0.005483119, 0.96400386, 0.26583177), (-0.05359877, 0.5988664, 0.79905325), (-0.0061034886, 0.5882269, 0.80867285), (0.0053784726, 0.9678613, 0.25142708), (-0.016349867, 0.96680975, 0.2549738), (-0.0061034886, 0.5882269, 0.80867285), (0.05035727, 0.63989985, 0.76680654), (0.016219936, 0.96491104, 0.26207536), (0.0053784726, 0.9678613, 0.25142708), (0.05035727, 0.63989985, 0.76680654), (-0.0033773687, 0.6499206, 0.7599946), (-0.00646412, 0.96426094, 0.2648755), (0.016219936, 0.96491104, 0.26207536), (-0.0033773687, 0.6499206, 0.7599946), (-0.048743315, 0.5995613, 0.7988432), (-0.015376169, 0.96703964, 0.25416115), (-0.00646412, 0.96426094, 0.2648755), (-0.048743315, 0.5995613, 0.7988432), (0.016710546, 0.5862494, 0.8099583), (0.0089081945, 0.96748656, 0.2527654), (-0.015376169, 0.96703964, 0.25416115), (0.016710546, 0.5862494, 0.8099583), (0.056872293, 0.63510925, 0.7703257), (0.017383391, 0.9639599, 0.26547924), (0.0089081945, 0.96748656, 0.2527654), (0.056872293, 0.63510925, 0.7703257), (-0.009982468, 0.6443961, 0.76462674), (-0.0071564973, 0.96323586, 0.2685621), (0.017383391, 0.9639599, 0.26547924), (-0.009982468, 0.6443961, 0.76462674), (-0.03772912, 0.59459144, 0.8031423), (-0.013368756, 0.9659074, 0.25854266), (-0.0071564973, 0.96323586, 0.2685621), (-0.03772912, 0.59459144, 0.8031423), (0.039099365, 0.5788423, 0.8145016), (0.012258198, 0.96567553, 0.25946203), (-0.013368756, 0.9659074, 0.25854266), (0.039099365, 0.5788423, 0.8145016), (0.059407562, 0.6222484, 0.78056234), (0.01794746, 0.9615379, 0.27408534), (0.012258198, 0.96567553, 0.25946203), (0.059407562, 0.6222484, 0.78056234), (-0.013031684, 0.6298597, 0.7765996), (-0.0069624432, 0.9605679, 0.27795842), (0.01794746, 0.9615379, 0.27408534), (-0.013031684, 0.6298597, 0.7765996), (-0.019590108, 0.58249587, 0.8125976), (-0.010038159, 0.96293, 0.26956436), (-0.0069624432, 0.9605679, 0.27795842), (-0.019590108, 0.58249587, 0.8125976), (0.06061849, 0.5636032, 0.8238184), (0.015676616, 0.9617842, 0.2733596), (-0.010038159, 0.96293, 0.26956436), (0.06061849, 0.5636032, 0.8238184), (0.06143069, 0.59759307, 0.79944277), (0.018716263, 0.9567006, 0.29047108), (0.015676616, 0.9617842, 0.2733596), (0.06143069, 0.59759307, 0.79944277), (-0.0071324683, 0.60182065, 0.79859936), (-0.004771537, 0.9549747, 0.29664877), (0.018716263, 0.9567006, 0.29047108), (-0.0071324683, 0.60182065, 0.79859936), (0.009097694, 0.5575531, 0.8300915), (-0.00427961, 0.9564112, 0.2919919), (-0.004771537, 0.9549747, 0.29664877), (0.009097694, 0.5575531, 0.8300915), (0.08592351, 0.5322889, 0.84219104), (0.020801244, 0.95340675, 0.30097002), (-0.00427961, 0.9564112, 0.2919919), (0.08592351, 0.5322889, 0.84219104), (0.07551216, 0.5479321, 0.8331076), (0.02285909, 0.94571525, 0.3241917), (0.020801244, 0.95340675, 0.30097002), (0.07551216, 0.5479321, 0.8331076), (0.030418996, 0.54023224, 0.84096605), (0.005133775, 0.94058573, 0.33951738), (0.02285909, 0.94571525, 0.3241917), (0.030418996, 0.54023224, 0.84096605), (0.08759141, 0.48773405, 0.8685869), (0.015588443, 0.9362626, 0.35095498), (0.005133775, 0.94058573, 0.33951738), (0.08759141, 0.48773405, 0.8685869), (0.3809545, 0.35828137, 0.8523545), (0.1359337, 0.8960577, 0.4226139), (0.015588443, 0.9362626, 0.35095498), (0.3809545, 0.35828137, 0.8523545), (0.8950678, 0.12557124, 0.427885), (0.65582377, 0.6539256, 0.37719566), (0.1359337, 0.8960577, 0.4226139), (-0.88705266, -0.13139464, -0.4425754), (-0.35941803, -0.3708899, -0.8563056), (-0.12931721, -0.8852898, -0.44669792), (-0.65016, -0.64796823, -0.3967733), (-0.35941803, -0.3708899, -0.8563056), (-0.13399164, -0.4938276, -0.8591744), (-0.03893638, -0.9315566, -0.36150542), (-0.12931721, -0.8852898, -0.44669792), (-0.13399164, -0.4938276, -0.8591744), (-0.10216993, -0.5031667, -0.85812855), (-0.025124393, -0.94515216, -0.3256626), (-0.03893638, -0.9315566, -0.36150542), (-0.10216993, -0.5031667, -0.85812855), (-0.015421533, -0.53775865, -0.8429578), (0.002549523, -0.9496044, -0.31344047), (-0.025124393, -0.94515216, -0.3256626), (-0.015421533, -0.53775865, -0.8429578), (-0.010265358, -0.5752403, -0.81792015), (-0.0013006097, -0.94935405, -0.31420538), (0.002549523, -0.9496044, -0.31344047), (-0.010265358, -0.5752403, -0.81792015), (-0.07938324, -0.567823, -0.819314), (-0.022596693, -0.9529418, -0.30231002), (-0.0013006097, -0.94935405, -0.31420538), (-0.07938324, -0.567823, -0.819314), (-0.06897941, -0.5551465, -0.82888734), (-0.013749655, -0.95884234, -0.28360596), (-0.022596693, -0.9529418, -0.30231002), (-0.06897941, -0.5551465, -0.82888734), (0.017737018, -0.58851635, -0.80829066), (0.009022943, -0.9598151, -0.28048825), (-0.013749655, -0.95884234, -0.28360596), (0.017737018, -0.58851635, -0.80829066), (0.011864944, -0.61214185, -0.790659), (0.0014782811, -0.95822203, -0.2860216), (0.009022943, -0.9598151, -0.28048825), (0.011864944, -0.61214185, -0.790659), (-0.06751101, -0.5901572, -0.8044604), (-0.018319909, -0.960171, -0.2788119), (0.0014782811, -0.95822203, -0.2860216), (-0.06751101, -0.5901572, -0.8044604), (-0.056951676, -0.58135575, -0.81165385), (-0.008592347, -0.9641048, -0.26538295), (-0.018319909, -0.960171, -0.2788119), (-0.056951676, -0.58135575, -0.81165385), (0.032386, -0.61730874, -0.7860541), (0.010506794, -0.96411663, -0.26527092), (-0.008592347, -0.9641048, -0.26538295), (0.032386, -0.61730874, -0.7860541), (0.02210306, -0.62704945, -0.7786659), (0.0015418676, -0.96242493, -0.2715432), (0.010506794, -0.96411663, -0.26527092), (0.02210306, -0.62704945, -0.7786659), (-0.059697393, -0.59794116, -0.79931384), (-0.014842435, -0.9637527, -0.26638424), (0.0015418676, -0.96242493, -0.2715432), (-0.059697393, -0.59794116, -0.79931384), (-0.047600932, -0.5994866, -0.79896814), (-0.004737167, -0.96650416, -0.25660717), (-0.014842435, -0.9637527, -0.26638424), (-0.047600932, -0.5994866, -0.79896814), (0.040547524, -0.63441235, -0.7719305), (0.010173459, -0.9660548, -0.25813657), (-0.004737167, -0.96650416, -0.25660717), (0.040547524, -0.63441235, -0.7719305), (0.028489893, -0.6294587, -0.77651143), (0.0010973179, -0.964515, -0.2640259), (0.010173459, -0.9660548, -0.25813657), (0.028489893, -0.6294587, -0.77651143), (-0.05128312, -0.5989728, -0.7991255), (-0.0110357795, -0.9654501, -0.2603543), (0.0010973179, -0.964515, -0.2640259), (-0.05128312, -0.5989728, -0.7991255), (-0.03804793, -0.61286366, -0.7892721), (-0.0016073668, -0.9672383, -0.25386506), (-0.0110357795, -0.9654501, -0.2603543), (-0.03804793, -0.61286366, -0.7892721), (0.04497198, -0.6419764, -0.7654044), (0.008801426, -0.96652865, -0.25640756), (-0.0016073668, -0.9672383, -0.25386506), (0.04497198, -0.6419764, -0.7654044), (0.03354422, -0.62271315, -0.7817308), (0.00091357605, -0.96520567, -0.26149043), (0.008801426, -0.96652865, -0.25640756), (0.03354422, -0.62271315, -0.7817308), (-0.040648926, -0.5961991, -0.80180687), (-0.006673503, -0.9657391, -0.25942948), (0.00091357605, -0.96520567, -0.26149043), (-0.040648926, -0.5961991, -0.80180687), (-0.027622635, -0.6213147, -0.78307414), (0.00087727146, -0.9666206, -0.25621054), (-0.006673503, -0.9657391, -0.25942948), (-0.027622635, -0.6213147, -0.78307414), (0.047081824, -0.6401916, -0.7667711), (0.0068734367, -0.9657598, -0.25934657), (0.00087727146, -0.9666206, -0.25621054), (0.047081824, -0.6401916, -0.7667711), (0.038729966, -0.60835576, -0.7927188), (0.0014872979, -0.9646221, -0.26363242), (0.0068734367, -0.9657598, -0.25934657), (0.038729966, -0.60835576, -0.7927188), (-0.02683078, -0.59020066, -0.8068105), (-0.0017373224, -0.964587, -0.26375923), (0.0014872979, -0.9646221, -0.26363242), (-0.02683078, -0.59020066, -0.8068105), (-0.016010508, -0.6228064, -0.78221214), (0.002794685, -0.96453315, -0.26394707), (-0.0017373224, -0.964587, -0.26375923), (-0.016010508, -0.6228064, -0.78221214), (0.04841641, -0.6281251, -0.7766046), (0.0049433215, -0.9635596, -0.26744795), (0.002794685, -0.96453315, -0.26394707), (0.04841641, -0.6281251, -0.7766046), (0.045641214, -0.58665395, -0.8085506), (0.0033086063, -0.9624364, -0.27148727), (0.0049433215, -0.9635596, -0.26744795), (0.045641214, -0.58665395, -0.8085506), (-0.008570034, -0.5790293, -0.8152617), (0.003865914, -0.96146256, -0.27490884), (0.0033086063, -0.9624364, -0.27148727), (-0.008570034, -0.5790293, -0.8152617), (-0.0018872897, -0.6131692, -0.78994936), (0.004541163, -0.9602929, -0.27895677), (0.003865914, -0.96146256, -0.27490884), (-0.0018872897, -0.6131692, -0.78994936), (0.051994395, -0.6028167, -0.7961837), (0.0039883098, -0.9590573, -0.28318405), (0.004541163, -0.9602929, -0.27895677), (0.051994395, -0.6028167, -0.7961837), (0.057815358, -0.5550609, -0.829798), (0.0073096035, -0.95740926, -0.28864187), (0.0039883098, -0.9590573, -0.28318405), (0.057815358, -0.5550609, -0.829798), (0.018423555, -0.5555137, -0.83130324), (0.011033276, -0.95457464, -0.2977675), (0.0073096035, -0.95740926, -0.28864187), (0.018423555, -0.5555137, -0.83130324), (0.021837909, -0.58193487, -0.8129421), (0.008028694, -0.95141953, -0.30779275), (0.011033276, -0.95457464, -0.2977675), (0.021837909, -0.58193487, -0.8129421), (0.06972686, -0.55298907, -0.8302657), (0.007455476, -0.94871753, -0.31603718), (0.008028694, -0.95141953, -0.30779275), (0.06972686, -0.55298907, -0.8302657), (0.09462691, -0.49728847, -0.86240935), (0.018775737, -0.9438698, -0.32978368), (0.007455476, -0.94871753, -0.31603718), (0.09462691, -0.49728847, -0.86240935), (0.09588067, -0.4828831, -0.8704199), (0.030939652, -0.93350154, -0.35723606), (0.018775737, -0.9438698, -0.32978368), (0.09588067, -0.4828831, -0.8704199), (0.36416894, -0.38166583, -0.8495365), (0.13131043, -0.89019096, -0.43625414), (0.030939652, -0.93350154, -0.35723606), (0.36416894, -0.38166583, -0.8495365), (0.8935321, -0.13828091, -0.42717537), (0.6528387, -0.6506151, -0.38794538), (0.13131043, -0.89019096, -0.43625414), (-0.93051827, -0.022973746, -0.36552414), (-0.481681, -0.1023056, -0.8703545), (-0.35941803, -0.3708899, -0.8563056), (-0.88705266, -0.13139464, -0.4425754), (-0.481681, -0.1023056, -0.8703545), (-0.20051698, -0.16634363, -0.965465), (-0.13399164, -0.4938276, -0.8591744), (-0.35941803, -0.3708899, -0.8563056), (-0.20051698, -0.16634363, -0.965465), (-0.13473402, -0.17874336, -0.9746269), (-0.10216993, -0.5031667, -0.85812855), (-0.13399164, -0.4938276, -0.8591744), (-0.13473402, -0.17874336, -0.9746269), (-0.029152947, -0.1691314, -0.98516226), (-0.015421533, -0.53775865, -0.8429578), (-0.10216993, -0.5031667, -0.85812855), (-0.029152947, -0.1691314, -0.98516226), (-0.037926752, -0.18608263, -0.9818018), (-0.010265358, -0.5752403, -0.81792015), (-0.015421533, -0.53775865, -0.8429578), (-0.037926752, -0.18608263, -0.9818018), (-0.118349224, -0.21504581, -0.96940637), (-0.07938324, -0.567823, -0.819314), (-0.010265358, -0.5752403, -0.81792015), (-0.118349224, -0.21504581, -0.96940637), (-0.08533719, -0.21269946, -0.9733841), (-0.06897941, -0.5551465, -0.82888734), (-0.07938324, -0.567823, -0.819314), (-0.08533719, -0.21269946, -0.9733841), (0.021185033, -0.19498439, -0.98057747), (0.017737018, -0.58851635, -0.80829066), (-0.06897941, -0.5551465, -0.82888734), (0.021185033, -0.19498439, -0.98057747), (0.0013628152, -0.21291836, -0.977069), (0.011864944, -0.61214185, -0.790659), (0.017737018, -0.58851635, -0.80829066), (0.0013628152, -0.21291836, -0.977069), (-0.09934821, -0.23638491, -0.9665671), (-0.06751101, -0.5901572, -0.8044604), (0.011864944, -0.61214185, -0.790659), (-0.09934821, -0.23638491, -0.9665671), (-0.0698569, -0.2277857, -0.97120225), (-0.056951676, -0.58135575, -0.81165385), (-0.06751101, -0.5901572, -0.8044604), (-0.0698569, -0.2277857, -0.97120225), (0.044599634, -0.2096694, -0.97675467), (0.032386, -0.61730874, -0.7860541), (-0.056951676, -0.58135575, -0.81165385), (0.044599634, -0.2096694, -0.97675467), (0.023478294, -0.22959526, -0.973003), (0.02210306, -0.62704945, -0.7786659), (0.032386, -0.61730874, -0.7860541), (0.023478294, -0.22959526, -0.973003), (-0.08753569, -0.24625576, -0.9652438), (-0.059697393, -0.59794116, -0.79931384), (0.02210306, -0.62704945, -0.7786659), (-0.08753569, -0.24625576, -0.9652438), (-0.06013898, -0.23442662, -0.9702718), (-0.047600932, -0.5994866, -0.79896814), (-0.059697393, -0.59794116, -0.79931384), (-0.06013898, -0.23442662, -0.9702718), (0.059305854, -0.21921703, -0.973872), (0.040547524, -0.63441235, -0.7719305), (-0.047600932, -0.5994866, -0.79896814), (0.059305854, -0.21921703, -0.973872), (0.03961526, -0.23905541, -0.97019744), (0.028489893, -0.6294587, -0.77651143), (0.040547524, -0.63441235, -0.7719305), (0.03961526, -0.23905541, -0.97019744), (-0.076032296, -0.2482969, -0.9656955), (-0.05128312, -0.5989728, -0.7991255), (0.028489893, -0.6294587, -0.77651143), (-0.076032296, -0.2482969, -0.9656955), (-0.051386047, -0.2355423, -0.97050464), (-0.03804793, -0.61286366, -0.7892721), (-0.05128312, -0.5989728, -0.7991255), (-0.051386047, -0.2355423, -0.97050464), (0.06938049, -0.22518785, -0.971842), (0.04497198, -0.6419764, -0.7654044), (-0.03804793, -0.61286366, -0.7892721), (0.06938049, -0.22518785, -0.971842), (0.053036414, -0.24178782, -0.9688786), (0.03354422, -0.62271315, -0.7817308), (0.04497198, -0.6419764, -0.7654044), (0.053036414, -0.24178782, -0.9688786), (-0.062332593, -0.2440844, -0.9677487), (-0.040648926, -0.5961991, -0.80180687), (0.03354422, -0.62271315, -0.7817308), (-0.062332593, -0.2440844, -0.9677487), (-0.041786443, -0.23228008, -0.9717509), (-0.027622635, -0.6213147, -0.78307414), (-0.040648926, -0.5961991, -0.80180687), (-0.041786443, -0.23228008, -0.9717509), (0.07670827, -0.2274894, -0.9707545), (0.047081824, -0.6401916, -0.7667711), (-0.027622635, -0.6213147, -0.78307414), (0.07670827, -0.2274894, -0.9707545), (0.06563049, -0.23773438, -0.96911037), (0.038729966, -0.60835576, -0.7927188), (0.047081824, -0.6401916, -0.7667711), (0.06563049, -0.23773438, -0.96911037), (-0.044743173, -0.23420253, -0.97115767), (-0.02683078, -0.59020066, -0.8068105), (0.038729966, -0.60835576, -0.7927188), (-0.044743173, -0.23420253, -0.97115767), (-0.029693022, -0.2248141, -0.9739492), (-0.016010508, -0.6228064, -0.78221214), (-0.02683078, -0.59020066, -0.8068105), (-0.029693022, -0.2248141, -0.9739492), (0.083226144, -0.22486064, -0.9708301), (0.04841641, -0.6281251, -0.7766046), (-0.016010508, -0.6228064, -0.78221214), (0.083226144, -0.22486064, -0.9708301), (0.079531394, -0.22647633, -0.9707642), (0.045641214, -0.58665395, -0.8085506), (0.04841641, -0.6281251, -0.7766046), (0.079531394, -0.22647633, -0.9707642), (-0.0208667, -0.21823227, -0.97567374), (-0.008570034, -0.5790293, -0.8152617), (0.045641214, -0.58665395, -0.8085506), (-0.0208667, -0.21823227, -0.97567374), (-0.011725182, -0.21206598, -0.9771851), (-0.0018872897, -0.6131692, -0.78994936), (-0.008570034, -0.5790293, -0.8152617), (-0.011725182, -0.21206598, -0.9771851), (0.09301346, -0.2145772, -0.97226804), (0.051994395, -0.6028167, -0.7961837), (-0.0018872897, -0.6131692, -0.78994936), (0.09301346, -0.2145772, -0.97226804), (0.09964308, -0.2063231, -0.97339714), (0.057815358, -0.5550609, -0.829798), (0.051994395, -0.6028167, -0.7961837), (0.09964308, -0.2063231, -0.97339714), (0.01669933, -0.1936794, -0.9809227), (0.018423555, -0.5555137, -0.83130324), (0.057815358, -0.5550609, -0.829798), (0.01669933, -0.1936794, -0.9809227), (0.024310956, -0.18974419, -0.9815326), (0.021837909, -0.58193487, -0.8129421), (0.018423555, -0.5555137, -0.83130324), (0.024310956, -0.18974419, -0.9815326), (0.12311734, -0.1895316, -0.9741252), (0.06972686, -0.55298907, -0.8302657), (0.021837909, -0.58193487, -0.8129421), (0.12311734, -0.1895316, -0.9741252), (0.15377878, -0.16905208, -0.97353655), (0.09462691, -0.49728847, -0.86240935), (0.06972686, -0.55298907, -0.8302657), (0.15377878, -0.16905208, -0.97353655), (0.13251428, -0.14619683, -0.98033994), (0.09588067, -0.4828831, -0.8704199), (0.09462691, -0.49728847, -0.86240935), (0.13251428, -0.14619683, -0.98033994), (0.46696624, -0.09903502, -0.87871194), (0.36416894, -0.38166583, -0.8495365), (0.09588067, -0.4828831, -0.8704199), (0.46696624, -0.09903502, -0.87871194), (0.9382402, -0.024667792, -0.34510425), (0.8935321, -0.13828091, -0.42717537), (0.36416894, -0.38166583, -0.8495365), (-0.9398695, -0.01984107, -0.34095696), (-0.53718656, -0.07582487, -0.8400483), (-0.481681, -0.1023056, -0.8703545), (-0.93051827, -0.022973746, -0.36552414), (-0.53718656, -0.07582487, -0.8400483), (-0.2183793, -0.1074992, -0.9699249), (-0.20051698, -0.16634363, -0.965465), (-0.481681, -0.1023056, -0.8703545), (-0.2183793, -0.1074992, -0.9699249), (-0.13441475, -0.112143904, -0.984559), (-0.13473402, -0.17874336, -0.9746269), (-0.20051698, -0.16634363, -0.965465), (-0.13441475, -0.112143904, -0.984559), (-0.04243653, -0.13437927, -0.9900208), (-0.029152947, -0.1691314, -0.98516226), (-0.13473402, -0.17874336, -0.9746269), (-0.04243653, -0.13437927, -0.9900208), (-0.05872619, -0.14915149, -0.98706895), (-0.037926752, -0.18608263, -0.9818018), (-0.029152947, -0.1691314, -0.98516226), (-0.05872619, -0.14915149, -0.98706895), (-0.118110396, -0.1398692, -0.9831005), (-0.118349224, -0.21504581, -0.96940637), (-0.037926752, -0.18608263, -0.9818018), (-0.118110396, -0.1398692, -0.9831005), (-0.078410424, -0.13272914, -0.98804593), (-0.08533719, -0.21269946, -0.9733841), (-0.118349224, -0.21504581, -0.96940637), (-0.078410424, -0.13272914, -0.98804593), (0.0035027254, -0.15575434, -0.98778963), (0.021185033, -0.19498439, -0.98057747), (-0.08533719, -0.21269946, -0.9733841), (0.0035027254, -0.15575434, -0.98778963), (-0.01445488, -0.16912736, -0.9854882), (0.0013628152, -0.21291836, -0.977069), (0.021185033, -0.19498439, -0.98057747), (-0.01445488, -0.16912736, -0.9854882), (-0.08664976, -0.15215535, -0.98455095), (-0.09934821, -0.23638491, -0.9665671), (0.0013628152, -0.21291836, -0.977069), (-0.08664976, -0.15215535, -0.98455095), (-0.06414874, -0.1430221, -0.9876384), (-0.0698569, -0.2277857, -0.97120225), (-0.09934821, -0.23638491, -0.9665671), (-0.06414874, -0.1430221, -0.9876384), (0.020146735, -0.16769323, -0.9856334), (0.044599634, -0.2096694, -0.97675467), (-0.0698569, -0.2277857, -0.97120225), (0.020146735, -0.16769323, -0.9856334), (0.014560915, -0.17900443, -0.98374057), (0.023478294, -0.22959526, -0.973003), (0.044599634, -0.2096694, -0.97675467), (0.014560915, -0.17900443, -0.98374057), (-0.06436154, -0.15662903, -0.98555815), (-0.08753569, -0.24625576, -0.9652438), (0.023478294, -0.22959526, -0.973003), (-0.06436154, -0.15662903, -0.98555815), (-0.059356518, -0.14884137, -0.9870781), (-0.06013898, -0.23442662, -0.9702718), (-0.08753569, -0.24625576, -0.9652438), (-0.059356518, -0.14884137, -0.9870781), (0.029237501, -0.17417637, -0.98428035), (0.059305854, -0.21921703, -0.973872), (-0.06013898, -0.23442662, -0.9702718), (0.029237501, -0.17417637, -0.98428035), (0.039602384, -0.18242915, -0.98242104), (0.03961526, -0.23905541, -0.97019744), (0.059305854, -0.21921703, -0.973872), (0.039602384, -0.18242915, -0.98242104), (-0.04503899, -0.15658975, -0.9866363), (-0.076032296, -0.2482969, -0.9656955), (0.03961526, -0.23905541, -0.97019744), (-0.04503899, -0.15658975, -0.9866363), (-0.057332203, -0.15087189, -0.9868894), (-0.051386047, -0.2355423, -0.97050464), (-0.076032296, -0.2482969, -0.9656955), (-0.057332203, -0.15087189, -0.9868894), (0.03623671, -0.17635465, -0.9836595), (0.06938049, -0.22518785, -0.971842), (-0.051386047, -0.2355423, -0.97050464), (0.03623671, -0.17635465, -0.9836595), (0.062895566, -0.1812555, -0.9814227), (0.053036414, -0.24178782, -0.9688786), (0.06938049, -0.22518785, -0.971842), (0.062895566, -0.1812555, -0.9814227), (-0.02680882, -0.15338708, -0.98780245), (-0.062332593, -0.2440844, -0.9677487), (0.053036414, -0.24178782, -0.9688786), (-0.02680882, -0.15338708, -0.98780245), (-0.054578725, -0.14881477, -0.9873578), (-0.041786443, -0.23228008, -0.9717509), (-0.062332593, -0.2440844, -0.9677487), (-0.054578725, -0.14881477, -0.9873578), (0.043673113, -0.17466293, -0.98365927), (0.07670827, -0.2274894, -0.9707545), (-0.041786443, -0.23228008, -0.9717509), (0.043673113, -0.17466293, -0.98365927), (0.08496658, -0.1765946, -0.98060954), (0.06563049, -0.23773438, -0.96911037), (0.07670827, -0.2274894, -0.9707545), (0.08496658, -0.1765946, -0.98060954), (-0.008145571, -0.14721876, -0.9890704), (-0.044743173, -0.23420253, -0.97115767), (0.06563049, -0.23773438, -0.96911037), (-0.008145571, -0.14721876, -0.9890704), (-0.047931664, -0.14238349, -0.9886504), (-0.029693022, -0.2248141, -0.9739492), (-0.044743173, -0.23420253, -0.97115767), (-0.047931664, -0.14238349, -0.9886504), (0.053703245, -0.1689237, -0.984165), (0.083226144, -0.22486064, -0.9708301), (-0.029693022, -0.2248141, -0.9739492), (0.053703245, -0.1689237, -0.984165), (0.10665825, -0.16856663, -0.97990274), (0.079531394, -0.22647633, -0.9707642), (0.083226144, -0.22486064, -0.9708301), (0.10665825, -0.16856663, -0.97990274), (0.013727763, -0.13745227, -0.9904133), (-0.0208667, -0.21823227, -0.97567374), (0.079531394, -0.22647633, -0.9707642), (0.013727763, -0.13745227, -0.9904133), (-0.032572765, -0.13130738, -0.99080646), (-0.011725182, -0.21206598, -0.9771851), (-0.0208667, -0.21823227, -0.97567374), (-0.032572765, -0.13130738, -0.99080646), (0.07051214, -0.1577814, -0.98495334), (0.09301346, -0.2145772, -0.97226804), (-0.011725182, -0.21206598, -0.9771851), (0.07051214, -0.1577814, -0.98495334), (0.13202153, -0.15546116, -0.9789801), (0.09964308, -0.2063231, -0.97339714), (0.09301346, -0.2145772, -0.97226804), (0.13202153, -0.15546116, -0.9789801), (0.047373116, -0.12233773, -0.99135727), (0.01669933, -0.1936794, -0.9809227), (0.09964308, -0.2063231, -0.97339714), (0.047373116, -0.12233773, -0.99135727), (0.0060160425, -0.11389493, -0.9934746), (0.024310956, -0.18974419, -0.9815326), (0.01669933, -0.1936794, -0.9809227), (0.0060160425, -0.11389493, -0.9934746), (0.11244901, -0.13622098, -0.9842759), (0.12311734, -0.1895316, -0.9741252), (0.024310956, -0.18974419, -0.9815326), (0.11244901, -0.13622098, -0.9842759), (0.18939394, -0.1299797, -0.97326005), (0.15377878, -0.16905208, -0.97353655), (0.12311734, -0.1895316, -0.9741252), (0.18939394, -0.1299797, -0.97326005), (0.1631228, -0.09337486, -0.98217726), (0.13251428, -0.14619683, -0.98033994), (0.15377878, -0.16905208, -0.97353655), (0.1631228, -0.09337486, -0.98217726), (0.506131, -0.047560558, -0.8611443), (0.46696624, -0.09903502, -0.87871194), (0.13251428, -0.14619683, -0.98033994), (0.506131, -0.047560558, -0.8611443), (0.94514996, -0.008817962, -0.32651773), (0.9382402, -0.024667792, -0.34510425), (0.46696624, -0.09903502, -0.87871194), (-0.9492183, -0.02959001, -0.31322375), (-0.5275783, -0.09053928, -0.8446678), (-0.53718656, -0.07582487, -0.8400483), (-0.9398695, -0.01984107, -0.34095696), (-0.5275783, -0.09053928, -0.8446678), (-0.17396298, -0.06711157, -0.98246276), (-0.2183793, -0.1074992, -0.9699249), (-0.53718656, -0.07582487, -0.8400483), (-0.17396298, -0.06711157, -0.98246276), (-0.16630965, -0.04318838, -0.98512733), (-0.13441475, -0.112143904, -0.984559), (-0.2183793, -0.1074992, -0.9699249), (-0.16630965, -0.04318838, -0.98512733), (-0.11961206, -0.12383342, -0.98506767), (-0.04243653, -0.13437927, -0.9900208), (-0.13441475, -0.112143904, -0.984559), (-0.11961206, -0.12383342, -0.98506767), (-0.038475417, -0.1618398, -0.9860667), (-0.05872619, -0.14915149, -0.98706895), (-0.04243653, -0.13437927, -0.9900208), (-0.038475417, -0.1618398, -0.9860667), (-0.05093674, -0.09018767, -0.99462134), (-0.118110396, -0.1398692, -0.9831005), (-0.05872619, -0.14915149, -0.98706895), (-0.05093674, -0.09018767, -0.99462134), (-0.11431958, -0.06336338, -0.9914213), (-0.078410424, -0.13272914, -0.98804593), (-0.118110396, -0.1398692, -0.9831005), (-0.11431958, -0.06336338, -0.9914213), (-0.07494757, -0.14291887, -0.9868927), (0.0035027254, -0.15575434, -0.98778963), (-0.078410424, -0.13272914, -0.98804593), (-0.07494757, -0.14291887, -0.9868927), (0.016634697, -0.1690037, -0.98547506), (-0.01445488, -0.16912736, -0.9854882), (0.0035027254, -0.15575434, -0.98778963), (0.016634697, -0.1690037, -0.98547506), (-0.017488332, -0.09914999, -0.99491876), (-0.08664976, -0.15215535, -0.98455095), (-0.01445488, -0.16912736, -0.9854882), (-0.017488332, -0.09914999, -0.99491876), (-0.10298181, -0.08123326, -0.99136066), (-0.06414874, -0.1430221, -0.9876384), (-0.08664976, -0.15215535, -0.98455095), (-0.10298181, -0.08123326, -0.99136066), (-0.053139444, -0.15048891, -0.9871825), (0.020146735, -0.16769323, -0.9856334), (-0.06414874, -0.1430221, -0.9876384), (-0.053139444, -0.15048891, -0.9871825), (0.049942363, -0.16458713, -0.98509735), (0.014560915, -0.17900443, -0.98374057), (0.020146735, -0.16769323, -0.9856334), (0.049942363, -0.16458713, -0.98509735), (0.00013027723, -0.10548809, -0.9944206), (-0.06436154, -0.15662903, -0.98555815), (0.014560915, -0.17900443, -0.98374057), (0.00013027723, -0.10548809, -0.9944206), (-0.096885026, -0.09716789, -0.9905411), (-0.059356518, -0.14884137, -0.9870781), (-0.06436154, -0.15662903, -0.98555815), (-0.096885026, -0.09716789, -0.9905411), (-0.034917288, -0.14937386, -0.98816407), (0.029237501, -0.17417637, -0.98428035), (-0.059356518, -0.14884137, -0.9870781), (-0.034917288, -0.14937386, -0.98816407), (0.07346289, -0.15450187, -0.9852575), (0.039602384, -0.18242915, -0.98242104), (0.029237501, -0.17417637, -0.98428035), (0.07346289, -0.15450187, -0.9852575), (0.011606795, -0.111361235, -0.99371225), (-0.04503899, -0.15658975, -0.9866363), (0.039602384, -0.18242915, -0.98242104), (0.011606795, -0.111361235, -0.99371225), (-0.08906584, -0.11005137, -0.98992723), (-0.057332203, -0.15087189, -0.9868894), (-0.04503899, -0.15658975, -0.9866363), (-0.08906584, -0.11005137, -0.98992723), (-0.016782232, -0.14119872, -0.98983896), (0.03623671, -0.17635465, -0.9836595), (-0.057332203, -0.15087189, -0.9868894), (-0.016782232, -0.14119872, -0.98983896), (0.09035974, -0.14172302, -0.9857737), (0.062895566, -0.1812555, -0.9814227), (0.03623671, -0.17635465, -0.9836595), (0.09035974, -0.14172302, -0.9857737), (0.020713337, -0.11735639, -0.99287385), (-0.02680882, -0.15338708, -0.98780245), (0.062895566, -0.1812555, -0.9814227), (0.020713337, -0.11735639, -0.99287385), (-0.0766421, -0.11859865, -0.98998), (-0.054578725, -0.14881477, -0.9873578), (-0.02680882, -0.15338708, -0.98780245), (-0.0766421, -0.11859865, -0.98998), (0.0022920696, -0.12746736, -0.9918401), (0.043673113, -0.17466293, -0.98365927), (-0.054578725, -0.14881477, -0.9873578), (0.0022920696, -0.12746736, -0.9918401), (0.102638334, -0.12798297, -0.9864511), (0.08496658, -0.1765946, -0.98060954), (0.043673113, -0.17466293, -0.98365927), (0.102638334, -0.12798297, -0.9864511), (0.030076664, -0.12323742, -0.9919213), (-0.008145571, -0.14721876, -0.9890704), (0.08496658, -0.1765946, -0.98060954), (0.030076664, -0.12323742, -0.9919213), (-0.05751964, -0.12162412, -0.9909082), (-0.047931664, -0.14238349, -0.9886504), (-0.008145571, -0.14721876, -0.9890704), (-0.05751964, -0.12162412, -0.9909082), (0.023558425, -0.109491505, -0.9937085), (0.053703245, -0.1689237, -0.984165), (-0.047931664, -0.14238349, -0.9886504), (0.023558425, -0.109491505, -0.9937085), (0.11294376, -0.114138834, -0.9870239), (0.10665825, -0.16856663, -0.97990274), (0.053703245, -0.1689237, -0.984165), (0.11294376, -0.114138834, -0.9870239), (0.043215897, -0.1276663, -0.99087524), (0.013727763, -0.13745227, -0.9904133), (0.10665825, -0.16856663, -0.97990274), (0.043215897, -0.1276663, -0.99087524), (-0.028249957, -0.11801137, -0.9926104), (-0.032572765, -0.13130738, -0.99080646), (0.013727763, -0.13745227, -0.9904133), (-0.028249957, -0.11801137, -0.9926104), (0.050930187, -0.088229485, -0.99479735), (0.07051214, -0.1577814, -0.98495334), (-0.032572765, -0.13130738, -0.99080646), (0.050930187, -0.088229485, -0.99479735), (0.12750313, -0.09976356, -0.9868081), (0.13202153, -0.15546116, -0.9789801), (0.07051214, -0.1577814, -0.98495334), (0.12750313, -0.09976356, -0.9868081), (0.069584, -0.12704626, -0.98945296), (0.047373116, -0.12233773, -0.99135727), (0.13202153, -0.15546116, -0.9789801), (0.069584, -0.12704626, -0.98945296), (0.024086397, -0.10591823, -0.99408305), (0.0060160425, -0.11389493, -0.9934746), (0.047373116, -0.12233773, -0.99135727), (0.024086397, -0.10591823, -0.99408305), (0.103644595, -0.0635957, -0.9925791), (0.11244901, -0.13622098, -0.9842759), (0.0060160425, -0.11389493, -0.9934746), (0.103644595, -0.0635957, -0.9925791), (0.1795698, -0.07964579, -0.98051584), (0.18939394, -0.1299797, -0.97326005), (0.11244901, -0.13622098, -0.9842759), (0.1795698, -0.07964579, -0.98051584), (0.18290564, -0.10769491, -0.9772141), (0.1631228, -0.09337486, -0.98217726), (0.18939394, -0.1299797, -0.97326005), (0.18290564, -0.10769491, -0.9772141), (0.52073777, -0.07086454, -0.8507705), (0.506131, -0.047560558, -0.8611443), (0.1631228, -0.09337486, -0.98217726), (0.52073777, -0.07086454, -0.8507705), (0.9487968, -0.010728996, -0.31570482), (0.94514996, -0.008817962, -0.32651773), (0.506131, -0.047560558, -0.8611443), (-0.95553434, -0.005374507, -0.29483092), (-0.5218294, -0.031567544, -0.85246557), (-0.5275783, -0.09053928, -0.8446678), (-0.9492183, -0.02959001, -0.31322375), (-0.5218294, -0.031567544, -0.85246557), (-0.15369141, -0.07167626, -0.98551583), (-0.17396298, -0.06711157, -0.98246276), (-0.5275783, -0.09053928, -0.8446678), (-0.15369141, -0.07167626, -0.98551583), (-0.18922839, -0.100146614, -0.97681284), (-0.16630965, -0.04318838, -0.98512733), (-0.17396298, -0.06711157, -0.98246276), (-0.18922839, -0.100146614, -0.97681284), (-0.15447845, -0.07740909, -0.98495895), (-0.11961206, -0.12383342, -0.98506767), (-0.16630965, -0.04318838, -0.98512733), (-0.15447845, -0.07740909, -0.98495895), (-0.026987007, -0.052345697, -0.9982643), (-0.038475417, -0.1618398, -0.9860667), (-0.11961206, -0.12383342, -0.98506767), (-0.026987007, -0.052345697, -0.9982643), (-0.030493958, -0.0951109, -0.9949995), (-0.05093674, -0.09018767, -0.99462134), (-0.038475417, -0.1618398, -0.9860667), (-0.030493958, -0.0951109, -0.9949995), (-0.13271977, -0.13211955, -0.98230845), (-0.11431958, -0.06336338, -0.9914213), (-0.05093674, -0.09018767, -0.99462134), (-0.13271977, -0.13211955, -0.98230845), (-0.09230757, -0.08588827, -0.9920194), (-0.07494757, -0.14291887, -0.9868927), (-0.11431958, -0.06336338, -0.9914213), (-0.09230757, -0.08588827, -0.9920194), (0.025793979, -0.048005715, -0.99851394), (0.016634697, -0.1690037, -0.98547506), (-0.07494757, -0.14291887, -0.9868927), (0.025793979, -0.048005715, -0.99851394), (-0.011488368, -0.110364795, -0.9938247), (-0.017488332, -0.09914999, -0.99491876), (0.016634697, -0.1690037, -0.98547506), (-0.011488368, -0.110364795, -0.9938247), (-0.11305525, -0.15341043, -0.9816739), (-0.10298181, -0.08123326, -0.99136066), (-0.017488332, -0.09914999, -0.99491876), (-0.11305525, -0.15341043, -0.9816739), (-0.05102024, -0.08491454, -0.9950811), (-0.053139444, -0.15048891, -0.9871825), (-0.10298181, -0.08123326, -0.99136066), (-0.05102024, -0.08491454, -0.9950811), (0.050487403, -0.041518655, -0.99786127), (0.049942363, -0.16458713, -0.98509735), (-0.053139444, -0.15048891, -0.9871825), (0.050487403, -0.041518655, -0.99786127), (-0.010934208, -0.123564936, -0.9922762), (0.00013027723, -0.10548809, -0.9944206), (0.049942363, -0.16458713, -0.98509735), (-0.010934208, -0.123564936, -0.9922762), (-0.09403808, -0.16662379, -0.98152596), (-0.096885026, -0.09716789, -0.9905411), (0.00013027723, -0.10548809, -0.9944206), (-0.09403808, -0.16662379, -0.98152596), (-0.014460777, -0.0781726, -0.99683493), (-0.034917288, -0.14937386, -0.98816407), (-0.096885026, -0.09716789, -0.9905411), (-0.014460777, -0.0781726, -0.99683493), (0.06097607, -0.036577336, -0.9974689), (0.07346289, -0.15450187, -0.9852575), (-0.034917288, -0.14937386, -0.98816407), (0.06097607, -0.036577336, -0.9974689), (-0.015703205, -0.1350276, -0.9907175), (0.011606795, -0.111361235, -0.99371225), (0.07346289, -0.15450187, -0.9852575), (-0.015703205, -0.1350276, -0.9907175), (-0.06955966, -0.17142914, -0.9827378), (-0.08906584, -0.11005137, -0.98992723), (0.011606795, -0.111361235, -0.99371225), (-0.06955966, -0.17142914, -0.9827378), (0.01876631, -0.067975864, -0.99751043), (-0.016782232, -0.14119872, -0.98983896), (-0.08906584, -0.11005137, -0.98992723), (0.01876631, -0.067975864, -0.99751043), (0.061902452, -0.03511504, -0.9974643), (0.09035974, -0.14172302, -0.9857737), (-0.016782232, -0.14119872, -0.98983896), (0.061902452, -0.03511504, -0.9974643), (-0.019333648, -0.14348306, -0.98946387), (0.020713337, -0.11735639, -0.99287385), (0.09035974, -0.14172302, -0.9857737), (-0.019333648, -0.14348306, -0.98946387), (-0.038453378, -0.1676542, -0.9850956), (-0.0766421, -0.11859865, -0.98998), (0.020713337, -0.11735639, -0.99287385), (-0.038453378, -0.1676542, -0.9850956), (0.047971644, -0.05671901, -0.9972371), (0.0022920696, -0.12746736, -0.9918401), (-0.0766421, -0.11859865, -0.98998), (0.047971644, -0.05671901, -0.9972371), (0.05715765, -0.037563723, -0.9976582), (0.102638334, -0.12798297, -0.9864511), (0.0022920696, -0.12746736, -0.9918401), (0.05715765, -0.037563723, -0.9976582), (-0.016743205, -0.14692445, -0.989006), (0.030076664, -0.12323742, -0.9919213), (0.102638334, -0.12798297, -0.9864511), (-0.016743205, -0.14692445, -0.989006), (-0.0010606644, -0.15585653, -0.9877792), (-0.05751964, -0.12162412, -0.9909082), (0.030076664, -0.12323742, -0.9919213), (-0.0010606644, -0.15585653, -0.9877792), (0.07298504, -0.046699245, -0.99623907), (0.023558425, -0.109491505, -0.9937085), (-0.05751964, -0.12162412, -0.9909082), (0.07298504, -0.046699245, -0.99623907), (0.052049324, -0.042725418, -0.99773014), (0.11294376, -0.114138834, -0.9870239), (0.023558425, -0.109491505, -0.9937085), (0.052049324, -0.042725418, -0.99773014), (-0.0026278256, -0.14316721, -0.9896951), (0.043215897, -0.1276663, -0.99087524), (0.11294376, -0.114138834, -0.9870239), (-0.0026278256, -0.14316721, -0.9896951), (0.043025788, -0.13716978, -0.9896127), (-0.028249957, -0.11801137, -0.9926104), (0.043215897, -0.1276663, -0.99087524), (0.043025788, -0.13716978, -0.9896127), (0.096992925, -0.039312765, -0.9945083), (0.050930187, -0.088229485, -0.99479735), (-0.028249957, -0.11801137, -0.9926104), (0.096992925, -0.039312765, -0.9945083), (0.05677575, -0.047631785, -0.9972501), (0.12750313, -0.09976356, -0.9868081), (0.050930187, -0.088229485, -0.99479735), (0.05677575, -0.047631785, -0.9972501), (0.0331558, -0.12967181, -0.9910025), (0.069584, -0.12704626, -0.98945296), (0.12750313, -0.09976356, -0.9868081), (0.0331558, -0.12967181, -0.9910025), (0.102607146, -0.11222297, -0.98837125), (0.024086397, -0.10591823, -0.99408305), (0.069584, -0.12704626, -0.98945296), (0.102607146, -0.11222297, -0.98837125), (0.14010897, -0.033684645, -0.989563), (0.103644595, -0.0635957, -0.9925791), (0.024086397, -0.10591823, -0.99408305), (0.14010897, -0.033684645, -0.989563), (0.11351785, -0.045550015, -0.9924913), (0.1795698, -0.07964579, -0.98051584), (0.103644595, -0.0635957, -0.9925791), (0.11351785, -0.045550015, -0.9924913), (0.16546568, -0.0971625, -0.98141766), (0.18290564, -0.10769491, -0.9772141), (0.1795698, -0.07964579, -0.98051584), (0.16546568, -0.0971625, -0.98141766), (0.56442803, -0.069929145, -0.82251495), (0.52073777, -0.07086454, -0.8507705), (0.18290564, -0.10769491, -0.9772141), (0.56442803, -0.069929145, -0.82251495), (0.95266426, -0.011413931, -0.30380997), (0.9487968, -0.010728996, -0.31570482), (0.52073777, -0.07086454, -0.8507705), (-0.9572334, -0.0051985616, -0.2892698), (-0.5629595, -0.028361838, -0.8259977), (-0.5218294, -0.031567544, -0.85246557), (-0.95553434, -0.005374507, -0.29483092), (-0.5629595, -0.028361838, -0.8259977), (-0.18546331, -0.050084054, -0.981374), (-0.15369141, -0.07167626, -0.98551583), (-0.5218294, -0.031567544, -0.85246557), (-0.18546331, -0.050084054, -0.981374), (-0.20068981, -0.060911186, -0.9777594), (-0.18922839, -0.100146614, -0.97681284), (-0.15369141, -0.07167626, -0.98551583), (-0.20068981, -0.060911186, -0.9777594), (-0.12646067, -0.06598306, -0.9897747), (-0.15447845, -0.07740909, -0.98495895), (-0.18922839, -0.100146614, -0.97681284), (-0.12646067, -0.06598306, -0.9897747), (-0.027946003, -0.06374686, -0.99757475), (-0.026987007, -0.052345697, -0.9982643), (-0.15447845, -0.07740909, -0.98495895), (-0.027946003, -0.06374686, -0.99757475), (-0.076612785, -0.06772751, -0.994758), (-0.030493958, -0.0951109, -0.9949995), (-0.026987007, -0.052345697, -0.9982643), (-0.076612785, -0.06772751, -0.994758), (-0.13566402, -0.07319604, -0.9880474), (-0.13271977, -0.13211955, -0.98230845), (-0.030493958, -0.0951109, -0.9949995), (-0.13566402, -0.07319604, -0.9880474), (-0.045961782, -0.07553787, -0.9960831), (-0.09230757, -0.08588827, -0.9920194), (-0.13271977, -0.13211955, -0.98230845), (-0.045961782, -0.07553787, -0.9960831), (0.01917506, -0.072583586, -0.997178), (0.025793979, -0.048005715, -0.99851394), (-0.09230757, -0.08588827, -0.9920194), (0.01917506, -0.072583586, -0.997178), (-0.070615456, -0.077300854, -0.99450386), (-0.011488368, -0.110364795, -0.9938247), (0.025793979, -0.048005715, -0.99851394), (-0.070615456, -0.077300854, -0.99450386), (-0.10467091, -0.079435855, -0.9913294), (-0.11305525, -0.15341043, -0.9816739), (-0.011488368, -0.110364795, -0.9938247), (-0.10467091, -0.079435855, -0.9913294), (0.008557323, -0.080436744, -0.99672294), (-0.05102024, -0.08491454, -0.9950811), (-0.11305525, -0.15341043, -0.9816739), (0.008557323, -0.080436744, -0.99672294), (0.0337476, -0.077903576, -0.99638957), (0.050487403, -0.041518655, -0.99786127), (-0.05102024, -0.08491454, -0.9950811), (0.0337476, -0.077903576, -0.99638957), (-0.07884394, -0.08346659, -0.9933866), (-0.010934208, -0.123564936, -0.9922762), (0.050487403, -0.041518655, -0.99786127), (-0.07884394, -0.08346659, -0.9933866), (-0.07255949, -0.08325079, -0.9938835), (-0.09403808, -0.16662379, -0.98152596), (-0.010934208, -0.123564936, -0.9922762), (-0.07255949, -0.08325079, -0.9938835), (0.052972294, -0.082991496, -0.9951414), (-0.014460777, -0.0781726, -0.99683493), (-0.09403808, -0.16662379, -0.98152596), (0.052972294, -0.082991496, -0.9951414), (0.032212365, -0.08102932, -0.996191), (0.06097607, -0.036577336, -0.9974689), (-0.014460777, -0.0781726, -0.99683493), (0.032212365, -0.08102932, -0.996191), (-0.08656101, -0.08720206, -0.99242276), (-0.015703205, -0.1350276, -0.9907175), (0.06097607, -0.036577336, -0.9974689), (-0.08656101, -0.08720206, -0.99242276), (-0.03499772, -0.08542384, -0.9957298), (-0.06955966, -0.17142914, -0.9827378), (-0.015703205, -0.1350276, -0.9907175), (-0.03499772, -0.08542384, -0.9957298), (0.08773126, -0.08359218, -0.99263066), (0.01876631, -0.067975864, -0.99751043), (-0.06955966, -0.17142914, -0.9827378), (0.08773126, -0.08359218, -0.99263066), (0.021467766, -0.082402475, -0.99636793), (0.061902452, -0.03511504, -0.9974643), (0.01876631, -0.067975864, -0.99751043), (0.021467766, -0.082402475, -0.99636793), (-0.08662211, -0.08892628, -0.9922645), (-0.019333648, -0.14348306, -0.98946387), (0.061902452, -0.03511504, -0.9974643), (-0.08662211, -0.08892628, -0.9922645), (0.0073565994, -0.085770406, -0.99628776), (-0.038453378, -0.1676542, -0.9850956), (-0.019333648, -0.14348306, -0.98946387), (0.0073565994, -0.085770406, -0.99628776), (0.111888394, -0.08218604, -0.99031633), (0.047971644, -0.05671901, -0.9972371), (-0.038453378, -0.1676542, -0.9850956), (0.111888394, -0.08218604, -0.99031633), (0.007541219, -0.08223178, -0.9965848), (0.05715765, -0.037563723, -0.9976582), (0.047971644, -0.05671901, -0.9972371), (0.007541219, -0.08223178, -0.9965848), (-0.07437745, -0.08861683, -0.993285), (-0.016743205, -0.14692445, -0.989006), (0.05715765, -0.037563723, -0.9976582), (-0.07437745, -0.08861683, -0.993285), (0.052497342, -0.08357232, -0.99511796), (-0.0010606644, -0.15585653, -0.9877792), (-0.016743205, -0.14692445, -0.989006), (0.052497342, -0.08357232, -0.99511796), (0.12621118, -0.07864588, -0.98888093), (0.07298504, -0.046699245, -0.99623907), (-0.0010606644, -0.15585653, -0.9877792), (0.12621118, -0.07864588, -0.98888093), (-0.0022798397, -0.08045449, -0.99675566), (0.052049324, -0.042725418, -0.99773014), (0.07298504, -0.046699245, -0.99623907), (-0.0022798397, -0.08045449, -0.99675566), (-0.045944553, -0.08561408, -0.99526846), (-0.0026278256, -0.14316721, -0.9896951), (0.052049324, -0.042725418, -0.99773014), (-0.045944553, -0.08561408, -0.99526846), (0.09929115, -0.07783962, -0.9920092), (0.043025788, -0.13716978, -0.9896127), (-0.0026278256, -0.14316721, -0.9896951), (0.09929115, -0.07783962, -0.9920092), (0.13599807, -0.07262159, -0.9880438), (0.096992925, -0.039312765, -0.9945083), (0.043025788, -0.13716978, -0.9896127), (0.13599807, -0.07262159, -0.9880438), (0.004211645, -0.076240204, -0.99708056), (0.05677575, -0.047631785, -0.9972501), (0.096992925, -0.039312765, -0.9945083), (0.004211645, -0.076240204, -0.99708056), (0.006989162, -0.078212865, -0.9969122), (0.0331558, -0.12967181, -0.9910025), (0.05677575, -0.047631785, -0.9972501), (0.006989162, -0.078212865, -0.9969122), (0.15498991, -0.067063525, -0.9856371), (0.102607146, -0.11222297, -0.98837125), (0.0331558, -0.12967181, -0.9910025), (0.15498991, -0.067063525, -0.9856371), (0.16454369, -0.062230416, -0.98440474), (0.14010897, -0.033684645, -0.989563), (0.102607146, -0.11222297, -0.98837125), (0.16454369, -0.062230416, -0.98440474), (0.07350428, -0.06565454, -0.99513143), (0.11351785, -0.045550015, -0.9924913), (0.14010897, -0.033684645, -0.989563), (0.07350428, -0.06565454, -0.99513143), (0.16000432, -0.060144663, -0.9852823), (0.16546568, -0.0971625, -0.98141766), (0.11351785, -0.045550015, -0.9924913), (0.16000432, -0.060144663, -0.9852823), (0.5746871, -0.03480787, -0.8176326), (0.56442803, -0.069929145, -0.82251495), (0.16546568, -0.0971625, -0.98141766), (0.5746871, -0.03480787, -0.8176326), (0.95566046, -0.0067507657, -0.29439345), (0.95266426, -0.011413931, -0.30380997), (0.56442803, -0.069929145, -0.82251495), (-0.95904064, -0.0065991585, -0.28319153), (-0.533671, -0.028894907, -0.8451984), (-0.5629595, -0.028361838, -0.8259977), (-0.9572334, -0.0051985616, -0.2892698), (-0.533671, -0.028894907, -0.8451984), (-0.17966095, -0.026338395, -0.98337597), (-0.18546331, -0.050084054, -0.981374), (-0.5629595, -0.028361838, -0.8259977), (-0.17966095, -0.026338395, -0.98337597), (-0.21990088, -0.02751764, -0.9751341), (-0.20068981, -0.060911186, -0.9777594), (-0.18546331, -0.050084054, -0.981374), (-0.21990088, -0.02751764, -0.9751341), (-0.1419944, -0.0676331, -0.98755425), (-0.12646067, -0.06598306, -0.9897747), (-0.20068981, -0.060911186, -0.9777594), (-0.1419944, -0.0676331, -0.98755425), (-0.0088625895, -0.07460332, -0.9971739), (-0.027946003, -0.06374686, -0.99757475), (-0.12646067, -0.06598306, -0.9897747), (-0.0088625895, -0.07460332, -0.9971739), (-0.06130048, -0.03112884, -0.9976338), (-0.076612785, -0.06772751, -0.994758), (-0.027946003, -0.06374686, -0.99757475), (-0.06130048, -0.03112884, -0.9976338), (-0.16007876, -0.02641214, -0.98675084), (-0.13566402, -0.07319604, -0.9880474), (-0.076612785, -0.06772751, -0.994758), (-0.16007876, -0.02641214, -0.98675084), (-0.06670301, -0.08621081, -0.99404144), (-0.045961782, -0.07553787, -0.9960831), (-0.13566402, -0.07319604, -0.9880474), (-0.06670301, -0.08621081, -0.99404144), (0.044238493, -0.09263565, -0.9947169), (0.01917506, -0.072583586, -0.997178), (-0.045961782, -0.07553787, -0.9960831), (0.044238493, -0.09263565, -0.9947169), (-0.04993832, -0.027676364, -0.9983688), (-0.070615456, -0.077300854, -0.99450386), (0.01917506, -0.072583586, -0.997178), (-0.04993832, -0.027676364, -0.9983688), (-0.1339996, -0.024347065, -0.9906823), (-0.10467091, -0.079435855, -0.9913294), (-0.070615456, -0.077300854, -0.99450386), (-0.1339996, -0.024347065, -0.9906823), (-0.016204566, -0.10293432, -0.99455607), (0.008557323, -0.080436744, -0.99672294), (-0.10467091, -0.079435855, -0.9913294), (-0.016204566, -0.10293432, -0.99455607), (0.06363492, -0.104479834, -0.99248904), (0.0337476, -0.077903576, -0.99638957), (0.008557323, -0.080436744, -0.99672294), (0.06363492, -0.104479834, -0.99248904), (-0.054537095, -0.021541893, -0.9982794), (-0.07884394, -0.08346659, -0.9933866), (0.0337476, -0.077903576, -0.99638957), (-0.054537095, -0.021541893, -0.9982794), (-0.10564913, -0.025258986, -0.9940826), (-0.07255949, -0.08325079, -0.9938835), (-0.07884394, -0.08346659, -0.9933866), (-0.10564913, -0.025258986, -0.9940826), (0.02617997, -0.1175219, -0.99272513), (0.052972294, -0.082991496, -0.9951414), (-0.07255949, -0.08325079, -0.9938835), (0.02617997, -0.1175219, -0.99272513), (0.06576431, -0.10975989, -0.99178016), (0.032212365, -0.08102932, -0.996191), (0.052972294, -0.082991496, -0.9951414), (0.06576431, -0.10975989, -0.99178016), (-0.060521584, -0.015576836, -0.9980453), (-0.08656101, -0.08720206, -0.99242276), (0.032212365, -0.08102932, -0.996191), (-0.060521584, -0.015576836, -0.9980453), (-0.07020218, -0.03026634, -0.9970735), (-0.03499772, -0.08542384, -0.9957298), (-0.08656101, -0.08720206, -0.99242276), (-0.07020218, -0.03026634, -0.9970735), (0.061339185, -0.1277844, -0.9899034), (0.08773126, -0.08359218, -0.99263066), (-0.03499772, -0.08542384, -0.9957298), (0.061339185, -0.1277844, -0.9899034), (0.05732071, -0.10845027, -0.99244785), (0.021467766, -0.082402475, -0.99636793), (0.08773126, -0.08359218, -0.99263066), (0.05732071, -0.10845027, -0.99244785), (-0.06090223, -0.012206189, -0.9980691), (-0.08662211, -0.08892628, -0.9922645), (0.021467766, -0.082402475, -0.99636793), (-0.06090223, -0.012206189, -0.9980691), (-0.028031548, -0.03847432, -0.9988663), (0.0073565994, -0.085770406, -0.99628776), (-0.08662211, -0.08892628, -0.9922645), (-0.028031548, -0.03847432, -0.9988663), (0.08822613, -0.131375, -0.98739904), (0.111888394, -0.08218604, -0.99031633), (0.0073565994, -0.085770406, -0.99628776), (0.08822613, -0.131375, -0.98739904), (0.044194337, -0.10161634, -0.9938415), (0.007541219, -0.08223178, -0.9965848), (0.111888394, -0.08218604, -0.99031633), (0.044194337, -0.10161634, -0.9938415), (-0.050837763, -0.012863572, -0.9986241), (-0.07437745, -0.08861683, -0.993285), (0.007541219, -0.08223178, -0.9965848), (-0.050837763, -0.012863572, -0.9986241), (0.019026598, -0.047413062, -0.99869406), (0.052497342, -0.08357232, -0.99511796), (-0.07437745, -0.08861683, -0.993285), (0.019026598, -0.047413062, -0.99869406), (0.10708099, -0.12683542, -0.986127), (0.12621118, -0.07864588, -0.98888093), (0.052497342, -0.08357232, -0.99511796), (0.10708099, -0.12683542, -0.986127), (0.0335364, -0.09106067, -0.9952805), (-0.0022798397, -0.08045449, -0.99675566), (0.12621118, -0.07864588, -0.98888093), (0.0335364, -0.09106067, -0.9952805), (-0.025882835, -0.017279178, -0.9995157), (-0.045944553, -0.08561408, -0.99526846), (-0.0022798397, -0.08045449, -0.99675566), (-0.025882835, -0.017279178, -0.9995157), (0.070100725, -0.053708736, -0.9960929), (0.09929115, -0.07783962, -0.9920092), (-0.045944553, -0.08561408, -0.99526846), (0.070100725, -0.053708736, -0.9960929), (0.12260746, -0.113867, -0.9859015), (0.13599807, -0.07262159, -0.9880438), (0.09929115, -0.07783962, -0.9920092), (0.12260746, -0.113867, -0.9859015), (0.037414122, -0.0783414, -0.9962242), (0.004211645, -0.076240204, -0.99708056), (0.13599807, -0.07262159, -0.9880438), (0.037414122, -0.0783414, -0.9962242), (0.023218555, -0.023101747, -0.9994635), (0.006989162, -0.078212865, -0.9969122), (0.004211645, -0.076240204, -0.99708056), (0.023218555, -0.023101747, -0.9994635), (0.13337646, -0.05338174, -0.98962677), (0.15498991, -0.067063525, -0.9856371), (0.006989162, -0.078212865, -0.9969122), (0.13337646, -0.05338174, -0.98962677), (0.15825765, -0.09174673, -0.98312616), (0.16454369, -0.062230416, -0.98440474), (0.15498991, -0.067063525, -0.9856371), (0.15825765, -0.09174673, -0.98312616), (0.1024425, -0.062512346, -0.9927727), (0.07350428, -0.06565454, -0.99513143), (0.16454369, -0.062230416, -0.98440474), (0.1024425, -0.062512346, -0.9927727), (0.17442866, -0.024305815, -0.9843698), (0.16000432, -0.060144663, -0.9852823), (0.07350428, -0.06565454, -0.99513143), (0.17442866, -0.024305815, -0.9843698), (0.5981445, -0.01845267, -0.80117583), (0.5746871, -0.03480787, -0.8176326), (0.16000432, -0.060144663, -0.9852823), (0.5981445, -0.01845267, -0.80117583), (0.9578768, -0.007524353, -0.28708082), (0.95566046, -0.0067507657, -0.29439345), (0.5746871, -0.03480787, -0.8176326), (-0.9599661, 0.00029096758, -0.28011605), (-0.56748253, -0.03509825, -0.822637), (-0.533671, -0.028894907, -0.8451984), (-0.95904064, -0.0065991585, -0.28319153), (-0.56748253, -0.03509825, -0.822637), (-0.17728773, -0.07717428, -0.9811285), (-0.17966095, -0.026338395, -0.98337597), (-0.533671, -0.028894907, -0.8451984), (-0.17728773, -0.07717428, -0.9811285), (-0.19180658, -0.040566128, -0.980594), (-0.21990088, -0.02751764, -0.9751341), (-0.17966095, -0.026338395, -0.98337597), (-0.19180658, -0.040566128, -0.980594), (-0.15287456, 0.009370536, -0.9882012), (-0.1419944, -0.0676331, -0.98755425), (-0.21990088, -0.02751764, -0.9751341), (-0.15287456, 0.009370536, -0.9882012), (-0.03861985, -0.038651846, -0.9985061), (-0.0088625895, -0.07460332, -0.9971739), (-0.1419944, -0.0676331, -0.98755425), (-0.03861985, -0.038651846, -0.9985061), (-0.04839776, -0.09258691, -0.9945277), (-0.06130048, -0.03112884, -0.9976338), (-0.0088625895, -0.07460332, -0.9971739), (-0.04839776, -0.09258691, -0.9945277), (-0.13943723, -0.045442887, -0.98918766), (-0.16007876, -0.02641214, -0.98675084), (-0.06130048, -0.03112884, -0.9976338), (-0.13943723, -0.045442887, -0.98918766), (-0.084082305, 0.00029114838, -0.9964588), (-0.06670301, -0.08621081, -0.99404144), (-0.16007876, -0.02641214, -0.98675084), (-0.084082305, 0.00029114838, -0.9964588), (0.02894998, -0.050668534, -0.9982959), (0.044238493, -0.09263565, -0.9947169), (-0.06670301, -0.08621081, -0.99404144), (0.02894998, -0.050668534, -0.9982959), (-0.03058219, -0.09210988, -0.9952791), (-0.04993832, -0.027676364, -0.9983688), (0.044238493, -0.09263565, -0.9947169), (-0.03058219, -0.09210988, -0.9952791), (-0.12903243, -0.046218965, -0.9905627), (-0.1339996, -0.024347065, -0.9906823), (-0.04993832, -0.027676364, -0.9983688), (-0.12903243, -0.046218965, -0.9905627), (-0.03729634, -0.014710297, -0.99919593), (-0.016204566, -0.10293432, -0.99455607), (-0.1339996, -0.024347065, -0.9906823), (-0.03729634, -0.014710297, -0.99919593), (0.067134604, -0.059137005, -0.9959898), (0.06363492, -0.104479834, -0.99248904), (-0.016204566, -0.10293432, -0.99455607), (0.067134604, -0.059137005, -0.9959898), (-0.03292821, -0.08364133, -0.9959517), (-0.054537095, -0.021541893, -0.9982794), (0.06363492, -0.104479834, -0.99248904), (-0.03292821, -0.08364133, -0.9959517), (-0.11945537, -0.048962753, -0.99163157), (-0.10564913, -0.025258986, -0.9940826), (-0.054537095, -0.021541893, -0.9982794), (-0.11945537, -0.048962753, -0.99163157), (0.0050932495, -0.03345738, -0.99942714), (0.02617997, -0.1175219, -0.99272513), (-0.10564913, -0.025258986, -0.9940826), (0.0050932495, -0.03345738, -0.99942714), (0.0891241, -0.062185813, -0.9940773), (0.06576431, -0.10975989, -0.99178016), (0.02617997, -0.1175219, -0.99272513), (0.0891241, -0.062185813, -0.9940773), (-0.041061863, -0.07082053, -0.99664354), (-0.060521584, -0.015576836, -0.9980453), (0.06576431, -0.10975989, -0.99178016), (-0.041061863, -0.07082053, -0.99664354), (-0.10286146, -0.055419456, -0.99315065), (-0.07020218, -0.03026634, -0.9970735), (-0.060521584, -0.015576836, -0.9980453), (-0.10286146, -0.055419456, -0.99315065), (0.04463749, -0.052874625, -0.99760294), (0.061339185, -0.1277844, -0.9899034), (-0.07020218, -0.03026634, -0.9970735), (0.04463749, -0.052874625, -0.99760294), (0.09892464, -0.05912974, -0.99333656), (0.05732071, -0.10845027, -0.99244785), (0.061339185, -0.1277844, -0.9899034), (0.09892464, -0.05912974, -0.99333656), (-0.04803218, -0.056783732, -0.9972304), (-0.06090223, -0.012206189, -0.9980691), (0.05732071, -0.10845027, -0.99244785), (-0.04803218, -0.056783732, -0.9972304), (-0.07700972, -0.065076, -0.99490434), (-0.028031548, -0.03847432, -0.9988663), (-0.06090223, -0.012206189, -0.9980691), (-0.07700972, -0.065076, -0.99490434), (0.08058812, -0.06968191, -0.9943088), (0.08822613, -0.131375, -0.98739904), (-0.028031548, -0.03847432, -0.9988663), (0.08058812, -0.06968191, -0.9943088), (0.10012718, -0.050742846, -0.9936799), (0.044194337, -0.10161634, -0.9938415), (0.08822613, -0.131375, -0.98739904), (0.10012718, -0.050742846, -0.9936799), (-0.048447832, -0.044058904, -0.9978535), (-0.050837763, -0.012863572, -0.9986241), (0.044194337, -0.10161634, -0.9938415), (-0.048447832, -0.044058904, -0.9978535), (-0.041300777, -0.07571584, -0.99627376), (0.019026598, -0.047413062, -0.99869406), (-0.050837763, -0.012863572, -0.9986241), (-0.041300777, -0.07571584, -0.99627376), (0.11240458, -0.08089531, -0.99036413), (0.10708099, -0.12683542, -0.986127), (0.019026598, -0.047413062, -0.99869406), (0.11240458, -0.08089531, -0.99036413), (0.097956404, -0.038911626, -0.9944297), (0.0335364, -0.09106067, -0.9952805), (0.10708099, -0.12683542, -0.986127), (0.097956404, -0.038911626, -0.9944297), (-0.036123183, -0.034132686, -0.9987643), (-0.025882835, -0.017279178, -0.9995157), (0.0335364, -0.09106067, -0.9952805), (-0.036123183, -0.034132686, -0.9987643), (0.0058252895, -0.083905436, -0.9964566), (0.070100725, -0.053708736, -0.9960929), (-0.025882835, -0.017279178, -0.9995157), (0.0058252895, -0.083905436, -0.9964566), (0.14251357, -0.08414674, -0.9862095), (0.12260746, -0.113867, -0.9859015), (0.070100725, -0.053708736, -0.9960929), (0.14251357, -0.08414674, -0.9862095), (0.1028262, -0.025960382, -0.99436057), (0.037414122, -0.0783414, -0.9962242), (0.12260746, -0.113867, -0.9859015), (0.1028262, -0.025960382, -0.99436057), (0.0017785903, -0.026841316, -0.9996381), (0.023218555, -0.023101747, -0.9994635), (0.037414122, -0.0783414, -0.9962242), (0.0017785903, -0.026841316, -0.9996381), (0.07552436, -0.08460034, -0.9935486), (0.13337646, -0.05338174, -0.98962677), (0.023218555, -0.023101747, -0.9994635), (0.07552436, -0.08460034, -0.9935486), (0.19039519, -0.077161945, -0.9786703), (0.15825765, -0.09174673, -0.98312616), (0.13337646, -0.05338174, -0.98962677), (0.19039519, -0.077161945, -0.9786703), (0.15962973, -0.014008181, -0.98707753), (0.1024425, -0.062512346, -0.9927727), (0.15825765, -0.09174673, -0.98312616), (0.15962973, -0.014008181, -0.98707753), (0.15560582, -0.017148592, -0.98767036), (0.17442866, -0.024305815, -0.9843698), (0.1024425, -0.062512346, -0.9927727), (0.15560582, -0.017148592, -0.98767036), (0.5690878, -0.041364603, -0.8212357), (0.5981445, -0.01845267, -0.80117583), (0.17442866, -0.024305815, -0.9843698), (0.5690878, -0.041364603, -0.8212357), (0.9612021, -0.015728649, -0.2753964), (0.9578768, -0.007524353, -0.28708082), (0.5981445, -0.01845267, -0.80117583), (-0.9609749, -0.0076248036, -0.27653039), (-0.58843476, -0.04639195, -0.80721265), (-0.56748253, -0.03509825, -0.822637), (-0.9599661, 0.00029096758, -0.28011605), (-0.58843476, -0.04639195, -0.80721265), (-0.16351254, -0.050990645, -0.98522264), (-0.17728773, -0.07717428, -0.9811285), (-0.56748253, -0.03509825, -0.822637), (-0.16351254, -0.050990645, -0.98522264), (-0.118856974, -0.0027901656, -0.99290746), (-0.19180658, -0.040566128, -0.980594), (-0.17728773, -0.07717428, -0.9811285), (-0.118856974, -0.0027901656, -0.99290746), (-0.17874682, -0.0040133176, -0.9838869), (-0.15287456, 0.009370536, -0.9882012), (-0.19180658, -0.040566128, -0.980594), (-0.17874682, -0.0040133176, -0.9838869), (-0.12225286, -0.07459919, -0.9896915), (-0.03861985, -0.038651846, -0.9985061), (-0.15287456, 0.009370536, -0.9882012), (-0.12225286, -0.07459919, -0.9896915), (-0.014046674, -0.07220999, -0.9972905), (-0.04839776, -0.09258691, -0.9945277), (-0.03861985, -0.038651846, -0.9985061), (-0.014046674, -0.07220999, -0.9972905), (-0.055328075, 0.0056165415, -0.99845237), (-0.13943723, -0.045442887, -0.98918766), (-0.04839776, -0.09258691, -0.9945277), (-0.055328075, 0.0056165415, -0.99845237), (-0.13022152, -0.0028024518, -0.99148095), (-0.084082305, 0.00029114838, -0.9964588), (-0.13943723, -0.045442887, -0.98918766), (-0.13022152, -0.0028024518, -0.99148095), (-0.05621126, -0.095427856, -0.993848), (0.02894998, -0.050668534, -0.9982959), (-0.084082305, 0.00029114838, -0.9964588), (-0.05621126, -0.095427856, -0.993848), (0.023007669, -0.08109874, -0.9964405), (-0.03058219, -0.09210988, -0.9952791), (0.02894998, -0.050668534, -0.9982959), (0.023007669, -0.08109874, -0.9964405), (-0.049694303, 0.016784878, -0.99862343), (-0.12903243, -0.046218965, -0.9905627), (-0.03058219, -0.09210988, -0.9952791), (-0.049694303, 0.016784878, -0.99862343), (-0.099364035, -0.005454644, -0.99503624), (-0.03729634, -0.014710297, -0.99919593), (-0.12903243, -0.046218965, -0.9905627), (-0.099364035, -0.005454644, -0.99503624), (-0.007957203, -0.11260119, -0.9936085), (0.067134604, -0.059137005, -0.9959898), (-0.03729634, -0.014710297, -0.99919593), (-0.007957203, -0.11260119, -0.9936085), (0.03374438, -0.08285942, -0.9959898), (-0.03292821, -0.08364133, -0.9959517), (0.067134604, -0.059137005, -0.9959898), (0.03374438, -0.08285942, -0.9959898), (-0.053914715, 0.026560022, -0.99819225), (-0.11945537, -0.048962753, -0.99163157), (-0.03292821, -0.08364133, -0.9959517), (-0.053914715, 0.026560022, -0.99819225), (-0.06538638, -0.0119479, -0.9977884), (0.0050932495, -0.03345738, -0.99942714), (-0.11945537, -0.048962753, -0.99163157), (-0.06538638, -0.0119479, -0.9977884), (0.031690277, -0.12461113, -0.99169946), (0.0891241, -0.062185813, -0.9940773), (0.0050932495, -0.03345738, -0.99942714), (0.031690277, -0.12461113, -0.99169946), (0.030620264, -0.079243094, -0.996385), (-0.041061863, -0.07082053, -0.99664354), (0.0891241, -0.062185813, -0.9940773), (0.030620264, -0.079243094, -0.996385), (-0.056379497, 0.032400154, -0.99788356), (-0.10286146, -0.055419456, -0.99315065), (-0.041061863, -0.07082053, -0.99664354), (-0.056379497, 0.032400154, -0.99788356), (-0.025868611, -0.020764701, -0.9994496), (0.04463749, -0.052874625, -0.99760294), (-0.10286146, -0.055419456, -0.99315065), (-0.025868611, -0.020764701, -0.9994496), (0.06312907, -0.12987706, -0.98951834), (0.09892464, -0.05912974, -0.99333656), (0.04463749, -0.052874625, -0.99760294), (0.06312907, -0.12987706, -0.98951834), (0.020444244, -0.0721917, -0.9971812), (-0.04803218, -0.056783732, -0.9972304), (0.09892464, -0.05912974, -0.99333656), (0.020444244, -0.0721917, -0.9971812), (-0.051330548, 0.03296582, -0.99813753), (-0.07700972, -0.065076, -0.99490434), (-0.04803218, -0.056783732, -0.9972304), (-0.051330548, 0.03296582, -0.99813753), (0.017859904, -0.029668234, -0.99940026), (0.08058812, -0.06968191, -0.9943088), (-0.07700972, -0.065076, -0.99490434), (0.017859904, -0.029668234, -0.99940026), (0.08635567, -0.12756892, -0.9880632), (0.10012718, -0.050742846, -0.9936799), (0.08058812, -0.06968191, -0.9943088), (0.08635567, -0.12756892, -0.9880632), (0.0096730385, -0.06365877, -0.9979248), (-0.048447832, -0.044058904, -0.9978535), (0.10012718, -0.050742846, -0.9936799), (0.0096730385, -0.06365877, -0.9979248), (-0.03505216, 0.02827617, -0.99898535), (-0.041300777, -0.07571584, -0.99627376), (-0.048447832, -0.044058904, -0.9978535), (-0.03505216, 0.02827617, -0.99898535), (0.06397987, -0.036433563, -0.99728584), (0.11240458, -0.08089531, -0.99036413), (-0.041300777, -0.07571584, -0.99627376), (0.06397987, -0.036433563, -0.99728584), (0.103489, -0.11775554, -0.98763543), (0.097956404, -0.038911626, -0.9944297), (0.11240458, -0.08089531, -0.99036413), (0.103489, -0.11775554, -0.98763543), (0.006240257, -0.055071782, -0.9984629), (-0.036123183, -0.034132686, -0.9987643), (0.097956404, -0.038911626, -0.9944297), (0.006240257, -0.055071782, -0.9984629), (-0.003485799, 0.019588755, -0.99980205), (0.0058252895, -0.083905436, -0.9964566), (-0.036123183, -0.034132686, -0.9987643), (-0.003485799, 0.019588755, -0.99980205), (0.113229096, -0.03917617, -0.99279624), (0.14251357, -0.08414674, -0.9862095), (0.0058252895, -0.083905436, -0.9964566), (0.113229096, -0.03917617, -0.99279624), (0.12260808, -0.10092357, -0.98731035), (0.1028262, -0.025960382, -0.99436057), (0.14251357, -0.08414674, -0.9862095), (0.12260808, -0.10092357, -0.98731035), (0.025500122, -0.046832364, -0.99857724), (0.0017785903, -0.026841316, -0.9996381), (0.1028262, -0.025960382, -0.99436057), (0.025500122, -0.046832364, -0.99857724), (0.057091124, 0.009083231, -0.9983276), (0.07552436, -0.08460034, -0.9935486), (0.0017785903, -0.026841316, -0.9996381), (0.057091124, 0.009083231, -0.9983276), (0.1829239, -0.035564914, -0.9824836), (0.19039519, -0.077161945, -0.9786703), (0.07552436, -0.08460034, -0.9935486), (0.1829239, -0.035564914, -0.9824836), (0.18654546, -0.07563209, -0.9795308), (0.15962973, -0.014008181, -0.98707753), (0.19039519, -0.077161945, -0.9786703), (0.18654546, -0.07563209, -0.9795308), (0.16372818, -0.037219446, -0.9858031), (0.15560582, -0.017148592, -0.98767036), (0.15962973, -0.014008181, -0.98707753), (0.16372818, -0.037219446, -0.9858031), (0.5593275, 0.0028782703, -0.8289418), (0.5690878, -0.041364603, -0.8212357), (0.15560582, -0.017148592, -0.98767036), (0.5593275, 0.0028782703, -0.8289418), (0.9630685, 0.003264493, -0.2692366), (0.9612021, -0.015728649, -0.2753964), (0.5690878, -0.041364603, -0.8212357), (-0.9616043, 0.0033887832, -0.2744186), (-0.5967838, 0.0060435385, -0.80237937), (-0.58843476, -0.04639195, -0.80721265), (-0.9609749, -0.0076248036, -0.27653039), (-0.5967838, 0.0060435385, -0.80237937), (-0.17559679, -0.02552829, -0.9841311), (-0.16351254, -0.050990645, -0.98522264), (-0.58843476, -0.04639195, -0.80721265), (-0.17559679, -0.02552829, -0.9841311), (-0.09436962, -0.060187384, -0.9937162), (-0.118856974, -0.0027901656, -0.99290746), (-0.16351254, -0.050990645, -0.98522264), (-0.09436962, -0.060187384, -0.9937162), (-0.17992818, -0.035294645, -0.98304635), (-0.17874682, -0.0040133176, -0.9838869), (-0.118856974, -0.0027901656, -0.99290746), (-0.17992818, -0.035294645, -0.98304635), (-0.15590629, -0.005137662, -0.98775846), (-0.12225286, -0.07459919, -0.9896915), (-0.17874682, -0.0040133176, -0.9838869), (-0.15590629, -0.005137662, -0.98775846), (-0.007738098, -0.03282417, -0.9994312), (-0.014046674, -0.07220999, -0.9972905), (-0.12225286, -0.07459919, -0.9896915), (-0.007738098, -0.03282417, -0.9994312), (-0.017809652, -0.06261847, -0.9978786), (-0.055328075, 0.0056165415, -0.99845237), (-0.014046674, -0.07220999, -0.9972905), (-0.017809652, -0.06261847, -0.9978786), (-0.14962822, -0.040186446, -0.9879253), (-0.13022152, -0.0028024518, -0.99148095), (-0.055328075, 0.0056165415, -0.99845237), (-0.14962822, -0.040186446, -0.9879253), (-0.09645177, -0.0145772435, -0.9952309), (-0.05621126, -0.095427856, -0.993848), (-0.13022152, -0.0028024518, -0.99148095), (-0.09645177, -0.0145772435, -0.9952309), (0.05170963, -0.035559926, -0.9980288), (0.023007669, -0.08109874, -0.9964405), (-0.05621126, -0.095427856, -0.993848), (0.05170963, -0.035559926, -0.9980288), (-0.008382558, -0.05821248, -0.998269), (-0.049694303, 0.016784878, -0.99862343), (0.023007669, -0.08109874, -0.9964405), (-0.008382558, -0.05821248, -0.998269), (-0.14055395, -0.043689713, -0.98910856), (-0.099364035, -0.005454644, -0.99503624), (-0.049694303, 0.016784878, -0.99862343), (-0.14055395, -0.043689713, -0.98910856), (-0.04752429, -0.02329534, -0.99859846), (-0.007957203, -0.11260119, -0.9936085), (-0.099364035, -0.005454644, -0.99503624), (-0.04752429, -0.02329534, -0.99859846), (0.08505621, -0.03440038, -0.99578214), (0.03374438, -0.08285942, -0.9959898), (-0.007957203, -0.11260119, -0.9936085), (0.08505621, -0.03440038, -0.99578214), (-0.016597878, -0.051440783, -0.99853814), (-0.053914715, 0.026560022, -0.99819225), (0.03374438, -0.08285942, -0.9959898), (-0.016597878, -0.051440783, -0.99853814), (-0.12725323, -0.047350045, -0.9907394), (-0.06538638, -0.0119479, -0.9977884), (-0.053914715, 0.026560022, -0.99819225), (-0.12725323, -0.047350045, -0.9907394), (-0.0004846544, -0.030591076, -0.99953187), (0.031690277, -0.12461113, -0.99169946), (-0.06538638, -0.0119479, -0.9977884), (-0.0004846544, -0.030591076, -0.99953187), (0.10119376, -0.030339029, -0.994404), (0.030620264, -0.079243094, -0.996385), (0.031690277, -0.12461113, -0.99169946), (0.10119376, -0.030339029, -0.994404), (-0.029571023, -0.043796856, -0.9986026), (-0.056379497, 0.032400154, -0.99788356), (0.030620264, -0.079243094, -0.996385), (-0.029571023, -0.043796856, -0.9986026), (-0.10374824, -0.051097754, -0.9932902), (-0.025868611, -0.020764701, -0.9994496), (-0.056379497, 0.032400154, -0.99788356), (-0.10374824, -0.051097754, -0.9932902), (0.04375613, -0.036404748, -0.9983788), (0.06312907, -0.12987706, -0.98951834), (-0.025868611, -0.020764701, -0.9994496), (0.04375613, -0.036404748, -0.9983788), (0.10412393, -0.024302393, -0.99426734), (0.020444244, -0.0721917, -0.9971812), (0.06312907, -0.12987706, -0.98951834), (0.10412393, -0.024302393, -0.99426734), (-0.03953376, -0.0358605, -0.9985745), (-0.051330548, 0.03296582, -0.99813753), (0.020444244, -0.0721917, -0.9971812), (-0.03953376, -0.0358605, -0.9985745), (-0.06891243, -0.05458299, -0.99612844), (0.017859904, -0.029668234, -0.99940026), (-0.051330548, 0.03296582, -0.99813753), (-0.06891243, -0.05458299, -0.99612844), (0.08314679, -0.040891167, -0.9956981), (0.08635567, -0.12756892, -0.9880632), (0.017859904, -0.029668234, -0.99940026), (0.08314679, -0.040891167, -0.9956981), (0.09864196, -0.01699256, -0.9949779), (0.0096730385, -0.06365877, -0.9979248), (0.08635567, -0.12756892, -0.9880632), (0.09864196, -0.01699256, -0.9949779), (-0.03994985, -0.027926808, -0.9988113), (-0.03505216, 0.02827617, -0.99898535), (0.0096730385, -0.06365877, -0.9979248), (-0.03994985, -0.027926808, -0.9988113), (-0.02337634, -0.05738442, -0.9980784), (0.06397987, -0.036433563, -0.99728584), (-0.03505216, 0.02827617, -0.99898535), (-0.02337634, -0.05738442, -0.9980784), (0.11699075, -0.04396827, -0.99215925), (0.103489, -0.11775554, -0.98763543), (0.06397987, -0.036433563, -0.99728584), (0.11699075, -0.04396827, -0.99215925), (0.09217605, -0.008987426, -0.99570215), (0.006240257, -0.055071782, -0.9984629), (0.103489, -0.11775554, -0.98763543), (0.09217605, -0.008987426, -0.99570215), (-0.023224074, -0.02027901, -0.99952453), (-0.003485799, 0.019588755, -0.99980205), (0.006240257, -0.055071782, -0.9984629), (-0.023224074, -0.02027901, -0.99952453), (0.033919945, -0.058657534, -0.99770176), (0.113229096, -0.03917617, -0.99279624), (-0.003485799, 0.019588755, -0.99980205), (0.033919945, -0.058657534, -0.99770176), (0.1499182, -0.044941228, -0.98767644), (0.12260808, -0.10092357, -0.98731035), (0.113229096, -0.03917617, -0.99279624), (0.1499182, -0.044941228, -0.98767644), (0.100178964, -0.0010683895, -0.9949689), (0.025500122, -0.046832364, -0.99857724), (0.12260808, -0.10092357, -0.98731035), (0.100178964, -0.0010683895, -0.9949689), (0.028771175, -0.013011642, -0.99950135), (0.057091124, 0.009083231, -0.9983276), (0.025500122, -0.046832364, -0.99857724), (0.028771175, -0.013011642, -0.99950135), (0.12130933, -0.055631675, -0.99105453), (0.1829239, -0.035564914, -0.9824836), (0.057091124, 0.009083231, -0.9983276), (0.12130933, -0.055631675, -0.99105453), (0.21965024, -0.04177003, -0.97468406), (0.18654546, -0.07563209, -0.9795308), (0.1829239, -0.035564914, -0.9824836), (0.21965024, -0.04177003, -0.97468406), (0.21659575, 0.0046314485, -0.97625047), (0.16372818, -0.037219446, -0.9858031), (0.18654546, -0.07563209, -0.9795308), (0.21659575, 0.0046314485, -0.97625047), (0.5896127, 0.013454939, -0.80757403), (0.5593275, 0.0028782703, -0.8289418), (0.16372818, -0.037219446, -0.9858031), (0.5896127, 0.013454939, -0.80757403), (0.9623143, 0.0021507763, -0.2719314), (0.9630685, 0.003264493, -0.2692366), (0.5593275, 0.0028782703, -0.8289418), (-0.9619804, -0.005724577, -0.27305835), (-0.6327223, -0.020326836, -0.7741119), (-0.5967838, 0.0060435385, -0.80237937), (-0.9616043, 0.0033887832, -0.2744186), (-0.6327223, -0.020326836, -0.7741119), (-0.20389643, -0.023716552, -0.9787052), (-0.17559679, -0.02552829, -0.9841311), (-0.5967838, 0.0060435385, -0.80237937), (-0.20389643, -0.023716552, -0.9787052), (-0.1000145, -0.022175457, -0.9947388), (-0.09436962, -0.060187384, -0.9937162), (-0.17559679, -0.02552829, -0.9841311), (-0.1000145, -0.022175457, -0.9947388), (-0.15493454, -0.032056484, -0.9874045), (-0.17992818, -0.035294645, -0.98304635), (-0.09436962, -0.060187384, -0.9937162), (-0.15493454, -0.032056484, -0.9874045), (-0.15989782, -0.03582607, -0.9864832), (-0.15590629, -0.005137662, -0.98775846), (-0.17992818, -0.035294645, -0.98304635), (-0.15989782, -0.03582607, -0.9864832), (-0.03659363, -0.024359947, -0.9990332), (-0.007738098, -0.03282417, -0.9994312), (-0.15590629, -0.005137662, -0.98775846), (-0.03659363, -0.024359947, -0.9990332), (-0.01917381, -0.025948407, -0.9994794), (-0.017809652, -0.06261847, -0.9978786), (-0.007738098, -0.03282417, -0.9994312), (-0.01917381, -0.025948407, -0.9994794), (-0.12612322, -0.043413978, -0.99106413), (-0.14962822, -0.040186446, -0.9879253), (-0.017809652, -0.06261847, -0.9978786), (-0.12612322, -0.043413978, -0.99106413), (-0.101501405, -0.038696315, -0.9940825), (-0.09645177, -0.0145772435, -0.9952309), (-0.14962822, -0.040186446, -0.9879253), (-0.101501405, -0.038696315, -0.9940825), (0.029112613, -0.01809428, -0.99941236), (0.05170963, -0.035559926, -0.9980288), (-0.09645177, -0.0145772435, -0.9952309), (0.029112613, -0.01809428, -0.99941236), (-0.007461708, -0.028937822, -0.9995533), (-0.008382558, -0.05821248, -0.998269), (0.05170963, -0.035559926, -0.9980288), (-0.007461708, -0.028937822, -0.9995533), (-0.12385622, -0.052239846, -0.99092424), (-0.14055395, -0.043689713, -0.98910856), (-0.008382558, -0.05821248, -0.998269), (-0.12385622, -0.052239846, -0.99092424), (-0.051786248, -0.036138773, -0.9980041), (-0.04752429, -0.02329534, -0.99859846), (-0.14055395, -0.043689713, -0.98910856), (-0.051786248, -0.036138773, -0.9980041), (0.07172288, -0.010746801, -0.99736667), (0.08505621, -0.03440038, -0.99578214), (-0.04752429, -0.02329534, -0.99859846), (0.07172288, -0.010746801, -0.99736667), (-0.01612536, -0.032619987, -0.99933773), (-0.016597878, -0.051440783, -0.99853814), (0.08505621, -0.03440038, -0.99578214), (-0.01612536, -0.032619987, -0.99933773), (-0.11972485, -0.05687185, -0.99117684), (-0.12725323, -0.047350045, -0.9907394), (-0.016597878, -0.051440783, -0.99853814), (-0.11972485, -0.05687185, -0.99117684), (-0.0012466477, -0.029801572, -0.99955505), (-0.0004846544, -0.030591076, -0.99953187), (-0.12725323, -0.047350045, -0.9907394), (-0.0012466477, -0.029801572, -0.99955505), (0.098214895, -0.005686577, -0.99514896), (0.10119376, -0.030339029, -0.994404), (-0.0004846544, -0.030591076, -0.99953187), (0.098214895, -0.005686577, -0.99514896), (-0.03233384, -0.03623851, -0.99881995), (-0.029571023, -0.043796856, -0.9986026), (0.10119376, -0.030339029, -0.994404), (-0.03233384, -0.03623851, -0.99881995), (-0.10579798, -0.055912003, -0.99281454), (-0.10374824, -0.051097754, -0.9932902), (-0.029571023, -0.043796856, -0.9986026), (-0.10579798, -0.055912003, -0.99281454), (0.048801977, -0.022093093, -0.9985641), (0.04375613, -0.036404748, -0.9983788), (-0.10374824, -0.051097754, -0.9932902), (0.048801977, -0.022093093, -0.9985641), (0.11074912, -0.004654821, -0.99383754), (0.10412393, -0.024302393, -0.99426734), (0.04375613, -0.036404748, -0.9983788), (0.11074912, -0.004654821, -0.99383754), (-0.047790267, -0.038220808, -0.99812585), (-0.03953376, -0.0358605, -0.9985745), (0.10412393, -0.024302393, -0.99426734), (-0.047790267, -0.038220808, -0.99812585), (-0.07928342, -0.04947652, -0.9956235), (-0.06891243, -0.05458299, -0.99612844), (-0.03953376, -0.0358605, -0.9985745), (-0.07928342, -0.04947652, -0.9956235), (0.09530703, -0.015550105, -0.99532646), (0.08314679, -0.040891167, -0.9956981), (-0.06891243, -0.05458299, -0.99612844), (0.09530703, -0.015550105, -0.99532646), (0.11258529, -0.00741896, -0.9936143), (0.09864196, -0.01699256, -0.9949779), (0.08314679, -0.040891167, -0.9956981), (0.11258529, -0.00741896, -0.9936143), (-0.055012126, -0.037220947, -0.9977917), (-0.03994985, -0.027926808, -0.9988113), (0.09864196, -0.01699256, -0.9949779), (-0.055012126, -0.037220947, -0.9977917), (-0.03959538, -0.039357193, -0.9984404), (-0.02337634, -0.05738442, -0.9980784), (-0.03994985, -0.027926808, -0.9988113), (-0.03959538, -0.039357193, -0.9984404), (0.13630024, -0.011817869, -0.9905971), (0.11699075, -0.04396827, -0.99215925), (-0.02337634, -0.05738442, -0.9980784), (0.13630024, -0.011817869, -0.9905971), (0.110123344, -0.012077838, -0.99384457), (0.09217605, -0.008987426, -0.99570215), (0.11699075, -0.04396827, -0.99215925), (0.110123344, -0.012077838, -0.99384457), (-0.04508483, -0.032855377, -0.99844277), (-0.023224074, -0.02027901, -0.99952453), (0.09217605, -0.008987426, -0.99570215), (-0.04508483, -0.032855377, -0.99844277), (0.015056041, -0.02824178, -0.99948776), (0.033919945, -0.058657534, -0.99770176), (-0.023224074, -0.02027901, -0.99952453), (0.015056041, -0.02824178, -0.99948776), (0.17485893, -0.0109194815, -0.9845329), (0.1499182, -0.044941228, -0.98767644), (0.033919945, -0.058657534, -0.99770176), (0.17485893, -0.0109194815, -0.9845329), (0.1182293, -0.015879681, -0.99285936), (0.100178964, -0.0010683895, -0.9949689), (0.1499182, -0.044941228, -0.98767644), (0.1182293, -0.015879681, -0.99285936), (0.0021510737, -0.02573577, -0.99966645), (0.028771175, -0.013011642, -0.99950135), (0.100178964, -0.0010683895, -0.9949689), (0.0021510737, -0.02573577, -0.99966645), (0.10355683, -0.018300492, -0.9944552), (0.12130933, -0.055631675, -0.99105453), (0.028771175, -0.013011642, -0.99950135), (0.10355683, -0.018300492, -0.9944552), (0.2458626, -0.010706844, -0.96924555), (0.21965024, -0.04177003, -0.97468406), (0.12130933, -0.055631675, -0.99105453), (0.2458626, -0.010706844, -0.96924555), (0.2299999, -0.014873699, -0.973077), (0.21659575, 0.0046314485, -0.97625047), (0.21965024, -0.04177003, -0.97468406), (0.2299999, -0.014873699, -0.973077), (0.5576547, -0.011053347, -0.82999945), (0.5896127, 0.013454939, -0.80757403), (0.21659575, 0.0046314485, -0.97625047), (0.5576547, -0.011053347, -0.82999945), (0.96202475, -0.0002302869, -0.27296218), (0.9623143, 0.0021507763, -0.2719314), (0.5896127, 0.013454939, -0.80757403), (-0.9644154, -0.012788125, -0.26408213), (-0.6029235, -0.035724822, -0.79699874), (-0.6327223, -0.020326836, -0.7741119), (-0.9619804, -0.005724577, -0.27305835), (-0.6029235, -0.035724822, -0.79699874), (-0.17414984, -0.010032882, -0.9846681), (-0.20389643, -0.023716552, -0.9787052), (-0.6327223, -0.020326836, -0.7741119), (-0.17414984, -0.010032882, -0.9846681), (-0.10903895, 0.01450989, -0.9939316), (-0.1000145, -0.022175457, -0.9947388), (-0.20389643, -0.023716552, -0.9787052), (-0.10903895, 0.01450989, -0.9939316), (-0.19432144, -0.031115927, -0.9804443), (-0.15493454, -0.032056484, -0.9874045), (-0.1000145, -0.022175457, -0.9947388), (-0.19432144, -0.031115927, -0.9804443), (-0.1507233, -0.05679528, -0.9869432), (-0.15989782, -0.03582607, -0.9864832), (-0.15493454, -0.032056484, -0.9874045), (-0.1507233, -0.05679528, -0.9869432), (-0.00412248, -0.013674046, -0.999898), (-0.03659363, -0.024359947, -0.9990332), (-0.15989782, -0.03582607, -0.9864832), (-0.00412248, -0.013674046, -0.999898), (-0.029748783, 0.0074649006, -0.99952954), (-0.01917381, -0.025948407, -0.9994794), (-0.03659363, -0.024359947, -0.9990332), (-0.029748783, 0.0074649006, -0.99952954), (-0.15584771, -0.036332432, -0.98711264), (-0.12612322, -0.043413978, -0.99106413), (-0.01917381, -0.025948407, -0.9994794), (-0.15584771, -0.036332432, -0.98711264), (-0.090253666, -0.0509734, -0.9946135), (-0.101501405, -0.038696315, -0.9940825), (-0.12612322, -0.043413978, -0.99106413), (-0.090253666, -0.0509734, -0.9946135), (0.05040078, -0.013935905, -0.99863183), (0.029112613, -0.01809428, -0.99941236), (-0.101501405, -0.038696315, -0.9940825), (0.05040078, -0.013935905, -0.99863183), (-0.016117448, -0.004392621, -0.9998605), (-0.007461708, -0.028937822, -0.9995533), (0.029112613, -0.01809428, -0.99941236), (-0.016117448, -0.004392621, -0.9998605), (-0.13940752, -0.03633056, -0.9895684), (-0.12385622, -0.052239846, -0.99092424), (-0.007461708, -0.028937822, -0.9995533), (-0.13940752, -0.03633056, -0.9895684), (-0.044740032, -0.03789624, -0.99827963), (-0.051786248, -0.036138773, -0.9980041), (-0.12385622, -0.052239846, -0.99092424), (-0.044740032, -0.03789624, -0.99827963), (0.07885154, -0.016232666, -0.99675417), (0.07172288, -0.010746801, -0.99736667), (-0.051786248, -0.036138773, -0.9980041), (0.07885154, -0.016232666, -0.99675417), (-0.018087843, -0.018399885, -0.99966705), (-0.01612536, -0.032619987, -0.99933773), (0.07172288, -0.010746801, -0.99736667), (-0.018087843, -0.018399885, -0.99966705), (-0.12054852, -0.030417353, -0.9922413), (-0.11972485, -0.05687185, -0.99117684), (-0.01612536, -0.032619987, -0.99933773), (-0.12054852, -0.030417353, -0.9922413), (-0.0034774484, -0.021509586, -0.9997626), (-0.0012466477, -0.029801572, -0.99955505), (-0.11972485, -0.05687185, -0.99117684), (-0.0034774484, -0.021509586, -0.9997626), (0.091788135, -0.022041317, -0.9955346), (0.098214895, -0.005686577, -0.99514896), (-0.0012466477, -0.029801572, -0.99955505), (0.091788135, -0.022041317, -0.9955346), (-0.024032036, -0.032042284, -0.99919754), (-0.03233384, -0.03623851, -0.99881995), (0.098214895, -0.005686577, -0.99514896), (-0.024032036, -0.032042284, -0.99919754), (-0.09381671, -0.01896667, -0.99540883), (-0.10579798, -0.055912003, -0.99281454), (-0.03233384, -0.03623851, -0.99881995), (-0.09381671, -0.01896667, -0.99540883), (0.034475066, -0.0051368442, -0.9993924), (0.048801977, -0.022093093, -0.9985641), (-0.10579798, -0.055912003, -0.99281454), (0.034475066, -0.0051368442, -0.9993924), (0.09349605, -0.03125539, -0.9951289), (0.11074912, -0.004654821, -0.99383754), (0.048801977, -0.022093093, -0.9985641), (0.09349605, -0.03125539, -0.9951289), (-0.027495943, -0.04277054, -0.9987065), (-0.047790267, -0.038220808, -0.99812585), (0.11074912, -0.004654821, -0.99383754), (-0.027495943, -0.04277054, -0.9987065), (-0.057910915, -0.0037251352, -0.99831474), (-0.07928342, -0.04947652, -0.9956235), (-0.047790267, -0.038220808, -0.99812585), (-0.057910915, -0.0037251352, -0.99831474), (0.068429, 0.008196261, -0.9976224), (0.09530703, -0.015550105, -0.99532646), (-0.07928342, -0.04947652, -0.9956235), (0.068429, 0.008196261, -0.9976224), (0.08827286, -0.04227454, -0.9951989), (0.11258529, -0.00741896, -0.9936143), (0.09530703, -0.015550105, -0.99532646), (0.08827286, -0.04227454, -0.9951989), (-0.022821631, -0.04838245, -0.9985682), (-0.055012126, -0.037220947, -0.9977917), (0.11258529, -0.00741896, -0.9936143), (-0.022821631, -0.04838245, -0.9985682), (-0.0127678225, 0.012356488, -0.99984217), (-0.03959538, -0.039357193, -0.9984404), (-0.055012126, -0.037220947, -0.9977917), (-0.0127678225, 0.012356488, -0.99984217), (0.09839825, 0.016155723, -0.995016), (0.13630024, -0.011817869, -0.9905971), (-0.03959538, -0.039357193, -0.9984404), (0.09839825, 0.016155723, -0.995016), (0.08277752, -0.052272584, -0.9951962), (0.110123344, -0.012077838, -0.99384457), (0.13630024, -0.011817869, -0.9905971), (0.08277752, -0.052272584, -0.9951962), (-0.002881991, -0.047613382, -0.99886173), (-0.04508483, -0.032855377, -0.99844277), (0.110123344, -0.012077838, -0.99384457), (-0.002881991, -0.047613382, -0.99886173), (0.043413445, 0.02561071, -0.9987289), (0.015056041, -0.02824178, -0.99948776), (-0.04508483, -0.032855377, -0.99844277), (0.043413445, 0.02561071, -0.9987289), (0.12939934, 0.017867554, -0.9914316), (0.17485893, -0.0109194815, -0.9845329), (0.015056041, -0.02824178, -0.99948776), (0.12939934, 0.017867554, -0.9914316), (0.09200217, -0.057440735, -0.99410063), (0.1182293, -0.015879681, -0.99285936), (0.17485893, -0.0109194815, -0.9845329), (0.09200217, -0.057440735, -0.99410063), (0.049849022, -0.040606555, -0.99793094), (0.0021510737, -0.02573577, -0.99966645), (0.1182293, -0.015879681, -0.99285936), (0.049849022, -0.040606555, -0.99793094), (0.12911855, 0.031762414, -0.99112034), (0.10355683, -0.018300492, -0.9944552), (0.0021510737, -0.02573577, -0.99966645), (0.12911855, 0.031762414, -0.99112034), (0.20055126, 0.015219735, -0.97956496), (0.2458626, -0.010706844, -0.96924555), (0.10355683, -0.018300492, -0.9944552), (0.20055126, 0.015219735, -0.97956496), (0.21034883, -0.04974015, -0.9763602), (0.2299999, -0.014873699, -0.973077), (0.2458626, -0.010706844, -0.96924555), (0.21034883, -0.04974015, -0.9763602), (0.5934042, -0.039248623, -0.8039472), (0.5576547, -0.011053347, -0.82999945), (0.2299999, -0.014873699, -0.973077), (0.5934042, -0.039248623, -0.8039472), (0.96258724, -0.0037157314, -0.27094638), (0.96202475, -0.0002302869, -0.27296218), (0.5576547, -0.011053347, -0.82999945), (-0.96460515, 0.011340935, -0.26345447), (-0.6063428, 0.036826946, -0.79435015), (-0.6029235, -0.035724822, -0.79699874), (-0.9644154, -0.012788125, -0.26408213), (-0.6063428, 0.036826946, -0.79435015), (-0.1992371, -0.009042533, -0.97990966), (-0.17414984, -0.010032882, -0.9846681), (-0.6029235, -0.035724822, -0.79699874), (-0.1992371, -0.009042533, -0.97990966), (-0.12750825, -0.07479538, -0.98901325), (-0.10903895, 0.01450989, -0.9939316), (-0.17414984, -0.010032882, -0.9846681), (-0.12750825, -0.07479538, -0.98901325), (-0.15953249, -0.01793696, -0.9870297), (-0.19432144, -0.031115927, -0.9804443), (-0.10903895, 0.01450989, -0.9939316), (-0.15953249, -0.01793696, -0.9870297), (-0.1388964, 0.061539266, -0.98839295), (-0.1507233, -0.05679528, -0.9869432), (-0.19432144, -0.031115927, -0.9804443), (-0.1388964, 0.061539266, -0.98839295), (-0.056627665, -0.008939339, -0.9983553), (-0.00412248, -0.013674046, -0.999898), (-0.1507233, -0.05679528, -0.9869432), (-0.056627665, -0.008939339, -0.9983553), (-0.043599047, -0.097285464, -0.99430114), (-0.029748783, 0.0074649006, -0.99952954), (-0.00412248, -0.013674046, -0.999898), (-0.043599047, -0.097285464, -0.99430114), (-0.092675366, -0.017279234, -0.99554646), (-0.15584771, -0.036332432, -0.98711264), (-0.029748783, 0.0074649006, -0.99952954), (-0.092675366, -0.017279234, -0.99554646), (-0.08522733, 0.07614018, -0.993448), (-0.090253666, -0.0509734, -0.9946135), (-0.15584771, -0.036332432, -0.98711264), (-0.08522733, 0.07614018, -0.993448), (-0.027372347, -0.014369971, -0.999522), (0.05040078, -0.013935905, -0.99863183), (-0.090253666, -0.0509734, -0.9946135), (-0.027372347, -0.014369971, -0.999522), (-0.018819982, -0.11086876, -0.9936568), (-0.016117448, -0.004392621, -0.9998605), (0.05040078, -0.013935905, -0.99863183), (-0.018819982, -0.11086876, -0.9936568), (-0.052018594, -0.011567237, -0.9985792), (-0.13940752, -0.03633056, -0.9895684), (-0.016117448, -0.004392621, -0.9998605), (-0.052018594, -0.011567237, -0.9985792), (-0.052015446, 0.08489915, -0.99503094), (-0.044740032, -0.03789624, -0.99827963), (-0.13940752, -0.03633056, -0.9895684), (-0.052015446, 0.08489915, -0.99503094), (-0.019186271, -0.022356942, -0.9995659), (0.07885154, -0.016232666, -0.99675417), (-0.044740032, -0.03789624, -0.99827963), (-0.019186271, -0.022356942, -0.9995659), (-0.005100953, -0.11686899, -0.9931342), (-0.018087843, -0.018399885, -0.99966705), (0.07885154, -0.016232666, -0.99675417), (-0.005100953, -0.11686899, -0.9931342), (-0.015599511, -0.0030480959, -0.99987364), (-0.12054852, -0.030417353, -0.9922413), (-0.018087843, -0.018399885, -0.99966705), (-0.015599511, -0.0030480959, -0.99987364), (-0.02657808, 0.087144405, -0.99584115), (-0.0034774484, -0.021509586, -0.9997626), (-0.12054852, -0.030417353, -0.9922413), (-0.02657808, 0.087144405, -0.99584115), (-0.019027302, -0.031535003, -0.9993216), (0.091788135, -0.022041317, -0.9955346), (-0.0034774484, -0.021509586, -0.9997626), (-0.019027302, -0.031535003, -0.9993216), (0.007367338, -0.11513477, -0.9933226), (-0.024032036, -0.032042284, -0.99919754), (0.091788135, -0.022041317, -0.9955346), (0.007367338, -0.11513477, -0.9933226), (0.019950476, 0.006480062, -0.99977994), (-0.09381671, -0.01896667, -0.99540883), (-0.024032036, -0.032042284, -0.99919754), (0.019950476, 0.006480062, -0.99977994), (-0.0062838597, 0.082372926, -0.9965818), (0.034475066, -0.0051368442, -0.9993924), (-0.09381671, -0.01896667, -0.99540883), (-0.0062838597, 0.082372926, -0.9965818), (-0.020963112, -0.040077597, -0.9989766), (0.09349605, -0.03125539, -0.9951289), (0.034475066, -0.0051368442, -0.9993924), (-0.020963112, -0.040077597, -0.9989766), (0.022677446, -0.1059698, -0.99411076), (-0.027495943, -0.04277054, -0.9987065), (0.09349605, -0.03125539, -0.9951289), (0.022677446, -0.1059698, -0.99411076), (0.05481893, 0.014948139, -0.9983844), (-0.057910915, -0.0037251352, -0.99831474), (-0.027495943, -0.04277054, -0.9987065), (0.05481893, 0.014948139, -0.9983844), (0.010505131, 0.071027115, -0.99741906), (0.068429, 0.008196261, -0.9976224), (-0.057910915, -0.0037251352, -0.99831474), (0.010505131, 0.071027115, -0.99741906), (-0.020058634, -0.04578348, -0.99875), (0.08827286, -0.04227454, -0.9951989), (0.068429, 0.008196261, -0.9976224), (-0.020058634, -0.04578348, -0.99875), (0.043346185, -0.09060803, -0.9949429), (-0.022821631, -0.04838245, -0.9985682), (0.08827286, -0.04227454, -0.9951989), (0.043346185, -0.09060803, -0.9949429), (0.08901364, 0.020159354, -0.99582636), (-0.0127678225, 0.012356488, -0.99984217), (-0.022821631, -0.04838245, -0.9985682), (0.08901364, 0.020159354, -0.99582636), (0.027065309, 0.05476014, -0.99813265), (0.09839825, 0.016155723, -0.995016), (-0.0127678225, 0.012356488, -0.99984217), (0.027065309, 0.05476014, -0.99813265), (-0.0101157585, -0.04650408, -0.99886686), (0.08277752, -0.052272584, -0.9951962), (0.09839825, 0.016155723, -0.995016), (-0.0101157585, -0.04650408, -0.99886686), (0.072754025, -0.071137495, -0.9948097), (-0.002881991, -0.047613382, -0.99886173), (0.08277752, -0.052272584, -0.9951962), (0.072754025, -0.071137495, -0.9948097), (0.12534143, 0.020293983, -0.99190605), (0.043413445, 0.02561071, -0.9987289), (-0.002881991, -0.047613382, -0.99886173), (0.12534143, 0.020293983, -0.99190605), (0.05243892, 0.036228966, -0.99796677), (0.12939934, 0.017867554, -0.9914316), (0.043413445, 0.02561071, -0.9987289), (0.05243892, 0.036228966, -0.99796677), (0.022331297, -0.040607534, -0.9989256), (0.09200217, -0.057440735, -0.99410063), (0.12939934, 0.017867554, -0.9914316), (0.022331297, -0.040607534, -0.9989256), (0.123827495, -0.049977217, -0.9910444), (0.049849022, -0.040606555, -0.99793094), (0.09200217, -0.057440735, -0.99410063), (0.123827495, -0.049977217, -0.9910444), (0.18404348, 0.014473267, -0.98281157), (0.12911855, 0.031762414, -0.99112034), (0.049849022, -0.040606555, -0.99793094), (0.18404348, 0.014473267, -0.98281157), (0.132808, 0.018745514, -0.9909645), (0.20055126, 0.015219735, -0.97956496), (0.12911855, 0.031762414, -0.99112034), (0.132808, 0.018745514, -0.9909645), (0.17036922, -0.025600385, -0.9850477), (0.21034883, -0.04974015, -0.9763602), (0.20055126, 0.015219735, -0.97956496), (0.17036922, -0.025600385, -0.9850477), (0.5822617, -0.030351344, -0.8124347), (0.5934042, -0.039248623, -0.8039472), (0.21034883, -0.04974015, -0.9763602), (0.5822617, -0.030351344, -0.8124347), (0.96373683, -0.0048695584, -0.2668101), (0.96258724, -0.0037157314, -0.27094638), (0.5934042, -0.039248623, -0.8039472), (-0.9622175, 0.0064811795, -0.27220497), (-0.6438357, 0.014484953, -0.7650266), (-0.6063428, 0.036826946, -0.79435015), (-0.96460515, 0.011340935, -0.26345447), (-0.6438357, 0.014484953, -0.7650266), (-0.27401766, -0.006597126, -0.96170205), (-0.1992371, -0.009042533, -0.97990966), (-0.6063428, 0.036826946, -0.79435015), (-0.27401766, -0.006597126, -0.96170205), (-0.13174078, -0.023799706, -0.99099845), (-0.12750825, -0.07479538, -0.98901325), (-0.1992371, -0.009042533, -0.97990966), (-0.13174078, -0.023799706, -0.99099845), (-0.067962795, 0.002450067, -0.9976849), (-0.15953249, -0.01793696, -0.9870297), (-0.12750825, -0.07479538, -0.98901325), (-0.067962795, 0.002450067, -0.9976849), (-0.13414593, 0.020032454, -0.9907591), (-0.1388964, 0.061539266, -0.98839295), (-0.15953249, -0.01793696, -0.9870297), (-0.13414593, 0.020032454, -0.9907591), (-0.15819742, -0.0044949614, -0.98739725), (-0.056627665, -0.008939339, -0.9983553), (-0.1388964, 0.061539266, -0.98839295), (-0.15819742, -0.0044949614, -0.98739725), (-0.04523671, -0.021865932, -0.998737), (-0.043599047, -0.097285464, -0.99430114), (-0.056627665, -0.008939339, -0.9983553), (-0.04523671, -0.021865932, -0.998737), (0.0144613935, -0.0023297488, -0.9998927), (-0.092675366, -0.017279234, -0.99554646), (-0.043599047, -0.097285464, -0.99430114), (0.0144613935, -0.0023297488, -0.9998927), (-0.08477281, 0.013178623, -0.9963132), (-0.08522733, 0.07614018, -0.993448), (-0.092675366, -0.017279234, -0.99554646), (-0.08477281, 0.013178623, -0.9963132), (-0.13722152, -0.00088065665, -0.99053997), (-0.027372347, -0.014369971, -0.999522), (-0.08522733, 0.07614018, -0.993448), (-0.13722152, -0.00088065665, -0.99053997), (-0.015105194, -0.015604484, -0.9997641), (-0.018819982, -0.11086876, -0.9936568), (-0.027372347, -0.014369971, -0.999522), (-0.015105194, -0.015604484, -0.9997641), (0.058475703, -0.009883539, -0.9982399), (-0.052018594, -0.011567237, -0.9985792), (-0.018819982, -0.11086876, -0.9936568), (0.058475703, -0.009883539, -0.9982399), (-0.057445817, 0.003064162, -0.9983439), (-0.052015446, 0.08489915, -0.99503094), (-0.052018594, -0.011567237, -0.9985792), (-0.057445817, 0.003064162, -0.9983439), (-0.12768358, 0.0050242906, -0.9918023), (-0.019186271, -0.022356942, -0.9995659), (-0.052015446, 0.08489915, -0.99503094), (-0.12768358, 0.0050242906, -0.9918023), (0.0039654817, -0.0080563575, -0.9999597), (-0.005100953, -0.11686899, -0.9931342), (-0.019186271, -0.022356942, -0.9995659), (0.0039654817, -0.0080563575, -0.9999597), (0.08946919, -0.020025237, -0.9957883), (-0.015599511, -0.0030480959, -0.99987364), (-0.005100953, -0.11686899, -0.9931342), (0.08946919, -0.020025237, -0.9957883), (-0.03738303, -0.0076500336, -0.99927175), (-0.02657808, 0.087144405, -0.99584115), (-0.015599511, -0.0030480959, -0.99987364), (-0.03738303, -0.0076500336, -0.99927175), (-0.1185794, 0.0126875, -0.9928636), (-0.019027302, -0.031535003, -0.9993216), (-0.02657808, 0.087144405, -0.99584115), (-0.1185794, 0.0126875, -0.9928636), (0.020075101, -0.0012827521, -0.99979764), (0.007367338, -0.11513477, -0.9933226), (-0.019027302, -0.031535003, -0.9993216), (0.020075101, -0.0012827521, -0.99979764), (0.112777755, -0.031507157, -0.99312055), (0.019950476, 0.006480062, -0.99977994), (0.007367338, -0.11513477, -0.9933226), (0.112777755, -0.031507157, -0.99312055), (-0.020030497, -0.016684756, -0.99966013), (-0.0062838597, 0.082372926, -0.9965818), (0.019950476, 0.006480062, -0.99977994), (-0.020030497, -0.016684756, -0.99966013), (-0.10592396, 0.020951381, -0.9941535), (-0.020963112, -0.040077597, -0.9989766), (-0.0062838597, 0.082372926, -0.9965818), (-0.10592396, 0.020951381, -0.9941535), (0.03599443, 0.0031376611, -0.9993471), (0.022677446, -0.1059698, -0.99411076), (-0.020963112, -0.040077597, -0.9989766), (0.03599443, 0.0031376611, -0.9993471), (0.13082546, -0.04245093, -0.99049616), (0.05481893, 0.014948139, -0.9983844), (0.022677446, -0.1059698, -0.99411076), (0.13082546, -0.04245093, -0.99049616), (-0.0022814306, -0.022333208, -0.99974793), (0.010505131, 0.071027115, -0.99741906), (0.05481893, 0.014948139, -0.9983844), (-0.0022814306, -0.022333208, -0.99974793), (-0.087105535, 0.028297799, -0.99579716), (-0.020058634, -0.04578348, -0.99875), (0.010505131, 0.071027115, -0.99741906), (-0.087105535, 0.028297799, -0.99579716), (0.05356354, 0.0043764524, -0.9985549), (0.043346185, -0.09060803, -0.9949429), (-0.020058634, -0.04578348, -0.99875), (0.05356354, 0.0043764524, -0.9985549), (0.14620844, -0.050711837, -0.9879531), (0.08901364, 0.020159354, -0.99582636), (0.043346185, -0.09060803, -0.9949429), (0.14620844, -0.050711837, -0.9879531), (0.019735962, -0.023791078, -0.9995221), (0.027065309, 0.05476014, -0.99813265), (0.08901364, 0.020159354, -0.99582636), (0.019735962, -0.023791078, -0.9995221), (-0.058402464, 0.03313754, -0.997743), (-0.0101157585, -0.04650408, -0.99886686), (0.027065309, 0.05476014, -0.99813265), (-0.058402464, 0.03313754, -0.997743), (0.07636392, 0.0026611225, -0.99707645), (0.072754025, -0.071137495, -0.9948097), (-0.0101157585, -0.04650408, -0.99886686), (0.07636392, 0.0026611225, -0.99707645), (0.16432193, -0.054138597, -0.98492), (0.12534143, 0.020293983, -0.99190605), (0.072754025, -0.071137495, -0.9948097), (0.16432193, -0.054138597, -0.98492), (0.054450687, -0.02136428, -0.99828786), (0.05243892, 0.036228966, -0.99796677), (0.12534143, 0.020293983, -0.99190605), (0.054450687, -0.02136428, -0.99828786), (-0.008433123, 0.033966128, -0.9993874), (0.022331297, -0.040607534, -0.9989256), (0.05243892, 0.036228966, -0.99796677), (-0.008433123, 0.033966128, -0.9993874), (0.11898891, -0.00044259572, -0.9928955), (0.123827495, -0.049977217, -0.9910444), (0.022331297, -0.040607534, -0.9989256), (0.11898891, -0.00044259572, -0.9928955), (0.20731443, -0.050144088, -0.9769883), (0.18404348, 0.014473267, -0.98281157), (0.123827495, -0.049977217, -0.9910444), (0.20731443, -0.050144088, -0.9769883), (0.14522012, -0.016708665, -0.9892582), (0.132808, 0.018745514, -0.9909645), (0.18404348, 0.014473267, -0.98281157), (0.14522012, -0.016708665, -0.9892582), (0.15641084, 0.028057197, -0.98729354), (0.17036922, -0.025600385, -0.9850477), (0.132808, 0.018745514, -0.9909645), (0.15641084, 0.028057197, -0.98729354), (0.59967804, 0.01461165, -0.800108), (0.5822617, -0.030351344, -0.8124347), (0.17036922, -0.025600385, -0.9850477), (0.59967804, 0.01461165, -0.800108), (0.9645779, -0.0016465886, -0.26379308), (0.96373683, -0.0048695584, -0.2668101), (0.5822617, -0.030351344, -0.8124347), (-0.9608475, 0.0030623716, -0.27706063), (-0.6293575, -0.00010852162, -0.7771158), (-0.6438357, 0.014484953, -0.7650266), (-0.9622175, 0.0064811795, -0.27220497), (-0.6293575, -0.00010852162, -0.7771158), (-0.28809935, -0.004756147, -0.9575887), (-0.27401766, -0.006597126, -0.96170205), (-0.6438357, 0.014484953, -0.7650266), (-0.28809935, -0.004756147, -0.9575887), (-0.111507714, 0.0059113884, -0.99374604), (-0.13174078, -0.023799706, -0.99099845), (-0.27401766, -0.006597126, -0.96170205), (-0.111507714, 0.0059113884, -0.99374604), (-0.047428813, 0.015806073, -0.99874955), (-0.067962795, 0.002450067, -0.9976849), (-0.13174078, -0.023799706, -0.99099845), (-0.047428813, 0.015806073, -0.99874955), (-0.15749538, 0.006425672, -0.9874988), (-0.13414593, 0.020032454, -0.9907591), (-0.067962795, 0.002450067, -0.9976849), (-0.15749538, 0.006425672, -0.9874988), (-0.17138067, -0.0008381132, -0.9852045), (-0.15819742, -0.0044949614, -0.98739725), (-0.13414593, 0.020032454, -0.9907591), (-0.17138067, -0.0008381132, -0.9852045), (-0.020714354, 0.0057536266, -0.99976885), (-0.04523671, -0.021865932, -0.998737), (-0.15819742, -0.0044949614, -0.98739725), (-0.020714354, 0.0057536266, -0.99976885), (0.024993459, 0.010684206, -0.99963045), (0.0144613935, -0.0023297488, -0.9998927), (-0.04523671, -0.021865932, -0.998737), (0.024993459, 0.010684206, -0.99963045), (-0.110153444, 0.006524106, -0.99389315), (-0.08477281, 0.013178623, -0.9963132), (0.0144613935, -0.0023297488, -0.9998927), (-0.110153444, 0.006524106, -0.99389315), (-0.14107427, 0.0040063597, -0.9899909), (-0.13722152, -0.00088065665, -0.99053997), (-0.08477281, 0.013178623, -0.9963132), (-0.14107427, 0.0040063597, -0.9899909), (0.007920093, 0.0041189487, -0.9999602), (-0.015105194, -0.015604484, -0.9997641), (-0.13722152, -0.00088065665, -0.99053997), (0.007920093, 0.0041189487, -0.9999602), (0.05750847, 0.003642903, -0.99833834), (0.058475703, -0.009883539, -0.9982399), (-0.015105194, -0.015604484, -0.9997641), (0.05750847, 0.003642903, -0.99833834), (-0.07881781, 0.0055656354, -0.99687356), (-0.057445817, 0.003064162, -0.9983439), (0.058475703, -0.009883539, -0.9982399), (-0.07881781, 0.0055656354, -0.99687356), (-0.12122647, 0.0072434363, -0.9925984), (-0.12768358, 0.0050242906, -0.9918023), (-0.057445817, 0.003064162, -0.9983439), (-0.12122647, 0.0072434363, -0.9925984), (0.020680387, 0.0017750532, -0.9997845), (0.0039654817, -0.0080563575, -0.9999597), (-0.12768358, 0.0050242906, -0.9918023), (0.020680387, 0.0017750532, -0.9997845), (0.07817262, -0.0026604016, -0.9969362), (0.08946919, -0.020025237, -0.9957883), (0.0039654817, -0.0080563575, -0.9999597), (0.07817262, -0.0026604016, -0.9969362), (-0.049755838, 0.0032456343, -0.9987562), (-0.03738303, -0.0076500336, -0.99927175), (0.08946919, -0.020025237, -0.9957883), (-0.049755838, 0.0032456343, -0.9987562), (-0.103139296, 0.007727074, -0.9946369), (-0.1185794, 0.0126875, -0.9928636), (-0.03738303, -0.0076500336, -0.99927175), (-0.103139296, 0.007727074, -0.9946369), (0.026509104, -0.00013893665, -0.9996486), (0.020075101, -0.0012827521, -0.99979764), (-0.1185794, 0.0126875, -0.9928636), (0.026509104, -0.00013893665, -0.9996486), (0.09388843, -0.0068902215, -0.995559), (0.112777755, -0.031507157, -0.99312055), (0.020075101, -0.0012827521, -0.99979764), (0.09388843, -0.0068902215, -0.995559), (-0.019826032, -0.00069125765, -0.9998032), (-0.020030497, -0.016684756, -0.99966013), (0.112777755, -0.031507157, -0.99312055), (-0.019826032, -0.00069125765, -0.9998032), (-0.08429542, 0.0056399917, -0.99642485), (-0.10592396, 0.020951381, -0.9941535), (-0.020030497, -0.016684756, -0.99966013), (-0.08429542, 0.0056399917, -0.99642485), (0.029584311, -0.0008401309, -0.99956197), (0.03599443, 0.0031376611, -0.9993471), (-0.10592396, 0.020951381, -0.9941535), (0.029584311, -0.0008401309, -0.99956197), (0.10802492, -0.008946975, -0.99410796), (0.13082546, -0.04245093, -0.99049616), (0.03599443, 0.0031376611, -0.9993471), (0.10802492, -0.008946975, -0.99410796), (0.012081693, -0.005766801, -0.9999104), (-0.0022814306, -0.022333208, -0.99974793), (0.13082546, -0.04245093, -0.99049616), (0.012081693, -0.005766801, -0.9999104), (-0.06296455, 0.0021850232, -0.99801344), (-0.087105535, 0.028297799, -0.99579716), (-0.0022814306, -0.022333208, -0.99974793), (-0.06296455, 0.0021850232, -0.99801344), (0.0337081, -0.00034384168, -0.99943167), (0.05356354, 0.0043764524, -0.9985549), (-0.087105535, 0.028297799, -0.99579716), (0.0337081, -0.00034384168, -0.99943167), (0.12354784, -0.009509956, -0.99229306), (0.14620844, -0.050711837, -0.9879531), (0.05356354, 0.0043764524, -0.9985549), (0.12354784, -0.009509956, -0.99229306), (0.04739359, -0.010605067, -0.99881995), (0.019735962, -0.023791078, -0.9995221), (0.14620844, -0.050711837, -0.9879531), (0.04739359, -0.010605067, -0.99881995), (-0.03568617, -0.001121348, -0.9993624), (-0.058402464, 0.03313754, -0.997743), (0.019735962, -0.023791078, -0.9995221), (-0.03568617, -0.001121348, -0.9993624), (0.044921037, 0.0005509014, -0.9989904), (0.07636392, 0.0026611225, -0.99707645), (-0.058402464, 0.03313754, -0.997743), (0.044921037, 0.0005509014, -0.9989904), (0.14566724, -0.009288514, -0.98929006), (0.16432193, -0.054138597, -0.98492), (0.07636392, 0.0026611225, -0.99707645), (0.14566724, -0.009288514, -0.98929006), (0.09176491, -0.013314499, -0.9956917), (0.054450687, -0.02136428, -0.99828786), (0.16432193, -0.054138597, -0.98492), (0.09176491, -0.013314499, -0.9956917), (0.009394393, -0.0031466293, -0.9999509), (-0.008433123, 0.033966128, -0.9993874), (0.054450687, -0.02136428, -0.99828786), (0.009394393, -0.0031466293, -0.9999509), (0.081116065, 0.0007543048, -0.9967044), (0.11898891, -0.00044259572, -0.9928955), (-0.008433123, 0.033966128, -0.9993874), (0.081116065, 0.0007543048, -0.9967044), (0.19584875, -0.008281702, -0.98059916), (0.20731443, -0.050144088, -0.9769883), (0.11898891, -0.00044259572, -0.9928955), (0.19584875, -0.008281702, -0.98059916), (0.18444559, -0.012055222, -0.9827687), (0.14522012, -0.016708665, -0.9892582), (0.20731443, -0.050144088, -0.9769883), (0.18444559, -0.012055222, -0.9827687), (0.16893604, -0.0035157832, -0.98562074), (0.15641084, 0.028057197, -0.98729354), (0.14522012, -0.016708665, -0.9892582), (0.16893604, -0.0035157832, -0.98562074), (0.56973624, -0.00019967262, -0.8218276), (0.59967804, 0.01461165, -0.800108), (0.15641084, 0.028057197, -0.98729354), (0.56973624, -0.00019967262, -0.8218276), (0.9650019, -0.0016998939, -0.2622372), (0.9645779, -0.0016465886, -0.26379308), (0.59967804, 0.01461165, -0.800108), (-0.9607455, -0.002151053, -0.27742273), (-0.642952, 0.0007863209, -0.76590604), (-0.6293575, -0.00010852162, -0.7771158), (-0.9608475, 0.0030623716, -0.27706063), (-0.642952, 0.0007863209, -0.76590604), (-0.27016976, 0.022734562, -0.96254426), (-0.28809935, -0.004756147, -0.9575887), (-0.6293575, -0.00010852162, -0.7771158), (-0.27016976, 0.022734562, -0.96254426), (-0.10750014, 0.022973694, -0.99393964), (-0.111507714, 0.0059113884, -0.99374604), (-0.28809935, -0.004756147, -0.9575887), (-0.10750014, 0.022973694, -0.99393964), (-0.063912906, -0.003381274, -0.9979498), (-0.047428813, 0.015806073, -0.99874955), (-0.111507714, 0.0059113884, -0.99374604), (-0.063912906, -0.003381274, -0.9979498), (-0.15781859, -0.0005108533, -0.987468), (-0.15749538, 0.006425672, -0.9874988), (-0.047428813, 0.015806073, -0.99874955), (-0.15781859, -0.0005108533, -0.987468), (-0.1541911, 0.022649422, -0.98778147), (-0.17138067, -0.0008381132, -0.9852045), (-0.15749538, 0.006425672, -0.9874988), (-0.1541911, 0.022649422, -0.98778147), (-0.012148569, 0.016160376, -0.9997956), (-0.020714354, 0.0057536266, -0.99976885), (-0.17138067, -0.0008381132, -0.9852045), (-0.012148569, 0.016160376, -0.9997956), (0.011484957, 0.0014527624, -0.999933), (0.024993459, 0.010684206, -0.99963045), (-0.020714354, 0.0057536266, -0.99976885), (0.011484957, 0.0014527624, -0.999933), (-0.119015366, 0.009562205, -0.9928463), (-0.110153444, 0.006524106, -0.99389315), (0.024993459, 0.010684206, -0.99963045), (-0.119015366, 0.009562205, -0.9928463), (-0.12844023, 0.016782941, -0.9915752), (-0.14107427, 0.0040063597, -0.9899909), (-0.110153444, 0.006524106, -0.99389315), (-0.12844023, 0.016782941, -0.9915752), (0.024415946, 0.0070477286, -0.9996771), (0.007920093, 0.0041189487, -0.9999602), (-0.14107427, 0.0040063597, -0.9899909), (0.024415946, 0.0070477286, -0.9996771), (0.048777286, 0.008336269, -0.9987749), (0.05750847, 0.003642903, -0.99833834), (0.007920093, 0.0041189487, -0.9999602), (0.048777286, 0.008336269, -0.9987749), (-0.098027065, 0.017237654, -0.9950344), (-0.07881781, 0.0055656354, -0.99687356), (0.05750847, 0.003642903, -0.99833834), (-0.098027065, 0.017237654, -0.9950344), (-0.113857165, 0.007143587, -0.9934714), (-0.12122647, 0.0072434363, -0.9925984), (-0.07881781, 0.0055656354, -0.99687356), (-0.113857165, 0.007143587, -0.9934714), (0.04674083, -0.0007188279, -0.99890673), (0.020680387, 0.0017750532, -0.9997845), (-0.12122647, 0.0072434363, -0.9925984), (0.04674083, -0.0007188279, -0.99890673), (0.07421458, 0.016563473, -0.9971047), (0.07817262, -0.0026604016, -0.9969362), (0.020680387, 0.0017750532, -0.9997845), (0.07421458, 0.016563473, -0.9971047), (-0.08021819, 0.02117595, -0.9965524), (-0.049755838, 0.0032456343, -0.9987562), (0.07817262, -0.0026604016, -0.9969362), (-0.08021819, 0.02117595, -0.9965524), (-0.10067506, -0.0045842757, -0.9949088), (-0.103139296, 0.007727074, -0.9946369), (-0.049755838, 0.0032456343, -0.9987562), (-0.10067506, -0.0045842757, -0.9949088), (0.06282186, -0.0059568943, -0.99800694), (0.026509104, -0.00013893665, -0.9996486), (-0.103139296, 0.007727074, -0.9946369), (0.06282186, -0.0059568943, -0.99800694), (0.09377573, 0.025325617, -0.9952712), (0.09388843, -0.0068902215, -0.995559), (0.026509104, -0.00013893665, -0.9996486), (0.09377573, 0.025325617, -0.9952712), (-0.06122447, 0.021289866, -0.99789697), (-0.019826032, -0.00069125765, -0.9998032), (0.09388843, -0.0068902215, -0.995559), (-0.06122447, 0.021289866, -0.99789697), (-0.08537879, -0.017058475, -0.9962025), (-0.08429542, 0.0056399917, -0.99642485), (-0.019826032, -0.00069125765, -0.9998032), (-0.08537879, -0.017058475, -0.9962025), (0.07564656, -0.008333915, -0.9970998), (0.029584311, -0.0008401309, -0.99956197), (-0.08429542, 0.0056399917, -0.99642485), (0.07564656, -0.008333915, -0.9970998), (0.11010648, 0.033947892, -0.99333984), (0.10802492, -0.008946975, -0.99410796), (0.029584311, -0.0008401309, -0.99956197), (0.11010648, 0.033947892, -0.99333984), (-0.038405355, 0.018261418, -0.9990953), (0.012081693, -0.005766801, -0.9999104), (0.10802492, -0.008946975, -0.99410796), (-0.038405355, 0.018261418, -0.9990953), (-0.06534105, -0.029164445, -0.9974367), (-0.06296455, 0.0021850232, -0.99801344), (0.012081693, -0.005766801, -0.9999104), (-0.06534105, -0.029164445, -0.9974367), (0.087504975, -0.007995291, -0.996132), (0.0337081, -0.00034384168, -0.99943167), (-0.06296455, 0.0021850232, -0.99801344), (0.087504975, -0.007995291, -0.996132), (0.1257264, 0.041716203, -0.9911875), (0.12354784, -0.009509956, -0.99229306), (0.0337081, -0.00034384168, -0.99943167), (0.1257264, 0.041716203, -0.9911875), (-0.008594757, 0.013230968, -0.99987555), (0.04739359, -0.010605067, -0.99881995), (0.12354784, -0.009509956, -0.99229306), (-0.008594757, 0.013230968, -0.99987555), (-0.036619376, -0.039632358, -0.998543), (-0.03568617, -0.001121348, -0.9993624), (0.04739359, -0.010605067, -0.99881995), (-0.036619376, -0.039632358, -0.998543), (0.10271219, -0.005492431, -0.9946959), (0.044921037, 0.0005509014, -0.9989904), (-0.03568617, -0.001121348, -0.9993624), (0.10271219, -0.005492431, -0.9946959), (0.14598753, 0.047431424, -0.98814875), (0.14566724, -0.009288514, -0.98929006), (0.044921037, 0.0005509014, -0.9989904), (0.14598753, 0.047431424, -0.98814875), (0.03584873, 0.0075949943, -0.9993283), (0.09176491, -0.013314499, -0.9956917), (0.14566724, -0.009288514, -0.98929006), (0.03584873, 0.0075949943, -0.9993283), (0.012307742, -0.046390135, -0.99884754), (0.009394393, -0.0031466293, -0.9999509), (0.09176491, -0.013314499, -0.9956917), (0.012307742, -0.046390135, -0.99884754), (0.13705704, -0.0020404381, -0.9905611), (0.081116065, 0.0007543048, -0.9967044), (0.009394393, -0.0031466293, -0.9999509), (0.13705704, -0.0020404381, -0.9905611), (0.19389287, 0.04832154, -0.9798319), (0.19584875, -0.008281702, -0.98059916), (0.081116065, 0.0007543048, -0.9967044), (0.19389287, 0.04832154, -0.9798319), (0.13821189, 0.0038262652, -0.9903953), (0.18444559, -0.012055222, -0.9827687), (0.19584875, -0.008281702, -0.98059916), (0.13821189, 0.0038262652, -0.9903953), (0.17522071, -0.04403147, -0.98354405), (0.16893604, -0.0035157832, -0.98562074), (0.18444559, -0.012055222, -0.9827687), (0.17522071, -0.04403147, -0.98354405), (0.6143566, -0.023478365, -0.7886791), (0.56973624, -0.00019967262, -0.8218276), (0.16893604, -0.0035157832, -0.98562074), (0.6143566, -0.023478365, -0.7886791), (0.96534103, -0.0008720694, -0.26099026), (0.9650019, -0.0016998939, -0.2622372), (0.56973624, -0.00019967262, -0.8218276), (-0.9625212, -0.011325413, -0.27096996), (-0.6046237, -0.037884742, -0.7956098), (-0.642952, 0.0007863209, -0.76590604), (-0.9607455, -0.002151053, -0.27742273), (-0.6046237, -0.037884742, -0.7956098), (-0.20545359, 0.0023644688, -0.978664), (-0.27016976, 0.022734562, -0.96254426), (-0.642952, 0.0007863209, -0.76590604), (-0.20545359, 0.0023644688, -0.978664), (-0.10882982, 0.06896139, -0.9916655), (-0.10750014, 0.022973694, -0.99393964), (-0.27016976, 0.022734562, -0.96254426), (-0.10882982, 0.06896139, -0.9916655), (-0.14001493, 0.017969675, -0.9899863), (-0.063912906, -0.003381274, -0.9979498), (-0.10750014, 0.022973694, -0.99393964), (-0.14001493, 0.017969675, -0.9899863), (-0.15512152, -0.055251475, -0.9863491), (-0.15781859, -0.0005108533, -0.987468), (-0.063912906, -0.003381274, -0.9979498), (-0.15512152, -0.055251475, -0.9863491), (-0.0733378, 0.007690012, -0.9972775), (-0.1541911, 0.022649422, -0.98778147), (-0.15781859, -0.0005108533, -0.987468), (-0.0733378, 0.007690012, -0.9972775), (-0.016676642, 0.08632577, -0.99612737), (-0.012148569, 0.016160376, -0.9997956), (-0.1541911, 0.022649422, -0.98778147), (-0.016676642, 0.08632577, -0.99612737), (-0.07049372, 0.012132914, -0.9974385), (0.011484957, 0.0014527624, -0.999933), (-0.012148569, 0.016160376, -0.9997956), (-0.07049372, 0.012132914, -0.9974385), (-0.11424394, -0.06421979, -0.9913749), (-0.119015366, 0.009562205, -0.9928463), (0.011484957, 0.0014527624, -0.999933), (-0.11424394, -0.06421979, -0.9913749), (-0.04811866, 0.01886703, -0.99866337), (-0.12844023, 0.016782941, -0.9915752), (-0.119015366, 0.009562205, -0.9928463), (-0.04811866, 0.01886703, -0.99866337), (0.018772807, 0.09384778, -0.99540955), (0.024415946, 0.0070477286, -0.9996771), (-0.12844023, 0.016782941, -0.9915752), (0.018772807, 0.09384778, -0.99540955), (-0.02935627, 0.0026499971, -0.9995655), (0.048777286, 0.008336269, -0.9987749), (0.024415946, 0.0070477286, -0.9996771), (-0.02935627, 0.0026499971, -0.9995655), (-0.09345398, -0.06613639, -0.99342453), (-0.098027065, 0.017237654, -0.9950344), (0.048777286, 0.008336269, -0.9987749), (-0.09345398, -0.06613639, -0.99342453), (-0.040298913, 0.0303775, -0.9987258), (-0.113857165, 0.007143587, -0.9934714), (-0.098027065, 0.017237654, -0.9950344), (-0.040298913, 0.0303775, -0.9987258), (0.043267403, 0.09344161, -0.9946841), (0.04674083, -0.0007188279, -0.99890673), (-0.113857165, 0.007143587, -0.9934714), (0.043267403, 0.09344161, -0.9946841), (0.0049249153, -0.0064564347, -0.999967), (0.07421458, 0.016563473, -0.9971047), (0.04674083, -0.0007188279, -0.99890673), (0.0049249153, -0.0064564347, -0.999967), (-0.078997105, -0.061637323, -0.9949675), (-0.08021819, 0.02117595, -0.9965524), (0.07421458, 0.016563473, -0.9971047), (-0.078997105, -0.061637323, -0.9949675), (-0.037293237, 0.039461568, -0.9985249), (-0.10067506, -0.0045842757, -0.9949088), (-0.08021819, 0.02117595, -0.9965524), (-0.037293237, 0.039461568, -0.9985249), (0.064662434, 0.086530514, -0.99414855), (0.06282186, -0.0059568943, -0.99800694), (-0.10067506, -0.0045842757, -0.9949088), (0.064662434, 0.086530514, -0.99414855), (0.036018826, -0.012867962, -0.99926823), (0.09377573, 0.025325617, -0.9952712), (0.06282186, -0.0059568943, -0.99800694), (0.036018826, -0.012867962, -0.99926823), (-0.06647539, -0.052029595, -0.9964306), (-0.06122447, 0.021289866, -0.99789697), (0.09377573, 0.025325617, -0.9952712), (-0.06647539, -0.052029595, -0.9964306), (-0.033839162, 0.044271935, -0.99844617), (-0.08537879, -0.017058475, -0.9962025), (-0.06122447, 0.021289866, -0.99789697), (-0.033839162, 0.044271935, -0.99844617), (0.08528939, 0.07494615, -0.99353355), (0.07564656, -0.008333915, -0.9970998), (-0.08537879, -0.017058475, -0.9962025), (0.08528939, 0.07494615, -0.99353355), (0.06492066, -0.015312597, -0.99777293), (0.11010648, 0.033947892, -0.99333984), (0.07564656, -0.008333915, -0.9970998), (0.06492066, -0.015312597, -0.99777293), (-0.052656163, -0.03912397, -0.997846), (-0.038405355, 0.018261418, -0.9990953), (0.11010648, 0.033947892, -0.99333984), (-0.052656163, -0.03912397, -0.997846), (-0.026099794, 0.043947663, -0.99869287), (-0.06534105, -0.029164445, -0.9974367), (-0.038405355, 0.018261418, -0.9990953), (-0.026099794, 0.043947663, -0.99869287), (0.10650508, 0.060574688, -0.9924653), (0.087504975, -0.007995291, -0.996132), (-0.06534105, -0.029164445, -0.9974367), (0.10650508, 0.060574688, -0.9924653), (0.09290506, -0.013495045, -0.9955835), (0.1257264, 0.041716203, -0.9911875), (0.087504975, -0.007995291, -0.996132), (0.09290506, -0.013495045, -0.9955835), (-0.033273757, -0.024860749, -0.99913704), (-0.008594757, 0.013230968, -0.99987555), (0.1257264, 0.041716203, -0.9911875), (-0.033273757, -0.024860749, -0.99913704), (-0.00929031, 0.038602356, -0.99921143), (-0.036619376, -0.039632358, -0.998543), (-0.008594757, 0.013230968, -0.99987555), (-0.00929031, 0.038602356, -0.99921143), (0.13128872, 0.045026056, -0.9903211), (0.10271219, -0.005492431, -0.9946959), (-0.036619376, -0.039632358, -0.998543), (0.13128872, 0.045026056, -0.9903211), (0.12440941, -0.0080473665, -0.99219835), (0.14598753, 0.047431424, -0.98814875), (0.10271219, -0.005492431, -0.9946959), (0.12440941, -0.0080473665, -0.99219835), (0.001227827, -0.01113248, -0.9999373), (0.03584873, 0.0075949943, -0.9993283), (0.14598753, 0.047431424, -0.98814875), (0.001227827, -0.01113248, -0.9999373), (0.028711617, 0.029073741, -0.9991649), (0.012307742, -0.046390135, -0.99884754), (0.03584873, 0.0075949943, -0.9993283), (0.028711617, 0.029073741, -0.9991649), (0.17274687, 0.029480716, -0.98452497), (0.13705704, -0.0020404381, -0.9905611), (0.012307742, -0.046390135, -0.99884754), (0.17274687, 0.029480716, -0.98452497), (0.18195662, -0.0005628574, -0.9833064), (0.19389287, 0.04832154, -0.9798319), (0.13705704, -0.0020404381, -0.9905611), (0.18195662, -0.0005628574, -0.9833064), (0.09925026, -0.00014305577, -0.9950625), (0.13821189, 0.0038262652, -0.9903953), (0.19389287, 0.04832154, -0.9798319), (0.09925026, -0.00014305577, -0.9950625), (0.18068199, 0.015893264, -0.98341316), (0.17522071, -0.04403147, -0.98354405), (0.13821189, 0.0038262652, -0.9903953), (0.18068199, 0.015893264, -0.98341316), (0.6090968, 0.013438833, -0.7929819), (0.6143566, -0.023478365, -0.7886791), (0.17522071, -0.04403147, -0.98354405), (0.6090968, 0.013438833, -0.7929819), (0.9652152, 0.0019632573, -0.26144922), (0.96534103, -0.0008720694, -0.26099026), (0.6143566, -0.023478365, -0.7886791), (-0.9637338, 0.0024996167, -0.26685366), (-0.5996991, 0.021434411, -0.79993844), (-0.6046237, -0.037884742, -0.7956098), (-0.9625212, -0.011325413, -0.27096996), (-0.5996991, 0.021434411, -0.79993844), (-0.16525865, 0.02423306, -0.98595244), (-0.20545359, 0.0023644688, -0.978664), (-0.6046237, -0.037884742, -0.7956098), (-0.16525865, 0.02423306, -0.98595244), (-0.10577958, 0.0016090692, -0.99438834), (-0.10882982, 0.06896139, -0.9916655), (-0.20545359, 0.0023644688, -0.978664), (-0.10577958, 0.0016090692, -0.99438834), (-0.18963371, -0.00069963007, -0.9818547), (-0.14001493, 0.017969675, -0.9899863), (-0.10882982, 0.06896139, -0.9916655), (-0.18963371, -0.00069963007, -0.9818547), (-0.1584969, 0.020835215, -0.9871396), (-0.15512152, -0.055251475, -0.9863491), (-0.14001493, 0.017969675, -0.9899863), (-0.1584969, 0.020835215, -0.9871396), (-0.010667535, 0.02304482, -0.99967754), (-0.0733378, 0.007690012, -0.9972775), (-0.15512152, -0.055251475, -0.9863491), (-0.010667535, 0.02304482, -0.99967754), (-0.009940356, 0.011211895, -0.9998877), (-0.016676642, 0.08632577, -0.99612737), (-0.0733378, 0.007690012, -0.9972775), (-0.009940356, 0.011211895, -0.9998877), (-0.1408922, 0.01059743, -0.98996824), (-0.07049372, 0.012132914, -0.9974385), (-0.016676642, 0.08632577, -0.99612737), (-0.1408922, 0.01059743, -0.98996824), (-0.11971629, 0.014063704, -0.9927085), (-0.11424394, -0.06421979, -0.9913749), (-0.07049372, 0.012132914, -0.9974385), (-0.11971629, 0.014063704, -0.9927085), (0.032985233, 0.016572235, -0.9993184), (-0.04811866, 0.01886703, -0.99866337), (-0.11424394, -0.06421979, -0.9913749), (0.032985233, 0.016572235, -0.9993184), (0.02541497, 0.02536232, -0.99935526), (0.018772807, 0.09384778, -0.99540955), (-0.04811866, 0.01886703, -0.99866337), (0.02541497, 0.02536232, -0.99935526), (-0.11764555, 0.022472309, -0.9928013), (-0.02935627, 0.0026499971, -0.9995655), (0.018772807, 0.09384778, -0.99540955), (-0.11764555, 0.022472309, -0.9928013), (-0.09746791, 0.002696085, -0.995235), (-0.09345398, -0.06613639, -0.99342453), (-0.02935627, 0.0026499971, -0.9995655), (-0.09746791, 0.002696085, -0.995235), (0.056115318, 0.010582747, -0.9983682), (-0.040298913, 0.0303775, -0.9987258), (-0.09345398, -0.06613639, -0.99342453), (0.056115318, 0.010582747, -0.9983682), (0.046194594, 0.042955782, -0.99800843), (0.043267403, 0.09344161, -0.9946841), (-0.040298913, 0.0303775, -0.9987258), (0.046194594, 0.042955782, -0.99800843), (-0.09721433, 0.032346446, -0.9947377), (0.0049249153, -0.0064564347, -0.999967), (0.043267403, 0.09344161, -0.9946841), (-0.09721433, 0.032346446, -0.9947377), (-0.078588895, -0.011028498, -0.9968461), (-0.078997105, -0.061637323, -0.9949675), (0.0049249153, -0.0064564347, -0.999967), (-0.078588895, -0.011028498, -0.9968461), (0.06965449, 0.007119457, -0.9975457), (-0.037293237, 0.039461568, -0.9985249), (-0.078997105, -0.061637323, -0.9949675), (0.06965449, 0.007119457, -0.9975457), (0.061559536, 0.061501276, -0.99620676), (0.064662434, 0.086530514, -0.99414855), (-0.037293237, 0.039461568, -0.9985249), (0.061559536, 0.061501276, -0.99620676), (-0.07415221, 0.038641132, -0.99649805), (0.036018826, -0.012867962, -0.99926823), (0.064662434, 0.086530514, -0.99414855), (-0.07415221, 0.038641132, -0.99649805), (-0.06010614, -0.024703113, -0.9978862), (-0.06647539, -0.052029595, -0.9964306), (0.036018826, -0.012867962, -0.99926823), (-0.06010614, -0.024703113, -0.9978862), (0.07735593, 0.0069066486, -0.9969796), (-0.033839162, 0.044271935, -0.99844617), (-0.06647539, -0.052029595, -0.9964306), (0.07735593, 0.0069066486, -0.9969796), (0.07576399, 0.07798612, -0.9940714), (0.08528939, 0.07494615, -0.99353355), (-0.033839162, 0.044271935, -0.99844617), (0.07576399, 0.07798612, -0.9940714), (-0.046253487, 0.040720545, -0.99809945), (0.06492066, -0.015312597, -0.99777293), (0.08528939, 0.07494615, -0.99353355), (-0.046253487, 0.040720545, -0.99809945), (-0.040618274, -0.03597634, -0.9985268), (-0.052656163, -0.03912397, -0.997846), (0.06492066, -0.015312597, -0.99777293), (-0.040618274, -0.03597634, -0.9985268), (0.082310505, 0.009567967, -0.9965608), (-0.026099794, 0.043947663, -0.99869287), (-0.052656163, -0.03912397, -0.997846), (0.082310505, 0.009567967, -0.9965608), (0.09209687, 0.089396335, -0.9917291), (0.10650508, 0.060574688, -0.9924653), (-0.026099794, 0.043947663, -0.99869287), (0.09209687, 0.089396335, -0.9917291), (-0.011976445, 0.03881233, -0.9991748), (0.09290506, -0.013495045, -0.9955835), (0.10650508, 0.060574688, -0.9924653), (-0.011976445, 0.03881233, -0.9991748), (-0.017622542, -0.04286176, -0.9989255), (-0.033273757, -0.024860749, -0.99913704), (0.09290506, -0.013495045, -0.9955835), (-0.017622542, -0.04286176, -0.9989255), (0.089418165, 0.013802223, -0.9958986), (-0.00929031, 0.038602356, -0.99921143), (-0.033273757, -0.024860749, -0.99913704), (0.089418165, 0.013802223, -0.9958986), (0.11498919, 0.0930721, -0.988997), (0.13128872, 0.045026056, -0.9903211), (-0.00929031, 0.038602356, -0.99921143), (0.11498919, 0.0930721, -0.988997), (0.032607336, 0.03376325, -0.9988978), (0.12440941, -0.0080473665, -0.99219835), (0.13128872, 0.045026056, -0.9903211), (0.032607336, 0.03376325, -0.9988978), (0.017060155, -0.043947246, -0.9988882), (0.001227827, -0.01113248, -0.9999373), (0.12440941, -0.0080473665, -0.99219835), (0.017060155, -0.043947246, -0.9988882), (0.11112246, 0.017396893, -0.99365443), (0.028711617, 0.029073741, -0.9991649), (0.001227827, -0.01113248, -0.9999373), (0.11112246, 0.017396893, -0.99365443), (0.15832688, 0.08636842, -0.9836021), (0.17274687, 0.029480716, -0.98452497), (0.028711617, 0.029073741, -0.9991649), (0.15832688, 0.08636842, -0.9836021), (0.11008859, 0.026904155, -0.9935576), (0.18195662, -0.0005628574, -0.9833064), (0.17274687, 0.029480716, -0.98452497), (0.11008859, 0.026904155, -0.9935576), (0.11006234, -0.037867818, -0.9932031), (0.09925026, -0.00014305577, -0.9950625), (0.18195662, -0.0005628574, -0.9833064), (0.11006234, -0.037867818, -0.9932031), (0.23563173, 0.013869073, -0.97174346), (0.18068199, 0.015893264, -0.98341316), (0.09925026, -0.00014305577, -0.9950625), (0.23563173, 0.013869073, -0.97174346), (0.62572557, 0.050159965, -0.77842885), (0.6090968, 0.013438833, -0.7929819), (0.18068199, 0.015893264, -0.98341316), (0.62572557, 0.050159965, -0.77842885), (0.9625642, 0.016603332, -0.2705448), (0.9652152, 0.0019632573, -0.26144922), (0.6090968, 0.013438833, -0.7929819), (-0.96392155, -0.0037574668, -0.26615983), (-0.600975, 0.0074294256, -0.7992333), (-0.5996991, 0.021434411, -0.79993844), (-0.9637338, 0.0024996167, -0.26685366), (-0.600975, 0.0074294256, -0.7992333), (-0.16681202, 0.03923165, -0.9852079), (-0.16525865, 0.02423306, -0.98595244), (-0.5996991, 0.021434411, -0.79993844), (-0.16681202, 0.03923165, -0.9852079), (-0.14318503, 0.028442347, -0.9892872), (-0.10577958, 0.0016090692, -0.99438834), (-0.16525865, 0.02423306, -0.98595244), (-0.14318503, 0.028442347, -0.9892872), (-0.1933268, -0.015510988, -0.98101187), (-0.18963371, -0.00069963007, -0.9818547), (-0.10577958, 0.0016090692, -0.99438834), (-0.1933268, -0.015510988, -0.98101187), (-0.12433067, 0.0032812068, -0.9922354), (-0.1584969, 0.020835215, -0.9871396), (-0.18963371, -0.00069963007, -0.9818547), (-0.12433067, 0.0032812068, -0.9922354), (-0.0082065305, 0.058712278, -0.99824125), (-0.010667535, 0.02304482, -0.99967754), (-0.1584969, 0.020835215, -0.9871396), (-0.0082065305, 0.058712278, -0.99824125), (-0.044630878, 0.034985926, -0.99839073), (-0.009940356, 0.011211895, -0.9998877), (-0.010667535, 0.02304482, -0.99967754), (-0.044630878, 0.034985926, -0.99839073), (-0.14554301, -0.024220997, -0.98905534), (-0.1408922, 0.01059743, -0.98996824), (-0.009940356, 0.011211895, -0.9998877), (-0.14554301, -0.024220997, -0.98905534), (-0.09137051, 0.00713861, -0.9957914), (-0.11971629, 0.014063704, -0.9927085), (-0.1408922, 0.01059743, -0.98996824), (-0.09137051, 0.00713861, -0.9957914), (0.038078196, 0.07297486, -0.99660665), (0.032985233, 0.016572235, -0.9993184), (-0.11971629, 0.014063704, -0.9927085), (0.038078196, 0.07297486, -0.99660665), (0.000055059274, 0.036602885, -0.9993299), (0.02541497, 0.02536232, -0.99935526), (0.032985233, 0.016572235, -0.9993184), (0.000055059274, 0.036602885, -0.9993299), (-0.12497552, -0.029310392, -0.99172676), (-0.11764555, 0.022472309, -0.9928013), (0.02541497, 0.02536232, -0.99935526), (-0.12497552, -0.029310392, -0.99172676), (-0.07878831, 0.013894314, -0.9967946), (-0.09746791, 0.002696085, -0.995235), (-0.11764555, 0.022472309, -0.9928013), (-0.07878831, 0.013894314, -0.9967946), (0.06582583, 0.081679925, -0.99448246), (0.056115318, 0.010582747, -0.9983682), (-0.09746791, 0.002696085, -0.995235), (0.06582583, 0.081679925, -0.99448246), (0.03194697, 0.035624526, -0.9988545), (0.046194594, 0.042955782, -0.99800843), (0.056115318, 0.010582747, -0.9983682), (0.03194697, 0.035624526, -0.9988545), (-0.110103495, -0.02868559, -0.99350613), (-0.09721433, 0.032346446, -0.9947377), (0.046194594, 0.042955782, -0.99800843), (-0.110103495, -0.02868559, -0.99350613), (-0.07025845, 0.022354059, -0.9972783), (-0.078588895, -0.011028498, -0.9968461), (-0.09721433, 0.032346446, -0.9947377), (-0.07025845, 0.022354059, -0.9972783), (0.086517274, 0.08372722, -0.99272585), (0.06965449, 0.007119457, -0.9975457), (-0.078588895, -0.011028498, -0.9968461), (0.086517274, 0.08372722, -0.99272585), (0.057506926, 0.03329312, -0.9977898), (0.061559536, 0.061501276, -0.99620676), (0.06965449, 0.007119457, -0.9975457), (0.057506926, 0.03329312, -0.9977898), (-0.09569918, -0.02192908, -0.99516875), (-0.07415221, 0.038641132, -0.99649805), (0.061559536, 0.061501276, -0.99620676), (-0.09569918, -0.02192908, -0.99516875), (-0.06062111, 0.030684607, -0.99768907), (-0.06010614, -0.024703113, -0.9978862), (-0.07415221, 0.038641132, -0.99649805), (-0.06062111, 0.030684607, -0.99768907), (0.10357098, 0.07915433, -0.99146736), (0.07735593, 0.0069066486, -0.9969796), (-0.06010614, -0.024703113, -0.9978862), (0.10357098, 0.07915433, -0.99146736), (0.0789762, 0.030756332, -0.9964019), (0.07576399, 0.07798612, -0.9940714), (0.07735593, 0.0069066486, -0.9969796), (0.0789762, 0.030756332, -0.9964019), (-0.078743234, -0.010265311, -0.996842), (-0.046253487, 0.040720545, -0.99809945), (0.07576399, 0.07798612, -0.9940714), (-0.078743234, -0.010265311, -0.996842), (-0.04696479, 0.03690325, -0.9982146), (-0.040618274, -0.03597634, -0.9985268), (-0.046253487, 0.040720545, -0.99809945), (-0.04696479, 0.03690325, -0.9982146), (0.11877128, 0.06920375, -0.99050707), (0.082310505, 0.009567967, -0.9965608), (-0.040618274, -0.03597634, -0.9985268), (0.11877128, 0.06920375, -0.99050707), (0.098493, 0.028854875, -0.9947193), (0.09209687, 0.089396335, -0.9917291), (0.082310505, 0.009567967, -0.9965608), (0.098493, 0.028854875, -0.9947193), (-0.055838864, 0.0037636678, -0.9984327), (-0.011976445, 0.03881233, -0.9991748), (0.09209687, 0.089396335, -0.9917291), (-0.055838864, 0.0037636678, -0.9984327), (-0.026192997, 0.03944411, -0.9988784), (-0.017622542, -0.04286176, -0.9989255), (-0.011976445, 0.03881233, -0.9991748), (-0.026192997, 0.03944411, -0.9988784), (0.13475576, 0.05587977, -0.9893019), (0.089418165, 0.013802223, -0.9958986), (-0.017622542, -0.04286176, -0.9989255), (0.13475576, 0.05587977, -0.9893019), (0.1203766, 0.027716598, -0.9923413), (0.11498919, 0.0930721, -0.988997), (0.089418165, 0.013802223, -0.9958986), (0.1203766, 0.027716598, -0.9923413), (-0.02033442, 0.016778868, -0.9996524), (0.032607336, 0.03376325, -0.9988978), (0.11498919, 0.0930721, -0.988997), (-0.02033442, 0.016778868, -0.9996524), (0.009301331, 0.03750548, -0.99925315), (0.017060155, -0.043947246, -0.9988882), (0.032607336, 0.03376325, -0.9988978), (0.009301331, 0.03750548, -0.99925315), (0.16051759, 0.04120166, -0.9861726), (0.11112246, 0.017396893, -0.99365443), (0.017060155, -0.043947246, -0.9988882), (0.16051759, 0.04120166, -0.9861726), (0.15933587, 0.026217146, -0.98687625), (0.15832688, 0.08636842, -0.9836021), (0.11112246, 0.017396893, -0.99365443), (0.15933587, 0.026217146, -0.98687625), (0.054399297, 0.024666466, -0.9982146), (0.11008859, 0.026904155, -0.9935576), (0.15832688, 0.08636842, -0.9836021), (0.054399297, 0.024666466, -0.9982146), (0.103390835, 0.030360185, -0.99417734), (0.11006234, -0.037867818, -0.9932031), (0.11008859, 0.026904155, -0.9935576), (0.103390835, 0.030360185, -0.99417734), (0.2727158, 0.02527968, -0.9617625), (0.23563173, 0.013869073, -0.97174346), (0.11006234, -0.037867818, -0.9932031), (0.2727158, 0.02527968, -0.9617625), (0.6391315, 0.014666362, -0.76895773), (0.62572557, 0.050159965, -0.77842885), (0.23563173, 0.013869073, -0.97174346), (0.6391315, 0.014666362, -0.76895773), (0.95972025, 0.0041809636, -0.28092617), (0.9625642, 0.016603332, -0.2705448), (0.62572557, 0.050159965, -0.77842885), (-0.96435845, 0.0006612587, -0.2645984), (-0.56776947, 0.007794333, -0.82315075), (-0.600975, 0.0074294256, -0.7992333), (-0.96392155, -0.0037574668, -0.26615983), (-0.56776947, 0.007794333, -0.82315075), (-0.15022765, 0.015484039, -0.98853016), (-0.16681202, 0.03923165, -0.9852079), (-0.600975, 0.0074294256, -0.7992333), (-0.15022765, 0.015484039, -0.98853016), (-0.1583698, 0.024201164, -0.98708326), (-0.14318503, 0.028442347, -0.9892872), (-0.16681202, 0.03923165, -0.9852079), (-0.1583698, 0.024201164, -0.98708326), (-0.2082221, 0.031932667, -0.9775601), (-0.1933268, -0.015510988, -0.98101187), (-0.14318503, 0.028442347, -0.9892872), (-0.2082221, 0.031932667, -0.9775601), (-0.10072427, 0.029001174, -0.99449164), (-0.12433067, 0.0032812068, -0.9922354), (-0.1933268, -0.015510988, -0.98101187), (-0.10072427, 0.029001174, -0.99449164), (0.0056535937, 0.024320833, -0.99968827), (-0.0082065305, 0.058712278, -0.99824125), (-0.12433067, 0.0032812068, -0.9922354), (0.0056535937, 0.024320833, -0.99968827), (-0.0683277, 0.026250163, -0.9973175), (-0.044630878, 0.034985926, -0.99839073), (-0.0082065305, 0.058712278, -0.99824125), (-0.0683277, 0.026250163, -0.9973175), (-0.15498626, 0.034952756, -0.98729813), (-0.14554301, -0.024220997, -0.98905534), (-0.044630878, 0.034985926, -0.99839073), (-0.15498626, 0.034952756, -0.98729813), (-0.06232897, 0.036711596, -0.9973803), (-0.09137051, 0.00713861, -0.9957914), (-0.14554301, -0.024220997, -0.98905534), (-0.06232897, 0.036711596, -0.9973803), (0.043665458, 0.030393679, -0.9985838), (0.038078196, 0.07297486, -0.99660665), (-0.09137051, 0.00713861, -0.9957914), (0.043665458, 0.030393679, -0.9985838), (-0.028812591, 0.026780028, -0.9992261), (0.000055059274, 0.036602885, -0.9993299), (0.038078196, 0.07297486, -0.99660665), (-0.028812591, 0.026780028, -0.9992261), (-0.12511338, 0.036607523, -0.9914668), (-0.12497552, -0.029310392, -0.99172676), (0.000055059274, 0.036602885, -0.9993299), (-0.12511338, 0.036607523, -0.9914668), (-0.047571484, 0.042486306, -0.9979638), (-0.07878831, 0.013894314, -0.9967946), (-0.12497552, -0.029310392, -0.99172676), (-0.047571484, 0.042486306, -0.9979638), (0.060685758, 0.03475832, -0.99755156), (0.06582583, 0.081679925, -0.99448246), (-0.07878831, 0.013894314, -0.9967946), (0.060685758, 0.03475832, -0.99755156), (0.001712815, 0.027122514, -0.9996307), (0.03194697, 0.035624526, -0.9988545), (0.06582583, 0.081679925, -0.99448246), (0.001712815, 0.027122514, -0.9996307), (-0.099225625, 0.038067367, -0.99433655), (-0.110103495, -0.02868559, -0.99350613), (0.03194697, 0.035624526, -0.9988545), (-0.099225625, 0.038067367, -0.99433655), (-0.04054661, 0.04719937, -0.9980622), (-0.07025845, 0.022354059, -0.9972783), (-0.110103495, -0.02868559, -0.99350613), (-0.04054661, 0.04719937, -0.9980622), (0.07009062, 0.037525546, -0.9968345), (0.086517274, 0.08372722, -0.99272585), (-0.07025845, 0.022354059, -0.9972783), (0.07009062, 0.037525546, -0.9968345), (0.0299813, 0.027024291, -0.999185), (0.057506926, 0.03329312, -0.9977898), (0.086517274, 0.08372722, -0.99272585), (0.0299813, 0.027024291, -0.999185), (-0.07393508, 0.039512087, -0.99648005), (-0.09569918, -0.02192908, -0.99516875), (0.057506926, 0.03329312, -0.9977898), (-0.07393508, 0.039512087, -0.99648005), (-0.03609156, 0.051384233, -0.99802655), (-0.06062111, 0.030684607, -0.99768907), (-0.09569918, -0.02192908, -0.99516875), (-0.03609156, 0.051384233, -0.99802655), (0.077099115, 0.038606387, -0.9962757), (0.10357098, 0.07915433, -0.99146736), (-0.06062111, 0.030684607, -0.99768907), (0.077099115, 0.038606387, -0.9962757), (0.05788908, 0.0258624, -0.99798805), (0.0789762, 0.030756332, -0.9964019), (0.10357098, 0.07915433, -0.99146736), (0.05788908, 0.0258624, -0.99798805), (-0.048064727, 0.0409544, -0.99800426), (-0.078743234, -0.010265311, -0.996842), (0.0789762, 0.030756332, -0.9964019), (-0.048064727, 0.0409544, -0.99800426), (-0.030711215, 0.055117812, -0.9980075), (-0.04696479, 0.03690325, -0.9982146), (-0.078743234, -0.010265311, -0.996842), (-0.030711215, 0.055117812, -0.9980075), (0.08515988, 0.037756313, -0.99565166), (0.11877128, 0.06920375, -0.99050707), (-0.04696479, 0.03690325, -0.9982146), (0.08515988, 0.037756313, -0.99565166), (0.08645811, 0.023188928, -0.99598557), (0.098493, 0.028854875, -0.9947193), (0.11877128, 0.06920375, -0.99050707), (0.08645811, 0.023188928, -0.99598557), (-0.019938722, 0.04226401, -0.99890745), (-0.055838864, 0.0037636678, -0.9984327), (0.098493, 0.028854875, -0.9947193), (-0.019938722, 0.04226401, -0.99890745), (-0.020090314, 0.05778207, -0.99812704), (-0.026192997, 0.03944411, -0.9988784), (-0.055838864, 0.0037636678, -0.9984327), (-0.020090314, 0.05778207, -0.99812704), (0.098246664, 0.034669075, -0.994558), (0.13475576, 0.05587977, -0.9893019), (-0.026192997, 0.03944411, -0.9988784), (0.098246664, 0.034669075, -0.994558), (0.11815258, 0.019005552, -0.9928136), (0.1203766, 0.027716598, -0.9923413), (0.13475576, 0.05587977, -0.9893019), (0.11815258, 0.019005552, -0.9928136), (0.015616364, 0.04279981, -0.9989616), (-0.02033442, 0.016778868, -0.9996524), (0.1203766, 0.027716598, -0.9923413), (0.015616364, 0.04279981, -0.9989616), (0.005151905, 0.05788648, -0.99830985), (0.009301331, 0.03750548, -0.99925315), (-0.02033442, 0.016778868, -0.9996524), (0.005151905, 0.05788648, -0.99830985), (0.12622175, 0.029103443, -0.99157506), (0.16051759, 0.04120166, -0.9861726), (0.009301331, 0.03750548, -0.99925315), (0.12622175, 0.029103443, -0.99157506), (0.16492368, 0.0135786105, -0.98621285), (0.15933587, 0.026217146, -0.98687625), (0.16051759, 0.04120166, -0.9861726), (0.16492368, 0.0135786105, -0.98621285), (0.08335907, 0.040221047, -0.9957075), (0.054399297, 0.024666466, -0.9982146), (0.15933587, 0.026217146, -0.98687625), (0.08335907, 0.040221047, -0.9957075), (0.09138588, 0.051977944, -0.9944581), (0.103390835, 0.030360185, -0.99417734), (0.054399297, 0.024666466, -0.9982146), (0.09138588, 0.051977944, -0.9944581), (0.24769102, 0.020619731, -0.96861964), (0.2727158, 0.02527968, -0.9617625), (0.103390835, 0.030360185, -0.99417734), (0.24769102, 0.020619731, -0.96861964), (0.61545295, -0.0003950221, -0.78817344), (0.6391315, 0.014666362, -0.76895773), (0.2727158, 0.02527968, -0.9617625), (0.61545295, -0.0003950221, -0.78817344), (0.9591357, -0.00037203715, -0.28294632), (0.95972025, 0.0041809636, -0.28092617), (0.6391315, 0.014666362, -0.76895773), (-0.9613276, 0.01978197, -0.27469608), (-0.59871596, 0.057368323, -0.79890424), (-0.56776947, 0.007794333, -0.82315075), (-0.96435845, 0.0006612587, -0.2645984), (-0.59871596, 0.057368323, -0.79890424), (-0.20640236, 0.011372204, -0.9784011), (-0.15022765, 0.015484039, -0.98853016), (-0.56776947, 0.007794333, -0.82315075), (-0.20640236, 0.011372204, -0.9784011), (-0.13427092, -0.031160034, -0.9904546), (-0.1583698, 0.024201164, -0.98708326), (-0.15022765, 0.015484039, -0.98853016), (-0.13427092, -0.031160034, -0.9904546), (-0.13447717, 0.060712352, -0.98905504), (-0.2082221, 0.031932667, -0.9775601), (-0.1583698, 0.024201164, -0.98708326), (-0.13447717, 0.060712352, -0.98905504), (-0.12961075, 0.11367755, -0.98502713), (-0.10072427, 0.029001174, -0.99449164), (-0.2082221, 0.031932667, -0.9775601), (-0.12961075, 0.11367755, -0.98502713), (-0.074617684, 0.016316691, -0.9970787), (0.0056535937, 0.024320833, -0.99968827), (-0.10072427, 0.029001174, -0.99449164), (-0.074617684, 0.016316691, -0.9970787), (-0.035230685, -0.03584531, -0.99873614), (-0.0683277, 0.026250163, -0.9973175), (0.0056535937, 0.024320833, -0.99968827), (-0.035230685, -0.03584531, -0.99873614), (-0.068240516, 0.0727695, -0.99501145), (-0.15498626, 0.034952756, -0.98729813), (-0.0683277, 0.026250163, -0.9973175), (-0.068240516, 0.0727695, -0.99501145), (-0.09937797, 0.12506194, -0.9871593), (-0.06232897, 0.036711596, -0.9973803), (-0.15498626, 0.034952756, -0.98729813), (-0.09937797, 0.12506194, -0.9871593), (-0.04471102, 0.014076223, -0.99890083), (0.043665458, 0.030393679, -0.9985838), (-0.06232897, 0.036711596, -0.9973803), (-0.04471102, 0.014076223, -0.99890083), (0.011625148, -0.03404272, -0.99935275), (-0.028812591, 0.026780028, -0.9992261), (0.043665458, 0.030393679, -0.9985838), (0.011625148, -0.03404272, -0.99935275), (-0.03418566, 0.081370324, -0.9960975), (-0.12511338, 0.036607523, -0.9914668), (-0.028812591, 0.026780028, -0.9992261), (-0.03418566, 0.081370324, -0.9960975), (-0.09054695, 0.12574594, -0.98792166), (-0.047571484, 0.042486306, -0.9979638), (-0.12511338, 0.036607523, -0.9914668), (-0.09054695, 0.12574594, -0.98792166), (-0.028090058, 0.0113651855, -0.9995408), (0.060685758, 0.03475832, -0.99755156), (-0.047571484, 0.042486306, -0.9979638), (-0.028090058, 0.0113651855, -0.9995408), (0.046956956, -0.027054645, -0.99853045), (0.001712815, 0.027122514, -0.9996307), (0.060685758, 0.03475832, -0.99755156), (0.046956956, -0.027054645, -0.99853045), (-0.010890271, 0.086113945, -0.9962258), (-0.099225625, 0.038067367, -0.99433655), (0.001712815, 0.027122514, -0.9996307), (-0.010890271, 0.086113945, -0.9962258), (-0.08672042, 0.11861202, -0.9891464), (-0.04054661, 0.04719937, -0.9980622), (-0.099225625, 0.038067367, -0.99433655), (-0.08672042, 0.11861202, -0.9891464), (-0.013221309, 0.010170486, -0.99986094), (0.07009062, 0.037525546, -0.9968345), (-0.04054661, 0.04719937, -0.9980622), (-0.013221309, 0.010170486, -0.99986094), (0.07660635, -0.015901856, -0.99693465), (0.0299813, 0.027024291, -0.999185), (0.07009062, 0.037525546, -0.9968345), (0.07660635, -0.015901856, -0.99693465), (0.0061713783, 0.08616294, -0.9962619), (-0.07393508, 0.039512087, -0.99648005), (0.0299813, 0.027024291, -0.999185), (0.0061713783, 0.08616294, -0.9962619), (-0.082032554, 0.10565755, -0.9910132), (-0.03609156, 0.051384233, -0.99802655), (-0.07393508, 0.039512087, -0.99648005), (-0.082032554, 0.10565755, -0.9910132), (0.0035212978, 0.01169891, -0.99992543), (0.077099115, 0.038606387, -0.9962757), (-0.03609156, 0.051384233, -0.99802655), (0.0035212978, 0.01169891, -0.99992543), (0.10183535, -0.0021866823, -0.9947989), (0.05788908, 0.0258624, -0.99798805), (0.077099115, 0.038606387, -0.9962757), (0.10183535, -0.0021866823, -0.9947989), (0.019665979, 0.080863155, -0.9965312), (-0.048064727, 0.0409544, -0.99800426), (0.05788908, 0.0258624, -0.99798805), (0.019665979, 0.080863155, -0.9965312), (-0.072509035, 0.089075685, -0.9933821), (-0.030711215, 0.055117812, -0.9980075), (-0.048064727, 0.0409544, -0.99800426), (-0.072509035, 0.089075685, -0.9933821), (0.023816982, 0.016455565, -0.99958086), (0.08515988, 0.037756313, -0.99565166), (-0.030711215, 0.055117812, -0.9980075), (0.023816982, 0.016455565, -0.99958086), (0.123470396, 0.011796905, -0.99227816), (0.08645811, 0.023188928, -0.99598557), (0.08515988, 0.037756313, -0.99565166), (0.123470396, 0.011796905, -0.99227816), (0.03316011, 0.070111625, -0.9969879), (-0.019938722, 0.04226401, -0.99890745), (0.08645811, 0.023188928, -0.99598557), (0.03316011, 0.070111625, -0.9969879), (-0.053854845, 0.07127098, -0.9960021), (-0.020090314, 0.05778207, -0.99812704), (-0.019938722, 0.04226401, -0.99890745), (-0.053854845, 0.07127098, -0.9960021), (0.049817562, 0.02400107, -0.99846995), (0.098246664, 0.034669075, -0.994558), (-0.020090314, 0.05778207, -0.99812704), (0.049817562, 0.02400107, -0.99846995), (0.14434767, 0.023228435, -0.98925436), (0.11815258, 0.019005552, -0.9928136), (0.098246664, 0.034669075, -0.994558), (0.14434767, 0.023228435, -0.98925436), (0.053735584, 0.054509245, -0.99706626), (0.015616364, 0.04279981, -0.9989616), (0.11815258, 0.019005552, -0.9928136), (0.053735584, 0.054509245, -0.99706626), (-0.017505175, 0.054297097, -0.99837136), (0.005151905, 0.05788648, -0.99830985), (0.015616364, 0.04279981, -0.9989616), (-0.017505175, 0.054297097, -0.99837136), (0.08977658, 0.032415323, -0.9954343), (0.12622175, 0.029103443, -0.99157506), (0.005151905, 0.05788648, -0.99830985), (0.08977658, 0.032415323, -0.9954343), (0.1774128, 0.029009318, -0.98370886), (0.16492368, 0.0135786105, -0.98621285), (0.12622175, 0.029103443, -0.99157506), (0.1774128, 0.029009318, -0.98370886), (0.107068345, 0.0351163, -0.9936313), (0.08335907, 0.040221047, -0.9957075), (0.16492368, 0.0135786105, -0.98621285), (0.107068345, 0.0351163, -0.9936313), (0.08044863, 0.037880074, -0.9960387), (0.09138588, 0.051977944, -0.9944581), (0.08335907, 0.040221047, -0.9957075), (0.08044863, 0.037880074, -0.9960387), (0.22055784, 0.035160575, -0.9747399), (0.24769102, 0.020619731, -0.96861964), (0.09138588, 0.051977944, -0.9944581), (0.22055784, 0.035160575, -0.9747399), (0.61732554, 0.020469427, -0.78644145), (0.61545295, -0.0003950221, -0.78817344), (0.24769102, 0.020619731, -0.96861964), (0.61732554, 0.020469427, -0.78644145), (0.95869327, 0.0033640056, -0.2844219), (0.9591357, -0.00037203715, -0.28294632), (0.61545295, -0.0003950221, -0.78817344), (-0.95712566, 0.009123091, -0.2895292), (-0.6251108, 0.031823616, -0.77988696), (-0.59871596, 0.057368323, -0.79890424), (-0.9613276, 0.01978197, -0.27469608), (-0.6251108, 0.031823616, -0.77988696), (-0.26278812, 0.040841967, -0.9639888), (-0.20640236, 0.011372204, -0.9784011), (-0.59871596, 0.057368323, -0.79890424), (-0.26278812, 0.040841967, -0.9639888), (-0.10771888, 0.042748332, -0.99326193), (-0.13427092, -0.031160034, -0.9904546), (-0.20640236, 0.011372204, -0.9784011), (-0.10771888, 0.042748332, -0.99326193), (-0.059092063, 0.04832438, -0.9970822), (-0.13447717, 0.060712352, -0.98905504), (-0.13427092, -0.031160034, -0.9904546), (-0.059092063, 0.04832438, -0.9970822), (-0.1518647, 0.049999394, -0.9871359), (-0.12961075, 0.11367755, -0.98502713), (-0.13447717, 0.060712352, -0.98905504), (-0.1518647, 0.049999394, -0.9871359), (-0.14093694, 0.057952162, -0.9883209), (-0.074617684, 0.016316691, -0.9970787), (-0.12961075, 0.11367755, -0.98502713), (-0.14093694, 0.057952162, -0.9883209), (-0.0027299782, 0.06341502, -0.9979835), (-0.035230685, -0.03584531, -0.99873614), (-0.074617684, 0.016316691, -0.9970787), (-0.0027299782, 0.06341502, -0.9979835), (-0.0033512337, 0.050349712, -0.998726), (-0.068240516, 0.0727695, -0.99501145), (-0.035230685, -0.03584531, -0.99873614), (-0.0033512337, 0.050349712, -0.998726), (-0.12942018, 0.043771412, -0.9906233), (-0.09937797, 0.12506194, -0.9871593), (-0.068240516, 0.0727695, -0.99501145), (-0.12942018, 0.043771412, -0.9906233), (-0.09740734, 0.06923291, -0.9928336), (-0.04471102, 0.014076223, -0.99890083), (-0.09937797, 0.12506194, -0.9871593), (-0.09740734, 0.06923291, -0.9928336), (0.046177715, 0.07880357, -0.9958201), (0.011625148, -0.03404272, -0.99935275), (-0.04471102, 0.014076223, -0.99890083), (0.046177715, 0.07880357, -0.9958201), (0.009844846, 0.04589727, -0.9988977), (-0.03418566, 0.081370324, -0.9960975), (0.011625148, -0.03404272, -0.99935275), (0.009844846, 0.04589727, -0.9988977), (-0.12138626, 0.03502204, -0.99198735), (-0.09054695, 0.12574594, -0.98792166), (-0.03418566, 0.081370324, -0.9960975), (-0.12138626, 0.03502204, -0.99198735), (-0.059847064, 0.079035506, -0.9950737), (-0.028090058, 0.0113651855, -0.9995408), (-0.09054695, 0.12574594, -0.98792166), (-0.059847064, 0.079035506, -0.9950737), (0.07701196, 0.08961058, -0.992995), (0.046956956, -0.027054645, -0.99853045), (-0.028090058, 0.0113651855, -0.9995408), (0.07701196, 0.08961058, -0.992995), (0.008563987, 0.037406128, -0.99926347), (-0.010890271, 0.086113945, -0.9962258), (0.046956956, -0.027054645, -0.99853045), (0.008563987, 0.037406128, -0.99926347), (-0.110690385, 0.02623831, -0.9935086), (-0.08672042, 0.11861202, -0.9891464), (-0.010890271, 0.086113945, -0.9962258), (-0.110690385, 0.02623831, -0.9935086), (-0.022036677, 0.087821014, -0.9958925), (-0.013221309, 0.010170486, -0.99986094), (-0.08672042, 0.11861202, -0.9891464), (-0.022036677, 0.087821014, -0.9958925), (0.09486152, 0.09594923, -0.9908557), (0.07660635, -0.015901856, -0.99693465), (-0.013221309, 0.010170486, -0.99986094), (0.09486152, 0.09594923, -0.9908557), (0.0021407737, 0.026162913, -0.99965537), (0.0061713783, 0.08616294, -0.9962619), (0.07660635, -0.015901856, -0.99693465), (0.0021407737, 0.026162913, -0.99965537), (-0.09170423, 0.018611994, -0.9956123), (-0.082032554, 0.10565755, -0.9910132), (0.0061713783, 0.08616294, -0.9962619), (-0.09170423, 0.018611994, -0.9956123), (0.015493666, 0.09555925, -0.99530315), (0.0035212978, 0.01169891, -0.99992543), (-0.082032554, 0.10565755, -0.9910132), (0.015493666, 0.09555925, -0.99530315), (0.10185546, 0.09783092, -0.9899771), (0.10183535, -0.0021866823, -0.9947989), (0.0035212978, 0.01169891, -0.99992543), (0.10185546, 0.09783092, -0.9899771), (-0.0028183695, 0.013260663, -0.99990815), (0.019665979, 0.080863155, -0.9965312), (0.10183535, -0.0021866823, -0.9947989), (-0.0028183695, 0.013260663, -0.99990815), (-0.06222665, 0.013055081, -0.9979766), (-0.072509035, 0.089075685, -0.9933821), (0.019665979, 0.080863155, -0.9965312), (-0.06222665, 0.013055081, -0.9979766), (0.05094968, 0.10179328, -0.99349993), (0.023816982, 0.016455565, -0.99958086), (-0.072509035, 0.089075685, -0.9933821), (0.05094968, 0.10179328, -0.99349993), (0.101387925, 0.09502058, -0.99029875), (0.123470396, 0.011796905, -0.99227816), (0.023816982, 0.016455565, -0.99958086), (0.101387925, 0.09502058, -0.99029875), (0.000024851546, 0.00012678812, -1), (0.03316011, 0.070111625, -0.9969879), (0.123470396, 0.011796905, -0.99227816), (0.000024851546, 0.00012678812, -1), (-0.021365423, 0.010296357, -0.99971867), (-0.053854845, 0.07127098, -0.9960021), (0.03316011, 0.070111625, -0.9969879), (-0.021365423, 0.010296357, -0.99971867), (0.08400988, 0.10514094, -0.9909025), (0.049817562, 0.02400107, -0.99846995), (-0.053854845, 0.07127098, -0.9960021), (0.08400988, 0.10514094, -0.9909025), (0.10040519, 0.0870919, -0.99112755), (0.14434767, 0.023228435, -0.98925436), (0.049817562, 0.02400107, -0.99846995), (0.10040519, 0.0870919, -0.99112755), (0.018991949, -0.011149809, -0.99975747), (0.053735584, 0.054509245, -0.99706626), (0.14434767, 0.023228435, -0.98925436), (0.018991949, -0.011149809, -0.99975747), (0.0343677, 0.010312263, -0.9993561), (-0.017505175, 0.054297097, -0.99837136), (0.053735584, 0.054509245, -0.99706626), (0.0343677, 0.010312263, -0.9993561), (0.12184767, 0.10238698, -0.9872537), (0.08977658, 0.032415323, -0.9954343), (-0.017505175, 0.054297097, -0.99837136), (0.12184767, 0.10238698, -0.9872537), (0.11779904, 0.07355828, -0.9903093), (0.1774128, 0.029009318, -0.98370886), (0.08977658, 0.032415323, -0.9954343), (0.11779904, 0.07355828, -0.9903093), (0.07922246, -0.017657539, -0.9967006), (0.107068345, 0.0351163, -0.9936313), (0.1774128, 0.029009318, -0.98370886), (0.07922246, -0.017657539, -0.9967006), (0.13942121, 0.0100271385, -0.9901824), (0.08044863, 0.037880074, -0.9960387), (0.107068345, 0.0351163, -0.9936313), (0.13942121, 0.0100271385, -0.9901824), (0.24183986, 0.08254066, -0.96679914), (0.22055784, 0.035160575, -0.9747399), (0.08044863, 0.037880074, -0.9960387), (0.24183986, 0.08254066, -0.96679914), (0.5855447, 0.06128716, -0.80832005), (0.61732554, 0.020469427, -0.78644145), (0.22055784, 0.035160575, -0.9747399), (0.5855447, 0.06128716, -0.80832005), (0.95708644, 0.007125613, -0.28971517), (0.95869327, 0.0033640056, -0.2844219), (0.61732554, 0.020469427, -0.78644145), (-0.954713, 0.0059490195, -0.29746875), (-0.6002606, 0.022251742, -0.7994949), (-0.6251108, 0.031823616, -0.77988696), (-0.95712566, 0.009123091, -0.2895292), (-0.6002606, 0.022251742, -0.7994949), (-0.25161928, 0.04401123, -0.966825), (-0.26278812, 0.040841967, -0.9639888), (-0.6251108, 0.031823616, -0.77988696), (-0.25161928, 0.04401123, -0.966825), (-0.09222597, 0.06465304, -0.9936369), (-0.10771888, 0.042748332, -0.99326193), (-0.26278812, 0.040841967, -0.9639888), (-0.09222597, 0.06465304, -0.9936369), (-0.07035558, 0.06327351, -0.9955132), (-0.059092063, 0.04832438, -0.9970822), (-0.10771888, 0.042748332, -0.99326193), (-0.07035558, 0.06327351, -0.9955132), (-0.15951215, 0.05397944, -0.9857191), (-0.1518647, 0.049999394, -0.9871359), (-0.059092063, 0.04832438, -0.9970822), (-0.15951215, 0.05397944, -0.9857191), (-0.11488186, 0.062390525, -0.99141794), (-0.14093694, 0.057952162, -0.9883209), (-0.1518647, 0.049999394, -0.9871359), (-0.11488186, 0.062390525, -0.99141794), (0.0060844086, 0.07230956, -0.9973637), (-0.0027299782, 0.06341502, -0.9979835), (-0.14093694, 0.057952162, -0.9883209), (0.0060844086, 0.07230956, -0.9973637), (-0.03557742, 0.0681272, -0.99704206), (-0.0033512337, 0.050349712, -0.998726), (-0.0027299782, 0.06341502, -0.9979835), (-0.03557742, 0.0681272, -0.99704206), (-0.12953308, 0.06467186, -0.98946387), (-0.12942018, 0.043771412, -0.9906233), (-0.0033512337, 0.050349712, -0.998726), (-0.12953308, 0.06467186, -0.98946387), (-0.054205734, 0.071741246, -0.99594927), (-0.09740734, 0.06923291, -0.9928336), (-0.12942018, 0.043771412, -0.9906233), (-0.054205734, 0.071741246, -0.99594927), (0.041670345, 0.072503224, -0.9964973), (0.046177715, 0.07880357, -0.9958201), (-0.09740734, 0.06923291, -0.9928336), (0.041670345, 0.072503224, -0.9964973), (-0.039371893, 0.06939185, -0.9968123), (0.009844846, 0.04589727, -0.9988977), (0.046177715, 0.07880357, -0.9958201), (-0.039371893, 0.06939185, -0.9968123), (-0.10658631, 0.0709183, -0.99177116), (-0.12138626, 0.03502204, -0.99198735), (0.009844846, 0.04589727, -0.9988977), (-0.10658631, 0.0709183, -0.99177116), (-0.00295718, 0.07525421, -0.99715996), (-0.059847064, 0.079035506, -0.9950737), (-0.12138626, 0.03502204, -0.99198735), (-0.00295718, 0.07525421, -0.99715996), (0.05432715, 0.07063398, -0.9960218), (0.07701196, 0.08961058, -0.992995), (-0.059847064, 0.079035506, -0.9950737), (0.05432715, 0.07063398, -0.9960218), (-0.05172572, 0.069650255, -0.9962295), (0.008563987, 0.037406128, -0.99926347), (0.07701196, 0.08961058, -0.992995), (-0.05172572, 0.069650255, -0.9962295), (-0.077243134, 0.07281169, -0.9943501), (-0.110690385, 0.02623831, -0.9935086), (0.008563987, 0.037406128, -0.99926347), (-0.077243134, 0.07281169, -0.9943501), (0.042234708, 0.07450339, -0.99632597), (-0.022036677, 0.087821014, -0.9958925), (-0.110690385, 0.02623831, -0.9935086), (0.042234708, 0.07450339, -0.99632597), (0.052412175, 0.0687988, -0.99625283), (0.09486152, 0.09594923, -0.9908557), (-0.022036677, 0.087821014, -0.9958925), (0.052412175, 0.0687988, -0.99625283), (-0.062014796, 0.068867296, -0.9956965), (0.0021407737, 0.026162913, -0.99965537), (0.09486152, 0.09594923, -0.9908557), (-0.062014796, 0.068867296, -0.9956965), (-0.039777774, 0.07075507, -0.9967003), (-0.09170423, 0.018611994, -0.9956123), (0.0021407737, 0.026162913, -0.99965537), (-0.039777774, 0.07075507, -0.9967003), (0.07960645, 0.07132627, -0.9942712), (0.015493666, 0.09555925, -0.99530315), (-0.09170423, 0.018611994, -0.9956123), (0.07960645, 0.07132627, -0.9942712), (0.04169162, 0.067219116, -0.9968668), (0.10185546, 0.09783092, -0.9899771), (0.015493666, 0.09555925, -0.99530315), (0.04169162, 0.067219116, -0.9968668), (-0.06365366, 0.066402934, -0.99576044), (-0.0028183695, 0.013260663, -0.99990815), (0.10185546, 0.09783092, -0.9899771), (-0.06365366, 0.066402934, -0.99576044), (0.004339564, 0.0660216, -0.9978087), (-0.06222665, 0.013055081, -0.9979766), (-0.0028183695, 0.013260663, -0.99990815), (0.004339564, 0.0660216, -0.9978087), (0.10777536, 0.06718049, -0.99190277), (0.05094968, 0.10179328, -0.99349993), (-0.06222665, 0.013055081, -0.9979766), (0.10777536, 0.06718049, -0.99190277), (0.028664768, 0.06482214, -0.99748504), (0.101387925, 0.09502058, -0.99029875), (0.05094968, 0.10179328, -0.99349993), (0.028664768, 0.06482214, -0.99748504), (-0.051649693, 0.06190639, -0.9967447), (0.000024851546, 0.00012678812, -1), (0.101387925, 0.09502058, -0.99029875), (-0.051649693, 0.06190639, -0.9967447), (0.05318561, 0.060245283, -0.9967656), (-0.021365423, 0.010296357, -0.99971867), (0.000024851546, 0.00012678812, -1), (0.05318561, 0.060245283, -0.9967656), (0.12825403, 0.062405627, -0.98977596), (0.08400988, 0.10514094, -0.9909025), (-0.021365423, 0.010296357, -0.99971867), (0.12825403, 0.062405627, -0.98977596), (0.022494283, 0.05994836, -0.997948), (0.10040519, 0.0870919, -0.99112755), (0.08400988, 0.10514094, -0.9909025), (0.022494283, 0.05994836, -0.997948), (-0.019985195, 0.055460367, -0.99826086), (0.018991949, -0.011149809, -0.99975747), (0.10040519, 0.0870919, -0.99112755), (-0.019985195, 0.055460367, -0.99826086), (0.108180486, 0.0543738, -0.9926432), (0.0343677, 0.010312263, -0.9993561), (0.018991949, -0.011149809, -0.99975747), (0.108180486, 0.0543738, -0.9926432), (0.15074556, 0.05576182, -0.9869987), (0.12184767, 0.10238698, -0.9872537), (0.0343677, 0.010312263, -0.9993561), (0.15074556, 0.05576182, -0.9869987), (0.044077046, 0.05072811, -0.9977394), (0.11779904, 0.07355828, -0.9903093), (0.12184767, 0.10238698, -0.9872537), (0.044077046, 0.05072811, -0.9977394), (0.05377228, 0.046400473, -0.9974746), (0.07922246, -0.017657539, -0.9967006), (0.11779904, 0.07355828, -0.9903093), (0.05377228, 0.046400473, -0.9974746), (0.19914506, 0.04620181, -0.9788803), (0.13942121, 0.0100271385, -0.9901824), (0.07922246, -0.017657539, -0.9967006), (0.19914506, 0.04620181, -0.9788803), (0.2542863, 0.042054303, -0.96621424), (0.24183986, 0.08254066, -0.96679914), (0.13942121, 0.0100271385, -0.9901824), (0.2542863, 0.042054303, -0.96621424), (0.5799545, 0.021029009, -0.81437737), (0.5855447, 0.06128716, -0.80832005), (0.24183986, 0.08254066, -0.96679914), (0.5799545, 0.021029009, -0.81437737), (0.9556704, 0.0021059518, -0.29443112), (0.95708644, 0.007125613, -0.28971517), (0.5855447, 0.06128716, -0.80832005), (-0.9524692, 0.007551052, -0.30454102), (-0.6027484, 0.031875007, -0.7972945), (-0.6002606, 0.022251742, -0.7994949), (-0.954713, 0.0059490195, -0.29746875), (-0.6027484, 0.031875007, -0.7972945), (-0.22883981, 0.052086584, -0.97206956), (-0.25161928, 0.04401123, -0.966825), (-0.6002606, 0.022251742, -0.7994949), (-0.22883981, 0.052086584, -0.97206956), (-0.073759295, 0.064807884, -0.9951681), (-0.09222597, 0.06465304, -0.9936369), (-0.25161928, 0.04401123, -0.966825), (-0.073759295, 0.064807884, -0.9951681), (-0.07929127, 0.07408514, -0.9940947), (-0.07035558, 0.06327351, -0.9955132), (-0.09222597, 0.06465304, -0.9936369), (-0.07929127, 0.07408514, -0.9940947), (-0.16957164, 0.07120901, -0.9829418), (-0.15951215, 0.05397944, -0.9857191), (-0.07035558, 0.06327351, -0.9955132), (-0.16957164, 0.07120901, -0.9829418), (-0.09621858, 0.06250321, -0.9933959), (-0.11488186, 0.062390525, -0.99141794), (-0.15951215, 0.05397944, -0.9857191), (-0.09621858, 0.06250321, -0.9933959), (0.025093803, 0.07295071, -0.99701977), (0.0060844086, 0.07230956, -0.9973637), (-0.11488186, 0.062390525, -0.99141794), (0.025093803, 0.07295071, -0.99701977), (-0.045967296, 0.0919882, -0.9946985), (-0.03557742, 0.0681272, -0.99704206), (0.0060844086, 0.07230956, -0.9973637), (-0.045967296, 0.0919882, -0.9946985), (-0.14534144, 0.084787704, -0.98574185), (-0.12953308, 0.06467186, -0.98946387), (-0.03557742, 0.0681272, -0.99704206), (-0.14534144, 0.084787704, -0.98574185), (-0.038990717, 0.061414354, -0.99735045), (-0.054205734, 0.071741246, -0.99594927), (-0.12953308, 0.06467186, -0.98946387), (-0.038990717, 0.061414354, -0.99735045), (0.06276337, 0.075071104, -0.99520105), (0.041670345, 0.072503224, -0.9964973), (-0.054205734, 0.071741246, -0.99594927), (0.06276337, 0.075071104, -0.99520105), (-0.048251364, 0.10637434, -0.9931547), (-0.039371893, 0.06939185, -0.9968123), (0.041670345, 0.072503224, -0.9964973), (-0.048251364, 0.10637434, -0.9931547), (-0.12717786, 0.092319414, -0.9875743), (-0.10658631, 0.0709183, -0.99177116), (-0.039371893, 0.06939185, -0.9968123), (-0.12717786, 0.092319414, -0.9875743), (0.0079953605, 0.05547703, -0.9984279), (-0.00295718, 0.07525421, -0.99715996), (-0.10658631, 0.0709183, -0.99177116), (0.0079953605, 0.05547703, -0.9984279), (0.078088135, 0.07609004, -0.99403846), (0.05432715, 0.07063398, -0.9960218), (-0.00295718, 0.07525421, -0.99715996), (0.078088135, 0.07609004, -0.99403846), (-0.058173727, 0.11807803, -0.9912988), (-0.05172572, 0.069650255, -0.9962295), (0.05432715, 0.07063398, -0.9960218), (-0.058173727, 0.11807803, -0.9912988), (-0.102131516, 0.09461594, -0.99026114), (-0.077243134, 0.07281169, -0.9943501), (-0.05172572, 0.069650255, -0.9962295), (-0.102131516, 0.09461594, -0.99026114), (0.04881702, 0.04761031, -0.9976724), (0.042234708, 0.07450339, -0.99632597), (-0.077243134, 0.07281169, -0.9943501), (0.04881702, 0.04761031, -0.9976724), (0.079093955, 0.07731213, -0.9938647), (0.052412175, 0.0687988, -0.99625283), (0.042234708, 0.07450339, -0.99632597), (0.079093955, 0.07731213, -0.9938647), (-0.06614373, 0.12607127, -0.9898136), (-0.062014796, 0.068867296, -0.9956965), (0.052412175, 0.0687988, -0.99625283), (-0.06614373, 0.12607127, -0.9898136), (-0.068279825, 0.09237492, -0.9933805), (-0.039777774, 0.07075507, -0.9967003), (-0.062014796, 0.068867296, -0.9956965), (-0.068279825, 0.09237492, -0.9933805), (0.082566515, 0.040048413, -0.9957806), (0.07960645, 0.07132627, -0.9942712), (-0.039777774, 0.07075507, -0.9967003), (0.082566515, 0.040048413, -0.9957806), (0.07109459, 0.07852024, -0.9943742), (0.04169162, 0.067219116, -0.9968668), (0.07960645, 0.07132627, -0.9942712), (0.07109459, 0.07852024, -0.9943742), (-0.066160485, 0.12911879, -0.9894196), (-0.06365366, 0.066402934, -0.99576044), (0.04169162, 0.067219116, -0.9968668), (-0.066160485, 0.12911879, -0.9894196), (-0.026764102, 0.08668245, -0.99587643), (0.004339564, 0.0660216, -0.9978087), (-0.06365366, 0.066402934, -0.99576044), (-0.026764102, 0.08668245, -0.99587643), (0.10838458, 0.034269724, -0.99351823), (0.10777536, 0.06718049, -0.99190277), (0.004339564, 0.0660216, -0.9978087), (0.10838458, 0.034269724, -0.99351823), (0.060008418, 0.0786086, -0.9950978), (0.028664768, 0.06482214, -0.99748504), (0.10777536, 0.06718049, -0.99190277), (0.060008418, 0.0786086, -0.9950978), (-0.053374615, 0.1262939, -0.9905559), (-0.051649693, 0.06190639, -0.9967447), (0.028664768, 0.06482214, -0.99748504), (-0.053374615, 0.1262939, -0.9905559), (0.020842893, 0.078689255, -0.9966813), (0.05318561, 0.060245283, -0.9967656), (-0.051649693, 0.06190639, -0.9967447), (0.020842893, 0.078689255, -0.9966813), (0.12774587, 0.030679364, -0.9913323), (0.12825403, 0.062405627, -0.98977596), (0.05318561, 0.060245283, -0.9967656), (0.12774587, 0.030679364, -0.9913323), (0.054241452, 0.075969525, -0.9956337), (0.022494283, 0.05994836, -0.997948), (0.12825403, 0.062405627, -0.98977596), (0.054241452, 0.075969525, -0.9956337), (-0.021638948, 0.11690321, -0.9929076), (-0.019985195, 0.055460367, -0.99826086), (0.022494283, 0.05994836, -0.997948), (-0.021638948, 0.11690321, -0.9929076), (0.07645998, 0.068951964, -0.99468565), (0.108180486, 0.0543738, -0.9926432), (-0.019985195, 0.055460367, -0.99826086), (0.07645998, 0.068951964, -0.99468565), (0.14973131, 0.028262816, -0.9883227), (0.15074556, 0.05576182, -0.9869987), (0.108180486, 0.0543738, -0.9926432), (0.14973131, 0.028262816, -0.9883227), (0.07327736, 0.06804887, -0.9949873), (0.044077046, 0.05072811, -0.9977394), (0.15074556, 0.05576182, -0.9869987), (0.07327736, 0.06804887, -0.9949873), (0.05147402, 0.09892721, -0.99376243), (0.05377228, 0.046400473, -0.9974746), (0.044077046, 0.05072811, -0.9977394), (0.05147402, 0.09892721, -0.99376243), (0.17157307, 0.055768654, -0.9835916), (0.19914506, 0.04620181, -0.9788803), (0.05377228, 0.046400473, -0.9974746), (0.17157307, 0.055768654, -0.9835916), (0.25074536, 0.022288062, -0.96779644), (0.2542863, 0.042054303, -0.96621424), (0.19914506, 0.04620181, -0.9788803), (0.25074536, 0.022288062, -0.96779644), (0.56231546, 0.020069387, -0.8266793), (0.5799545, 0.021029009, -0.81437737), (0.2542863, 0.042054303, -0.96621424), (0.56231546, 0.020069387, -0.8266793), (0.95412064, 0.0074342974, -0.29933026), (0.9556704, 0.0021059518, -0.29443112), (0.5799545, 0.021029009, -0.81437737), (-0.9495259, 0.009526685, -0.31354395), (-0.5615982, 0.06885695, -0.82454), (-0.6027484, 0.031875007, -0.7972945), (-0.9524692, 0.007551052, -0.30454102), (-0.5615982, 0.06885695, -0.82454), (-0.22886331, 0.107965074, -0.96745294), (-0.22883981, 0.052086584, -0.97206956), (-0.6027484, 0.031875007, -0.7972945), (-0.22886331, 0.107965074, -0.96745294), (-0.11502218, 0.060836222, -0.99149823), (-0.073759295, 0.064807884, -0.9951681), (-0.22883981, 0.052086584, -0.97206956), (-0.11502218, 0.060836222, -0.99149823), (-0.06506258, 0.026680658, -0.9975244), (-0.07929127, 0.07408514, -0.9940947), (-0.073759295, 0.064807884, -0.9951681), (-0.06506258, 0.026680658, -0.9975244), (-0.11983088, 0.094702855, -0.9882671), (-0.16957164, 0.07120901, -0.9829418), (-0.07929127, 0.07408514, -0.9940947), (-0.11983088, 0.094702855, -0.9882671), (-0.11163163, 0.13535854, -0.9844879), (-0.09621858, 0.06250321, -0.9933959), (-0.16957164, 0.07120901, -0.9829418), (-0.11163163, 0.13535854, -0.9844879), (-0.017906744, 0.07133072, -0.997292), (0.025093803, 0.07295071, -0.99701977), (-0.09621858, 0.06250321, -0.9933959), (-0.017906744, 0.07133072, -0.997292), (-0.021495635, 0.038656007, -0.99902135), (-0.045967296, 0.0919882, -0.9946985), (0.025093803, 0.07295071, -0.99701977), (-0.021495635, 0.038656007, -0.99902135), (-0.103571035, 0.110238865, -0.988494), (-0.14534144, 0.084787704, -0.98574185), (-0.045967296, 0.0919882, -0.9946985), (-0.103571035, 0.110238865, -0.988494), (-0.06556385, 0.14291249, -0.98756135), (-0.038990717, 0.061414354, -0.99735045), (-0.14534144, 0.084787704, -0.98574185), (-0.06556385, 0.14291249, -0.98756135), (0.029526912, 0.07561989, -0.99669945), (0.06276337, 0.075071104, -0.99520105), (-0.038990717, 0.061414354, -0.99735045), (0.029526912, 0.07561989, -0.99669945), (-0.016422005, 0.050851595, -0.9985712), (-0.048251364, 0.10637434, -0.9931547), (0.06276337, 0.075071104, -0.99520105), (-0.016422005, 0.050851595, -0.9985712), (-0.099716105, 0.11891208, -0.9878849), (-0.12717786, 0.092319414, -0.9875743), (-0.048251364, 0.10637434, -0.9931547), (-0.099716105, 0.11891208, -0.9878849), (-0.024353022, 0.14274633, -0.98945963), (0.0079953605, 0.05547703, -0.9984279), (-0.12717786, 0.092319414, -0.9875743), (-0.024353022, 0.14274633, -0.98945963), (0.059722673, 0.079483904, -0.9950455), (0.078088135, 0.07609004, -0.99403846), (0.0079953605, 0.05547703, -0.9984279), (0.059722673, 0.079483904, -0.9950455), (-0.024258686, 0.06277602, -0.99773276), (-0.058173727, 0.11807803, -0.9912988), (0.078088135, 0.07609004, -0.99403846), (-0.024258686, 0.06277602, -0.99773276), (-0.09210678, 0.12170813, -0.9882831), (-0.102131516, 0.09461594, -0.99026114), (-0.058173727, 0.11807803, -0.9912988), (-0.09210678, 0.12170813, -0.9882831), (0.016518194, 0.13804379, -0.9902884), (0.04881702, 0.04761031, -0.9976724), (-0.102131516, 0.09461594, -0.99026114), (0.016518194, 0.13804379, -0.9902884), (0.07724917, 0.084140874, -0.99345505), (0.079093955, 0.07731213, -0.9938647), (0.04881702, 0.04761031, -0.9976724), (0.07724917, 0.084140874, -0.99345505), (-0.035926748, 0.07342541, -0.99665344), (-0.06614373, 0.12607127, -0.9898136), (0.079093955, 0.07731213, -0.9938647), (-0.035926748, 0.07342541, -0.99665344), (-0.07595865, 0.11917263, -0.98996377), (-0.068279825, 0.09237492, -0.9933805), (-0.06614373, 0.12607127, -0.9898136), (-0.07595865, 0.11917263, -0.98996377), (0.055734504, 0.13025132, -0.9899132), (0.082566515, 0.040048413, -0.9957806), (-0.068279825, 0.09237492, -0.9933805), (0.055734504, 0.13025132, -0.9899132), (0.084660225, 0.089471325, -0.99238473), (0.07109459, 0.07852024, -0.9943742), (0.082566515, 0.040048413, -0.9957806), (0.084660225, 0.089471325, -0.99238473), (-0.044946812, 0.08187592, -0.99562854), (-0.066160485, 0.12911879, -0.9894196), (0.07109459, 0.07852024, -0.9943742), (-0.044946812, 0.08187592, -0.99562854), (-0.049986213, 0.1117837, -0.99247456), (-0.026764102, 0.08668245, -0.99587643), (-0.066160485, 0.12911879, -0.9894196), (-0.049986213, 0.1117837, -0.99247456), (0.09134644, 0.12001373, -0.98856086), (0.10838458, 0.034269724, -0.99351823), (-0.026764102, 0.08668245, -0.99587643), (0.09134644, 0.12001373, -0.98856086), (0.08569521, 0.09462232, -0.991818), (0.060008418, 0.0786086, -0.9950978), (0.10838458, 0.034269724, -0.99351823), (0.08569521, 0.09462232, -0.991818), (-0.045160167, 0.08718951, -0.99516755), (-0.053374615, 0.1262939, -0.9905559), (0.060008418, 0.0786086, -0.9950978), (-0.045160167, 0.08718951, -0.99516755), (-0.013952235, 0.09990668, -0.9948989), (0.020842893, 0.078689255, -0.9966813), (-0.053374615, 0.1262939, -0.9905559), (-0.013952235, 0.09990668, -0.9948989), (0.12300168, 0.107395545, -0.9865783), (0.12774587, 0.030679364, -0.9913323), (0.020842893, 0.078689255, -0.9966813), (0.12300168, 0.107395545, -0.9865783), (0.086976826, 0.097984545, -0.99137986), (0.054241452, 0.075969525, -0.9956337), (0.12774587, 0.030679364, -0.9913323), (0.086976826, 0.097984545, -0.99137986), (-0.02828654, 0.08798582, -0.99571997), (-0.021638948, 0.11690321, -0.9929076), (0.054241452, 0.075969525, -0.9956337), (-0.02828654, 0.08798582, -0.99571997), (0.03531471, 0.08355782, -0.995877), (0.07645998, 0.068951964, -0.99468565), (-0.021638948, 0.11690321, -0.9929076), (0.03531471, 0.08355782, -0.995877), (0.15678437, 0.091443375, -0.98339045), (0.14973131, 0.028262816, -0.9883227), (0.07645998, 0.068951964, -0.99468565), (0.15678437, 0.091443375, -0.98339045), (0.105762936, 0.096069954, -0.9897397), (0.07327736, 0.06804887, -0.9949873), (0.14973131, 0.028262816, -0.9883227), (0.105762936, 0.096069954, -0.9897397), (0.03104764, 0.08105891, -0.9962256), (0.05147402, 0.09892721, -0.99376243), (0.07327736, 0.06804887, -0.9949873), (0.03104764, 0.08105891, -0.9962256), (0.1301403, 0.06087333, -0.9896252), (0.17157307, 0.055768654, -0.9835916), (0.05147402, 0.09892721, -0.99376243), (0.1301403, 0.06087333, -0.9896252), (0.2599831, 0.06481128, -0.96343565), (0.25074536, 0.022288062, -0.96779644), (0.17157307, 0.055768654, -0.9835916), (0.2599831, 0.06481128, -0.96343565), (0.58824784, 0.05326154, -0.8069248), (0.56231546, 0.020069387, -0.8266793), (0.25074536, 0.022288062, -0.96779644), (0.58824784, 0.05326154, -0.8069248), (0.95017964, 0.014620023, -0.31135967), (0.95412064, 0.0074342974, -0.29933026), (0.56231546, 0.020069387, -0.8266793), (-0.945815, 0.01062981, -0.32453206), (-0.54639083, 0.051965833, -0.8359167), (-0.5615982, 0.06885695, -0.82454), (-0.9495259, 0.009526685, -0.31354395), (-0.54639083, 0.051965833, -0.8359167), (-0.23502001, 0.077099465, -0.96892786), (-0.22886331, 0.107965074, -0.96745294), (-0.5615982, 0.06885695, -0.82454), (-0.23502001, 0.077099465, -0.96892786), (-0.16338761, 0.07533536, -0.9836814), (-0.11502218, 0.060836222, -0.99149823), (-0.22886331, 0.107965074, -0.96745294), (-0.16338761, 0.07533536, -0.9836814), (-0.037689794, 0.09243669, -0.99500495), (-0.06506258, 0.026680658, -0.9975244), (-0.11502218, 0.060836222, -0.99149823), (-0.037689794, 0.09243669, -0.99500495), (-0.053049725, 0.11511222, -0.9919349), (-0.11983088, 0.094702855, -0.9882671), (-0.06506258, 0.026680658, -0.9975244), (-0.053049725, 0.11511222, -0.9919349), (-0.14166927, 0.10497153, -0.9843327), (-0.11163163, 0.13535854, -0.9844879), (-0.11983088, 0.094702855, -0.9882671), (-0.14166927, 0.10497153, -0.9843327), (-0.081129886, 0.08377096, -0.99317694), (-0.017906744, 0.07133072, -0.997292), (-0.11163163, 0.13535854, -0.9844879), (-0.081129886, 0.08377096, -0.99317694), (0.023913665, 0.105961196, -0.9940827), (-0.021495635, 0.038656007, -0.99902135), (-0.017906744, 0.07133072, -0.997292), (0.023913665, 0.105961196, -0.9940827), (-0.033828285, 0.13911974, -0.9896976), (-0.103571035, 0.110238865, -0.988494), (-0.021495635, 0.038656007, -0.99902135), (-0.033828285, 0.13911974, -0.9896976), (-0.11791254, 0.11824248, -0.9859592), (-0.06556385, 0.14291249, -0.98756135), (-0.103571035, 0.110238865, -0.988494), (-0.11791254, 0.11824248, -0.9859592), (-0.033988833, 0.08488283, -0.99581105), (0.029526912, 0.07561989, -0.99669945), (-0.06556385, 0.14291249, -0.98756135), (-0.033988833, 0.08488283, -0.99581105), (0.04738257, 0.11515594, -0.9922167), (-0.016422005, 0.050851595, -0.9985712), (0.029526912, 0.07561989, -0.99669945), (0.04738257, 0.11515594, -0.9922167), (-0.036628205, 0.15653794, -0.9869925), (-0.099716105, 0.11891208, -0.9878849), (-0.016422005, 0.050851595, -0.9985712), (-0.036628205, 0.15653794, -0.9869925), (-0.0954972, 0.12544672, -0.9874935), (-0.024353022, 0.14274633, -0.98945963), (-0.099716105, 0.11891208, -0.9878849), (-0.0954972, 0.12544672, -0.9874935), (0.0054577584, 0.08381412, -0.99646646), (0.059722673, 0.079483904, -0.9950455), (-0.024353022, 0.14274633, -0.98945963), (0.0054577584, 0.08381412, -0.99646646), (0.05389419, 0.12239802, -0.99101675), (-0.024258686, 0.06277602, -0.99773276), (0.059722673, 0.079483904, -0.9950455), (0.05389419, 0.12239802, -0.99101675), (-0.043320023, 0.16913822, -0.9846399), (-0.09210678, 0.12170813, -0.9882831), (-0.024258686, 0.06277602, -0.99773276), (-0.043320023, 0.16913822, -0.9846399), (-0.06693566, 0.12864712, -0.9894288), (0.016518194, 0.13804379, -0.9902884), (-0.09210678, 0.12170813, -0.9882831), (-0.06693566, 0.12864712, -0.9894288), (0.038753897, 0.0814872, -0.9959206), (0.07724917, 0.084140874, -0.99345505), (0.016518194, 0.13804379, -0.9902884), (0.038753897, 0.0814872, -0.9959206), (0.049668625, 0.12776025, -0.9905606), (-0.035926748, 0.07342541, -0.99665344), (0.07724917, 0.084140874, -0.99345505), (0.049668625, 0.12776025, -0.9905606), (-0.046177164, 0.17748883, -0.98303884), (-0.07595865, 0.11917263, -0.98996377), (-0.035926748, 0.07342541, -0.99665344), (-0.046177164, 0.17748883, -0.98303884), (-0.03175236, 0.12837024, -0.9912178), (0.055734504, 0.13025132, -0.9899132), (-0.07595865, 0.11917263, -0.98996377), (-0.03175236, 0.12837024, -0.9912178), (0.06481185, 0.07784617, -0.9948565), (0.084660225, 0.089471325, -0.99238473), (0.055734504, 0.13025132, -0.9899132), (0.06481185, 0.07784617, -0.9948565), (0.03970906, 0.13092013, -0.99059737), (-0.044946812, 0.08187592, -0.99562854), (0.084660225, 0.089471325, -0.99238473), (0.03970906, 0.13092013, -0.99059737), (-0.040266242, 0.18137687, -0.98258895), (-0.049986213, 0.1117837, -0.99247456), (-0.044946812, 0.08187592, -0.99562854), (-0.040266242, 0.18137687, -0.98258895), (0.008323489, 0.12426642, -0.992214), (0.09134644, 0.12001373, -0.98856086), (-0.049986213, 0.1117837, -0.99247456), (0.008323489, 0.12426642, -0.992214), (0.08347187, 0.07277263, -0.9938494), (0.08569521, 0.09462232, -0.991818), (0.09134644, 0.12001373, -0.98856086), (0.08347187, 0.07277263, -0.9938494), (0.030044952, 0.13127398, -0.99089074), (-0.045160167, 0.08718951, -0.99516755), (0.08569521, 0.09462232, -0.991818), (0.030044952, 0.13127398, -0.99089074), (-0.021806655, 0.17950064, -0.98351616), (-0.013952235, 0.09990668, -0.9948989), (-0.045160167, 0.08718951, -0.99516755), (-0.021806655, 0.17950064, -0.98351616), (0.05176437, 0.11559316, -0.99194694), (0.12300168, 0.107395545, -0.9865783), (-0.013952235, 0.09990668, -0.9948989), (0.05176437, 0.11559316, -0.99194694), (0.09785054, 0.066236824, -0.9929944), (0.086976826, 0.097984545, -0.99137986), (0.12300168, 0.107395545, -0.9865783), (0.09785054, 0.066236824, -0.9929944), (0.02984217, 0.12722148, -0.99142534), (-0.02828654, 0.08798582, -0.99571997), (0.086976826, 0.097984545, -0.99137986), (0.02984217, 0.12722148, -0.99142534), (0.014933095, 0.16898365, -0.9855057), (0.03531471, 0.08355782, -0.995877), (-0.02828654, 0.08798582, -0.99571997), (0.014933095, 0.16898365, -0.9855057), (0.1023994, 0.10125991, -0.9895761), (0.15678437, 0.091443375, -0.98339045), (0.03531471, 0.08355782, -0.995877), (0.1023994, 0.10125991, -0.9895761), (0.121956445, 0.05730728, -0.99087965), (0.105762936, 0.096069954, -0.9897397), (0.15678437, 0.091443375, -0.98339045), (0.121956445, 0.05730728, -0.99087965), (0.064997666, 0.11349846, -0.99140984), (0.03104764, 0.08105891, -0.9962256), (0.105762936, 0.096069954, -0.9897397), (0.064997666, 0.11349846, -0.99140984), (0.103084095, 0.14222114, -0.98445255), (0.1301403, 0.06087333, -0.9896252), (0.03104764, 0.08105891, -0.9962256), (0.103084095, 0.14222114, -0.98445255), (0.22346282, 0.07656445, -0.97170067), (0.2599831, 0.06481128, -0.96343565), (0.1301403, 0.06087333, -0.9896252), (0.22346282, 0.07656445, -0.97170067), (0.56585586, 0.01816825, -0.824304), (0.58824784, 0.05326154, -0.8069248), (0.2599831, 0.06481128, -0.96343565), (0.56585586, 0.01816825, -0.824304), (0.9470715, 0.0023527679, -0.32101417), (0.95017964, 0.014620023, -0.31135967), (0.58824784, 0.05326154, -0.8069248), (-0.9431576, 0.0030704122, -0.33233175), (-0.5137647, 0.041252825, -0.8569388), (-0.54639083, 0.051965833, -0.8359167), (-0.945815, 0.01062981, -0.32453206), (-0.5137647, 0.041252825, -0.8569388), (-0.19985044, 0.10908416, -0.9737353), (-0.23502001, 0.077099465, -0.96892786), (-0.54639083, 0.051965833, -0.8359167), (-0.19985044, 0.10908416, -0.9737353), (-0.16854383, 0.1468005, -0.9747012), (-0.16338761, 0.07533536, -0.9836814), (-0.23502001, 0.077099465, -0.96892786), (-0.16854383, 0.1468005, -0.9747012), (-0.058279224, 0.11910865, -0.9911694), (-0.037689794, 0.09243669, -0.99500495), (-0.16338761, 0.07533536, -0.9836814), (-0.058279224, 0.11910865, -0.9911694), (-0.030746456, 0.09622181, -0.9948849), (-0.053049725, 0.11511222, -0.9919349), (-0.037689794, 0.09243669, -0.99500495), (-0.030746456, 0.09622181, -0.9948849), (-0.11675706, 0.1389143, -0.9833975), (-0.14166927, 0.10497153, -0.9843327), (-0.053049725, 0.11511222, -0.9919349), (-0.11675706, 0.1389143, -0.9833975), (-0.102229975, 0.17162535, -0.9798438), (-0.081129886, 0.08377096, -0.99317694), (-0.14166927, 0.10497153, -0.9843327), (-0.102229975, 0.17162535, -0.9798438), (0.0126070315, 0.14042288, -0.9900113), (0.023913665, 0.105961196, -0.9940827), (-0.081129886, 0.08377096, -0.99317694), (0.0126070315, 0.14042288, -0.9900113), (-0.0017902877, 0.11653844, -0.99318457), (-0.033828285, 0.13911974, -0.9896976), (0.023913665, 0.105961196, -0.9940827), (-0.0017902877, 0.11653844, -0.99318457), (-0.10937639, 0.15281947, -0.98218274), (-0.11791254, 0.11824248, -0.9859592), (-0.033828285, 0.13911974, -0.9896976), (-0.10937639, 0.15281947, -0.98218274), (-0.06530943, 0.18145251, -0.98122865), (-0.033988833, 0.08488283, -0.99581105), (-0.11791254, 0.11824248, -0.9859592), (-0.06530943, 0.18145251, -0.98122865), (0.052434918, 0.15364008, -0.9867346), (0.04738257, 0.11515594, -0.9922167), (-0.033988833, 0.08488283, -0.99581105), (0.052434918, 0.15364008, -0.9867346), (0.0007818064, 0.13168778, -0.9912909), (-0.036628205, 0.15653794, -0.9869925), (0.04738257, 0.11515594, -0.9922167), (0.0007818064, 0.13168778, -0.9912909), (-0.10711377, 0.16023262, -0.98125035), (-0.0954972, 0.12544672, -0.9874935), (-0.036628205, 0.15653794, -0.9869925), (-0.10711377, 0.16023262, -0.98125035), (-0.029807504, 0.18517688, -0.982253), (0.0054577584, 0.08381412, -0.99646646), (-0.0954972, 0.12544672, -0.9874935), (-0.029807504, 0.18517688, -0.982253), (0.0776127, 0.16255127, -0.9836429), (0.05389419, 0.12239802, -0.99101675), (0.0054577584, 0.08381412, -0.99646646), (0.0776127, 0.16255127, -0.9836429), (-0.0071418984, 0.14275827, -0.98973185), (-0.043320023, 0.16913822, -0.9846399), (0.05389419, 0.12239802, -0.99101675), (-0.0071418984, 0.14275827, -0.98973185), (-0.09943291, 0.16357821, -0.98150665), (-0.06693566, 0.12864712, -0.9894288), (-0.043320023, 0.16913822, -0.9846399), (-0.09943291, 0.16357821, -0.98150665), (0.006377573, 0.18487225, -0.9827419), (0.038753897, 0.0814872, -0.9959206), (-0.06693566, 0.12864712, -0.9894288), (0.006377573, 0.18487225, -0.9827419), (0.09099832, 0.16779281, -0.9816134), (0.049668625, 0.12776025, -0.9905606), (0.038753897, 0.0814872, -0.9959206), (0.09099832, 0.16779281, -0.9816134), (-0.018320072, 0.15005943, -0.9885073), (-0.046177164, 0.17748883, -0.98303884), (0.049668625, 0.12776025, -0.9905606), (-0.018320072, 0.15005943, -0.9885073), (-0.082679495, 0.16349168, -0.983074), (-0.03175236, 0.12837024, -0.9912178), (-0.046177164, 0.17748883, -0.98303884), (-0.082679495, 0.16349168, -0.983074), (0.041690856, 0.1807305, -0.9826487), (0.06481185, 0.07784617, -0.9948565), (-0.03175236, 0.12837024, -0.9912178), (0.041690856, 0.1807305, -0.9826487), (0.09465698, 0.16949327, -0.9809751), (0.03970906, 0.13092013, -0.99059737), (0.06481185, 0.07784617, -0.9948565), (0.09465698, 0.16949327, -0.9809751), (-0.02685058, 0.15368918, -0.9877544), (-0.040266242, 0.18137687, -0.98258895), (0.03970906, 0.13092013, -0.99059737), (-0.02685058, 0.15368918, -0.9877544), (-0.05576995, 0.15935282, -0.9856452), (0.008323489, 0.12426642, -0.992214), (-0.040266242, 0.18137687, -0.98258895), (-0.05576995, 0.15935282, -0.9856452), (0.074203536, 0.1722274, -0.9822584), (0.08347187, 0.07277263, -0.9938494), (0.008323489, 0.12426642, -0.992214), (0.074203536, 0.1722274, -0.9822584), (0.092172846, 0.1675877, -0.9815389), (0.030044952, 0.13127398, -0.99089074), (0.08347187, 0.07277263, -0.9938494), (0.092172846, 0.1675877, -0.9815389), (-0.02661488, 0.1530774, -0.9878557), (-0.021806655, 0.17950064, -0.98351616), (0.030044952, 0.13127398, -0.99089074), (-0.02661488, 0.1530774, -0.9878557), (-0.018301426, 0.14955732, -0.98858374), (0.05176437, 0.11559316, -0.99194694), (-0.021806655, 0.17950064, -0.98351616), (-0.018301426, 0.14955732, -0.98858374), (0.10380975, 0.15845214, -0.98189425), (0.09785054, 0.066236824, -0.9929944), (0.05176437, 0.11559316, -0.99194694), (0.10380975, 0.15845214, -0.98189425), (0.090709746, 0.16109432, -0.98276156), (0.02984217, 0.12722148, -0.99142534), (0.09785054, 0.066236824, -0.9929944), (0.090709746, 0.16109432, -0.98276156), (-0.008451493, 0.1460275, -0.9892444), (0.014933095, 0.16898365, -0.9855057), (0.02984217, 0.12722148, -0.99142534), (-0.008451493, 0.1460275, -0.9892444), (0.034242816, 0.13144544, -0.99073184), (0.1023994, 0.10125991, -0.9895761), (0.014933095, 0.16898365, -0.9855057), (0.034242816, 0.13144544, -0.99073184), (0.13915811, 0.13688411, -0.9807639), (0.121956445, 0.05730728, -0.99087965), (0.1023994, 0.10125991, -0.9895761), (0.13915811, 0.13688411, -0.9807639), (0.11298804, 0.14503941, -0.98295337), (0.064997666, 0.11349846, -0.99140984), (0.121956445, 0.05730728, -0.99087965), (0.11298804, 0.14503941, -0.98295337), (0.064608544, 0.12513386, -0.990034), (0.103084095, 0.14222114, -0.98445255), (0.064997666, 0.11349846, -0.99140984), (0.064608544, 0.12513386, -0.990034), (0.16338204, 0.095970415, -0.98188394), (0.22346282, 0.07656445, -0.97170067), (0.103084095, 0.14222114, -0.98445255), (0.16338204, 0.095970415, -0.98188394), (0.53629273, 0.06250042, -0.8417148), (0.56585586, 0.01816825, -0.824304), (0.22346282, 0.07656445, -0.97170067), (0.53629273, 0.06250042, -0.8417148), (0.9432849, 0.017333785, -0.3315313), (0.9470715, 0.0023527679, -0.32101417), (0.56585586, 0.01816825, -0.824304), (-0.93730503, 0.02431926, -0.34766042), (-0.46968696, 0.103909224, -0.8766967), (-0.5137647, 0.041252825, -0.8569388), (-0.9431576, 0.0030704122, -0.33233175), (-0.46968696, 0.103909224, -0.8766967), (-0.15174003, 0.1548516, -0.9762151), (-0.19985044, 0.10908416, -0.9737353), (-0.5137647, 0.041252825, -0.8569388), (-0.15174003, 0.1548516, -0.9762151), (-0.16362506, 0.16845466, -0.9720339), (-0.16854383, 0.1468005, -0.9747012), (-0.19985044, 0.10908416, -0.9737353), (-0.16362506, 0.16845466, -0.9720339), (-0.08734722, 0.17797972, -0.9801498), (-0.058279224, 0.11910865, -0.9911694), (-0.16854383, 0.1468005, -0.9747012), (-0.08734722, 0.17797972, -0.9801498), (-0.0151302805, 0.19142014, -0.9813916), (-0.030746456, 0.09622181, -0.9948849), (-0.058279224, 0.11910865, -0.9911694), (-0.0151302805, 0.19142014, -0.9813916), (-0.06906176, 0.20117605, -0.9771175), (-0.11675706, 0.1389143, -0.9833975), (-0.030746456, 0.09622181, -0.9948849), (-0.06906176, 0.20117605, -0.9771175), (-0.10772737, 0.20504835, -0.97280514), (-0.102229975, 0.17162535, -0.9798438), (-0.11675706, 0.1389143, -0.9833975), (-0.10772737, 0.20504835, -0.97280514), (-0.024588875, 0.20521416, -0.97840816), (0.0126070315, 0.14042288, -0.9900113), (-0.102229975, 0.17162535, -0.9798438), (-0.024588875, 0.20521416, -0.97840816), (0.015016822, 0.21401933, -0.976714), (-0.0017902877, 0.11653844, -0.99318457), (0.0126070315, 0.14042288, -0.9900113), (0.015016822, 0.21401933, -0.976714), (-0.06378689, 0.22247127, -0.9728503), (-0.10937639, 0.15281947, -0.98218274), (-0.0017902877, 0.11653844, -0.99318457), (-0.06378689, 0.22247127, -0.9728503), (-0.07754416, 0.2248371, -0.9713059), (-0.06530943, 0.18145251, -0.98122865), (-0.10937639, 0.15281947, -0.98218274), (-0.07754416, 0.2248371, -0.9713059), (0.015186825, 0.22004837, -0.97537076), (0.052434918, 0.15364008, -0.9867346), (-0.06530943, 0.18145251, -0.98122865), (0.015186825, 0.22004837, -0.97537076), (0.019757897, 0.2260044, -0.9739259), (0.0007818064, 0.13168778, -0.9912909), (0.052434918, 0.15364008, -0.9867346), (0.019757897, 0.2260044, -0.9739259), (-0.06709009, 0.23457997, -0.9697789), (-0.10711377, 0.16023262, -0.98125035), (0.0007818064, 0.13168778, -0.9912909), (-0.06709009, 0.23457997, -0.9697789), (-0.046676558, 0.23664705, -0.9704739), (-0.029807504, 0.18517688, -0.982253), (-0.10711377, 0.16023262, -0.98125035), (-0.046676558, 0.23664705, -0.9704739), (0.04506045, 0.22802937, -0.97261095), (0.0776127, 0.16255127, -0.9836429), (-0.029807504, 0.18517688, -0.982253), (0.04506045, 0.22802937, -0.97261095), (0.012828427, 0.23158595, -0.9727299), (-0.0071418984, 0.14275827, -0.98973185), (0.0776127, 0.16255127, -0.9836429), (0.012828427, 0.23158595, -0.9727299), (-0.06809038, 0.24088892, -0.9681613), (-0.09943291, 0.16357821, -0.98150665), (-0.0071418984, 0.14275827, -0.98973185), (-0.06809038, 0.24088892, -0.9681613), (-0.01264046, 0.24233899, -0.9701092), (0.006377573, 0.18487225, -0.9827419), (-0.09943291, 0.16357821, -0.98150665), (-0.01264046, 0.24233899, -0.9701092), (0.06605201, 0.23050097, -0.9708277), (0.09099832, 0.16779281, -0.9816134), (0.006377573, 0.18487225, -0.9827419), (0.06605201, 0.23050097, -0.9708277), (0.0002937941, 0.23217268, -0.9726746), (-0.018320072, 0.15005943, -0.9885073), (0.09099832, 0.16779281, -0.9816134), (0.0002937941, 0.23217268, -0.9726746), (-0.06200196, 0.24251528, -0.9681643), (-0.082679495, 0.16349168, -0.983074), (-0.018320072, 0.15005943, -0.9885073), (-0.06200196, 0.24251528, -0.9681643), (0.02328615, 0.24209991, -0.96997184), (0.041690856, 0.1807305, -0.9826487), (-0.082679495, 0.16349168, -0.983074), (0.02328615, 0.24209991, -0.96997184), (0.07825234, 0.22769395, -0.9705833), (0.09465698, 0.16949327, -0.9809751), (0.041690856, 0.1807305, -0.9826487), (0.07825234, 0.22769395, -0.9705833), (-0.012556217, 0.22821818, -0.973529), (-0.02685058, 0.15368918, -0.9877544), (0.09465698, 0.16949327, -0.9809751), (-0.012556217, 0.22821818, -0.973529), (-0.046186708, 0.2393225, -0.969841), (-0.05576995, 0.15935282, -0.9856452), (-0.02685058, 0.15368918, -0.9877544), (-0.046186708, 0.2393225, -0.969841), (0.058957916, 0.23538075, -0.97011334), (0.074203536, 0.1722274, -0.9822584), (-0.05576995, 0.15935282, -0.9856452), (0.058957916, 0.23538075, -0.97011334), (0.08321652, 0.2192294, -0.972118), (0.092172846, 0.1675877, -0.9815389), (0.074203536, 0.1722274, -0.9822584), (0.08321652, 0.2192294, -0.972118), (-0.019668447, 0.21930921, -0.9754571), (-0.02661488, 0.1530774, -0.9878557), (0.092172846, 0.1675877, -0.9815389), (-0.019668447, 0.21930921, -0.9754571), (-0.018768577, 0.2298466, -0.9730459), (-0.018301426, 0.14955732, -0.98858374), (-0.02661488, 0.1530774, -0.9878557), (-0.018768577, 0.2298466, -0.9730459), (0.093317576, 0.22086307, -0.97083026), (0.10380975, 0.15845214, -0.98189425), (-0.018301426, 0.14955732, -0.98858374), (0.093317576, 0.22086307, -0.97083026), (0.08617512, 0.2036378, -0.97524637), (0.090709746, 0.16109432, -0.98276156), (0.10380975, 0.15845214, -0.98189425), (0.08617512, 0.2036378, -0.97524637), (-0.011618172, 0.20322143, -0.97906387), (-0.008451493, 0.1460275, -0.9892444), (0.090709746, 0.16109432, -0.98276156), (-0.011618172, 0.20322143, -0.97906387), (0.02536131, 0.21020655, -0.97732794), (0.034242816, 0.13144544, -0.99073184), (-0.008451493, 0.1460275, -0.9892444), (0.02536131, 0.21020655, -0.97732794), (0.13253227, 0.1946526, -0.9718774), (0.13915811, 0.13688411, -0.9807639), (0.034242816, 0.13144544, -0.99073184), (0.13253227, 0.1946526, -0.9718774), (0.10698391, 0.17529066, -0.97868663), (0.11298804, 0.14503941, -0.98295337), (0.13915811, 0.13688411, -0.9807639), (0.10698391, 0.17529066, -0.97868663), (0.047046125, 0.1705507, -0.98422515), (0.064608544, 0.12513386, -0.990034), (0.11298804, 0.14503941, -0.98295337), (0.047046125, 0.1705507, -0.98422515), (0.14267632, 0.16400251, -0.97608745), (0.16338204, 0.095970415, -0.98188394), (0.064608544, 0.12513386, -0.990034), (0.14267632, 0.16400251, -0.97608745), (0.5184132, 0.10346384, -0.848848), (0.53629273, 0.06250042, -0.8417148), (0.16338204, 0.095970415, -0.98188394), (0.5184132, 0.10346384, -0.848848), (0.9344029, 0.02469407, -0.35536087), (0.9432849, 0.017333785, -0.3315313), (0.53629273, 0.06250042, -0.8417148), (-0.89375234, 0.13487835, -0.42780206), (-0.36197147, 0.36830777, -0.8563446), (-0.46968696, 0.103909224, -0.8766967), (-0.93730503, 0.02431926, -0.34766042), (-0.36197147, 0.36830777, -0.8563446), (-0.10747141, 0.47159472, -0.8752418), (-0.15174003, 0.1548516, -0.9762151), (-0.46968696, 0.103909224, -0.8766967), (-0.10747141, 0.47159472, -0.8752418), (-0.10366769, 0.5049982, -0.85687214), (-0.16362506, 0.16845466, -0.9720339), (-0.15174003, 0.1548516, -0.9762151), (-0.10366769, 0.5049982, -0.85687214), (-0.04692709, 0.56197476, -0.82582206), (-0.08734722, 0.17797972, -0.9801498), (-0.16362506, 0.16845466, -0.9720339), (-0.04692709, 0.56197476, -0.82582206), (-0.012894246, 0.57672876, -0.8168339), (-0.0151302805, 0.19142014, -0.9813916), (-0.08734722, 0.17797972, -0.9801498), (-0.012894246, 0.57672876, -0.8168339), (-0.05420524, 0.5484155, -0.83444726), (-0.06906176, 0.20117605, -0.9771175), (-0.0151302805, 0.19142014, -0.9813916), (-0.05420524, 0.5484155, -0.83444726), (-0.06699463, 0.55504113, -0.8291207), (-0.10772737, 0.20504835, -0.97280514), (-0.06906176, 0.20117605, -0.9771175), (-0.06699463, 0.55504113, -0.8291207), (-0.005151774, 0.60674405, -0.7948805), (-0.024588875, 0.20521416, -0.97840816), (-0.10772737, 0.20504835, -0.97280514), (-0.005151774, 0.60674405, -0.7948805), (0.0054391907, 0.61665004, -0.78721863), (0.015016822, 0.21401933, -0.976714), (-0.024588875, 0.20521416, -0.97840816), (0.0054391907, 0.61665004, -0.78721863), (-0.0515152, 0.57743007, -0.8148133), (-0.06378689, 0.22247127, -0.9728503), (0.015016822, 0.21401933, -0.976714), (-0.0515152, 0.57743007, -0.8148133), (-0.04772738, 0.575539, -0.8163804), (-0.07754416, 0.2248371, -0.9713059), (-0.06378689, 0.22247127, -0.9728503), (-0.04772738, 0.575539, -0.8163804), (0.020269647, 0.62773985, -0.7781593), (0.015186825, 0.22004837, -0.97537076), (-0.07754416, 0.2248371, -0.9713059), (0.020269647, 0.62773985, -0.7781593), (0.0078105223, 0.63739157, -0.7705004), (0.019757897, 0.2260044, -0.9739259), (0.015186825, 0.22004837, -0.97537076), (0.0078105223, 0.63739157, -0.7705004), (-0.053610634, 0.5921771, -0.80402255), (-0.06709009, 0.23457997, -0.9697789), (0.019757897, 0.2260044, -0.9739259), (-0.053610634, 0.5921771, -0.80402255), (-0.027923219, 0.5851017, -0.810479), (-0.046676558, 0.23664705, -0.9704739), (-0.06709009, 0.23457997, -0.9697789), (-0.027923219, 0.5851017, -0.810479), (0.038383253, 0.6376726, -0.76935065), (0.04506045, 0.22802937, -0.97261095), (-0.046676558, 0.23664705, -0.9704739), (0.038383253, 0.6376726, -0.76935065), (0.003556891, 0.6476896, -0.7618961), (0.012828427, 0.23158595, -0.9727299), (0.04506045, 0.22802937, -0.97261095), (0.003556891, 0.6476896, -0.7618961), (-0.053598765, 0.5988664, -0.7990533), (-0.06809038, 0.24088892, -0.9681613), (0.012828427, 0.23158595, -0.9727299), (-0.053598765, 0.5988664, -0.7990533), (-0.0061034886, 0.5882269, -0.80867285), (-0.01264046, 0.24233899, -0.9701092), (-0.06809038, 0.24088892, -0.9681613), (-0.0061034886, 0.5882269, -0.80867285), (0.05035727, 0.63989985, -0.76680654), (0.06605201, 0.23050097, -0.9708277), (-0.01264046, 0.24233899, -0.9701092), (0.05035727, 0.63989985, -0.76680654), (-0.0033773687, 0.6499205, -0.7599946), (0.0002937941, 0.23217268, -0.9726746), (0.06605201, 0.23050097, -0.9708277), (-0.0033773687, 0.6499205, -0.7599946), (-0.048743315, 0.5995613, -0.7988432), (-0.06200196, 0.24251528, -0.9681643), (0.0002937941, 0.23217268, -0.9726746), (-0.048743315, 0.5995613, -0.7988432), (0.016710546, 0.5862494, -0.8099583), (0.02328615, 0.24209991, -0.96997184), (-0.06200196, 0.24251528, -0.9681643), (0.016710546, 0.5862494, -0.8099583), (0.056872297, 0.6351093, -0.7703257), (0.07825234, 0.22769395, -0.9705833), (0.02328615, 0.24209991, -0.96997184), (0.056872297, 0.6351093, -0.7703257), (-0.009982465, 0.6443961, -0.76462674), (-0.012556217, 0.22821818, -0.973529), (0.07825234, 0.22769395, -0.9705833), (-0.009982465, 0.6443961, -0.76462674), (-0.037729118, 0.5945915, -0.8031422), (-0.046186708, 0.2393225, -0.969841), (-0.012556217, 0.22821818, -0.973529), (-0.037729118, 0.5945915, -0.8031422), (0.039099365, 0.5788424, -0.8145015), (0.058957916, 0.23538075, -0.97011334), (-0.046186708, 0.2393225, -0.969841), (0.039099365, 0.5788424, -0.8145015), (0.059407562, 0.6222484, -0.78056234), (0.08321652, 0.2192294, -0.972118), (0.058957916, 0.23538075, -0.97011334), (0.059407562, 0.6222484, -0.78056234), (-0.013031681, 0.6298597, -0.7765996), (-0.019668447, 0.21930921, -0.9754571), (0.08321652, 0.2192294, -0.972118), (-0.013031681, 0.6298597, -0.7765996), (-0.019590106, 0.58249587, -0.8125976), (-0.018768577, 0.2298466, -0.9730459), (-0.019668447, 0.21930921, -0.9754571), (-0.019590106, 0.58249587, -0.8125976), (0.06061848, 0.5636032, -0.8238184), (0.093317576, 0.22086307, -0.97083026), (-0.018768577, 0.2298466, -0.9730459), (0.06061848, 0.5636032, -0.8238184), (0.061430685, 0.5975931, -0.79944277), (0.08617512, 0.2036378, -0.97524637), (0.093317576, 0.22086307, -0.97083026), (0.061430685, 0.5975931, -0.79944277), (-0.007132464, 0.60182065, -0.79859936), (-0.011618172, 0.20322143, -0.97906387), (0.08617512, 0.2036378, -0.97524637), (-0.007132464, 0.60182065, -0.79859936), (0.009097701, 0.557553, -0.8300915), (0.02536131, 0.21020655, -0.97732794), (-0.011618172, 0.20322143, -0.97906387), (0.009097701, 0.557553, -0.8300915), (0.0859235, 0.5322886, -0.8421912), (0.13253227, 0.1946526, -0.9718774), (0.02536131, 0.21020655, -0.97732794), (0.0859235, 0.5322886, -0.8421912), (0.07551216, 0.54793197, -0.83310777), (0.10698391, 0.17529066, -0.97868663), (0.13253227, 0.1946526, -0.9718774), (0.07551216, 0.54793197, -0.83310777), (0.030419018, 0.54023224, -0.840966), (0.047046125, 0.1705507, -0.98422515), (0.10698391, 0.17529066, -0.97868663), (0.030419018, 0.54023224, -0.840966), (0.08759145, 0.48773405, -0.86858696), (0.14267632, 0.16400251, -0.97608745), (0.047046125, 0.1705507, -0.98422515), (0.08759145, 0.48773405, -0.86858696), (0.3809545, 0.35828117, -0.8523545), (0.5184132, 0.10346384, -0.848848), (0.14267632, 0.16400251, -0.97608745), (0.3809545, 0.35828117, -0.8523545), (0.8950678, 0.12557125, -0.42788494), (0.9344029, 0.02469407, -0.35536087), (0.5184132, 0.10346384, -0.848848), (-0.65353596, 0.6508097, -0.386442), (-0.13242057, 0.89088804, -0.4344921), (-0.36197147, 0.36830777, -0.8563446), (-0.89375234, 0.13487835, -0.42780206), (-0.13242057, 0.89088804, -0.4344921), (-0.030883437, 0.93417853, -0.35546684), (-0.10747141, 0.47159472, -0.8752418), (-0.36197147, 0.36830777, -0.8563446), (-0.030883437, 0.93417853, -0.35546684), (-0.01740723, 0.94415617, -0.3290382), (-0.10366769, 0.5049982, -0.85687214), (-0.10747141, 0.47159472, -0.8752418), (-0.01740723, 0.94415617, -0.3290382), (-0.004525201, 0.9481936, -0.3176609), (-0.04692709, 0.56197476, -0.82582206), (-0.10366769, 0.5049982, -0.85687214), (-0.004525201, 0.9481936, -0.3176609), (-0.008816463, 0.9505907, -0.31032175), (-0.012894246, 0.57672876, -0.8168339), (-0.04692709, 0.56197476, -0.82582206), (-0.008816463, 0.9505907, -0.31032175), (-0.017121643, 0.95487225, -0.2965229), (-0.05420524, 0.5484155, -0.83444726), (-0.012894246, 0.57672876, -0.8168339), (-0.017121643, 0.95487225, -0.2965229), (-0.0068271714, 0.95851326, -0.284966), (-0.06699463, 0.55504113, -0.8291207), (-0.05420524, 0.5484155, -0.83444726), (-0.0068271714, 0.95851326, -0.284966), (0.0054025124, 0.95856434, -0.28482494), (-0.005151774, 0.60674405, -0.7948805), (-0.06699463, 0.55504113, -0.8291207), (0.0054025124, 0.95856434, -0.28482494), (-0.0051652007, 0.95872587, -0.28428507), (0.0054391907, 0.61665004, -0.78721863), (-0.005151774, 0.60674405, -0.7948805), (-0.0051652007, 0.95872587, -0.28428507), (-0.01630393, 0.9618128, -0.27322197), (-0.0515152, 0.57743007, -0.8148133), (0.0054391907, 0.61665004, -0.78721863), (-0.01630393, 0.9618128, -0.27322197), (-0.002185865, 0.9641822, -0.2652321), (-0.04772738, 0.575539, -0.8163804), (-0.0515152, 0.57743007, -0.8148133), (-0.002185865, 0.9641822, -0.2652321), (0.010647973, 0.96280813, -0.26997614), (0.020269647, 0.62773985, -0.7781593), (-0.04772738, 0.575539, -0.8163804), (0.010647973, 0.96280813, -0.26997614), (-0.0047807065, 0.9623788, -0.2716695), (0.0078105223, 0.63739157, -0.7705004), (0.020269647, 0.62773985, -0.7781593), (-0.0047807065, 0.9623788, -0.2716695), (-0.016511012, 0.9652245, -0.26090056), (-0.053610634, 0.5921771, -0.80402255), (0.0078105223, 0.63739157, -0.7705004), (-0.016511012, 0.9652245, -0.26090056), (0.0016883357, 0.96687895, -0.2552295), (-0.027923219, 0.5851017, -0.810479), (-0.053610634, 0.5921771, -0.80402255), (0.0016883357, 0.96687895, -0.2552295), (0.014071928, 0.9646056, -0.26332074), (0.038383253, 0.6376726, -0.76935065), (-0.027923219, 0.5851017, -0.810479), (0.014071928, 0.9646056, -0.26332074), (-0.0054831165, 0.9640038, -0.26583174), (0.003556891, 0.6476896, -0.7618961), (0.038383253, 0.6376726, -0.76935065), (-0.0054831165, 0.9640038, -0.26583174), (-0.016349863, 0.96680975, -0.25497377), (-0.053598765, 0.5988664, -0.7990533), (0.003556891, 0.6476896, -0.7618961), (-0.016349863, 0.96680975, -0.25497377), (0.0053784726, 0.9678613, -0.25142708), (-0.0061034886, 0.5882269, -0.80867285), (-0.053598765, 0.5988664, -0.7990533), (0.0053784726, 0.9678613, -0.25142708), (0.016219936, 0.96491104, -0.26207536), (0.05035727, 0.63989985, -0.76680654), (-0.0061034886, 0.5882269, -0.80867285), (0.016219936, 0.96491104, -0.26207536), (-0.00646412, 0.96426094, -0.2648755), (-0.0033773687, 0.6499205, -0.7599946), (0.05035727, 0.63989985, -0.76680654), (-0.00646412, 0.96426094, -0.2648755), (-0.015376169, 0.96703964, -0.25416115), (-0.048743315, 0.5995613, -0.7988432), (-0.0033773687, 0.6499205, -0.7599946), (-0.015376169, 0.96703964, -0.25416115), (0.0089081945, 0.96748656, -0.25276542), (0.016710546, 0.5862494, -0.8099583), (-0.048743315, 0.5995613, -0.7988432), (0.0089081945, 0.96748656, -0.25276542), (0.017383393, 0.9639599, -0.26547927), (0.056872297, 0.6351093, -0.7703257), (0.016710546, 0.5862494, -0.8099583), (0.017383393, 0.9639599, -0.26547927), (-0.0071564945, 0.96323586, -0.2685621), (-0.009982465, 0.6443961, -0.76462674), (0.056872297, 0.6351093, -0.7703257), (-0.0071564945, 0.96323586, -0.2685621), (-0.013368751, 0.96590734, -0.25854257), (-0.037729118, 0.5945915, -0.8031422), (-0.009982465, 0.6443961, -0.76462674), (-0.013368751, 0.96590734, -0.25854257), (0.012258195, 0.96567553, -0.25946197), (0.039099365, 0.5788424, -0.8145015), (-0.037729118, 0.5945915, -0.8031422), (0.012258195, 0.96567553, -0.25946197), (0.017947458, 0.9615379, -0.27408534), (0.059407562, 0.6222484, -0.78056234), (0.039099365, 0.5788424, -0.8145015), (0.017947458, 0.9615379, -0.27408534), (-0.0069624432, 0.9605679, -0.27795845), (-0.013031681, 0.6298597, -0.7765996), (0.059407562, 0.6222484, -0.78056234), (-0.0069624432, 0.9605679, -0.27795845), (-0.010038159, 0.96293, -0.26956436), (-0.019590106, 0.58249587, -0.8125976), (-0.013031681, 0.6298597, -0.7765996), (-0.010038159, 0.96293, -0.26956436), (0.015676614, 0.9617842, -0.27335963), (0.06061848, 0.5636032, -0.8238184), (-0.019590106, 0.58249587, -0.8125976), (0.015676614, 0.9617842, -0.27335963), (0.01871626, 0.9567006, -0.2904711), (0.061430685, 0.5975931, -0.79944277), (0.06061848, 0.5636032, -0.8238184), (0.01871626, 0.9567006, -0.2904711), (-0.0047715325, 0.9549747, -0.29664874), (-0.007132464, 0.60182065, -0.79859936), (0.061430685, 0.5975931, -0.79944277), (-0.0047715325, 0.9549747, -0.29664874), (-0.0042796033, 0.9564112, -0.29199198), (0.009097701, 0.557553, -0.8300915), (-0.007132464, 0.60182065, -0.79859936), (-0.0042796033, 0.9564112, -0.29199198), (0.020801248, 0.9534066, -0.30097038), (0.0859235, 0.5322886, -0.8421912), (0.009097701, 0.557553, -0.8300915), (0.020801248, 0.9534066, -0.30097038), (0.022859085, 0.94571507, -0.32419196), (0.07551216, 0.54793197, -0.83310777), (0.0859235, 0.5322886, -0.8421912), (0.022859085, 0.94571507, -0.32419196), (0.005133772, 0.9405857, -0.3395174), (0.030419018, 0.54023224, -0.840966), (0.07551216, 0.54793197, -0.83310777), (0.005133772, 0.9405857, -0.3395174), (0.015588453, 0.93626255, -0.350955), (0.08759145, 0.48773405, -0.86858696), (0.030419018, 0.54023224, -0.840966), (0.015588453, 0.93626255, -0.350955), (0.13593371, 0.89605767, -0.42261404), (0.3809545, 0.35828117, -0.8523545), (0.08759145, 0.48773405, -0.86858696), (0.13593371, 0.89605767, -0.42261404), (0.65582377, 0.6539256, -0.37719563), (0.8950678, 0.12557125, -0.42788494), (0.3809545, 0.35828117, -0.8523545), (-0.12931721, -0.8852898, 0.44669792), (-0.65016, -0.64796823, 0.3967733), (-0.65016, -0.64796823, -0.3967733), (-0.12931721, -0.8852898, -0.44669792), (-0.038936388, -0.9315566, 0.36150554), (-0.12931721, -0.8852898, 0.44669792), (-0.12931721, -0.8852898, -0.44669792), (-0.03893638, -0.9315566, -0.36150542), (-0.025124403, -0.9451522, 0.32566264), (-0.038936388, -0.9315566, 0.36150554), (-0.03893638, -0.9315566, -0.36150542), (-0.025124393, -0.94515216, -0.3256626), (0.0025495228, -0.94960445, 0.31344038), (-0.025124403, -0.9451522, 0.32566264), (-0.025124393, -0.94515216, -0.3256626), (0.002549523, -0.9496044, -0.31344047), (-0.001300609, -0.9493542, 0.3142053), (0.0025495228, -0.94960445, 0.31344038), (0.002549523, -0.9496044, -0.31344047), (-0.0013006097, -0.94935405, -0.31420538), (-0.022596687, -0.95294183, 0.3023099), (-0.001300609, -0.9493542, 0.3142053), (-0.0013006097, -0.94935405, -0.31420538), (-0.022596693, -0.9529418, -0.30231002), (-0.013749647, -0.9588423, 0.2836059), (-0.022596687, -0.95294183, 0.3023099), (-0.022596693, -0.9529418, -0.30231002), (-0.013749655, -0.95884234, -0.28360596), (0.00902294, -0.959815, 0.2804882), (-0.013749647, -0.9588423, 0.2836059), (-0.013749655, -0.95884234, -0.28360596), (0.009022943, -0.9598151, -0.28048825), (0.0014782787, -0.95822203, 0.28602162), (0.00902294, -0.959815, 0.2804882), (0.009022943, -0.9598151, -0.28048825), (0.0014782811, -0.95822203, -0.2860216), (-0.018319912, -0.96017104, 0.278812), (0.0014782787, -0.95822203, 0.28602162), (0.0014782811, -0.95822203, -0.2860216), (-0.018319909, -0.960171, -0.2788119), (-0.008592347, -0.96410483, 0.26538295), (-0.018319912, -0.96017104, 0.278812), (-0.018319909, -0.960171, -0.2788119), (-0.008592347, -0.9641048, -0.26538295), (0.010506794, -0.96411663, 0.26527092), (-0.008592347, -0.96410483, 0.26538295), (-0.008592347, -0.9641048, -0.26538295), (0.010506794, -0.96411663, -0.26527092), (0.001541867, -0.96242493, 0.27154326), (0.010506794, -0.96411663, 0.26527092), (0.010506794, -0.96411663, -0.26527092), (0.0015418676, -0.96242493, -0.2715432), (-0.0148424385, -0.9637527, 0.26638415), (0.001541867, -0.96242493, 0.27154326), (0.0015418676, -0.96242493, -0.2715432), (-0.014842435, -0.9637527, -0.26638424), (-0.004737171, -0.9665042, 0.25660703), (-0.0148424385, -0.9637527, 0.26638415), (-0.014842435, -0.9637527, -0.26638424), (-0.004737167, -0.96650416, -0.25660717), (0.010173459, -0.9660548, 0.25813657), (-0.004737171, -0.9665042, 0.25660703), (-0.004737167, -0.96650416, -0.25660717), (0.010173459, -0.9660548, -0.25813657), (0.0010973179, -0.964515, 0.2640259), (0.010173459, -0.9660548, 0.25813657), (0.010173459, -0.9660548, -0.25813657), (0.0010973179, -0.964515, -0.2640259), (-0.0110357795, -0.9654501, 0.2603543), (0.0010973179, -0.964515, 0.2640259), (0.0010973179, -0.964515, -0.2640259), (-0.0110357795, -0.9654501, -0.2603543), (-0.0016073668, -0.9672383, 0.25386506), (-0.0110357795, -0.9654501, 0.2603543), (-0.0110357795, -0.9654501, -0.2603543), (-0.0016073668, -0.9672383, -0.25386506), (0.008801426, -0.96652865, 0.25640768), (-0.0016073668, -0.9672383, 0.25386506), (-0.0016073668, -0.9672383, -0.25386506), (0.008801426, -0.96652865, -0.25640756), (0.0009135751, -0.96520555, 0.26149055), (0.008801426, -0.96652865, 0.25640768), (0.008801426, -0.96652865, -0.25640756), (0.00091357605, -0.96520567, -0.26149043), (-0.006673503, -0.9657391, 0.25942948), (0.0009135751, -0.96520555, 0.26149055), (0.00091357605, -0.96520567, -0.26149043), (-0.006673503, -0.9657391, -0.25942948), (0.00087727146, -0.9666206, 0.25621054), (-0.006673503, -0.9657391, 0.25942948), (-0.006673503, -0.9657391, -0.25942948), (0.00087727146, -0.9666206, -0.25621054), (0.0068734367, -0.9657598, 0.25934654), (0.00087727146, -0.9666206, 0.25621054), (0.00087727146, -0.9666206, -0.25621054), (0.0068734367, -0.9657598, -0.25934657), (0.001487297, -0.9646221, 0.2636323), (0.0068734367, -0.9657598, 0.25934654), (0.0068734367, -0.9657598, -0.25934657), (0.0014872979, -0.9646221, -0.26363242), (-0.0017373232, -0.96458703, 0.26375908), (0.001487297, -0.9646221, 0.2636323), (0.0014872979, -0.9646221, -0.26363242), (-0.0017373224, -0.964587, -0.26375923), (0.0027946862, -0.9645331, 0.2639471), (-0.0017373232, -0.96458703, 0.26375908), (-0.0017373224, -0.964587, -0.26375923), (0.002794685, -0.96453315, -0.26394707), (0.004943322, -0.9635596, 0.26744795), (0.0027946862, -0.9645331, 0.2639471), (0.002794685, -0.96453315, -0.26394707), (0.0049433215, -0.9635596, -0.26744795), (0.003308606, -0.9624364, 0.27148727), (0.004943322, -0.9635596, 0.26744795), (0.0049433215, -0.9635596, -0.26744795), (0.0033086063, -0.9624364, -0.27148727), (0.0038659135, -0.96146256, 0.2749088), (0.003308606, -0.9624364, 0.27148727), (0.0033086063, -0.9624364, -0.27148727), (0.003865914, -0.96146256, -0.27490884), (0.004541162, -0.9602929, 0.27895668), (0.0038659135, -0.96146256, 0.2749088), (0.003865914, -0.96146256, -0.27490884), (0.004541163, -0.9602929, -0.27895677), (0.003988309, -0.9590573, 0.28318402), (0.004541162, -0.9602929, 0.27895668), (0.004541163, -0.9602929, -0.27895677), (0.0039883098, -0.9590573, -0.28318405), (0.0073096035, -0.95740926, 0.2886419), (0.003988309, -0.9590573, 0.28318402), (0.0039883098, -0.9590573, -0.28318405), (0.0073096035, -0.95740926, -0.28864187), (0.011033276, -0.95457464, 0.29776746), (0.0073096035, -0.95740926, 0.2886419), (0.0073096035, -0.95740926, -0.28864187), (0.011033276, -0.95457464, -0.2977675), (0.0080286935, -0.9514196, 0.30779272), (0.011033276, -0.95457464, 0.29776746), (0.011033276, -0.95457464, -0.2977675), (0.008028694, -0.95141953, -0.30779275), (0.007455475, -0.94871753, 0.31603712), (0.0080286935, -0.9514196, 0.30779272), (0.008028694, -0.95141953, -0.30779275), (0.007455476, -0.94871753, -0.31603718), (0.01877574, -0.9438697, 0.32978374), (0.007455475, -0.94871753, 0.31603712), (0.007455476, -0.94871753, -0.31603718), (0.018775737, -0.9438698, -0.32978368), (0.03093966, -0.93350154, 0.3572362), (0.01877574, -0.9438697, 0.32978374), (0.018775737, -0.9438698, -0.32978368), (0.030939652, -0.93350154, -0.35723606), (0.13131043, -0.89019084, 0.4362542), (0.03093966, -0.93350154, 0.3572362), (0.030939652, -0.93350154, -0.35723606), (0.13131043, -0.89019096, -0.43625414), (0.6528387, -0.6506151, 0.38794538), (0.13131043, -0.89019084, 0.4362542), (0.13131043, -0.89019096, -0.43625414), (0.6528387, -0.6506151, -0.38794538), (0.8935321, -0.13828114, 0.42717528), (0.6528387, -0.6506151, 0.38794538), (0.6528387, -0.6506151, -0.38794538), (0.8935321, -0.13828091, -0.42717537), (0.9382402, -0.02466802, 0.3451042), (0.8935321, -0.13828114, 0.42717528), (0.8935321, -0.13828091, -0.42717537), (0.9382402, -0.024667792, -0.34510425), (0.94514996, -0.008817962, 0.32651773), (0.9382402, -0.02466802, 0.3451042), (0.9382402, -0.024667792, -0.34510425), (0.94514996, -0.008817962, -0.32651773), (0.9487968, -0.010728997, 0.3157049), (0.94514996, -0.008817962, 0.32651773), (0.94514996, -0.008817962, -0.32651773), (0.9487968, -0.010728996, -0.31570482), (0.9526643, -0.011413933, 0.3038101), (0.9487968, -0.010728997, 0.3157049), (0.9487968, -0.010728996, -0.31570482), (0.95266426, -0.011413931, -0.30380997), (0.95566046, -0.0067507657, 0.29439345), (0.9526643, -0.011413933, 0.3038101), (0.95266426, -0.011413931, -0.30380997), (0.95566046, -0.0067507657, -0.29439345), (0.9578768, -0.007524353, 0.28708082), (0.95566046, -0.0067507657, 0.29439345), (0.95566046, -0.0067507657, -0.29439345), (0.9578768, -0.007524353, -0.28708082), (0.9612021, -0.015728649, 0.2753964), (0.9578768, -0.007524353, 0.28708082), (0.9578768, -0.007524353, -0.28708082), (0.9612021, -0.015728649, -0.2753964), (0.9630685, 0.003264493, 0.2692366), (0.9612021, -0.015728649, 0.2753964), (0.9612021, -0.015728649, -0.2753964), (0.9630685, 0.003264493, -0.2692366), (0.9623143, 0.0021507763, 0.2719314), (0.9630685, 0.003264493, 0.2692366), (0.9630685, 0.003264493, -0.2692366), (0.9623143, 0.0021507763, -0.2719314), (0.96202475, -0.0002302869, 0.27296218), (0.9623143, 0.0021507763, 0.2719314), (0.9623143, 0.0021507763, -0.2719314), (0.96202475, -0.0002302869, -0.27296218), (0.96258724, -0.0037157314, 0.27094638), (0.96202475, -0.0002302869, 0.27296218), (0.96202475, -0.0002302869, -0.27296218), (0.96258724, -0.0037157314, -0.27094638), (0.96373683, -0.0048695584, 0.2668101), (0.96258724, -0.0037157314, 0.27094638), (0.96258724, -0.0037157314, -0.27094638), (0.96373683, -0.0048695584, -0.2668101), (0.9645779, -0.0016465886, 0.26379308), (0.96373683, -0.0048695584, 0.2668101), (0.96373683, -0.0048695584, -0.2668101), (0.9645779, -0.0016465886, -0.26379308), (0.9650019, -0.0016998939, 0.2622372), (0.9645779, -0.0016465886, 0.26379308), (0.9645779, -0.0016465886, -0.26379308), (0.9650019, -0.0016998939, -0.2622372), (0.96534103, -0.00087207, 0.26099026), (0.9650019, -0.0016998939, 0.2622372), (0.9650019, -0.0016998939, -0.2622372), (0.96534103, -0.0008720694, -0.26099026), (0.9652152, 0.0019629213, 0.26144925), (0.96534103, -0.00087207, 0.26099026), (0.96534103, -0.0008720694, -0.26099026), (0.9652152, 0.0019632573, -0.26144922), (0.9625642, 0.016602999, 0.27054483), (0.9652152, 0.0019629213, 0.26144925), (0.9652152, 0.0019632573, -0.26144922), (0.9625642, 0.016603332, -0.2705448), (0.95972025, 0.0041809636, 0.28092617), (0.9625642, 0.016602999, 0.27054483), (0.9625642, 0.016603332, -0.2705448), (0.95972025, 0.0041809636, -0.28092617), (0.9591357, -0.00037203715, 0.2829463), (0.95972025, 0.0041809636, 0.28092617), (0.95972025, 0.0041809636, -0.28092617), (0.9591357, -0.00037203715, -0.28294632), (0.95869327, 0.0033640056, 0.28442186), (0.9591357, -0.00037203715, 0.2829463), (0.9591357, -0.00037203715, -0.28294632), (0.95869327, 0.0033640056, -0.2844219), (0.95708644, 0.007125613, 0.28971517), (0.95869327, 0.0033640056, 0.28442186), (0.95869327, 0.0033640056, -0.2844219), (0.95708644, 0.007125613, -0.28971517), (0.9556704, 0.0021059518, 0.29443112), (0.95708644, 0.007125613, 0.28971517), (0.95708644, 0.007125613, -0.28971517), (0.9556704, 0.0021059518, -0.29443112), (0.95412064, 0.0074342974, 0.29933026), (0.9556704, 0.0021059518, 0.29443112), (0.9556704, 0.0021059518, -0.29443112), (0.95412064, 0.0074342974, -0.29933026), (0.95017964, 0.014620023, 0.31135964), (0.95412064, 0.0074342974, 0.29933026), (0.95412064, 0.0074342974, -0.29933026), (0.95017964, 0.014620023, -0.31135967), (0.9470715, 0.002352768, 0.3210141), (0.95017964, 0.014620023, 0.31135964), (0.95017964, 0.014620023, -0.31135967), (0.9470715, 0.0023527679, -0.32101417), (0.9432849, 0.017333785, 0.3315313), (0.9470715, 0.002352768, 0.3210141), (0.9470715, 0.0023527679, -0.32101417), (0.9432849, 0.017333785, -0.3315313), (0.9344029, 0.02469407, 0.35536087), (0.9432849, 0.017333785, 0.3315313), (0.9432849, 0.017333785, -0.3315313), (0.9344029, 0.02469407, -0.35536087), (0.8950678, 0.12557124, 0.427885), (0.9344029, 0.02469407, 0.35536087), (0.9344029, 0.02469407, -0.35536087), (0.8950678, 0.12557125, -0.42788494), (0.65582377, 0.6539256, 0.37719566), (0.8950678, 0.12557124, 0.427885), (0.8950678, 0.12557125, -0.42788494), (0.65582377, 0.6539256, -0.37719563), (0.1359337, 0.8960577, 0.4226139), (0.65582377, 0.6539256, 0.37719566), (0.65582377, 0.6539256, -0.37719563), (0.13593371, 0.89605767, -0.42261404), (0.015588443, 0.9362626, 0.35095498), (0.1359337, 0.8960577, 0.4226139), (0.13593371, 0.89605767, -0.42261404), (0.015588453, 0.93626255, -0.350955), (0.005133775, 0.94058573, 0.33951738), (0.015588443, 0.9362626, 0.35095498), (0.015588453, 0.93626255, -0.350955), (0.005133772, 0.9405857, -0.3395174), (0.02285909, 0.94571525, 0.3241917), (0.005133775, 0.94058573, 0.33951738), (0.005133772, 0.9405857, -0.3395174), (0.022859085, 0.94571507, -0.32419196), (0.020801244, 0.95340675, 0.30097002), (0.02285909, 0.94571525, 0.3241917), (0.022859085, 0.94571507, -0.32419196), (0.020801248, 0.9534066, -0.30097038), (-0.00427961, 0.9564112, 0.2919919), (0.020801244, 0.95340675, 0.30097002), (0.020801248, 0.9534066, -0.30097038), (-0.0042796033, 0.9564112, -0.29199198), (-0.004771537, 0.9549747, 0.29664877), (-0.00427961, 0.9564112, 0.2919919), (-0.0042796033, 0.9564112, -0.29199198), (-0.0047715325, 0.9549747, -0.29664874), (0.018716263, 0.9567006, 0.29047108), (-0.004771537, 0.9549747, 0.29664877), (-0.0047715325, 0.9549747, -0.29664874), (0.01871626, 0.9567006, -0.2904711), (0.015676616, 0.9617842, 0.2733596), (0.018716263, 0.9567006, 0.29047108), (0.01871626, 0.9567006, -0.2904711), (0.015676614, 0.9617842, -0.27335963), (-0.010038159, 0.96293, 0.26956436), (0.015676616, 0.9617842, 0.2733596), (0.015676614, 0.9617842, -0.27335963), (-0.010038159, 0.96293, -0.26956436), (-0.0069624432, 0.9605679, 0.27795842), (-0.010038159, 0.96293, 0.26956436), (-0.010038159, 0.96293, -0.26956436), (-0.0069624432, 0.9605679, -0.27795845), (0.01794746, 0.9615379, 0.27408534), (-0.0069624432, 0.9605679, 0.27795842), (-0.0069624432, 0.9605679, -0.27795845), (0.017947458, 0.9615379, -0.27408534), (0.012258198, 0.96567553, 0.25946203), (0.01794746, 0.9615379, 0.27408534), (0.017947458, 0.9615379, -0.27408534), (0.012258195, 0.96567553, -0.25946197), (-0.013368756, 0.9659074, 0.25854266), (0.012258198, 0.96567553, 0.25946203), (0.012258195, 0.96567553, -0.25946197), (-0.013368751, 0.96590734, -0.25854257), (-0.0071564973, 0.96323586, 0.2685621), (-0.013368756, 0.9659074, 0.25854266), (-0.013368751, 0.96590734, -0.25854257), (-0.0071564945, 0.96323586, -0.2685621), (0.017383391, 0.9639599, 0.26547924), (-0.0071564973, 0.96323586, 0.2685621), (-0.0071564945, 0.96323586, -0.2685621), (0.017383393, 0.9639599, -0.26547927), (0.0089081945, 0.96748656, 0.2527654), (0.017383391, 0.9639599, 0.26547924), (0.017383393, 0.9639599, -0.26547927), (0.0089081945, 0.96748656, -0.25276542), (-0.015376169, 0.96703964, 0.25416115), (0.0089081945, 0.96748656, 0.2527654), (0.0089081945, 0.96748656, -0.25276542), (-0.015376169, 0.96703964, -0.25416115), (-0.00646412, 0.96426094, 0.2648755), (-0.015376169, 0.96703964, 0.25416115), (-0.015376169, 0.96703964, -0.25416115), (-0.00646412, 0.96426094, -0.2648755), (0.016219936, 0.96491104, 0.26207536), (-0.00646412, 0.96426094, 0.2648755), (-0.00646412, 0.96426094, -0.2648755), (0.016219936, 0.96491104, -0.26207536), (0.0053784726, 0.9678613, 0.25142708), (0.016219936, 0.96491104, 0.26207536), (0.016219936, 0.96491104, -0.26207536), (0.0053784726, 0.9678613, -0.25142708), (-0.016349867, 0.96680975, 0.2549738), (0.0053784726, 0.9678613, 0.25142708), (0.0053784726, 0.9678613, -0.25142708), (-0.016349863, 0.96680975, -0.25497377), (-0.005483119, 0.96400386, 0.26583177), (-0.016349867, 0.96680975, 0.2549738), (-0.016349863, 0.96680975, -0.25497377), (-0.0054831165, 0.9640038, -0.26583174), (0.0140719265, 0.9646056, 0.26332074), (-0.005483119, 0.96400386, 0.26583177), (-0.0054831165, 0.9640038, -0.26583174), (0.014071928, 0.9646056, -0.26332074), (0.0016883351, 0.96687895, 0.2552295), (0.0140719265, 0.9646056, 0.26332074), (0.014071928, 0.9646056, -0.26332074), (0.0016883357, 0.96687895, -0.2552295), (-0.016511012, 0.9652245, 0.26090056), (0.0016883351, 0.96687895, 0.2552295), (0.0016883357, 0.96687895, -0.2552295), (-0.016511012, 0.9652245, -0.26090056), (-0.004780703, 0.9623788, 0.2716695), (-0.016511012, 0.9652245, 0.26090056), (-0.016511012, 0.9652245, -0.26090056), (-0.0047807065, 0.9623788, -0.2716695), (0.010647976, 0.96280813, 0.26997617), (-0.004780703, 0.9623788, 0.2716695), (-0.0047807065, 0.9623788, -0.2716695), (0.010647973, 0.96280813, -0.26997614), (-0.0021858644, 0.9641822, 0.26523206), (0.010647976, 0.96280813, 0.26997617), (0.010647973, 0.96280813, -0.26997614), (-0.002185865, 0.9641822, -0.2652321), (-0.016303927, 0.9618128, 0.27322194), (-0.0021858644, 0.9641822, 0.26523206), (-0.002185865, 0.9641822, -0.2652321), (-0.01630393, 0.9618128, -0.27322197), (-0.005165199, 0.95872587, 0.284285), (-0.016303927, 0.9618128, 0.27322194), (-0.01630393, 0.9618128, -0.27322197), (-0.0051652007, 0.95872587, -0.28428507), (0.005402511, 0.9585644, 0.28482473), (-0.005165199, 0.95872587, 0.284285), (-0.0051652007, 0.95872587, -0.28428507), (0.0054025124, 0.95856434, -0.28482494), (-0.006827172, 0.9585133, 0.28496584), (0.005402511, 0.9585644, 0.28482473), (0.0054025124, 0.95856434, -0.28482494), (-0.0068271714, 0.95851326, -0.284966), (-0.017121643, 0.95487213, 0.29652292), (-0.006827172, 0.9585133, 0.28496584), (-0.0068271714, 0.95851326, -0.284966), (-0.017121643, 0.95487225, -0.2965229), (-0.008816465, 0.95059067, 0.3103218), (-0.017121643, 0.95487213, 0.29652292), (-0.017121643, 0.95487225, -0.2965229), (-0.008816463, 0.9505907, -0.31032175), (-0.0045252033, 0.9481936, 0.317661), (-0.008816465, 0.95059067, 0.3103218), (-0.008816463, 0.9505907, -0.31032175), (-0.004525201, 0.9481936, -0.3176609), (-0.017407225, 0.94415617, 0.3290382), (-0.0045252033, 0.9481936, 0.317661), (-0.004525201, 0.9481936, -0.3176609), (-0.01740723, 0.94415617, -0.3290382), (-0.030883439, 0.9341785, 0.35546684), (-0.017407225, 0.94415617, 0.3290382), (-0.01740723, 0.94415617, -0.3290382), (-0.030883437, 0.93417853, -0.35546684), (-0.13242054, 0.8908879, 0.43449214), (-0.030883439, 0.9341785, 0.35546684), (-0.030883437, 0.93417853, -0.35546684), (-0.13242057, 0.89088804, -0.4344921), (-0.6535359, 0.6508098, 0.38644195), (-0.13242054, 0.8908879, 0.43449214), (-0.13242057, 0.89088804, -0.4344921), (-0.65353596, 0.6508097, -0.386442), (-0.8937524, 0.13487816, 0.42780206), (-0.6535359, 0.6508098, 0.38644195), (-0.65353596, 0.6508097, -0.386442), (-0.89375234, 0.13487835, -0.42780206), (-0.93730503, 0.02431903, 0.34766042), (-0.8937524, 0.13487816, 0.42780206), (-0.89375234, 0.13487835, -0.42780206), (-0.93730503, 0.02431926, -0.34766042), (-0.9431576, 0.0030704122, 0.33233175), (-0.93730503, 0.02431903, 0.34766042), (-0.93730503, 0.02431926, -0.34766042), (-0.9431576, 0.0030704122, -0.33233175), (-0.94581497, 0.010629808, 0.32453212), (-0.9431576, 0.0030704122, 0.33233175), (-0.9431576, 0.0030704122, -0.33233175), (-0.945815, 0.01062981, -0.32453206), (-0.9495259, 0.009526683, 0.31354406), (-0.94581497, 0.010629808, 0.32453212), (-0.945815, 0.01062981, -0.32453206), (-0.9495259, 0.009526685, -0.31354395), (-0.9524692, 0.007551052, 0.30454102), (-0.9495259, 0.009526683, 0.31354406), (-0.9495259, 0.009526685, -0.31354395), (-0.9524692, 0.007551052, -0.30454102), (-0.954713, 0.0059490195, 0.29746875), (-0.9524692, 0.007551052, 0.30454102), (-0.9524692, 0.007551052, -0.30454102), (-0.954713, 0.0059490195, -0.29746875), (-0.95712566, 0.009123091, 0.2895292), (-0.954713, 0.0059490195, 0.29746875), (-0.954713, 0.0059490195, -0.29746875), (-0.95712566, 0.009123091, -0.2895292), (-0.9613276, 0.01978197, 0.27469608), (-0.95712566, 0.009123091, 0.2895292), (-0.95712566, 0.009123091, -0.2895292), (-0.9613276, 0.01978197, -0.27469608), (-0.96435845, 0.0006612587, 0.2645984), (-0.9613276, 0.01978197, 0.27469608), (-0.9613276, 0.01978197, -0.27469608), (-0.96435845, 0.0006612587, -0.2645984), (-0.96392155, -0.0037574668, 0.26615983), (-0.96435845, 0.0006612587, 0.2645984), (-0.96435845, 0.0006612587, -0.2645984), (-0.96392155, -0.0037574668, -0.26615983), (-0.9637338, 0.0024996167, 0.26685366), (-0.96392155, -0.0037574668, 0.26615983), (-0.96392155, -0.0037574668, -0.26615983), (-0.9637338, 0.0024996167, -0.26685366), (-0.9625212, -0.011325413, 0.27096996), (-0.9637338, 0.0024996167, 0.26685366), (-0.9637338, 0.0024996167, -0.26685366), (-0.9625212, -0.011325413, -0.27096996), (-0.9607455, -0.002151053, 0.27742273), (-0.9625212, -0.011325413, 0.27096996), (-0.9625212, -0.011325413, -0.27096996), (-0.9607455, -0.002151053, -0.27742273), (-0.9608475, 0.0030623716, 0.27706063), (-0.9607455, -0.002151053, 0.27742273), (-0.9607455, -0.002151053, -0.27742273), (-0.9608475, 0.0030623716, -0.27706063), (-0.9622175, 0.0064811795, 0.27220497), (-0.9608475, 0.0030623716, 0.27706063), (-0.9608475, 0.0030623716, -0.27706063), (-0.9622175, 0.0064811795, -0.27220497), (-0.9646052, 0.011340936, 0.26345447), (-0.9622175, 0.0064811795, 0.27220497), (-0.9622175, 0.0064811795, -0.27220497), (-0.96460515, 0.011340935, -0.26345447), (-0.9644154, -0.012788125, 0.26408213), (-0.9646052, 0.011340936, 0.26345447), (-0.96460515, 0.011340935, -0.26345447), (-0.9644154, -0.012788125, -0.26408213), (-0.9619804, -0.005724577, 0.27305835), (-0.9644154, -0.012788125, 0.26408213), (-0.9644154, -0.012788125, -0.26408213), (-0.9619804, -0.005724577, -0.27305835), (-0.9616043, 0.0033887832, 0.2744186), (-0.9619804, -0.005724577, 0.27305835), (-0.9619804, -0.005724577, -0.27305835), (-0.9616043, 0.0033887832, -0.2744186), (-0.9609749, -0.0076248036, 0.27653039), (-0.9616043, 0.0033887832, 0.2744186), (-0.9616043, 0.0033887832, -0.2744186), (-0.9609749, -0.0076248036, -0.27653039), (-0.9599661, 0.00029096758, 0.28011605), (-0.9609749, -0.0076248036, 0.27653039), (-0.9609749, -0.0076248036, -0.27653039), (-0.9599661, 0.00029096758, -0.28011605), (-0.95904064, -0.0065991585, 0.28319153), (-0.9599661, 0.00029096758, 0.28011605), (-0.9599661, 0.00029096758, -0.28011605), (-0.95904064, -0.0065991585, -0.28319153), (-0.9572334, -0.0051985616, 0.2892698), (-0.95904064, -0.0065991585, 0.28319153), (-0.95904064, -0.0065991585, -0.28319153), (-0.9572334, -0.0051985616, -0.2892698), (-0.95553434, -0.005374509, 0.29483083), (-0.9572334, -0.0051985616, 0.2892698), (-0.9572334, -0.0051985616, -0.2892698), (-0.95553434, -0.005374507, -0.29483092), (-0.9492183, -0.02959001, 0.3132237), (-0.95553434, -0.005374509, 0.29483083), (-0.95553434, -0.005374507, -0.29483092), (-0.9492183, -0.02959001, -0.31322375), (-0.9398695, -0.01984107, 0.34095696), (-0.9492183, -0.02959001, 0.3132237), (-0.9492183, -0.02959001, -0.31322375), (-0.9398695, -0.01984107, -0.34095696), (-0.93051827, -0.022973513, 0.36552414), (-0.9398695, -0.01984107, 0.34095696), (-0.9398695, -0.01984107, -0.34095696), (-0.93051827, -0.022973746, -0.36552414), (-0.88705266, -0.1313944, 0.44257548), (-0.93051827, -0.022973513, 0.36552414), (-0.93051827, -0.022973746, -0.36552414), (-0.88705266, -0.13139464, -0.4425754), (-0.65016, -0.64796823, 0.3967733), (-0.88705266, -0.1313944, 0.44257548), (-0.88705266, -0.13139464, -0.4425754), (-0.65016, -0.64796823, -0.3967733)] (
                    interpolation = "faceVarying"
                )
                point3f[] points = [(-0.135, -0.1025, 0.0006), (-0.12825, -0.1025, 0.0006), (-0.1215, -0.1025, 0.0006), (-0.11475, -0.1025, 0.0006), (-0.108, -0.1025, 0.0006), (-0.10125, -0.1025, 0.0006), (-0.0945, -0.1025, 0.0006), (-0.08775, -0.1025, 0.0006), (-0.081, -0.1025, 0.0006), (-0.07425, -0.1025, 0.0006), (-0.0675, -0.1025, 0.0006), (-0.06075, -0.1025, 0.0006), (-0.054, -0.1025, 0.0006), (-0.04725, -0.1025, 0.0006), (-0.0405, -0.1025, 0.0006), (-0.03375, -0.1025, 0.0006), (-0.027, -0.1025, 0.0006), (-0.02025, -0.1025, 0.0006), (-0.0135, -0.1025, 0.0006), (-0.00675, -0.1025, 0.0006), (0, -0.1025, 0.0006), (0.00675, -0.1025, 0.0006), (0.0135, -0.1025, 0.0006), (0.02025, -0.1025, 0.0006), (0.027, -0.1025, 0.0006), (0.03375, -0.1025, 0.0006), (0.0405, -0.1025, 0.0006), (0.04725, -0.1025, 0.0006), (0.054, -0.1025, 0.0006), (0.06075, -0.1025, 0.0006), (0.0675, -0.1025, 0.0006), (0.07425, -0.1025, 0.0006), (0.081, -0.1025, 0.0006), (0.08775, -0.1025, 0.0006), (0.0945, -0.1025, 0.0006), (0.10125, -0.1025, 0.0006), (0.108, -0.1025, 0.0006), (0.11475, -0.1025, 0.0006), (0.1215, -0.1025, 0.0006), (0.12825, -0.1025, 0.0006), (0.135, -0.1025, 0.0006), (-0.135, -0.09566667, 0.0006), (-0.12816289, -0.09566667, 0.006755772), (-0.12132632, -0.09566667, 0.008012301), (-0.114490815, -0.09566667, 0.009710913), (-0.10765691, -0.09566667, 0.010040602), (-0.10082512, -0.09566667, 0.009476133), (-0.09399595, -0.09566667, 0.010185159), (-0.087169886, -0.09566667, 0.011546465), (-0.080347404, -0.09566667, 0.011426787), (-0.07352894, -0.09566667, 0.010661167), (-0.06671493, -0.09566667, 0.01133456), (-0.05990575, -0.09566667, 0.012475233), (-0.053101778, -0.09566667, 0.01213195), (-0.046303343, -0.09566667, 0.011391424), (-0.039510746, -0.09566667, 0.01203647), (-0.03272425, -0.09566667, 0.012916937), (-0.025944075, -0.09566667, 0.012461804), (-0.01917041, -0.09566667, 0.011845497), (-0.012403404, -0.09566667, 0.012405804), (-0.0056431573, -0.09566667, 0.0129929865), (0.0011102653, -0.09566667, 0.012519739), (0.007856843, -0.09566667, 0.012066924), (0.014596596, -0.09566667, 0.0124675445), (0.02132959, -0.09566667, 0.012753709), (0.028055925, -0.09566667, 0.012341196), (0.034775753, -0.09566667, 0.012043876), (0.041489255, -0.09566667, 0.012210296), (0.04819666, -0.09566667, 0.012213102), (0.054898225, -0.09566667, 0.011913164), (0.06159425, -0.09566667, 0.011719637), (0.06828508, -0.09566667, 0.011587675), (0.07497106, -0.09566667, 0.011337869), (0.0816526, -0.09566667, 0.0111521175), (0.08833011, -0.09566667, 0.010959405), (0.09500405, -0.09566667, 0.010466577), (0.10167488, -0.09566667, 0.00996463), (0.10834309, -0.09566667, 0.00976974), (0.11500919, -0.09566667, 0.009329613), (0.12167368, -0.09566667, 0.008249512), (0.12833712, -0.09566667, 0.007011035), (0.135, -0.09566667, 0.00060275564), (-0.135, -0.08883333, 0.0006), (-0.12813285, -0.08883333, 0.008360605), (-0.121266425, -0.08883333, 0.009527108), (-0.11440144, -0.08883333, 0.010586465), (-0.1075386, -0.08883333, 0.011513022), (-0.10067861, -0.08883333, 0.011734307), (-0.093822144, -0.08883333, 0.011839935), (-0.08696985, -0.08883333, 0.012681037), (-0.080122374, -0.08883333, 0.013416153), (-0.073280305, -0.08883333, 0.013091317), (-0.06644421, -0.08883333, 0.012891084), (-0.05961463, -0.08883333, 0.013873299), (-0.052792046, -0.08883333, 0.014533435), (-0.045976914, -0.08883333, 0.013777864), (-0.03916963, -0.08883333, 0.013441265), (-0.032370545, -0.08883333, 0.01461546), (-0.025579967, -0.08883333, 0.015159883), (-0.018798143, -0.08883333, 0.014038562), (-0.012025271, -0.08883333, 0.0136760855), (-0.005261491, -0.08883333, 0.015011422), (0.001493112, -0.08883333, 0.015375221), (0.008238509, -0.08883333, 0.0139672), (0.014974729, -0.08883333, 0.013656944), (0.021701857, -0.08883333, 0.015072977), (0.028420033, -0.08883333, 0.015198289), (0.035129454, -0.08883333, 0.013600626), (0.041830372, -0.08883333, 0.0133834), (0.048523087, -0.08883333, 0.014763368), (0.055207953, -0.08883333, 0.014610915), (0.06188537, -0.08883333, 0.012926931), (0.06855579, -0.08883333, 0.012794053), (0.0752197, -0.08883333, 0.013988436), (0.08187763, -0.08883333, 0.013532143), (0.088530146, -0.08883333, 0.011844213), (0.09517786, -0.08883333, 0.011706653), (0.10182139, -0.08883333, 0.012497262), (0.108461395, -0.08883333, 0.011659649), (0.11509856, -0.08883333, 0.009918451), (0.121733576, -0.08883333, 0.0093772365), (0.12836714, -0.08883333, 0.008877824), (0.135, -0.08883333, 0.0006033055), (-0.135, -0.082, 0.0006), (-0.12817957, -0.082, 0.008408701), (-0.121359564, -0.082, 0.01057447), (-0.114540435, -0.082, 0.012360451), (-0.107722595, -0.082, 0.0121900495), (-0.10090646, -0.082, 0.011957991), (-0.09409245, -0.082, 0.013446954), (-0.08728095, -0.082, 0.014632072), (-0.08047234, -0.082, 0.013943057), (-0.07366698, -0.082, 0.013569825), (-0.06686523, -0.082, 0.014905703), (-0.060067378, -0.082, 0.015733352), (-0.053273737, -0.082, 0.014898332), (-0.04648458, -0.082, 0.014590316), (-0.039700136, -0.082, 0.015726695), (-0.032920625, -0.082, 0.016228557), (-0.02614623, -0.082, 0.015425693), (-0.019377096, -0.082, 0.015228635), (-0.012613344, -0.082, 0.016076865), (-0.0058550593, -0.082, 0.016289376), (0.00089770823, -0.082, 0.015638297), (0.007644941, -0.082, 0.01552852), (0.014386656, -0.082, 0.016008627), (0.021122904, -0.082, 0.01598866), (0.027853772, -0.082, 0.015560351), (0.034579374, -0.082, 0.015470533), (0.041299865, -0.082, 0.015529253), (0.048015423, -0.082, 0.015344467), (0.05472626, -0.082, 0.015153072), (0.061432622, -0.082, 0.014986077), (0.06813478, -0.082, 0.014601084), (0.07483301, -0.082, 0.014305504), (0.08152766, -0.082, 0.014287953), (0.088219054, -0.082, 0.0139153795), (0.09490755, -0.082, 0.013074228), (0.10159354, -0.082, 0.012643655), (0.10827741, -0.082, 0.012573382), (0.11495957, -0.082, 0.011728103), (0.12164043, -0.082, 0.010209999), (0.12832044, -0.082, 0.008925868), (0.135, -0.082, 0.00060374814), (-0.135, -0.075166665, 0.0006), (-0.12827243, -0.075166665, 0.009825221), (-0.12154472, -0.075166665, 0.011014343), (-0.11481673, -0.075166665, 0.011974523), (-0.10808833, -0.075166665, 0.0133206835), (-0.10135939, -0.075166665, 0.013974927), (-0.09462977, -0.075166665, 0.013739263), (-0.08789936, -0.075166665, 0.0142121725), (-0.08116802, -0.075166665, 0.015530528), (-0.074435644, -0.075166665, 0.015760815), (-0.06770213, -0.075166665, 0.0149580985), (-0.060967363, -0.075166665, 0.015409337), (-0.05423126, -0.075166665, 0.016861578), (-0.04749373, -0.075166665, 0.016742505), (-0.040754694, -0.075166665, 0.015553868), (-0.034014095, -0.075166665, 0.01611344), (-0.027271861, -0.075166665, 0.017655868), (-0.020527953, -0.075166665, 0.017185256), (-0.013782333, -0.075166665, 0.015750378), (-0.007034971, -0.075166665, 0.016464412), (-0.00028585194, -0.075166665, 0.017995177), (0.0064650294, -0.075166665, 0.01718225), (0.013217667, -0.075166665, 0.015633795), (0.019972047, -0.075166665, 0.016489247), (0.026728138, -0.075166665, 0.017884396), (0.033485908, -0.075166665, 0.016766675), (0.040245306, -0.075166665, 0.015222558), (0.04700627, -0.075166665, 0.016151251), (0.05376874, -0.075166665, 0.017282182), (0.060532637, -0.075166665, 0.015921973), (0.06729787, -0.075166665, 0.014465775), (0.07406435, -0.075166665, 0.015340082), (0.08083198, -0.075166665, 0.01607306), (0.08760064, -0.075166665, 0.014531839), (0.09437022, -0.075166665, 0.01317222), (0.10114061, -0.075166665, 0.013760517), (0.10791167, -0.075166665, 0.01388066), (0.11468327, -0.075166665, 0.012085758), (0.12145528, -0.075166665, 0.01050732), (0.12822758, -0.075166665, 0.009804965), (0.135, -0.075166665, 0.0006041759), (-0.135, -0.068333335, 0.0006), (-0.1283506, -0.068333335, 0.01073827), (-0.12170057, -0.068333335, 0.01130877), (-0.11504931, -0.068333335, 0.012065283), (-0.1083962, -0.068333335, 0.014119739), (-0.10174065, -0.068333335, 0.015012679), (-0.095082074, -0.068333335, 0.014266816), (-0.08841991, -0.068333335, 0.014585444), (-0.08175362, -0.068333335, 0.016270313), (-0.075082675, -0.068333335, 0.016680745), (-0.068406604, -0.068333335, 0.015763614), (-0.06172494, -0.068333335, 0.016050342), (-0.055037264, -0.068333335, 0.017404959), (-0.048343193, -0.068333335, 0.017512094), (-0.041642386, -0.068333335, 0.016682694), (-0.034934532, -0.068333335, 0.016963659), (-0.028219378, -0.068333335, 0.017920142), (-0.021496704, -0.068333335, 0.017833032), (-0.014766344, -0.068333335, 0.017219346), (-0.008028177, -0.068333335, 0.01743747), (-0.0012821289, -0.068333335, 0.017943637), (0.0054718233, -0.068333335, 0.017765239), (0.012233656, -0.068333335, 0.017419621), (0.019003296, -0.068333335, 0.017485749), (0.025780624, -0.068333335, 0.017526371), (0.032565467, -0.068333335, 0.017348688), (0.039357614, -0.068333335, 0.017256498), (0.046156805, -0.068333335, 0.017073657), (0.052962735, -0.068333335, 0.016671104), (0.059775062, -0.068333335, 0.01655393), (0.0665934, -0.068333335, 0.016631115), (0.07341732, -0.068333335, 0.0161057), (0.08024638, -0.068333335, 0.015302166), (0.08708009, -0.068333335, 0.015230829), (0.09391793, -0.068333335, 0.01529489), (0.10075935, -0.068333335, 0.014308911), (0.1076038, -0.068333335, 0.0130843185), (0.11445069, -0.068333335, 0.012796011), (0.12129943, -0.068333335, 0.0122692585), (0.1281494, -0.068333335, 0.010073867), (0.135, -0.068333335, 0.00060315465), (-0.135, -0.0615, 0.0006), (-0.12836285, -0.0615, 0.010179344), (-0.121725015, -0.0615, 0.011923622), (-0.11508579, -0.0615, 0.01370043), (-0.10844449, -0.0615, 0.014391364), (-0.10180045, -0.0615, 0.014212183), (-0.09515301, -0.0615, 0.015047328), (-0.08850156, -0.0615, 0.016562037), (-0.08184546, -0.0615, 0.016585605), (-0.07518416, -0.0615, 0.015775954), (-0.0685171, -0.0615, 0.01662842), (-0.061843757, -0.0615, 0.018192058), (-0.055163678, -0.0615, 0.017745834), (-0.048476428, -0.0615, 0.016578179), (-0.04178161, -0.0615, 0.01758826), (-0.035078894, -0.0615, 0.019157048), (-0.028367987, -0.0615, 0.01828795), (-0.021648644, -0.0615, 0.016933642), (-0.014920677, -0.0615, 0.018122718), (-0.008183952, -0.0615, 0.01959089), (-0.0014383864, -0.0615, 0.018351492), (0.0053160475, -0.0615, 0.016952902), (0.012079323, -0.0615, 0.018273843), (0.018851357, -0.0615, 0.019523662), (0.025632013, -0.0615, 0.017993007), (0.032421105, -0.0615, 0.01666157), (0.03921839, -0.0615, 0.018012643), (0.046023574, -0.0615, 0.018935263), (0.05283632, -0.0615, 0.01721298), (0.059656244, -0.0615, 0.016013354), (0.06648291, -0.0615, 0.01724282), (0.073315844, -0.0615, 0.017740993), (0.08015454, -0.0615, 0.015921865), (0.08699845, -0.0615, 0.014840985), (0.093846984, -0.0615, 0.015723348), (0.10069955, -0.0615, 0.015662862), (0.107555516, -0.0615, 0.0137458155), (0.114414215, -0.0615, 0.012547887), (0.121274985, -0.0615, 0.012482987), (0.12813714, -0.0615, 0.010970442), (0.135, -0.0615, 0.000603556), (-0.135, -0.05466667, 0.0006), (-0.12830117, -0.05466667, 0.011319622), (-0.121602036, -0.05466667, 0.011958399), (-0.114902265, -0.05466667, 0.0130204605), (-0.108201556, -0.05466667, 0.015137947), (-0.1014996, -0.05466667, 0.015828116), (-0.09479611, -0.05466667, 0.01515481), (-0.0880908, -0.05466667, 0.015752213), (-0.081383385, -0.05466667, 0.017388374), (-0.0746736, -0.05466667, 0.017591953), (-0.06796121, -0.05466667, 0.016813044), (-0.061245974, -0.05466667, 0.017323118), (-0.05452768, -0.05466667, 0.018539917), (-0.047806133, -0.05466667, 0.018491011), (-0.041081157, -0.05466667, 0.017858133), (-0.0343526, -0.05466667, 0.01827594), (-0.027620325, -0.05466667, 0.019030966), (-0.020884227, -0.05466667, 0.018870577), (-0.0141442185, -0.05466667, 0.018486692), (-0.0074002375, -0.05466667, 0.018735109), (-0.00065224833, -0.05466667, 0.019008826), (0.0060997624, -0.05466667, 0.018854816), (0.012855782, -0.05466667, 0.018738737), (0.019615773, -0.05466667, 0.01872294), (0.026379675, -0.05466667, 0.018535629), (0.033147402, -0.05466667, 0.018477786), (0.039918844, -0.05466667, 0.018579394), (0.046693865, -0.05466667, 0.018211998), (0.05347232, -0.05466667, 0.017618483), (0.060254026, -0.05466667, 0.017697236), (0.06703879, -0.05466667, 0.017900713), (0.073826395, -0.05466667, 0.017111698), (0.080616616, -0.05466667, 0.016176743), (0.0874092, -0.05466667, 0.016340366), (0.09420388, -0.05466667, 0.016438514), (0.1010004, -0.05466667, 0.015143524), (0.10779844, -0.05466667, 0.013848651), (0.11459774, -0.05466667, 0.01376717), (0.121397965, -0.05466667, 0.0131503865), (0.12819883, -0.05466667, 0.010614624), (0.135, -0.05466667, 0.0006033219), (-0.135, -0.047833335, 0.0006), (-0.12820597, -0.047833335, 0.011044504), (-0.1214122, -0.047833335, 0.012242144), (-0.11461899, -0.047833335, 0.0139448345), (-0.10782657, -0.047833335, 0.015578709), (-0.10103523, -0.047833335, 0.015559267), (-0.09424521, -0.047833335, 0.01531254), (-0.08745676, -0.047833335, 0.016764691), (-0.08067012, -0.047833335, 0.018120745), (-0.073885515, -0.047833335, 0.0173681), (-0.067103155, -0.047833335, 0.016754506), (-0.06032324, -0.047833335, 0.018367587), (-0.05354596, -0.047833335, 0.019567963), (-0.046771474, -0.047833335, 0.01829081), (-0.039999943, -0.047833335, 0.017555214), (-0.033231493, -0.047833335, 0.01935147), (-0.026466241, -0.047833335, 0.020335272), (-0.01970428, -0.047833335, 0.018660225), (-0.012945683, -0.047833335, 0.017948132), (-0.006190503, -0.047833335, 0.019853117), (0.00056122686, -0.047833335, 0.020543093), (0.007309497, -0.047833335, 0.018602319), (0.014054317, -0.047833335, 0.018003019), (0.02079572, -0.047833335, 0.019890228), (0.027533758, -0.047833335, 0.020228377), (0.034268506, -0.047833335, 0.018162502), (0.041000057, -0.047833335, 0.017708467), (0.047728524, -0.047833335, 0.019419562), (0.054454044, -0.047833335, 0.019376561), (0.061176762, -0.047833335, 0.017316729), (0.06789685, -0.047833335, 0.016973564), (0.07461449, -0.047833335, 0.018325152), (0.08132988, -0.047833335, 0.017886467), (0.08804324, -0.047833335, 0.01591562), (0.09475479, -0.047833335, 0.015547937), (0.10146477, -0.047833335, 0.016287183), (0.10817343, -0.047833335, 0.015358033), (0.11488102, -0.047833335, 0.0133533785), (0.1215878, -0.047833335, 0.012428512), (0.12829404, -0.047833335, 0.011462942), (0.135, -0.047833335, 0.00060436805), (-0.135, -0.041, 0.0006), (-0.12813962, -0.041, 0.01154417), (-0.121279895, -0.041, 0.013709151), (-0.11442154, -0.041, 0.013803587), (-0.10756522, -0.041, 0.014453882), (-0.10071156, -0.041, 0.01634159), (-0.09386124, -0.041, 0.017124275), (-0.08701485, -0.041, 0.016526546), (-0.080172986, -0.041, 0.016892321), (-0.07333623, -0.041, 0.018313617), (-0.066505104, -0.041, 0.018662596), (-0.059680108, -0.041, 0.018058937), (-0.052861713, -0.041, 0.018368036), (-0.046050336, -0.041, 0.019328048), (-0.039246354, -0.041, 0.019422365), (-0.032450102, -0.041, 0.019020908), (-0.025661863, -0.041, 0.019255098), (-0.018881876, -0.041, 0.019710748), (-0.012110323, -0.041, 0.019678785), (-0.0053473376, -0.041, 0.019563964), (0.001407, -0.041, 0.019642787), (0.008152663, -0.041, 0.019581703), (0.014889677, -0.041, 0.019535556), (0.021618124, -0.041, 0.019709866), (0.028338136, -0.041, 0.019536512), (0.035049897, -0.041, 0.018989021), (0.041753646, -0.041, 0.01901276), (0.048449665, -0.041, 0.019406704), (0.055138286, -0.041, 0.018891025), (0.061819892, -0.041, 0.0179224), (0.0684949, -0.041, 0.018045716), (0.075163774, -0.041, 0.018515218), (0.081827015, -0.041, 0.017578853), (0.08848516, -0.041, 0.016257958), (0.095138766, -0.041, 0.016397763), (0.10178844, -0.041, 0.016671708), (0.10843479, -0.041, 0.015182499), (0.11507846, -0.041, 0.013429913), (0.121720105, -0.041, 0.013036712), (0.12836039, -0.041, 0.011906373), (0.135, -0.041, 0.00060411915), (-0.135, -0.034166668, 0.0006), (-0.12814558, -0.034166668, 0.011891992), (-0.121291794, -0.034166668, 0.013431553), (-0.1144393, -0.034166668, 0.013713651), (-0.107588716, -0.034166668, 0.015159305), (-0.10074067, -0.034166668, 0.017014593), (-0.09389576, -0.034166668, 0.016925348), (-0.08705459, -0.034166668, 0.016219923), (-0.08021769, -0.034166668, 0.017573731), (-0.073385626, -0.034166668, 0.019290293), (-0.06655888, -0.034166668, 0.018559), (-0.059737943, -0.034166668, 0.017495865), (-0.052923247, -0.034166668, 0.01900638), (-0.046115186, -0.034166668, 0.020603014), (-0.03931412, -0.034166668, 0.019385008), (-0.032520372, -0.034166668, 0.018196257), (-0.0257342, -0.034166668, 0.019869521), (-0.018955832, -0.034166668, 0.021255579), (-0.012185445, -0.034166668, 0.019665128), (-0.0054231617, -0.034166668, 0.01850441), (0.0013309412, -0.034166668, 0.020262094), (0.008076838, -0.034166668, 0.021340441), (0.014814555, -0.034166668, 0.019503836), (0.021544168, -0.034166668, 0.018470982), (0.0282658, -0.034166668, 0.020184286), (0.03497963, -0.034166668, 0.020879483), (0.041685876, -0.034166668, 0.01893214), (0.048384815, -0.034166668, 0.01806819), (0.055076756, -0.034166668, 0.01957493), (0.061762057, -0.034166668, 0.019839386), (0.068441115, -0.034166668, 0.017903559), (0.07511438, -0.034166668, 0.01717595), (0.08178231, -0.034166668, 0.018281642), (0.08844542, -0.034166668, 0.018072505), (0.09510423, -0.034166668, 0.016204568), (0.10175933, -0.034166668, 0.0154521875), (0.10841128, -0.034166668, 0.015847309), (0.1150607, -0.034166668, 0.014955885), (0.12170821, -0.034166668, 0.012835744), (0.12835443, -0.034166668, 0.011038454), (0.135, -0.034166668, 0.00060457486), (-0.135, -0.027333334, 0.0006), (-0.12821996, -0.027333334, 0.011083691), (-0.121440105, -0.027333334, 0.013943939), (-0.11466062, -0.027333334, 0.01506202), (-0.10788168, -0.027333334, 0.014952742), (-0.10110348, -0.027333334, 0.015906181), (-0.094326176, -0.027333334, 0.017521786), (-0.08754995, -0.027333334, 0.017804114), (-0.08077495, -0.027333334, 0.01739535), (-0.074001335, -0.027333334, 0.01807942), (-0.06722926, -0.027333334, 0.019151531), (-0.060458854, -0.027333334, 0.01917553), (-0.053690244, -0.027333334, 0.018891038), (-0.04692354, -0.027333334, 0.019368628), (-0.04015885, -0.027333334, 0.019923285), (-0.033396263, -0.027333334, 0.019891052), (-0.026635857, -0.027333334, 0.019847116), (-0.019877696, -0.027333334, 0.020051153), (-0.013121831, -0.027333334, 0.020108026), (-0.006368298, -0.027333334, 0.020156782), (0.0003828823, -0.027333334, 0.020358527), (0.007131702, -0.027333334, 0.020204127), (0.013878169, -0.027333334, 0.01981743), (0.020622304, -0.027333334, 0.020038147), (0.027364142, -0.027333334, 0.020418072), (0.034103736, -0.027333334, 0.019837316), (0.04084115, -0.027333334, 0.019092266), (0.04757646, -0.027333334, 0.019517638), (0.05430976, -0.027333334, 0.019952059), (0.061041147, -0.027333334, 0.01890857), (0.06777074, -0.027333334, 0.017900093), (0.07449866, -0.027333334, 0.018479014), (0.08122505, -0.027333334, 0.018788), (0.08795006, -0.027333334, 0.017267857), (0.09467383, -0.027333334, 0.01604815), (0.10139652, -0.027333334, 0.016568167), (0.10811832, -0.027333334, 0.016430508), (0.11483938, -0.027333334, 0.01431057), (0.121559896, -0.027333334, 0.012580267), (0.12828004, -0.027333334, 0.011813486), (0.135, -0.027333334, 0.0006050774), (-0.135, -0.0205, 0.0006), (-0.12831402, -0.0205, 0.012211966), (-0.12162766, -0.0205, 0.013745674), (-0.1149405, -0.0205, 0.013914698), (-0.10825217, -0.0205, 0.015444106), (-0.101562284, -0.0205, 0.017455356), (-0.09487047, -0.0205, 0.017308477), (-0.08817638, -0.0205, 0.016483411), (-0.08147965, -0.0205, 0.017920539), (-0.07477997, -0.0205, 0.019763473), (-0.06807702, -0.0205, 0.01896867), (-0.061370514, -0.0205, 0.017810807), (-0.054660182, -0.0205, 0.019391576), (-0.047945783, -0.0205, 0.02107631), (-0.04122709, -0.0205, 0.019808233), (-0.034503914, -0.0205, 0.01855828), (-0.027776092, -0.0205, 0.020274598), (-0.021043485, -0.0205, 0.021709226), (-0.014305985, -0.0205, 0.020097023), (-0.007563516, -0.0205, 0.01890776), (-0.00081603165, -0.0205, 0.020669421), (0.005936484, -0.0205, 0.021761794), (0.012694015, -0.0205, 0.019942086), (0.019456515, -0.0205, 0.018906094), (0.026223907, -0.0205, 0.020576863), (0.032996085, -0.0205, 0.021261064), (0.03977291, -0.0205, 0.019373598), (0.04655422, -0.0205, 0.018520491), (0.053339817, -0.0205, 0.019936781), (0.060129486, -0.0205, 0.020177051), (0.06692298, -0.0205, 0.018340865), (0.07372003, -0.0205, 0.017624563), (0.08052035, -0.0205, 0.018597549), (0.08732362, -0.0205, 0.018362291), (0.09412953, -0.0205, 0.016620586), (0.10093772, -0.0205, 0.015865395), (0.10774783, -0.0205, 0.016098892), (0.1145595, -0.0205, 0.01518461), (0.12137234, -0.0205, 0.013180782), (0.12818597, -0.0205, 0.011333939), (0.135, -0.0205, 0.00060459203), (-0.135, -0.013666667, 0.0006), (-0.12836614, -0.013666667, 0.012136103), (-0.12173157, -0.013666667, 0.013967645), (-0.11509557, -0.013666667, 0.014320573), (-0.10845744, -0.013666667, 0.015441062), (-0.10181649, -0.013666667, 0.017061813), (-0.09517204, -0.013666667, 0.017479278), (-0.088523455, -0.013666667, 0.01728291), (-0.0818701, -0.013666667, 0.017995154), (-0.075211376, -0.013666667, 0.018992925), (-0.068546735, -0.013666667, 0.019117104), (-0.06187563, -0.013666667, 0.019013412), (-0.05519759, -0.013666667, 0.019473504), (-0.048512165, -0.013666667, 0.019929646), (-0.041818958, -0.013666667, 0.020002134), (-0.03511762, -0.013666667, 0.020128474), (-0.028407851, -0.013666667, 0.020285051), (-0.0216894, -0.013666667, 0.020237101), (-0.014962077, -0.013666667, 0.020404039), (-0.008225738, -0.013666667, 0.020766292), (-0.0014803017, -0.013666667, 0.020542363), (0.005274262, -0.013666667, 0.020056468), (0.012037924, -0.013666667, 0.020410025), (0.0188106, -0.013666667, 0.020938052), (0.02559215, -0.013666667, 0.02027383), (0.03238238, -0.013666667, 0.019445125), (0.039181042, -0.013666667, 0.020017138), (0.045987837, -0.013666667, 0.020586932), (0.05280241, -0.013666667, 0.019456785), (0.05962437, -0.013666667, 0.018390302), (0.06645327, -0.013666667, 0.019133002), (0.07328862, -0.013666667, 0.01957406), (0.0801299, -0.013666667, 0.017982885), (0.08697654, -0.013666667, 0.016751494), (0.093827955, -0.013666667, 0.017485123), (0.10068351, -0.013666667, 0.01753504), (0.10754256, -0.013666667, 0.01544398), (0.11440443, -0.013666667, 0.013917435), (0.12126843, -0.013666667, 0.013955096), (0.12813386, -0.013666667, 0.012438593), (0.135, -0.013666667, 0.0006039421), (-0.135, -0.0068333335, 0.0006), (-0.12834217, -0.0068333335, 0.01100627), (-0.12168377, -0.0068333335, 0.013596499), (-0.11502423, -0.0068333335, 0.01585183), (-0.10836301, -0.0068333335, 0.015835203), (-0.101699546, -0.0068333335, 0.015500282), (-0.09503331, -0.0068333335, 0.017339181), (-0.08836379, -0.0068333335, 0.01903669), (-0.08169048, -0.0068333335, 0.018112319), (-0.075012915, -0.0068333335, 0.017370123), (-0.068330646, -0.0068333335, 0.01929835), (-0.06164326, -0.0068333335, 0.020726275), (-0.054950364, -0.0068333335, 0.019278063), (-0.04825161, -0.0068333335, 0.01845982), (-0.041546676, -0.0068333335, 0.020488573), (-0.034835294, -0.0068333335, 0.02160634), (-0.028117219, -0.0068333335, 0.019823732), (-0.021392256, -0.0068333335, 0.019085208), (-0.014660251, -0.0068333335, 0.021114549), (-0.007921093, -0.0068333335, 0.021865964), (-0.0011747143, -0.0068333335, 0.019916827), (0.005578907, -0.0068333335, 0.019333374), (0.012339748, -0.0068333335, 0.021220442), (0.019107744, -0.0068333335, 0.021576302), (0.02588278, -0.0068333335, 0.01961759), (0.032664705, -0.0068333335, 0.019197153), (0.03945332, -0.0068333335, 0.020783896), (0.04624839, -0.0068333335, 0.020748775), (0.053049635, -0.0068333335, 0.018909652), (0.05985674, -0.0068333335, 0.01859295), (0.06666935, -0.0068333335, 0.019719321), (0.07348708, -0.0068333335, 0.019315854), (0.08030952, -0.0068333335, 0.017663082), (0.08713622, -0.0068333335, 0.017307185), (0.09396669, -0.0068333335, 0.01778921), (0.100800455, -0.0068333335, 0.016986672), (0.107636996, -0.0068333335, 0.015415066), (0.11447577, -0.0068333335, 0.014640212), (0.12131623, -0.0068333335, 0.013949219), (0.12815784, -0.0068333335, 0.011867052), (0.135, -0.0068333335, 0.00060414633), (-0.135, 0, 0.0006), (-0.12825781, 0, 0.011640555), (-0.121515565, 0, 0.014171778), (-0.11477322, 0, 0.014984412), (-0.108030744, 0, 0.015371641), (-0.10128807, 0, 0.016598407), (-0.09454516, 0, 0.017696086), (-0.08780198, 0, 0.017834276), (-0.08105847, 0, 0.017987985), (-0.07431461, 0, 0.018718975), (-0.06757034, 0, 0.019252481), (-0.060825646, 0, 0.0193678), (-0.054080483, 0, 0.019601773), (-0.047334824, 0, 0.019876132), (-0.04058864, 0, 0.01997925), (-0.03384191, 0, 0.020275384), (-0.027094614, 0, 0.02061058), (-0.020346735, 0, 0.020385746), (-0.013598258, 0, 0.020165507), (-0.0068491763, 0, 0.02073667), (-0.000099482844, 0, 0.021104502), (0.0066508236, 0, 0.020356588), (0.013401742, 0, 0.019926613), (0.020153265, 0, 0.020789228), (0.026905386, 0, 0.021080272), (0.03365809, 0, 0.019826626), (0.04041136, 0, 0.019294832), (0.047165178, 0, 0.020388968), (0.053919517, 0, 0.020477057), (0.060674354, 0, 0.018776763), (0.067429654, 0, 0.018217852), (0.074185394, 0, 0.019395849), (0.08094153, 0, 0.019142564), (0.08769802, 0, 0.017072778), (0.09445483, 0, 0.016470147), (0.10121193, 0, 0.0174304), (0.10796926, 0, 0.016606206), (0.114726774, 0, 0.0141192125), (0.121484436, 0, 0.013026706), (0.1282422, 0, 0.012428196), (0.135, 0, 0.0006049459), (-0.135, 0.0068333335, 0.0006), (-0.12816833, 0.0068333335, 0.010986622), (-0.12133716, 0.0068333335, 0.0139685385), (-0.114507, 0.0068333335, 0.015837383), (-0.10767834, 0.0068333335, 0.015390001), (-0.100851655, 0.0068333335, 0.015561348), (-0.09402743, 0.0068333335, 0.017831787), (-0.08720612, 0.0068333335, 0.018922694), (-0.08038816, 0.0068333335, 0.017590437), (-0.07357397, 0.0068333335, 0.017539963), (-0.06676395, 0.0068333335, 0.019833572), (-0.059958473, 0.0068333335, 0.020500489), (-0.053157873, 0.0068333335, 0.018744297), (-0.046362463, 0.0068333335, 0.018739093), (-0.039572526, 0.0068333335, 0.021007104), (-0.03278831, 0.0068333335, 0.021278387), (-0.02601002, 0.0068333335, 0.019333009), (-0.019237833, 0.0068333335, 0.01945491), (-0.012471888, 0.0068333335, 0.021566374), (-0.0057122814, 0.0068333335, 0.021463273), (0.0010409273, 0.0068333335, 0.019513225), (0.0077877184, 0.0068333335, 0.019758804), (0.014528112, 0.0068333335, 0.021568526), (0.021262167, 0.0068333335, 0.021139488), (0.02798998, 0.0068333335, 0.019330075), (0.034711692, 0.0068333335, 0.019633317), (0.041427474, 0.0068333335, 0.021008177), (0.048137538, 0.0068333335, 0.020325523), (0.05484213, 0.0068333335, 0.018748786), (0.061541528, 0.0068333335, 0.018991252), (0.068236046, 0.0068333335, 0.019819094), (0.074926026, 0.0068333335, 0.01895387), (0.08161184, 0.0068333335, 0.017619584), (0.08829388, 0.0068333335, 0.017622553), (0.09497257, 0.0068333335, 0.017783785), (0.101648346, 0.0068333335, 0.01672689), (0.10832167, 0.0068333335, 0.015459245), (0.114993, 0.0068333335, 0.014836571), (0.12166284, 0.0068333335, 0.013880942), (0.12833168, 0.0068333335, 0.011744561), (0.135, 0.0068333335, 0.0006042347), (-0.135, 0.013666667, 0.0006), (-0.12813236, 0.013666667, 0.012057846), (-0.12126545, 0.013666667, 0.0137043055), (-0.114399984, 0.013666667, 0.014462283), (-0.10753667, 0.013666667, 0.015706424), (-0.10067622, 0.013666667, 0.016861843), (-0.09381931, 0.013666667, 0.017239133), (-0.0869666, 0.013666667, 0.017535094), (-0.08011871, 0.013666667, 0.018192764), (-0.07327625, 0.013666667, 0.01869673), (-0.0664398, 0.013666667, 0.018974641), (-0.059609886, 0.013666667, 0.019343534), (-0.052787002, 0.013666667, 0.019551707), (-0.045971595, 0.013666667, 0.019577136), (-0.03916407, 0.013666667, 0.01999414), (-0.032364782, 0.013666667, 0.020490881), (-0.025574036, 0.013666667, 0.02021993), (-0.01879208, 0.013666667, 0.019877717), (-0.012019112, 0.013666667, 0.02054221), (-0.0052552745, 0.013666667, 0.02110983), (0.0014993474, 0.013666667, 0.020334084), (0.008244725, 0.013666667, 0.019740963), (0.014980888, 0.013666667, 0.020682747), (0.02170792, 0.013666667, 0.021214468), (0.028425964, 0.013666667, 0.01994483), (0.035135217, 0.013666667, 0.019217221), (0.041835926, 0.013666667, 0.020392021), (0.048528403, 0.013666667, 0.020758962), (0.055212997, 0.013666667, 0.019048333), (0.061890114, 0.013666667, 0.01827903), (0.0685602, 0.013666667, 0.019561103), (0.07522375, 0.013666667, 0.019622568), (0.08188129, 0.013666667, 0.017550422), (0.08853341, 0.013666667, 0.016764404), (0.09518069, 0.013666667, 0.017905273), (0.10182378, 0.013666667, 0.017466154), (0.108463325, 0.013666667, 0.0150550855), (0.11510002, 0.013666667, 0.014030826), (0.12173455, 0.013666667, 0.014286637), (0.12836763, 0.013666667, 0.01230782), (0.135, 0.013666667, 0.000603641), (-0.135, 0.0205, 0.0006), (-0.12817347, 0.0205, 0.012101408), (-0.12134741, 0.0205, 0.01426047), (-0.11452229, 0.0205, 0.014065873), (-0.107698575, 0.0205, 0.014839618), (-0.10087672, 0.0205, 0.017276252), (-0.094057165, 0.0205, 0.017974263), (-0.08724034, 0.0205, 0.016684223), (-0.080426656, 0.0205, 0.017209213), (-0.073616505, 0.0205, 0.019545682), (-0.066810265, 0.0205, 0.01971351), (-0.060008276, 0.0205, 0.018041614), (-0.05321086, 0.0205, 0.018623818), (-0.04641831, 0.0205, 0.020835845), (-0.039630882, 0.0205, 0.020588953), (-0.03284882, 0.0205, 0.01880565), (-0.026072308, 0.0205, 0.01949051), (-0.019301519, 0.0205, 0.021457108), (-0.012536578, 0.0205, 0.020875184), (-0.005777575, 0.0205, 0.019163072), (0.00097543176, 0.0205, 0.019906143), (0.007722425, 0.0205, 0.021504264), (0.014463423, 0.0205, 0.020681951), (0.021198481, 0.0205, 0.019165363), (0.027927691, 0.0205, 0.019868413), (0.034651183, 0.0205, 0.021000134), (0.041369118, 0.0205, 0.02004325), (0.048081692, 0.0205, 0.018783234), (0.05478914, 0.0205, 0.019312615), (0.061491724, 0.0205, 0.01991235), (0.06818973, 0.0205, 0.018913545), (0.07488349, 0.0205, 0.017891018), (0.081573345, 0.0205, 0.018081779), (0.08825966, 0.0205, 0.01809519), (0.09494284, 0.0205, 0.017074216), (0.10162328, 0.0205, 0.016130056), (0.10830142, 0.0205, 0.015713582), (0.11497771, 0.0205, 0.0149302045), (0.12165259, 0.0205, 0.013486102), (0.12832654, 0.0205, 0.011552078), (0.135, 0.0205, 0.0006043309), (-0.135, 0.027333334, 0.0006), (-0.12826471, 0.027333334, 0.0115836), (-0.12152934, 0.027333334, 0.01310906), (-0.114793785, 0.027333334, 0.014566323), (-0.10805796, 0.027333334, 0.015760075), (-0.10132178, 0.027333334, 0.01632884), (-0.09458515, 0.027333334, 0.016831912), (-0.087848, 0.027333334, 0.017467964), (-0.08111025, 0.027333334, 0.01791176), (-0.074371815, 0.027333334, 0.018334474), (-0.06763263, 0.027333334, 0.01884854), (-0.060892623, 0.027333334, 0.018985586), (-0.05415174, 0.027333334, 0.018952375), (-0.047409922, 0.027333334, 0.019516168), (-0.04066712, 0.027333334, 0.02012147), (-0.033923287, 0.027333334, 0.019759037), (-0.027178383, 0.027333334, 0.019381408), (-0.020432381, 0.027333334, 0.020196594), (-0.013685253, 0.027333334, 0.020839697), (-0.0069369846, 0.027333334, 0.01996878), (-0.00018756285, 0.027333334, 0.019371672), (0.0065630153, 0.027333334, 0.020462267), (0.013314746, 0.027333334, 0.021039942), (0.02006762, 0.027333334, 0.019685507), (0.026821617, 0.027333334, 0.01898757), (0.033576716, 0.027333334, 0.02030407), (0.04033288, 0.027333334, 0.020695686), (0.047090076, 0.027333334, 0.01892337), (0.05384826, 0.027333334, 0.018217428), (0.060607377, 0.027333334, 0.019636102), (0.067367375, 0.027333334, 0.019718224), (0.07412819, 0.027333334, 0.01762169), (0.080889754, 0.027333334, 0.016939918), (0.087652, 0.027333334, 0.018240111), (0.094414845, 0.027333334, 0.017865565), (0.10117822, 0.027333334, 0.015511321), (0.10794204, 0.027333334, 0.014717009), (0.11470621, 0.027333334, 0.015394837), (0.12147066, 0.027333334, 0.01407891), (0.12823528, 0.027333334, 0.010845041), (0.135, 0.027333334, 0.00060366903), (-0.135, 0.034166668, 0.0006), (-0.12834632, 0.034166668, 0.0122057395), (-0.12169205, 0.034166668, 0.013377591), (-0.11503659, 0.034166668, 0.013380971), (-0.10837937, 0.034166668, 0.015261971), (-0.10171981, 0.034166668, 0.017310955), (-0.09505735, 0.034166668, 0.016779657), (-0.08839145, 0.034166668, 0.015986212), (-0.081721604, 0.034166668, 0.017753039), (-0.07504731, 0.034166668, 0.019444382), (-0.06836809, 0.034166668, 0.018357977), (-0.061683528, 0.034166668, 0.017432554), (-0.054993205, 0.034166668, 0.019215599), (-0.04829676, 0.034166668, 0.020569112), (-0.041593865, 0.034166668, 0.019181969), (-0.03488422, 0.034166668, 0.01832955), (-0.028167585, 0.034166668, 0.020051884), (-0.02144375, 0.034166668, 0.021024678), (-0.014712556, 0.034166668, 0.019517371), (-0.007973886, 0.034166668, 0.018827451), (-0.0012276709, 0.034166668, 0.020362543), (0.005526114, 0.034166668, 0.020934096), (0.0122874435, 0.034166668, 0.019461552), (0.01905625, 0.034166668, 0.018948797), (0.025832416, 0.034166668, 0.020159962), (0.03261578, 0.034166668, 0.020344587), (0.039406136, 0.034166668, 0.019028597), (0.046203237, 0.034166668, 0.018643687), (0.053006794, 0.034166668, 0.01940421), (0.059816472, 0.034166668, 0.019241383), (0.066631906, 0.034166668, 0.018146822), (0.07345269, 0.034166668, 0.01777716), (0.0802784, 0.034166668, 0.01797198), (0.087108545, 0.034166668, 0.017488398), (0.09394265, 0.034166668, 0.01656911), (0.10078019, 0.034166668, 0.015997447), (0.10762063, 0.034166668, 0.015447132), (0.114463404, 0.034166668, 0.014475347), (0.12130795, 0.034166668, 0.013235897), (0.12815368, 0.034166668, 0.011406348), (0.135, 0.034166668, 0.0006041502), (-0.135, 0.041, 0.0006), (-0.12836482, 0.041, 0.011348181), (-0.121728934, 0.041, 0.0129331), (-0.11509164, 0.041, 0.014144886), (-0.10845223, 0.041, 0.015184309), (-0.10181003, 0.041, 0.015878957), (-0.09516439, 0.041, 0.016522508), (-0.08851465, 0.041, 0.017084615), (-0.081860185, 0.041, 0.01731698), (-0.07520043, 0.041, 0.017690817), (-0.06853481, 0.041, 0.018446462), (-0.061862808, 0.041, 0.01871209), (-0.055183947, 0.041, 0.018356735), (-0.04849779, 0.041, 0.018681038), (-0.041803934, 0.041, 0.01966919), (-0.03510204, 0.041, 0.019624798), (-0.028391814, 0.041, 0.018774573), (-0.021673003, 0.041, 0.019185808), (-0.014945421, 0.041, 0.020382011), (-0.008208928, 0.041, 0.019976871), (-0.001463439, 0.041, 0.018736238), (0.005291072, 0.041, 0.019309672), (0.012054578, 0.041, 0.020618586), (0.018826995, 0.041, 0.019817807), (0.025608188, 0.041, 0.018310234), (0.03239796, 0.041, 0.019061524), (0.039196067, 0.041, 0.020343851), (0.046002213, 0.041, 0.019145377), (0.052816052, 0.041, 0.017497512), (0.059637193, 0.041, 0.01837193), (0.06646519, 0.041, 0.019456502), (0.07329957, 0.041, 0.017888192), (0.080139816, 0.041, 0.016197776), (0.08698536, 0.041, 0.017040092), (0.093835615, 0.041, 0.017700462), (0.10068996, 0.041, 0.015771814), (0.107547775, 0.041, 0.014010837), (0.11440837, 0.041, 0.014385388), (0.12127107, 0.041, 0.0140072275), (0.12813517, 0.041, 0.011035653), (0.135, 0.041, 0.0006032637), (-0.135, 0.047833335, 0.0006), (-0.12830809, 0.047833335, 0.01030328), (-0.12161583, 0.047833335, 0.013354148), (-0.114922844, 0.047833335, 0.014810245), (-0.108228795, 0.047833335, 0.014159277), (-0.10153334, 0.047833335, 0.014690205), (-0.09483613, 0.047833335, 0.016981836), (-0.08813686, 0.047833335, 0.017575344), (-0.081435196, 0.047833335, 0.01624459), (-0.07473085, 0.047833335, 0.016660402), (-0.06802354, 0.047833335, 0.018794823), (-0.061313003, 0.047833335, 0.018938642), (-0.054598995, 0.047833335, 0.017408503), (-0.047881294, 0.047833335, 0.017880868), (-0.0411597, 0.047833335, 0.019786457), (-0.03443404, 0.047833335, 0.019584652), (-0.02770416, 0.047833335, 0.01808105), (-0.02096994, 0.047833335, 0.01861073), (-0.014231282, 0.047833335, 0.020176368), (-0.007488115, 0.047833335, 0.01972055), (-0.0007403977, 0.047833335, 0.018388508), (0.0060118847, 0.047833335, 0.018907093), (0.0127687175, 0.047833335, 0.020039095), (0.01953006, 0.047833335, 0.019430779), (0.02629584, 0.047833335, 0.018351397), (0.033065964, 0.047833335, 0.018752212), (0.0398403, 0.047833335, 0.019391404), (0.046618707, 0.047833335, 0.0187299), (0.053401005, 0.047833335, 0.017915765), (0.060186997, 0.047833335, 0.018071327), (0.06697646, 0.047833335, 0.018192017), (0.07376915, 0.047833335, 0.017544096), (0.080564804, 0.047833335, 0.016921809), (0.087363146, 0.047833335, 0.016682396), (0.094163865, 0.047833335, 0.01625682), (0.10096666, 0.047833335, 0.015576987), (0.1077712, 0.047833335, 0.014896677), (0.11457716, 0.047833335, 0.013961673), (0.12138417, 0.047833335, 0.012662058), (0.1281919, 0.047833335, 0.01102242), (0.135, 0.047833335, 0.0006043019), (-0.135, 0.05466667, 0.0006), (-0.1282133, 0.05466667, 0.010691455), (-0.12142683, 0.05466667, 0.012490169), (-0.11464081, 0.05466667, 0.013631949), (-0.10785546, 0.05466667, 0.014496091), (-0.10107101, 0.05466667, 0.015348881), (-0.094287656, 0.05466667, 0.015854929), (-0.08750561, 0.05466667, 0.016049685), (-0.080725074, 0.05466667, 0.016674079), (-0.07394623, 0.05466667, 0.017502582), (-0.067169264, 0.05466667, 0.017499292), (-0.06039433, 0.05466667, 0.017192831), (-0.053621594, 0.05466667, 0.017922303), (-0.04685119, 0.05466667, 0.018840816), (-0.040083244, 0.05466667, 0.018369097), (-0.03331787, 0.05466667, 0.017716758), (-0.026555158, 0.05466667, 0.01866085), (-0.019795189, 0.05466667, 0.019620316), (-0.013038024, 0.05466667, 0.018686859), (-0.006283708, 0.05466667, 0.017821042), (0.000467734, 0.05466667, 0.019001413), (0.007216292, 0.05466667, 0.019900916), (0.013961975, 0.05466667, 0.01853794), (0.02070481, 0.05466667, 0.017581724), (0.027444841, 0.05466667, 0.018951878), (0.03418213, 0.05466667, 0.019674085), (0.040916756, 0.05466667, 0.017949365), (0.04764881, 0.05466667, 0.017002197), (0.054378405, 0.05466667, 0.018451137), (0.06110567, 0.05466667, 0.018878946), (0.06783074, 0.05466667, 0.016886625), (0.074553765, 0.05466667, 0.015998246), (0.08127493, 0.05466667, 0.017340155), (0.08799439, 0.05466667, 0.017347977), (0.09471235, 0.05466667, 0.01517082), (0.10142899, 0.05466667, 0.014276258), (0.10814454, 0.05466667, 0.015156657), (0.11485919, 0.05466667, 0.014460816), (0.12157317, 0.05466667, 0.01190919), (0.1282867, 0.05466667, 0.010144654), (0.135, 0.05466667, 0.0006045797), (-0.135, 0.0615, 0.0006), (-0.12814255, 0.0615, 0.010006274), (-0.121285774, 0.0615, 0.012940108), (-0.114430316, 0.0615, 0.013774193), (-0.107576825, 0.0615, 0.013182332), (-0.10072595, 0.0615, 0.014292864), (-0.0938783, 0.0615, 0.016372716), (-0.08703448, 0.0615, 0.01630185), (-0.08019508, 0.0615, 0.015199246), (-0.07336064, 0.0615, 0.016226886), (-0.06653167, 0.0615, 0.018026613), (-0.059708685, 0.0615, 0.017549599), (-0.05289212, 0.0615, 0.016381321), (-0.04608238, 0.0615, 0.017403902), (-0.03927984, 0.0615, 0.01887716), (-0.032484822, 0.0615, 0.018164389), (-0.025697606, 0.0615, 0.017112292), (-0.01891842, 0.0615, 0.018069811), (-0.0121474415, 0.0615, 0.019152744), (-0.0053848037, 0.0615, 0.01834065), (0.0013694179, 0.0615, 0.01749329), (0.008115197, 0.0615, 0.018282978), (0.014852558, 0.0615, 0.018941041), (0.02158158, 0.0615, 0.018151436), (0.028302394, 0.0615, 0.017528312), (0.035015177, 0.0615, 0.018036252), (0.04172016, 0.0615, 0.018271476), (0.04841762, 0.0615, 0.017598314), (0.055107884, 0.0615, 0.017154954), (0.061791312, 0.0615, 0.017273387), (0.068468325, 0.0615, 0.017113639), (0.075139366, 0.0615, 0.016594622), (0.08180492, 0.0615, 0.016215943), (0.08846552, 0.0615, 0.015840651), (0.095121704, 0.0615, 0.01529597), (0.10177405, 0.0615, 0.014838429), (0.10842317, 0.0615, 0.014263239), (0.11506969, 0.0615, 0.013172325), (0.12171423, 0.0615, 0.011941373), (0.12835744, 0.0615, 0.010579222), (0.135, 0.0615, 0.00060413993), (-0.135, 0.068333335, 0.0006), (-0.12814221, 0.068333335, 0.010104565), (-0.12128507, 0.068333335, 0.011810083), (-0.11442927, 0.068333335, 0.012761774), (-0.10757545, 0.068333335, 0.013429532), (-0.100724235, 0.068333335, 0.0143641345), (-0.093876265, 0.068333335, 0.015117824), (-0.08703215, 0.068333335, 0.015130408), (-0.08019245, 0.068333335, 0.015286232), (-0.07335773, 0.068333335, 0.01627748), (-0.066528514, 0.068333335, 0.016849611), (-0.059705283, 0.068333335, 0.016284868), (-0.052888498, 0.068333335, 0.016251488), (-0.046078563, 0.068333335, 0.017464045), (-0.03927585, 0.068333335, 0.017866896), (-0.032480687, 0.068333335, 0.016816182), (-0.02569335, 0.068333335, 0.016742963), (-0.018914068, 0.068333335, 0.018176723), (-0.012143022, 0.068333335, 0.018352121), (-0.0053803427, 0.068333335, 0.016904894), (0.0013738927, 0.068333335, 0.016890839), (0.008119658, 0.068333335, 0.01847182), (0.014856977, 0.068333335, 0.018360062), (0.021585932, 0.068333335, 0.01662693), (0.02830665, 0.068333335, 0.01672617), (0.035019312, 0.068333335, 0.018331897), (0.04172415, 0.068333335, 0.017894281), (0.048421435, 0.068333335, 0.015999041), (0.0551115, 0.068333335, 0.016211133), (0.061794717, 0.068333335, 0.017682862), (0.06847149, 0.068333335, 0.01690566), (0.07514227, 0.068333335, 0.014962687), (0.081807554, 0.068333335, 0.015211863), (0.08846786, 0.068333335, 0.016345175), (0.09512373, 0.068333335, 0.01521231), (0.101775765, 0.068333335, 0.01326894), (0.10842456, 0.068333335, 0.013315359), (0.11507073, 0.068333335, 0.013708428), (0.12171493, 0.068333335, 0.011937249), (0.1283578, 0.068333335, 0.009382155), (0.135, 0.068333335, 0.00060358754), (-0.135, 0.075166665, 0.0006), (-0.12821248, 0.075166665, 0.009097543), (-0.12142519, 0.075166665, 0.010663443), (-0.11463836, 0.075166665, 0.012955709), (-0.10785222, 0.075166665, 0.013586461), (-0.10106699, 0.075166665, 0.012831411), (-0.09428289, 0.075166665, 0.013608611), (-0.087500125, 0.075166665, 0.015466665), (-0.080718905, 0.075166665, 0.0154980505), (-0.07393942, 0.075166665, 0.0144402515), (-0.06716184, 0.075166665, 0.015169256), (-0.060386352, 0.075166665, 0.016752878), (-0.053613108, 0.075166665, 0.016466068), (-0.046842244, 0.075166665, 0.01541774), (-0.040073898, 0.075166665, 0.016130634), (-0.033308174, 0.075166665, 0.017379684), (-0.02654518, 0.075166665, 0.016908934), (-0.019784987, 0.075166665, 0.016014237), (-0.0130276615, 0.075166665, 0.01664919), (-0.006273248, 0.075166665, 0.017507667), (0.00047822666, 0.075166665, 0.016969087), (0.0072267526, 0.075166665, 0.016294058), (0.013972339, 0.075166665, 0.016757293), (0.020715013, 0.075166665, 0.01720129), (0.027454821, 0.075166665, 0.016697448), (0.034191824, 0.075166665, 0.01624484), (0.040926103, 0.075166665, 0.016436204), (0.047657754, 0.075166665, 0.016476482), (0.054386895, 0.075166665, 0.016080035), (0.061113648, 0.075166665, 0.015791576), (0.067838155, 0.075166665, 0.015618123), (0.07456058, 0.075166665, 0.015285997), (0.081281096, 0.075166665, 0.015007681), (0.08799987, 0.075166665, 0.01475089), (0.09471711, 0.075166665, 0.014115452), (0.10143301, 0.075166665, 0.013406603), (0.10814778, 0.075166665, 0.013093011), (0.11486164, 0.075166665, 0.012528947), (0.12157481, 0.075166665, 0.011102163), (0.12828752, 0.075166665, 0.009361794), (0.135, 0.075166665, 0.00060371245), (-0.135, 0.082, 0.0006), (-0.12830733, 0.082, 0.008982535), (-0.121614315, 0.082, 0.010563254), (-0.114920594, 0.082, 0.011759113), (-0.108225815, 0.082, 0.012236279), (-0.10152965, 0.082, 0.012489378), (-0.09483176, 0.082, 0.013377295), (-0.08813182, 0.082, 0.014213567), (-0.08142953, 0.082, 0.014019144), (-0.07472459, 0.082, 0.013850167), (-0.06801673, 0.082, 0.014843034), (-0.061305676, 0.082, 0.015605797), (-0.054591198, 0.082, 0.014926455), (-0.047873076, 0.082, 0.014558722), (-0.041151114, 0.082, 0.015754253), (-0.034425136, 0.082, 0.016418569), (-0.027694996, 0.082, 0.015322462), (-0.020960571, 0.082, 0.014887224), (-0.014221765, 0.082, 0.016273566), (-0.007478509, 0.082, 0.016769595), (-0.0007307618, 0.082, 0.015333488), (0.006021491, 0.082, 0.014926908), (0.012778235, 0.082, 0.01643217), (0.019539429, 0.082, 0.016690236), (0.026305005, 0.082, 0.015012219), (0.033074863, 0.082, 0.014693581), (0.039848886, 0.082, 0.0162024), (0.04662692, 0.082, 0.016169945), (0.0534088, 0.082, 0.01436052), (0.060194325, 0.082, 0.014140319), (0.066983275, 0.082, 0.015500744), (0.07377541, 0.082, 0.015142663), (0.08057047, 0.082, 0.013301115), (0.087368175, 0.082, 0.013115871), (0.09416824, 0.082, 0.014118782), (0.10097035, 0.082, 0.013375942), (0.10777418, 0.082, 0.011515214), (0.11457941, 0.082, 0.011096301), (0.121385686, 0.082, 0.01120338), (0.12819266, 0.082, 0.009398056), (0.135, 0.082, 0.00060274644), (-0.135, 0.08883333, 0.0006), (-0.12836462, 0.08883333, 0.008656792), (-0.12172855, 0.08883333, 0.009041717), (-0.115091056, 0.08883333, 0.010256119), (-0.10845146, 0.08883333, 0.011980828), (-0.10180909, 0.08883333, 0.01206537), (-0.09516327, 0.08883333, 0.011437549), (-0.08851336, 0.08883333, 0.012354447), (-0.08185874, 0.08883333, 0.013725723), (-0.07519883, 0.08883333, 0.013416875), (-0.06853306, 0.08883333, 0.012692262), (-0.061860934, 0.08883333, 0.013541082), (-0.05518195, 0.08883333, 0.014610148), (-0.048495684, 0.08883333, 0.014126711), (-0.041801736, 0.08883333, 0.013492541), (-0.035099763, 0.08883333, 0.0142390095), (-0.028389469, 0.08883333, 0.014979665), (-0.021670606, 0.08883333, 0.014453596), (-0.014942986, 0.08883333, 0.013981653), (-0.008206469, 0.08883333, 0.0145476805), (-0.0014609729, 0.08883333, 0.0149520645), (0.005293531, 0.08883333, 0.014488142), (0.012057014, 0.08883333, 0.014186158), (0.018829394, 0.08883333, 0.014488668), (0.025610533, 0.08883333, 0.014577879), (0.032400236, 0.08883333, 0.014251508), (0.039198264, 0.08883333, 0.014077288), (0.046004314, 0.08883333, 0.014046273), (0.05281805, 0.08883333, 0.013863653), (0.059639066, 0.08883333, 0.0137057), (0.066466935, 0.08883333, 0.0135725895), (0.073301174, 0.08883333, 0.013157464), (0.08014126, 0.08883333, 0.012746261), (0.086986646, 0.08883333, 0.012711767), (0.09383673, 0.08883333, 0.012473703), (0.10069091, 0.08883333, 0.011617511), (0.107548535, 0.08883333, 0.010942093), (0.11440894, 0.08883333, 0.010769462), (0.121271454, 0.08883333, 0.009999888), (0.12813537, 0.08883333, 0.008154949), (0.135, 0.08883333, 0.00060272485), (-0.135, 0.09566667, 0.0006), (-0.12834682, 0.09566667, 0.007064393), (-0.12169304, 0.09566667, 0.008320265), (-0.11503807, 0.09566667, 0.009383097), (-0.10838132, 0.09566667, 0.009728313), (-0.101722226, 0.09566667, 0.009768856), (-0.09506022, 0.09566667, 0.0104847085), (-0.08839476, 0.09566667, 0.011315103), (-0.08172532, 0.09566667, 0.01114357), (-0.07505141, 0.09566667, 0.010813655), (-0.06837256, 0.09566667, 0.011603661), (-0.061688334, 0.09566667, 0.0124138445), (-0.05499832, 0.09566667, 0.011871443), (-0.04830215, 0.09566667, 0.01135373), (-0.041599493, 0.09566667, 0.012295883), (-0.03489006, 0.09566667, 0.013057841), (-0.028173594, 0.09566667, 0.012194928), (-0.021449896, 0.09566667, 0.0116008995), (-0.014718798, 0.09566667, 0.012688988), (-0.0079801865, 0.09566667, 0.013338276), (-0.0012339904, 0.09566667, 0.012211793), (0.0055198134, 0.09566667, 0.011627244), (0.012281202, 0.09566667, 0.012807696), (0.019050105, 0.09566667, 0.013278412), (0.025826406, 0.09566667, 0.011962978), (0.032609943, 0.09566667, 0.011446323), (0.039400507, 0.09566667, 0.01263031), (0.04619785, 0.09566667, 0.012868818), (0.05300168, 0.09566667, 0.011450273), (0.059811667, 0.09566667, 0.011022703), (0.066627435, 0.09566667, 0.0120913), (0.07344859, 0.09566667, 0.012056955), (0.08027468, 0.09566667, 0.010613845), (0.087105244, 0.09566667, 0.01023956), (0.09393978, 0.09566667, 0.011028202), (0.100777775, 0.09566667, 0.010660345), (0.107618675, 0.09566667, 0.009204248), (0.11446193, 0.09566667, 0.008691027), (0.12130696, 0.09566667, 0.008780343), (0.12815318, 0.09566667, 0.0075240475), (0.135, 0.09566667, 0.00060221803), (-0.135, 0.1025, 0.0006), (-0.12826557, 0.1025, 0.00060200883), (-0.121531054, 0.1025, 0.000602475), (-0.11479635, 0.1025, 0.000603668), (-0.10806135, 0.1025, 0.0006037267), (-0.101325974, 0.1025, 0.0006029286), (-0.09459013, 0.1025, 0.0006032941), (-0.08785373, 0.1025, 0.000604369), (-0.08111669, 0.1025, 0.0006041878), (-0.07437893, 0.1025, 0.00060337264), (-0.06764038, 0.1025, 0.00060378), (-0.06090096, 0.1025, 0.0006046755), (-0.054160614, 0.1025, 0.0006043786), (-0.047419272, 0.1025, 0.0006037002), (-0.040676888, 0.1025, 0.0006041069), (-0.033933416, 0.1025, 0.00060475874), (-0.027188811, 0.1025, 0.00060443586), (-0.020443043, 0.1025, 0.0006039638), (-0.013696084, 0.1025, 0.0006042988), (-0.0069479155, 0.1025, 0.0006046765), (-0.00019852763, 0.1025, 0.00060441217), (0.0065520843, 0.1025, 0.00060416537), (0.013303917, 0.1025, 0.0006043535), (0.020056957, 0.1025, 0.00060446264), (0.026811188, 0.1025, 0.00060432876), (0.033566583, 0.1025, 0.00060428394), (0.040323112, 0.1025, 0.0006042619), (0.04708073, 0.1025, 0.00060414), (0.05383939, 0.1025, 0.0006041824), (0.06059904, 0.1025, 0.0006042804), (0.06735962, 0.1025, 0.0006040086), (0.074121065, 0.1025, 0.00060371496), (0.08088331, 0.1025, 0.00060393714), (0.08764627, 0.1025, 0.0006040856), (0.09440987, 0.1025, 0.00060355425), (0.10117403, 0.1025, 0.00060314883), (0.107938655, 0.1025, 0.00060347206), (0.114703655, 0.1025, 0.0006035129), (0.12146895, 0.1025, 0.000602703), (0.12823443, 0.1025, 0.0006020964), (0.135, 0.1025, 0.00060000113), (-0.135, -0.1025, -0.0006), (-0.12825, -0.1025, -0.0006), (-0.1215, -0.1025, -0.0006), (-0.11475, -0.1025, -0.0006), (-0.108, -0.1025, -0.0006), (-0.10125, -0.1025, -0.0006), (-0.0945, -0.1025, -0.0006), (-0.08775, -0.1025, -0.0006), (-0.081, -0.1025, -0.0006), (-0.07425, -0.1025, -0.0006), (-0.0675, -0.1025, -0.0006), (-0.06075, -0.1025, -0.0006), (-0.054, -0.1025, -0.0006), (-0.04725, -0.1025, -0.0006), (-0.0405, -0.1025, -0.0006), (-0.03375, -0.1025, -0.0006), (-0.027, -0.1025, -0.0006), (-0.02025, -0.1025, -0.0006), (-0.0135, -0.1025, -0.0006), (-0.00675, -0.1025, -0.0006), (0, -0.1025, -0.0006), (0.00675, -0.1025, -0.0006), (0.0135, -0.1025, -0.0006), (0.02025, -0.1025, -0.0006), (0.027, -0.1025, -0.0006), (0.03375, -0.1025, -0.0006), (0.0405, -0.1025, -0.0006), (0.04725, -0.1025, -0.0006), (0.054, -0.1025, -0.0006), (0.06075, -0.1025, -0.0006), (0.0675, -0.1025, -0.0006), (0.07425, -0.1025, -0.0006), (0.081, -0.1025, -0.0006), (0.08775, -0.1025, -0.0006), (0.0945, -0.1025, -0.0006), (0.10125, -0.1025, -0.0006), (0.108, -0.1025, -0.0006), (0.11475, -0.1025, -0.0006), (0.1215, -0.1025, -0.0006), (0.12825, -0.1025, -0.0006), (0.135, -0.1025, -0.0006), (-0.135, -0.09566667, -0.0006), (-0.12816289, -0.09566667, -0.006755772), (-0.12132632, -0.09566667, -0.008012301), (-0.114490815, -0.09566667, -0.009710913), (-0.10765691, -0.09566667, -0.010040602), (-0.10082512, -0.09566667, -0.009476133), (-0.09399595, -0.09566667, -0.010185159), (-0.087169886, -0.09566667, -0.011546465), (-0.080347404, -0.09566667, -0.011426787), (-0.07352894, -0.09566667, -0.010661167), (-0.06671493, -0.09566667, -0.01133456), (-0.05990575, -0.09566667, -0.012475233), (-0.053101778, -0.09566667, -0.01213195), (-0.046303343, -0.09566667, -0.011391424), (-0.039510746, -0.09566667, -0.01203647), (-0.03272425, -0.09566667, -0.012916937), (-0.025944075, -0.09566667, -0.012461804), (-0.01917041, -0.09566667, -0.011845497), (-0.012403404, -0.09566667, -0.012405804), (-0.0056431573, -0.09566667, -0.0129929865), (0.0011102653, -0.09566667, -0.012519739), (0.007856843, -0.09566667, -0.012066924), (0.014596596, -0.09566667, -0.0124675445), (0.02132959, -0.09566667, -0.012753709), (0.028055925, -0.09566667, -0.012341196), (0.034775753, -0.09566667, -0.012043876), (0.041489255, -0.09566667, -0.012210296), (0.04819666, -0.09566667, -0.012213102), (0.054898225, -0.09566667, -0.011913164), (0.06159425, -0.09566667, -0.011719637), (0.06828508, -0.09566667, -0.011587675), (0.07497106, -0.09566667, -0.011337869), (0.0816526, -0.09566667, -0.0111521175), (0.08833011, -0.09566667, -0.010959405), (0.09500405, -0.09566667, -0.010466577), (0.10167488, -0.09566667, -0.00996463), (0.10834309, -0.09566667, -0.00976974), (0.11500919, -0.09566667, -0.009329613), (0.12167368, -0.09566667, -0.008249512), (0.12833712, -0.09566667, -0.007011035), (0.135, -0.09566667, -0.00060275564), (-0.135, -0.08883333, -0.0006), (-0.12813285, -0.08883333, -0.008360605), (-0.121266425, -0.08883333, -0.009527108), (-0.11440144, -0.08883333, -0.010586465), (-0.1075386, -0.08883333, -0.011513022), (-0.10067861, -0.08883333, -0.011734307), (-0.093822144, -0.08883333, -0.011839935), (-0.08696985, -0.08883333, -0.012681037), (-0.080122374, -0.08883333, -0.013416153), (-0.073280305, -0.08883333, -0.013091317), (-0.06644421, -0.08883333, -0.012891084), (-0.05961463, -0.08883333, -0.013873299), (-0.052792046, -0.08883333, -0.014533435), (-0.045976914, -0.08883333, -0.013777864), (-0.03916963, -0.08883333, -0.013441265), (-0.032370545, -0.08883333, -0.01461546), (-0.025579967, -0.08883333, -0.015159883), (-0.018798143, -0.08883333, -0.014038562), (-0.012025271, -0.08883333, -0.0136760855), (-0.005261491, -0.08883333, -0.015011422), (0.001493112, -0.08883333, -0.015375221), (0.008238509, -0.08883333, -0.0139672), (0.014974729, -0.08883333, -0.013656944), (0.021701857, -0.08883333, -0.015072977), (0.028420033, -0.08883333, -0.015198289), (0.035129454, -0.08883333, -0.013600626), (0.041830372, -0.08883333, -0.0133834), (0.048523087, -0.08883333, -0.014763368), (0.055207953, -0.08883333, -0.014610915), (0.06188537, -0.08883333, -0.012926931), (0.06855579, -0.08883333, -0.012794053), (0.0752197, -0.08883333, -0.013988436), (0.08187763, -0.08883333, -0.013532143), (0.088530146, -0.08883333, -0.011844213), (0.09517786, -0.08883333, -0.011706653), (0.10182139, -0.08883333, -0.012497262), (0.108461395, -0.08883333, -0.011659649), (0.11509856, -0.08883333, -0.009918451), (0.121733576, -0.08883333, -0.0093772365), (0.12836714, -0.08883333, -0.008877824), (0.135, -0.08883333, -0.0006033055), (-0.135, -0.082, -0.0006), (-0.12817957, -0.082, -0.008408701), (-0.121359564, -0.082, -0.01057447), (-0.114540435, -0.082, -0.012360451), (-0.107722595, -0.082, -0.0121900495), (-0.10090646, -0.082, -0.011957991), (-0.09409245, -0.082, -0.013446954), (-0.08728095, -0.082, -0.014632072), (-0.08047234, -0.082, -0.013943057), (-0.07366698, -0.082, -0.013569825), (-0.06686523, -0.082, -0.014905703), (-0.060067378, -0.082, -0.015733352), (-0.053273737, -0.082, -0.014898332), (-0.04648458, -0.082, -0.014590316), (-0.039700136, -0.082, -0.015726695), (-0.032920625, -0.082, -0.016228557), (-0.02614623, -0.082, -0.015425693), (-0.019377096, -0.082, -0.015228635), (-0.012613344, -0.082, -0.016076865), (-0.0058550593, -0.082, -0.016289376), (0.00089770823, -0.082, -0.015638297), (0.007644941, -0.082, -0.01552852), (0.014386656, -0.082, -0.016008627), (0.021122904, -0.082, -0.01598866), (0.027853772, -0.082, -0.015560351), (0.034579374, -0.082, -0.015470533), (0.041299865, -0.082, -0.015529253), (0.048015423, -0.082, -0.015344467), (0.05472626, -0.082, -0.015153072), (0.061432622, -0.082, -0.014986077), (0.06813478, -0.082, -0.014601084), (0.07483301, -0.082, -0.014305504), (0.08152766, -0.082, -0.014287953), (0.088219054, -0.082, -0.0139153795), (0.09490755, -0.082, -0.013074228), (0.10159354, -0.082, -0.012643655), (0.10827741, -0.082, -0.012573382), (0.11495957, -0.082, -0.011728103), (0.12164043, -0.082, -0.010209999), (0.12832044, -0.082, -0.008925868), (0.135, -0.082, -0.00060374814), (-0.135, -0.075166665, -0.0006), (-0.12827243, -0.075166665, -0.009825221), (-0.12154472, -0.075166665, -0.011014343), (-0.11481673, -0.075166665, -0.011974523), (-0.10808833, -0.075166665, -0.0133206835), (-0.10135939, -0.075166665, -0.013974927), (-0.09462977, -0.075166665, -0.013739263), (-0.08789936, -0.075166665, -0.0142121725), (-0.08116802, -0.075166665, -0.015530528), (-0.074435644, -0.075166665, -0.015760815), (-0.06770213, -0.075166665, -0.0149580985), (-0.060967363, -0.075166665, -0.015409337), (-0.05423126, -0.075166665, -0.016861578), (-0.04749373, -0.075166665, -0.016742505), (-0.040754694, -0.075166665, -0.015553868), (-0.034014095, -0.075166665, -0.01611344), (-0.027271861, -0.075166665, -0.017655868), (-0.020527953, -0.075166665, -0.017185256), (-0.013782333, -0.075166665, -0.015750378), (-0.007034971, -0.075166665, -0.016464412), (-0.00028585194, -0.075166665, -0.017995177), (0.0064650294, -0.075166665, -0.01718225), (0.013217667, -0.075166665, -0.015633795), (0.019972047, -0.075166665, -0.016489247), (0.026728138, -0.075166665, -0.017884396), (0.033485908, -0.075166665, -0.016766675), (0.040245306, -0.075166665, -0.015222558), (0.04700627, -0.075166665, -0.016151251), (0.05376874, -0.075166665, -0.017282182), (0.060532637, -0.075166665, -0.015921973), (0.06729787, -0.075166665, -0.014465775), (0.07406435, -0.075166665, -0.015340082), (0.08083198, -0.075166665, -0.01607306), (0.08760064, -0.075166665, -0.014531839), (0.09437022, -0.075166665, -0.01317222), (0.10114061, -0.075166665, -0.013760517), (0.10791167, -0.075166665, -0.01388066), (0.11468327, -0.075166665, -0.012085758), (0.12145528, -0.075166665, -0.01050732), (0.12822758, -0.075166665, -0.009804965), (0.135, -0.075166665, -0.0006041759), (-0.135, -0.068333335, -0.0006), (-0.1283506, -0.068333335, -0.01073827), (-0.12170057, -0.068333335, -0.01130877), (-0.11504931, -0.068333335, -0.012065283), (-0.1083962, -0.068333335, -0.014119739), (-0.10174065, -0.068333335, -0.015012679), (-0.095082074, -0.068333335, -0.014266816), (-0.08841991, -0.068333335, -0.014585444), (-0.08175362, -0.068333335, -0.016270313), (-0.075082675, -0.068333335, -0.016680745), (-0.068406604, -0.068333335, -0.015763614), (-0.06172494, -0.068333335, -0.016050342), (-0.055037264, -0.068333335, -0.017404959), (-0.048343193, -0.068333335, -0.017512094), (-0.041642386, -0.068333335, -0.016682694), (-0.034934532, -0.068333335, -0.016963659), (-0.028219378, -0.068333335, -0.017920142), (-0.021496704, -0.068333335, -0.017833032), (-0.014766344, -0.068333335, -0.017219346), (-0.008028177, -0.068333335, -0.01743747), (-0.0012821289, -0.068333335, -0.017943637), (0.0054718233, -0.068333335, -0.017765239), (0.012233656, -0.068333335, -0.017419621), (0.019003296, -0.068333335, -0.017485749), (0.025780624, -0.068333335, -0.017526371), (0.032565467, -0.068333335, -0.017348688), (0.039357614, -0.068333335, -0.017256498), (0.046156805, -0.068333335, -0.017073657), (0.052962735, -0.068333335, -0.016671104), (0.059775062, -0.068333335, -0.01655393), (0.0665934, -0.068333335, -0.016631115), (0.07341732, -0.068333335, -0.0161057), (0.08024638, -0.068333335, -0.015302166), (0.08708009, -0.068333335, -0.015230829), (0.09391793, -0.068333335, -0.01529489), (0.10075935, -0.068333335, -0.014308911), (0.1076038, -0.068333335, -0.0130843185), (0.11445069, -0.068333335, -0.012796011), (0.12129943, -0.068333335, -0.0122692585), (0.1281494, -0.068333335, -0.010073867), (0.135, -0.068333335, -0.00060315465), (-0.135, -0.0615, -0.0006), (-0.12836285, -0.0615, -0.010179344), (-0.121725015, -0.0615, -0.011923622), (-0.11508579, -0.0615, -0.01370043), (-0.10844449, -0.0615, -0.014391364), (-0.10180045, -0.0615, -0.014212183), (-0.09515301, -0.0615, -0.015047328), (-0.08850156, -0.0615, -0.016562037), (-0.08184546, -0.0615, -0.016585605), (-0.07518416, -0.0615, -0.015775954), (-0.0685171, -0.0615, -0.01662842), (-0.061843757, -0.0615, -0.018192058), (-0.055163678, -0.0615, -0.017745834), (-0.048476428, -0.0615, -0.016578179), (-0.04178161, -0.0615, -0.01758826), (-0.035078894, -0.0615, -0.019157048), (-0.028367987, -0.0615, -0.01828795), (-0.021648644, -0.0615, -0.016933642), (-0.014920677, -0.0615, -0.018122718), (-0.008183952, -0.0615, -0.01959089), (-0.0014383864, -0.0615, -0.018351492), (0.0053160475, -0.0615, -0.016952902), (0.012079323, -0.0615, -0.018273843), (0.018851357, -0.0615, -0.019523662), (0.025632013, -0.0615, -0.017993007), (0.032421105, -0.0615, -0.01666157), (0.03921839, -0.0615, -0.018012643), (0.046023574, -0.0615, -0.018935263), (0.05283632, -0.0615, -0.01721298), (0.059656244, -0.0615, -0.016013354), (0.06648291, -0.0615, -0.01724282), (0.073315844, -0.0615, -0.017740993), (0.08015454, -0.0615, -0.015921865), (0.08699845, -0.0615, -0.014840985), (0.093846984, -0.0615, -0.015723348), (0.10069955, -0.0615, -0.015662862), (0.107555516, -0.0615, -0.0137458155), (0.114414215, -0.0615, -0.012547887), (0.121274985, -0.0615, -0.012482987), (0.12813714, -0.0615, -0.010970442), (0.135, -0.0615, -0.000603556), (-0.135, -0.05466667, -0.0006), (-0.12830117, -0.05466667, -0.011319622), (-0.121602036, -0.05466667, -0.011958399), (-0.114902265, -0.05466667, -0.0130204605), (-0.108201556, -0.05466667, -0.015137947), (-0.1014996, -0.05466667, -0.015828116), (-0.09479611, -0.05466667, -0.01515481), (-0.0880908, -0.05466667, -0.015752213), (-0.081383385, -0.05466667, -0.017388374), (-0.0746736, -0.05466667, -0.017591953), (-0.06796121, -0.05466667, -0.016813044), (-0.061245974, -0.05466667, -0.017323118), (-0.05452768, -0.05466667, -0.018539917), (-0.047806133, -0.05466667, -0.018491011), (-0.041081157, -0.05466667, -0.017858133), (-0.0343526, -0.05466667, -0.01827594), (-0.027620325, -0.05466667, -0.019030966), (-0.020884227, -0.05466667, -0.018870577), (-0.0141442185, -0.05466667, -0.018486692), (-0.0074002375, -0.05466667, -0.018735109), (-0.00065224833, -0.05466667, -0.019008826), (0.0060997624, -0.05466667, -0.018854816), (0.012855782, -0.05466667, -0.018738737), (0.019615773, -0.05466667, -0.01872294), (0.026379675, -0.05466667, -0.018535629), (0.033147402, -0.05466667, -0.018477786), (0.039918844, -0.05466667, -0.018579394), (0.046693865, -0.05466667, -0.018211998), (0.05347232, -0.05466667, -0.017618483), (0.060254026, -0.05466667, -0.017697236), (0.06703879, -0.05466667, -0.017900713), (0.073826395, -0.05466667, -0.017111698), (0.080616616, -0.05466667, -0.016176743), (0.0874092, -0.05466667, -0.016340366), (0.09420388, -0.05466667, -0.016438514), (0.1010004, -0.05466667, -0.015143524), (0.10779844, -0.05466667, -0.013848651), (0.11459774, -0.05466667, -0.01376717), (0.121397965, -0.05466667, -0.0131503865), (0.12819883, -0.05466667, -0.010614624), (0.135, -0.05466667, -0.0006033219), (-0.135, -0.047833335, -0.0006), (-0.12820597, -0.047833335, -0.011044504), (-0.1214122, -0.047833335, -0.012242144), (-0.11461899, -0.047833335, -0.0139448345), (-0.10782657, -0.047833335, -0.015578709), (-0.10103523, -0.047833335, -0.015559267), (-0.09424521, -0.047833335, -0.01531254), (-0.08745676, -0.047833335, -0.016764691), (-0.08067012, -0.047833335, -0.018120745), (-0.073885515, -0.047833335, -0.0173681), (-0.067103155, -0.047833335, -0.016754506), (-0.06032324, -0.047833335, -0.018367587), (-0.05354596, -0.047833335, -0.019567963), (-0.046771474, -0.047833335, -0.01829081), (-0.039999943, -0.047833335, -0.017555214), (-0.033231493, -0.047833335, -0.01935147), (-0.026466241, -0.047833335, -0.020335272), (-0.01970428, -0.047833335, -0.018660225), (-0.012945683, -0.047833335, -0.017948132), (-0.006190503, -0.047833335, -0.019853117), (0.00056122686, -0.047833335, -0.020543093), (0.007309497, -0.047833335, -0.018602319), (0.014054317, -0.047833335, -0.018003019), (0.02079572, -0.047833335, -0.019890228), (0.027533758, -0.047833335, -0.020228377), (0.034268506, -0.047833335, -0.018162502), (0.041000057, -0.047833335, -0.017708467), (0.047728524, -0.047833335, -0.019419562), (0.054454044, -0.047833335, -0.019376561), (0.061176762, -0.047833335, -0.017316729), (0.06789685, -0.047833335, -0.016973564), (0.07461449, -0.047833335, -0.018325152), (0.08132988, -0.047833335, -0.017886467), (0.08804324, -0.047833335, -0.01591562), (0.09475479, -0.047833335, -0.015547937), (0.10146477, -0.047833335, -0.016287183), (0.10817343, -0.047833335, -0.015358033), (0.11488102, -0.047833335, -0.0133533785), (0.1215878, -0.047833335, -0.012428512), (0.12829404, -0.047833335, -0.011462942), (0.135, -0.047833335, -0.00060436805), (-0.135, -0.041, -0.0006), (-0.12813962, -0.041, -0.01154417), (-0.121279895, -0.041, -0.013709151), (-0.11442154, -0.041, -0.013803587), (-0.10756522, -0.041, -0.014453882), (-0.10071156, -0.041, -0.01634159), (-0.09386124, -0.041, -0.017124275), (-0.08701485, -0.041, -0.016526546), (-0.080172986, -0.041, -0.016892321), (-0.07333623, -0.041, -0.018313617), (-0.066505104, -0.041, -0.018662596), (-0.059680108, -0.041, -0.018058937), (-0.052861713, -0.041, -0.018368036), (-0.046050336, -0.041, -0.019328048), (-0.039246354, -0.041, -0.019422365), (-0.032450102, -0.041, -0.019020908), (-0.025661863, -0.041, -0.019255098), (-0.018881876, -0.041, -0.019710748), (-0.012110323, -0.041, -0.019678785), (-0.0053473376, -0.041, -0.019563964), (0.001407, -0.041, -0.019642787), (0.008152663, -0.041, -0.019581703), (0.014889677, -0.041, -0.019535556), (0.021618124, -0.041, -0.019709866), (0.028338136, -0.041, -0.019536512), (0.035049897, -0.041, -0.018989021), (0.041753646, -0.041, -0.01901276), (0.048449665, -0.041, -0.019406704), (0.055138286, -0.041, -0.018891025), (0.061819892, -0.041, -0.0179224), (0.0684949, -0.041, -0.018045716), (0.075163774, -0.041, -0.018515218), (0.081827015, -0.041, -0.017578853), (0.08848516, -0.041, -0.016257958), (0.095138766, -0.041, -0.016397763), (0.10178844, -0.041, -0.016671708), (0.10843479, -0.041, -0.015182499), (0.11507846, -0.041, -0.013429913), (0.121720105, -0.041, -0.013036712), (0.12836039, -0.041, -0.011906373), (0.135, -0.041, -0.00060411915), (-0.135, -0.034166668, -0.0006), (-0.12814558, -0.034166668, -0.011891992), (-0.121291794, -0.034166668, -0.013431553), (-0.1144393, -0.034166668, -0.013713651), (-0.107588716, -0.034166668, -0.015159305), (-0.10074067, -0.034166668, -0.017014593), (-0.09389576, -0.034166668, -0.016925348), (-0.08705459, -0.034166668, -0.016219923), (-0.08021769, -0.034166668, -0.017573731), (-0.073385626, -0.034166668, -0.019290293), (-0.06655888, -0.034166668, -0.018559), (-0.059737943, -0.034166668, -0.017495865), (-0.052923247, -0.034166668, -0.01900638), (-0.046115186, -0.034166668, -0.020603014), (-0.03931412, -0.034166668, -0.019385008), (-0.032520372, -0.034166668, -0.018196257), (-0.0257342, -0.034166668, -0.019869521), (-0.018955832, -0.034166668, -0.021255579), (-0.012185445, -0.034166668, -0.019665128), (-0.0054231617, -0.034166668, -0.01850441), (0.0013309412, -0.034166668, -0.020262094), (0.008076838, -0.034166668, -0.021340441), (0.014814555, -0.034166668, -0.019503836), (0.021544168, -0.034166668, -0.018470982), (0.0282658, -0.034166668, -0.020184286), (0.03497963, -0.034166668, -0.020879483), (0.041685876, -0.034166668, -0.01893214), (0.048384815, -0.034166668, -0.01806819), (0.055076756, -0.034166668, -0.01957493), (0.061762057, -0.034166668, -0.019839386), (0.068441115, -0.034166668, -0.017903559), (0.07511438, -0.034166668, -0.01717595), (0.08178231, -0.034166668, -0.018281642), (0.08844542, -0.034166668, -0.018072505), (0.09510423, -0.034166668, -0.016204568), (0.10175933, -0.034166668, -0.0154521875), (0.10841128, -0.034166668, -0.015847309), (0.1150607, -0.034166668, -0.014955885), (0.12170821, -0.034166668, -0.012835744), (0.12835443, -0.034166668, -0.011038454), (0.135, -0.034166668, -0.00060457486), (-0.135, -0.027333334, -0.0006), (-0.12821996, -0.027333334, -0.011083691), (-0.121440105, -0.027333334, -0.013943939), (-0.11466062, -0.027333334, -0.01506202), (-0.10788168, -0.027333334, -0.014952742), (-0.10110348, -0.027333334, -0.015906181), (-0.094326176, -0.027333334, -0.017521786), (-0.08754995, -0.027333334, -0.017804114), (-0.08077495, -0.027333334, -0.01739535), (-0.074001335, -0.027333334, -0.01807942), (-0.06722926, -0.027333334, -0.019151531), (-0.060458854, -0.027333334, -0.01917553), (-0.053690244, -0.027333334, -0.018891038), (-0.04692354, -0.027333334, -0.019368628), (-0.04015885, -0.027333334, -0.019923285), (-0.033396263, -0.027333334, -0.019891052), (-0.026635857, -0.027333334, -0.019847116), (-0.019877696, -0.027333334, -0.020051153), (-0.013121831, -0.027333334, -0.020108026), (-0.006368298, -0.027333334, -0.020156782), (0.0003828823, -0.027333334, -0.020358527), (0.007131702, -0.027333334, -0.020204127), (0.013878169, -0.027333334, -0.01981743), (0.020622304, -0.027333334, -0.020038147), (0.027364142, -0.027333334, -0.020418072), (0.034103736, -0.027333334, -0.019837316), (0.04084115, -0.027333334, -0.019092266), (0.04757646, -0.027333334, -0.019517638), (0.05430976, -0.027333334, -0.019952059), (0.061041147, -0.027333334, -0.01890857), (0.06777074, -0.027333334, -0.017900093), (0.07449866, -0.027333334, -0.018479014), (0.08122505, -0.027333334, -0.018788), (0.08795006, -0.027333334, -0.017267857), (0.09467383, -0.027333334, -0.01604815), (0.10139652, -0.027333334, -0.016568167), (0.10811832, -0.027333334, -0.016430508), (0.11483938, -0.027333334, -0.01431057), (0.121559896, -0.027333334, -0.012580267), (0.12828004, -0.027333334, -0.011813486), (0.135, -0.027333334, -0.0006050774), (-0.135, -0.0205, -0.0006), (-0.12831402, -0.0205, -0.012211966), (-0.12162766, -0.0205, -0.013745674), (-0.1149405, -0.0205, -0.013914698), (-0.10825217, -0.0205, -0.015444106), (-0.101562284, -0.0205, -0.017455356), (-0.09487047, -0.0205, -0.017308477), (-0.08817638, -0.0205, -0.016483411), (-0.08147965, -0.0205, -0.017920539), (-0.07477997, -0.0205, -0.019763473), (-0.06807702, -0.0205, -0.01896867), (-0.061370514, -0.0205, -0.017810807), (-0.054660182, -0.0205, -0.019391576), (-0.047945783, -0.0205, -0.02107631), (-0.04122709, -0.0205, -0.019808233), (-0.034503914, -0.0205, -0.01855828), (-0.027776092, -0.0205, -0.020274598), (-0.021043485, -0.0205, -0.021709226), (-0.014305985, -0.0205, -0.020097023), (-0.007563516, -0.0205, -0.01890776), (-0.00081603165, -0.0205, -0.020669421), (0.005936484, -0.0205, -0.021761794), (0.012694015, -0.0205, -0.019942086), (0.019456515, -0.0205, -0.018906094), (0.026223907, -0.0205, -0.020576863), (0.032996085, -0.0205, -0.021261064), (0.03977291, -0.0205, -0.019373598), (0.04655422, -0.0205, -0.018520491), (0.053339817, -0.0205, -0.019936781), (0.060129486, -0.0205, -0.020177051), (0.06692298, -0.0205, -0.018340865), (0.07372003, -0.0205, -0.017624563), (0.08052035, -0.0205, -0.018597549), (0.08732362, -0.0205, -0.018362291), (0.09412953, -0.0205, -0.016620586), (0.10093772, -0.0205, -0.015865395), (0.10774783, -0.0205, -0.016098892), (0.1145595, -0.0205, -0.01518461), (0.12137234, -0.0205, -0.013180782), (0.12818597, -0.0205, -0.011333939), (0.135, -0.0205, -0.00060459203), (-0.135, -0.013666667, -0.0006), (-0.12836614, -0.013666667, -0.012136103), (-0.12173157, -0.013666667, -0.013967645), (-0.11509557, -0.013666667, -0.014320573), (-0.10845744, -0.013666667, -0.015441062), (-0.10181649, -0.013666667, -0.017061813), (-0.09517204, -0.013666667, -0.017479278), (-0.088523455, -0.013666667, -0.01728291), (-0.0818701, -0.013666667, -0.017995154), (-0.075211376, -0.013666667, -0.018992925), (-0.068546735, -0.013666667, -0.019117104), (-0.06187563, -0.013666667, -0.019013412), (-0.05519759, -0.013666667, -0.019473504), (-0.048512165, -0.013666667, -0.019929646), (-0.041818958, -0.013666667, -0.020002134), (-0.03511762, -0.013666667, -0.020128474), (-0.028407851, -0.013666667, -0.020285051), (-0.0216894, -0.013666667, -0.020237101), (-0.014962077, -0.013666667, -0.020404039), (-0.008225738, -0.013666667, -0.020766292), (-0.0014803017, -0.013666667, -0.020542363), (0.005274262, -0.013666667, -0.020056468), (0.012037924, -0.013666667, -0.020410025), (0.0188106, -0.013666667, -0.020938052), (0.02559215, -0.013666667, -0.02027383), (0.03238238, -0.013666667, -0.019445125), (0.039181042, -0.013666667, -0.020017138), (0.045987837, -0.013666667, -0.020586932), (0.05280241, -0.013666667, -0.019456785), (0.05962437, -0.013666667, -0.018390302), (0.06645327, -0.013666667, -0.019133002), (0.07328862, -0.013666667, -0.01957406), (0.0801299, -0.013666667, -0.017982885), (0.08697654, -0.013666667, -0.016751494), (0.093827955, -0.013666667, -0.017485123), (0.10068351, -0.013666667, -0.01753504), (0.10754256, -0.013666667, -0.01544398), (0.11440443, -0.013666667, -0.013917435), (0.12126843, -0.013666667, -0.013955096), (0.12813386, -0.013666667, -0.012438593), (0.135, -0.013666667, -0.0006039421), (-0.135, -0.0068333335, -0.0006), (-0.12834217, -0.0068333335, -0.01100627), (-0.12168377, -0.0068333335, -0.013596499), (-0.11502423, -0.0068333335, -0.01585183), (-0.10836301, -0.0068333335, -0.015835203), (-0.101699546, -0.0068333335, -0.015500282), (-0.09503331, -0.0068333335, -0.017339181), (-0.08836379, -0.0068333335, -0.01903669), (-0.08169048, -0.0068333335, -0.018112319), (-0.075012915, -0.0068333335, -0.017370123), (-0.068330646, -0.0068333335, -0.01929835), (-0.06164326, -0.0068333335, -0.020726275), (-0.054950364, -0.0068333335, -0.019278063), (-0.04825161, -0.0068333335, -0.01845982), (-0.041546676, -0.0068333335, -0.020488573), (-0.034835294, -0.0068333335, -0.02160634), (-0.028117219, -0.0068333335, -0.019823732), (-0.021392256, -0.0068333335, -0.019085208), (-0.014660251, -0.0068333335, -0.021114549), (-0.007921093, -0.0068333335, -0.021865964), (-0.0011747143, -0.0068333335, -0.019916827), (0.005578907, -0.0068333335, -0.019333374), (0.012339748, -0.0068333335, -0.021220442), (0.019107744, -0.0068333335, -0.021576302), (0.02588278, -0.0068333335, -0.01961759), (0.032664705, -0.0068333335, -0.019197153), (0.03945332, -0.0068333335, -0.020783896), (0.04624839, -0.0068333335, -0.020748775), (0.053049635, -0.0068333335, -0.018909652), (0.05985674, -0.0068333335, -0.01859295), (0.06666935, -0.0068333335, -0.019719321), (0.07348708, -0.0068333335, -0.019315854), (0.08030952, -0.0068333335, -0.017663082), (0.08713622, -0.0068333335, -0.017307185), (0.09396669, -0.0068333335, -0.01778921), (0.100800455, -0.0068333335, -0.016986672), (0.107636996, -0.0068333335, -0.015415066), (0.11447577, -0.0068333335, -0.014640212), (0.12131623, -0.0068333335, -0.013949219), (0.12815784, -0.0068333335, -0.011867052), (0.135, -0.0068333335, -0.00060414633), (-0.135, 0, -0.0006), (-0.12825781, 0, -0.011640555), (-0.121515565, 0, -0.014171778), (-0.11477322, 0, -0.014984412), (-0.108030744, 0, -0.015371641), (-0.10128807, 0, -0.016598407), (-0.09454516, 0, -0.017696086), (-0.08780198, 0, -0.017834276), (-0.08105847, 0, -0.017987985), (-0.07431461, 0, -0.018718975), (-0.06757034, 0, -0.019252481), (-0.060825646, 0, -0.0193678), (-0.054080483, 0, -0.019601773), (-0.047334824, 0, -0.019876132), (-0.04058864, 0, -0.01997925), (-0.03384191, 0, -0.020275384), (-0.027094614, 0, -0.02061058), (-0.020346735, 0, -0.020385746), (-0.013598258, 0, -0.020165507), (-0.0068491763, 0, -0.02073667), (-0.000099482844, 0, -0.021104502), (0.0066508236, 0, -0.020356588), (0.013401742, 0, -0.019926613), (0.020153265, 0, -0.020789228), (0.026905386, 0, -0.021080272), (0.03365809, 0, -0.019826626), (0.04041136, 0, -0.019294832), (0.047165178, 0, -0.020388968), (0.053919517, 0, -0.020477057), (0.060674354, 0, -0.018776763), (0.067429654, 0, -0.018217852), (0.074185394, 0, -0.019395849), (0.08094153, 0, -0.019142564), (0.08769802, 0, -0.017072778), (0.09445483, 0, -0.016470147), (0.10121193, 0, -0.0174304), (0.10796926, 0, -0.016606206), (0.114726774, 0, -0.0141192125), (0.121484436, 0, -0.013026706), (0.1282422, 0, -0.012428196), (0.135, 0, -0.0006049459), (-0.135, 0.0068333335, -0.0006), (-0.12816833, 0.0068333335, -0.010986622), (-0.12133716, 0.0068333335, -0.0139685385), (-0.114507, 0.0068333335, -0.015837383), (-0.10767834, 0.0068333335, -0.015390001), (-0.100851655, 0.0068333335, -0.015561348), (-0.09402743, 0.0068333335, -0.017831787), (-0.08720612, 0.0068333335, -0.018922694), (-0.08038816, 0.0068333335, -0.017590437), (-0.07357397, 0.0068333335, -0.017539963), (-0.06676395, 0.0068333335, -0.019833572), (-0.059958473, 0.0068333335, -0.020500489), (-0.053157873, 0.0068333335, -0.018744297), (-0.046362463, 0.0068333335, -0.018739093), (-0.039572526, 0.0068333335, -0.021007104), (-0.03278831, 0.0068333335, -0.021278387), (-0.02601002, 0.0068333335, -0.019333009), (-0.019237833, 0.0068333335, -0.01945491), (-0.012471888, 0.0068333335, -0.021566374), (-0.0057122814, 0.0068333335, -0.021463273), (0.0010409273, 0.0068333335, -0.019513225), (0.0077877184, 0.0068333335, -0.019758804), (0.014528112, 0.0068333335, -0.021568526), (0.021262167, 0.0068333335, -0.021139488), (0.02798998, 0.0068333335, -0.019330075), (0.034711692, 0.0068333335, -0.019633317), (0.041427474, 0.0068333335, -0.021008177), (0.048137538, 0.0068333335, -0.020325523), (0.05484213, 0.0068333335, -0.018748786), (0.061541528, 0.0068333335, -0.018991252), (0.068236046, 0.0068333335, -0.019819094), (0.074926026, 0.0068333335, -0.01895387), (0.08161184, 0.0068333335, -0.017619584), (0.08829388, 0.0068333335, -0.017622553), (0.09497257, 0.0068333335, -0.017783785), (0.101648346, 0.0068333335, -0.01672689), (0.10832167, 0.0068333335, -0.015459245), (0.114993, 0.0068333335, -0.014836571), (0.12166284, 0.0068333335, -0.013880942), (0.12833168, 0.0068333335, -0.011744561), (0.135, 0.0068333335, -0.0006042347), (-0.135, 0.013666667, -0.0006), (-0.12813236, 0.013666667, -0.012057846), (-0.12126545, 0.013666667, -0.0137043055), (-0.114399984, 0.013666667, -0.014462283), (-0.10753667, 0.013666667, -0.015706424), (-0.10067622, 0.013666667, -0.016861843), (-0.09381931, 0.013666667, -0.017239133), (-0.0869666, 0.013666667, -0.017535094), (-0.08011871, 0.013666667, -0.018192764), (-0.07327625, 0.013666667, -0.01869673), (-0.0664398, 0.013666667, -0.018974641), (-0.059609886, 0.013666667, -0.019343534), (-0.052787002, 0.013666667, -0.019551707), (-0.045971595, 0.013666667, -0.019577136), (-0.03916407, 0.013666667, -0.01999414), (-0.032364782, 0.013666667, -0.020490881), (-0.025574036, 0.013666667, -0.02021993), (-0.01879208, 0.013666667, -0.019877717), (-0.012019112, 0.013666667, -0.02054221), (-0.0052552745, 0.013666667, -0.02110983), (0.0014993474, 0.013666667, -0.020334084), (0.008244725, 0.013666667, -0.019740963), (0.014980888, 0.013666667, -0.020682747), (0.02170792, 0.013666667, -0.021214468), (0.028425964, 0.013666667, -0.01994483), (0.035135217, 0.013666667, -0.019217221), (0.041835926, 0.013666667, -0.020392021), (0.048528403, 0.013666667, -0.020758962), (0.055212997, 0.013666667, -0.019048333), (0.061890114, 0.013666667, -0.01827903), (0.0685602, 0.013666667, -0.019561103), (0.07522375, 0.013666667, -0.019622568), (0.08188129, 0.013666667, -0.017550422), (0.08853341, 0.013666667, -0.016764404), (0.09518069, 0.013666667, -0.017905273), (0.10182378, 0.013666667, -0.017466154), (0.108463325, 0.013666667, -0.0150550855), (0.11510002, 0.013666667, -0.014030826), (0.12173455, 0.013666667, -0.014286637), (0.12836763, 0.013666667, -0.01230782), (0.135, 0.013666667, -0.000603641), (-0.135, 0.0205, -0.0006), (-0.12817347, 0.0205, -0.012101408), (-0.12134741, 0.0205, -0.01426047), (-0.11452229, 0.0205, -0.014065873), (-0.107698575, 0.0205, -0.014839618), (-0.10087672, 0.0205, -0.017276252), (-0.094057165, 0.0205, -0.017974263), (-0.08724034, 0.0205, -0.016684223), (-0.080426656, 0.0205, -0.017209213), (-0.073616505, 0.0205, -0.019545682), (-0.066810265, 0.0205, -0.01971351), (-0.060008276, 0.0205, -0.018041614), (-0.05321086, 0.0205, -0.018623818), (-0.04641831, 0.0205, -0.020835845), (-0.039630882, 0.0205, -0.020588953), (-0.03284882, 0.0205, -0.01880565), (-0.026072308, 0.0205, -0.01949051), (-0.019301519, 0.0205, -0.021457108), (-0.012536578, 0.0205, -0.020875184), (-0.005777575, 0.0205, -0.019163072), (0.00097543176, 0.0205, -0.019906143), (0.007722425, 0.0205, -0.021504264), (0.014463423, 0.0205, -0.020681951), (0.021198481, 0.0205, -0.019165363), (0.027927691, 0.0205, -0.019868413), (0.034651183, 0.0205, -0.021000134), (0.041369118, 0.0205, -0.02004325), (0.048081692, 0.0205, -0.018783234), (0.05478914, 0.0205, -0.019312615), (0.061491724, 0.0205, -0.01991235), (0.06818973, 0.0205, -0.018913545), (0.07488349, 0.0205, -0.017891018), (0.081573345, 0.0205, -0.018081779), (0.08825966, 0.0205, -0.01809519), (0.09494284, 0.0205, -0.017074216), (0.10162328, 0.0205, -0.016130056), (0.10830142, 0.0205, -0.015713582), (0.11497771, 0.0205, -0.0149302045), (0.12165259, 0.0205, -0.013486102), (0.12832654, 0.0205, -0.011552078), (0.135, 0.0205, -0.0006043309), (-0.135, 0.027333334, -0.0006), (-0.12826471, 0.027333334, -0.0115836), (-0.12152934, 0.027333334, -0.01310906), (-0.114793785, 0.027333334, -0.014566323), (-0.10805796, 0.027333334, -0.015760075), (-0.10132178, 0.027333334, -0.01632884), (-0.09458515, 0.027333334, -0.016831912), (-0.087848, 0.027333334, -0.017467964), (-0.08111025, 0.027333334, -0.01791176), (-0.074371815, 0.027333334, -0.018334474), (-0.06763263, 0.027333334, -0.01884854), (-0.060892623, 0.027333334, -0.018985586), (-0.05415174, 0.027333334, -0.018952375), (-0.047409922, 0.027333334, -0.019516168), (-0.04066712, 0.027333334, -0.02012147), (-0.033923287, 0.027333334, -0.019759037), (-0.027178383, 0.027333334, -0.019381408), (-0.020432381, 0.027333334, -0.020196594), (-0.013685253, 0.027333334, -0.020839697), (-0.0069369846, 0.027333334, -0.01996878), (-0.00018756285, 0.027333334, -0.019371672), (0.0065630153, 0.027333334, -0.020462267), (0.013314746, 0.027333334, -0.021039942), (0.02006762, 0.027333334, -0.019685507), (0.026821617, 0.027333334, -0.01898757), (0.033576716, 0.027333334, -0.02030407), (0.04033288, 0.027333334, -0.020695686), (0.047090076, 0.027333334, -0.01892337), (0.05384826, 0.027333334, -0.018217428), (0.060607377, 0.027333334, -0.019636102), (0.067367375, 0.027333334, -0.019718224), (0.07412819, 0.027333334, -0.01762169), (0.080889754, 0.027333334, -0.016939918), (0.087652, 0.027333334, -0.018240111), (0.094414845, 0.027333334, -0.017865565), (0.10117822, 0.027333334, -0.015511321), (0.10794204, 0.027333334, -0.014717009), (0.11470621, 0.027333334, -0.015394837), (0.12147066, 0.027333334, -0.01407891), (0.12823528, 0.027333334, -0.010845041), (0.135, 0.027333334, -0.00060366903), (-0.135, 0.034166668, -0.0006), (-0.12834632, 0.034166668, -0.0122057395), (-0.12169205, 0.034166668, -0.013377591), (-0.11503659, 0.034166668, -0.013380971), (-0.10837937, 0.034166668, -0.015261971), (-0.10171981, 0.034166668, -0.017310955), (-0.09505735, 0.034166668, -0.016779657), (-0.08839145, 0.034166668, -0.015986212), (-0.081721604, 0.034166668, -0.017753039), (-0.07504731, 0.034166668, -0.019444382), (-0.06836809, 0.034166668, -0.018357977), (-0.061683528, 0.034166668, -0.017432554), (-0.054993205, 0.034166668, -0.019215599), (-0.04829676, 0.034166668, -0.020569112), (-0.041593865, 0.034166668, -0.019181969), (-0.03488422, 0.034166668, -0.01832955), (-0.028167585, 0.034166668, -0.020051884), (-0.02144375, 0.034166668, -0.021024678), (-0.014712556, 0.034166668, -0.019517371), (-0.007973886, 0.034166668, -0.018827451), (-0.0012276709, 0.034166668, -0.020362543), (0.005526114, 0.034166668, -0.020934096), (0.0122874435, 0.034166668, -0.019461552), (0.01905625, 0.034166668, -0.018948797), (0.025832416, 0.034166668, -0.020159962), (0.03261578, 0.034166668, -0.020344587), (0.039406136, 0.034166668, -0.019028597), (0.046203237, 0.034166668, -0.018643687), (0.053006794, 0.034166668, -0.01940421), (0.059816472, 0.034166668, -0.019241383), (0.066631906, 0.034166668, -0.018146822), (0.07345269, 0.034166668, -0.01777716), (0.0802784, 0.034166668, -0.01797198), (0.087108545, 0.034166668, -0.017488398), (0.09394265, 0.034166668, -0.01656911), (0.10078019, 0.034166668, -0.015997447), (0.10762063, 0.034166668, -0.015447132), (0.114463404, 0.034166668, -0.014475347), (0.12130795, 0.034166668, -0.013235897), (0.12815368, 0.034166668, -0.011406348), (0.135, 0.034166668, -0.0006041502), (-0.135, 0.041, -0.0006), (-0.12836482, 0.041, -0.011348181), (-0.121728934, 0.041, -0.0129331), (-0.11509164, 0.041, -0.014144886), (-0.10845223, 0.041, -0.015184309), (-0.10181003, 0.041, -0.015878957), (-0.09516439, 0.041, -0.016522508), (-0.08851465, 0.041, -0.017084615), (-0.081860185, 0.041, -0.01731698), (-0.07520043, 0.041, -0.017690817), (-0.06853481, 0.041, -0.018446462), (-0.061862808, 0.041, -0.01871209), (-0.055183947, 0.041, -0.018356735), (-0.04849779, 0.041, -0.018681038), (-0.041803934, 0.041, -0.01966919), (-0.03510204, 0.041, -0.019624798), (-0.028391814, 0.041, -0.018774573), (-0.021673003, 0.041, -0.019185808), (-0.014945421, 0.041, -0.020382011), (-0.008208928, 0.041, -0.019976871), (-0.001463439, 0.041, -0.018736238), (0.005291072, 0.041, -0.019309672), (0.012054578, 0.041, -0.020618586), (0.018826995, 0.041, -0.019817807), (0.025608188, 0.041, -0.018310234), (0.03239796, 0.041, -0.019061524), (0.039196067, 0.041, -0.020343851), (0.046002213, 0.041, -0.019145377), (0.052816052, 0.041, -0.017497512), (0.059637193, 0.041, -0.01837193), (0.06646519, 0.041, -0.019456502), (0.07329957, 0.041, -0.017888192), (0.080139816, 0.041, -0.016197776), (0.08698536, 0.041, -0.017040092), (0.093835615, 0.041, -0.017700462), (0.10068996, 0.041, -0.015771814), (0.107547775, 0.041, -0.014010837), (0.11440837, 0.041, -0.014385388), (0.12127107, 0.041, -0.0140072275), (0.12813517, 0.041, -0.011035653), (0.135, 0.041, -0.0006032637), (-0.135, 0.047833335, -0.0006), (-0.12830809, 0.047833335, -0.01030328), (-0.12161583, 0.047833335, -0.013354148), (-0.114922844, 0.047833335, -0.014810245), (-0.108228795, 0.047833335, -0.014159277), (-0.10153334, 0.047833335, -0.014690205), (-0.09483613, 0.047833335, -0.016981836), (-0.08813686, 0.047833335, -0.017575344), (-0.081435196, 0.047833335, -0.01624459), (-0.07473085, 0.047833335, -0.016660402), (-0.06802354, 0.047833335, -0.018794823), (-0.061313003, 0.047833335, -0.018938642), (-0.054598995, 0.047833335, -0.017408503), (-0.047881294, 0.047833335, -0.017880868), (-0.0411597, 0.047833335, -0.019786457), (-0.03443404, 0.047833335, -0.019584652), (-0.02770416, 0.047833335, -0.01808105), (-0.02096994, 0.047833335, -0.01861073), (-0.014231282, 0.047833335, -0.020176368), (-0.007488115, 0.047833335, -0.01972055), (-0.0007403977, 0.047833335, -0.018388508), (0.0060118847, 0.047833335, -0.018907093), (0.0127687175, 0.047833335, -0.020039095), (0.01953006, 0.047833335, -0.019430779), (0.02629584, 0.047833335, -0.018351397), (0.033065964, 0.047833335, -0.018752212), (0.0398403, 0.047833335, -0.019391404), (0.046618707, 0.047833335, -0.0187299), (0.053401005, 0.047833335, -0.017915765), (0.060186997, 0.047833335, -0.018071327), (0.06697646, 0.047833335, -0.018192017), (0.07376915, 0.047833335, -0.017544096), (0.080564804, 0.047833335, -0.016921809), (0.087363146, 0.047833335, -0.016682396), (0.094163865, 0.047833335, -0.01625682), (0.10096666, 0.047833335, -0.015576987), (0.1077712, 0.047833335, -0.014896677), (0.11457716, 0.047833335, -0.013961673), (0.12138417, 0.047833335, -0.012662058), (0.1281919, 0.047833335, -0.01102242), (0.135, 0.047833335, -0.0006043019), (-0.135, 0.05466667, -0.0006), (-0.1282133, 0.05466667, -0.010691455), (-0.12142683, 0.05466667, -0.012490169), (-0.11464081, 0.05466667, -0.013631949), (-0.10785546, 0.05466667, -0.014496091), (-0.10107101, 0.05466667, -0.015348881), (-0.094287656, 0.05466667, -0.015854929), (-0.08750561, 0.05466667, -0.016049685), (-0.080725074, 0.05466667, -0.016674079), (-0.07394623, 0.05466667, -0.017502582), (-0.067169264, 0.05466667, -0.017499292), (-0.06039433, 0.05466667, -0.017192831), (-0.053621594, 0.05466667, -0.017922303), (-0.04685119, 0.05466667, -0.018840816), (-0.040083244, 0.05466667, -0.018369097), (-0.03331787, 0.05466667, -0.017716758), (-0.026555158, 0.05466667, -0.01866085), (-0.019795189, 0.05466667, -0.019620316), (-0.013038024, 0.05466667, -0.018686859), (-0.006283708, 0.05466667, -0.017821042), (0.000467734, 0.05466667, -0.019001413), (0.007216292, 0.05466667, -0.019900916), (0.013961975, 0.05466667, -0.01853794), (0.02070481, 0.05466667, -0.017581724), (0.027444841, 0.05466667, -0.018951878), (0.03418213, 0.05466667, -0.019674085), (0.040916756, 0.05466667, -0.017949365), (0.04764881, 0.05466667, -0.017002197), (0.054378405, 0.05466667, -0.018451137), (0.06110567, 0.05466667, -0.018878946), (0.06783074, 0.05466667, -0.016886625), (0.074553765, 0.05466667, -0.015998246), (0.08127493, 0.05466667, -0.017340155), (0.08799439, 0.05466667, -0.017347977), (0.09471235, 0.05466667, -0.01517082), (0.10142899, 0.05466667, -0.014276258), (0.10814454, 0.05466667, -0.015156657), (0.11485919, 0.05466667, -0.014460816), (0.12157317, 0.05466667, -0.01190919), (0.1282867, 0.05466667, -0.010144654), (0.135, 0.05466667, -0.0006045797), (-0.135, 0.0615, -0.0006), (-0.12814255, 0.0615, -0.010006274), (-0.121285774, 0.0615, -0.012940108), (-0.114430316, 0.0615, -0.013774193), (-0.107576825, 0.0615, -0.013182332), (-0.10072595, 0.0615, -0.014292864), (-0.0938783, 0.0615, -0.016372716), (-0.08703448, 0.0615, -0.01630185), (-0.08019508, 0.0615, -0.015199246), (-0.07336064, 0.0615, -0.016226886), (-0.06653167, 0.0615, -0.018026613), (-0.059708685, 0.0615, -0.017549599), (-0.05289212, 0.0615, -0.016381321), (-0.04608238, 0.0615, -0.017403902), (-0.03927984, 0.0615, -0.01887716), (-0.032484822, 0.0615, -0.018164389), (-0.025697606, 0.0615, -0.017112292), (-0.01891842, 0.0615, -0.018069811), (-0.0121474415, 0.0615, -0.019152744), (-0.0053848037, 0.0615, -0.01834065), (0.0013694179, 0.0615, -0.01749329), (0.008115197, 0.0615, -0.018282978), (0.014852558, 0.0615, -0.018941041), (0.02158158, 0.0615, -0.018151436), (0.028302394, 0.0615, -0.017528312), (0.035015177, 0.0615, -0.018036252), (0.04172016, 0.0615, -0.018271476), (0.04841762, 0.0615, -0.017598314), (0.055107884, 0.0615, -0.017154954), (0.061791312, 0.0615, -0.017273387), (0.068468325, 0.0615, -0.017113639), (0.075139366, 0.0615, -0.016594622), (0.08180492, 0.0615, -0.016215943), (0.08846552, 0.0615, -0.015840651), (0.095121704, 0.0615, -0.01529597), (0.10177405, 0.0615, -0.014838429), (0.10842317, 0.0615, -0.014263239), (0.11506969, 0.0615, -0.013172325), (0.12171423, 0.0615, -0.011941373), (0.12835744, 0.0615, -0.010579222), (0.135, 0.0615, -0.00060413993), (-0.135, 0.068333335, -0.0006), (-0.12814221, 0.068333335, -0.010104565), (-0.12128507, 0.068333335, -0.011810083), (-0.11442927, 0.068333335, -0.012761774), (-0.10757545, 0.068333335, -0.013429532), (-0.100724235, 0.068333335, -0.0143641345), (-0.093876265, 0.068333335, -0.015117824), (-0.08703215, 0.068333335, -0.015130408), (-0.08019245, 0.068333335, -0.015286232), (-0.07335773, 0.068333335, -0.01627748), (-0.066528514, 0.068333335, -0.016849611), (-0.059705283, 0.068333335, -0.016284868), (-0.052888498, 0.068333335, -0.016251488), (-0.046078563, 0.068333335, -0.017464045), (-0.03927585, 0.068333335, -0.017866896), (-0.032480687, 0.068333335, -0.016816182), (-0.02569335, 0.068333335, -0.016742963), (-0.018914068, 0.068333335, -0.018176723), (-0.012143022, 0.068333335, -0.018352121), (-0.0053803427, 0.068333335, -0.016904894), (0.0013738927, 0.068333335, -0.016890839), (0.008119658, 0.068333335, -0.01847182), (0.014856977, 0.068333335, -0.018360062), (0.021585932, 0.068333335, -0.01662693), (0.02830665, 0.068333335, -0.01672617), (0.035019312, 0.068333335, -0.018331897), (0.04172415, 0.068333335, -0.017894281), (0.048421435, 0.068333335, -0.015999041), (0.0551115, 0.068333335, -0.016211133), (0.061794717, 0.068333335, -0.017682862), (0.06847149, 0.068333335, -0.01690566), (0.07514227, 0.068333335, -0.014962687), (0.081807554, 0.068333335, -0.015211863), (0.08846786, 0.068333335, -0.016345175), (0.09512373, 0.068333335, -0.01521231), (0.101775765, 0.068333335, -0.01326894), (0.10842456, 0.068333335, -0.013315359), (0.11507073, 0.068333335, -0.013708428), (0.12171493, 0.068333335, -0.011937249), (0.1283578, 0.068333335, -0.009382155), (0.135, 0.068333335, -0.00060358754), (-0.135, 0.075166665, -0.0006), (-0.12821248, 0.075166665, -0.009097543), (-0.12142519, 0.075166665, -0.010663443), (-0.11463836, 0.075166665, -0.012955709), (-0.10785222, 0.075166665, -0.013586461), (-0.10106699, 0.075166665, -0.012831411), (-0.09428289, 0.075166665, -0.013608611), (-0.087500125, 0.075166665, -0.015466665), (-0.080718905, 0.075166665, -0.0154980505), (-0.07393942, 0.075166665, -0.0144402515), (-0.06716184, 0.075166665, -0.015169256), (-0.060386352, 0.075166665, -0.016752878), (-0.053613108, 0.075166665, -0.016466068), (-0.046842244, 0.075166665, -0.01541774), (-0.040073898, 0.075166665, -0.016130634), (-0.033308174, 0.075166665, -0.017379684), (-0.02654518, 0.075166665, -0.016908934), (-0.019784987, 0.075166665, -0.016014237), (-0.0130276615, 0.075166665, -0.01664919), (-0.006273248, 0.075166665, -0.017507667), (0.00047822666, 0.075166665, -0.016969087), (0.0072267526, 0.075166665, -0.016294058), (0.013972339, 0.075166665, -0.016757293), (0.020715013, 0.075166665, -0.01720129), (0.027454821, 0.075166665, -0.016697448), (0.034191824, 0.075166665, -0.01624484), (0.040926103, 0.075166665, -0.016436204), (0.047657754, 0.075166665, -0.016476482), (0.054386895, 0.075166665, -0.016080035), (0.061113648, 0.075166665, -0.015791576), (0.067838155, 0.075166665, -0.015618123), (0.07456058, 0.075166665, -0.015285997), (0.081281096, 0.075166665, -0.015007681), (0.08799987, 0.075166665, -0.01475089), (0.09471711, 0.075166665, -0.014115452), (0.10143301, 0.075166665, -0.013406603), (0.10814778, 0.075166665, -0.013093011), (0.11486164, 0.075166665, -0.012528947), (0.12157481, 0.075166665, -0.011102163), (0.12828752, 0.075166665, -0.009361794), (0.135, 0.075166665, -0.00060371245), (-0.135, 0.082, -0.0006), (-0.12830733, 0.082, -0.008982535), (-0.121614315, 0.082, -0.010563254), (-0.114920594, 0.082, -0.011759113), (-0.108225815, 0.082, -0.012236279), (-0.10152965, 0.082, -0.012489378), (-0.09483176, 0.082, -0.013377295), (-0.08813182, 0.082, -0.014213567), (-0.08142953, 0.082, -0.014019144), (-0.07472459, 0.082, -0.013850167), (-0.06801673, 0.082, -0.014843034), (-0.061305676, 0.082, -0.015605797), (-0.054591198, 0.082, -0.014926455), (-0.047873076, 0.082, -0.014558722), (-0.041151114, 0.082, -0.015754253), (-0.034425136, 0.082, -0.016418569), (-0.027694996, 0.082, -0.015322462), (-0.020960571, 0.082, -0.014887224), (-0.014221765, 0.082, -0.016273566), (-0.007478509, 0.082, -0.016769595), (-0.0007307618, 0.082, -0.015333488), (0.006021491, 0.082, -0.014926908), (0.012778235, 0.082, -0.01643217), (0.019539429, 0.082, -0.016690236), (0.026305005, 0.082, -0.015012219), (0.033074863, 0.082, -0.014693581), (0.039848886, 0.082, -0.0162024), (0.04662692, 0.082, -0.016169945), (0.0534088, 0.082, -0.01436052), (0.060194325, 0.082, -0.014140319), (0.066983275, 0.082, -0.015500744), (0.07377541, 0.082, -0.015142663), (0.08057047, 0.082, -0.013301115), (0.087368175, 0.082, -0.013115871), (0.09416824, 0.082, -0.014118782), (0.10097035, 0.082, -0.013375942), (0.10777418, 0.082, -0.011515214), (0.11457941, 0.082, -0.011096301), (0.121385686, 0.082, -0.01120338), (0.12819266, 0.082, -0.009398056), (0.135, 0.082, -0.00060274644), (-0.135, 0.08883333, -0.0006), (-0.12836462, 0.08883333, -0.008656792), (-0.12172855, 0.08883333, -0.009041717), (-0.115091056, 0.08883333, -0.010256119), (-0.10845146, 0.08883333, -0.011980828), (-0.10180909, 0.08883333, -0.01206537), (-0.09516327, 0.08883333, -0.011437549), (-0.08851336, 0.08883333, -0.012354447), (-0.08185874, 0.08883333, -0.013725723), (-0.07519883, 0.08883333, -0.013416875), (-0.06853306, 0.08883333, -0.012692262), (-0.061860934, 0.08883333, -0.013541082), (-0.05518195, 0.08883333, -0.014610148), (-0.048495684, 0.08883333, -0.014126711), (-0.041801736, 0.08883333, -0.013492541), (-0.035099763, 0.08883333, -0.0142390095), (-0.028389469, 0.08883333, -0.014979665), (-0.021670606, 0.08883333, -0.014453596), (-0.014942986, 0.08883333, -0.013981653), (-0.008206469, 0.08883333, -0.0145476805), (-0.0014609729, 0.08883333, -0.0149520645), (0.005293531, 0.08883333, -0.014488142), (0.012057014, 0.08883333, -0.014186158), (0.018829394, 0.08883333, -0.014488668), (0.025610533, 0.08883333, -0.014577879), (0.032400236, 0.08883333, -0.014251508), (0.039198264, 0.08883333, -0.014077288), (0.046004314, 0.08883333, -0.014046273), (0.05281805, 0.08883333, -0.013863653), (0.059639066, 0.08883333, -0.0137057), (0.066466935, 0.08883333, -0.0135725895), (0.073301174, 0.08883333, -0.013157464), (0.08014126, 0.08883333, -0.012746261), (0.086986646, 0.08883333, -0.012711767), (0.09383673, 0.08883333, -0.012473703), (0.10069091, 0.08883333, -0.011617511), (0.107548535, 0.08883333, -0.010942093), (0.11440894, 0.08883333, -0.010769462), (0.121271454, 0.08883333, -0.009999888), (0.12813537, 0.08883333, -0.008154949), (0.135, 0.08883333, -0.00060272485), (-0.135, 0.09566667, -0.0006), (-0.12834682, 0.09566667, -0.007064393), (-0.12169304, 0.09566667, -0.008320265), (-0.11503807, 0.09566667, -0.009383097), (-0.10838132, 0.09566667, -0.009728313), (-0.101722226, 0.09566667, -0.009768856), (-0.09506022, 0.09566667, -0.0104847085), (-0.08839476, 0.09566667, -0.011315103), (-0.08172532, 0.09566667, -0.01114357), (-0.07505141, 0.09566667, -0.010813655), (-0.06837256, 0.09566667, -0.011603661), (-0.061688334, 0.09566667, -0.0124138445), (-0.05499832, 0.09566667, -0.011871443), (-0.04830215, 0.09566667, -0.01135373), (-0.041599493, 0.09566667, -0.012295883), (-0.03489006, 0.09566667, -0.013057841), (-0.028173594, 0.09566667, -0.012194928), (-0.021449896, 0.09566667, -0.0116008995), (-0.014718798, 0.09566667, -0.012688988), (-0.0079801865, 0.09566667, -0.013338276), (-0.0012339904, 0.09566667, -0.012211793), (0.0055198134, 0.09566667, -0.011627244), (0.012281202, 0.09566667, -0.012807696), (0.019050105, 0.09566667, -0.013278412), (0.025826406, 0.09566667, -0.011962978), (0.032609943, 0.09566667, -0.011446323), (0.039400507, 0.09566667, -0.01263031), (0.04619785, 0.09566667, -0.012868818), (0.05300168, 0.09566667, -0.011450273), (0.059811667, 0.09566667, -0.011022703), (0.066627435, 0.09566667, -0.0120913), (0.07344859, 0.09566667, -0.012056955), (0.08027468, 0.09566667, -0.010613845), (0.087105244, 0.09566667, -0.01023956), (0.09393978, 0.09566667, -0.011028202), (0.100777775, 0.09566667, -0.010660345), (0.107618675, 0.09566667, -0.009204248), (0.11446193, 0.09566667, -0.008691027), (0.12130696, 0.09566667, -0.008780343), (0.12815318, 0.09566667, -0.0075240475), (0.135, 0.09566667, -0.00060221803), (-0.135, 0.1025, -0.0006), (-0.12826557, 0.1025, -0.00060200883), (-0.121531054, 0.1025, -0.000602475), (-0.11479635, 0.1025, -0.000603668), (-0.10806135, 0.1025, -0.0006037267), (-0.101325974, 0.1025, -0.0006029286), (-0.09459013, 0.1025, -0.0006032941), (-0.08785373, 0.1025, -0.000604369), (-0.08111669, 0.1025, -0.0006041878), (-0.07437893, 0.1025, -0.00060337264), (-0.06764038, 0.1025, -0.00060378), (-0.06090096, 0.1025, -0.0006046755), (-0.054160614, 0.1025, -0.0006043786), (-0.047419272, 0.1025, -0.0006037002), (-0.040676888, 0.1025, -0.0006041069), (-0.033933416, 0.1025, -0.00060475874), (-0.027188811, 0.1025, -0.00060443586), (-0.020443043, 0.1025, -0.0006039638), (-0.013696084, 0.1025, -0.0006042988), (-0.0069479155, 0.1025, -0.0006046765), (-0.00019852763, 0.1025, -0.00060441217), (0.0065520843, 0.1025, -0.00060416537), (0.013303917, 0.1025, -0.0006043535), (0.020056957, 0.1025, -0.00060446264), (0.026811188, 0.1025, -0.00060432876), (0.033566583, 0.1025, -0.00060428394), (0.040323112, 0.1025, -0.0006042619), (0.04708073, 0.1025, -0.00060414), (0.05383939, 0.1025, -0.0006041824), (0.06059904, 0.1025, -0.0006042804), (0.06735962, 0.1025, -0.0006040086), (0.074121065, 0.1025, -0.00060371496), (0.08088331, 0.1025, -0.00060393714), (0.08764627, 0.1025, -0.0006040856), (0.09440987, 0.1025, -0.00060355425), (0.10117403, 0.1025, -0.00060314883), (0.107938655, 0.1025, -0.00060347206), (0.114703655, 0.1025, -0.0006035129), (0.12146895, 0.1025, -0.000602703), (0.12823443, 0.1025, -0.0006020964), (0.135, 0.1025, -0.00060000113)]
                uniform token subdivisionScheme = "none"
                custom string userProperties:blender:data_name = "Wrinkled mailer"
            }
        }
    }

    def Scope "_materials"
    {
        def Material "Printed_dark_ink"
        {
            token outputs:surface.connect = </Asset/_materials/Printed_dark_ink/Principled_BSDF.outputs:surface>
            custom string userProperties:blender:data_name = "Printed dark ink"

            def Shader "Principled_BSDF"
            {
                uniform token info:id = "UsdPreviewSurface"
                float inputs:clearcoat = 0
                float inputs:clearcoatRoughness = 0.03
                color3f inputs:diffuseColor = (0.018, 0.019, 0.018)
                float inputs:ior = 1.5
                float inputs:metallic = 0
                float inputs:opacity = 1
                float inputs:roughness = 0.84
                float inputs:specular = 0.5
                token outputs:surface
            }
        }

        def Material "Shipping_label_paper"
        {
            token outputs:surface.connect = </Asset/_materials/Shipping_label_paper/Principled_BSDF.outputs:surface>
            custom string userProperties:blender:data_name = "Shipping label paper"

            def Shader "Principled_BSDF"
            {
                uniform token info:id = "UsdPreviewSurface"
                float inputs:clearcoat = 0
                float inputs:clearcoatRoughness = 0.03
                color3f inputs:diffuseColor = (0.82, 0.8, 0.73)
                float inputs:ior = 1.5
                float inputs:metallic = 0
                float inputs:opacity = 1
                float inputs:roughness = 0.83
                float inputs:specular = 0.5
                token outputs:surface
            }
        }

        def Material "TealMailer_coated_film"
        {
            token outputs:surface.connect = </Asset/_materials/TealMailer_coated_film/Principled_BSDF.outputs:surface>
            custom string userProperties:blender:data_name = "TealMailer coated film"

            def Shader "Principled_BSDF"
            {
                uniform token info:id = "UsdPreviewSurface"
                float inputs:clearcoat = 0
                float inputs:clearcoatRoughness = 0.03
                color3f inputs:diffuseColor = (0.022, 0.44, 0.47)
                float inputs:ior = 1.5
                float inputs:metallic = 0
                float inputs:opacity = 1
                float inputs:roughness = 0.34
                float inputs:specular = 0.5
                token outputs:surface
            }
        }
    }
}
